enterprise_id,enterprise_name,scenario_count,loan_frequency,loan_count,offered_amount_min_10k,offered_amount_max_10k,offered_amount_mean_10k,offered_amount_sd_10k,selected_rate_observation_count,selected_rate_missing_all,selected_rate_min,selected_rate_max,selected_rate_mean,selected_rate_sd,formal_robust_amount_10k,formal_robust_rate_missing,formal_robust_selected_rate,amount_delta_mean_vs_formal_robust_10k,rate_delta_mean_vs_formal_robust_pp,stability_label,analysis_rule,excluded_scenario,exclusion_reason,spread_interpretation
E124,个体经营E124,12,1.0,12,50.0,50.0,50.0,0.0,12,0,0.1225,0.1425,0.12750000000000003,0.008660254037844381,50.0,0,0.1225,0.0,0.5000000000000032,robust_selected_core,"robust_selected_core if loan_frequency>=0.80; selection_sensitive if 0<loan_frequency<0.80; consistently_not_selected if loan_frequency=0; selection-frequency analysis only, not enterprise robustness or default conclusion",exploratory_combined_adverse,exploratory combined boundary is not a formal or single-factor scenario; excluded from selection frequency,deterministic scenario spread; not a statistical confidence interval
E125,个体经营E125,12,1.0,12,50.0,50.0,50.0,0.0,12,0,0.0945,0.1225,0.10083333333333334,0.0068231631634862394,50.0,0,0.0985,0.0,0.233333333333334,robust_selected_core,"robust_selected_core if loan_frequency>=0.80; selection_sensitive if 0<loan_frequency<0.80; consistently_not_selected if loan_frequency=0; selection-frequency analysis only, not enterprise robustness or default conclusion",exploratory_combined_adverse,exploratory combined boundary is not a formal or single-factor scenario; excluded from selection frequency,deterministic scenario spread; not a statistical confidence interval
E126,个体经营E126,12,1.0,12,100.0,100.0,100.0,0.0,12,0,0.0825,0.1025,0.09783333333333334,0.004853406592853678,100.0,0,0.0985,0.0,-0.06666666666666626,robust_selected_core,"robust_selected_core if loan_frequency>=0.80; selection_sensitive if 0<loan_frequency<0.80; consistently_not_selected if loan_frequency=0; selection-frequency analysis only, not enterprise robustness or default conclusion",exploratory_combined_adverse,exploratory combined boundary is not a formal or single-factor scenario; excluded from selection frequency,deterministic scenario spread; not a statistical confidence interval
E127,个体经营E127,12,1.0,12,50.0,50.0,50.0,0.0,12,0,0.0745,0.1025,0.09683333333333334,0.006823163163486241,50.0,0,0.0985,0.0,-0.16666666666666635,robust_selected_core,"robust_selected_core if loan_frequency>=0.80; selection_sensitive if 0<loan_frequency<0.80; consistently_not_selected if loan_frequency=0; selection-frequency analysis only, not enterprise robustness or default conclusion",exploratory_combined_adverse,exploratory combined boundary is not a formal or single-factor scenario; excluded from selection frequency,deterministic scenario spread; not a statistical confidence interval
E128,个体经营E128,12,1.0,12,50.0,50.0,50.0,0.0,12,0,0.1425,0.1425,0.14250000000000002,2.7755575615628914e-17,50.0,0,0.1425,0.0,2.7755575615628914e-15,robust_selected_core,"robust_selected_core if loan_frequency>=0.80; selection_sensitive if 0<loan_frequency<0.80; consistently_not_selected if loan_frequency=0; selection-frequency analysis only, not enterprise robustness or default conclusion",exploratory_combined_adverse,exploratory combined boundary is not a formal or single-factor scenario; excluded from selection frequency,deterministic scenario spread; not a statistical confidence interval
E129,个体经营E129,12,1.0,12,100.0,100.0,100.0,0.0,12,0,0.0825,0.1025,0.09783333333333334,0.004853406592853678,100.0,0,0.0985,0.0,-0.06666666666666626,robust_selected_core,"robust_selected_core if loan_frequency>=0.80; selection_sensitive if 0<loan_frequency<0.80; consistently_not_selected if loan_frequency=0; selection-frequency analysis only, not enterprise robustness or default conclusion",exploratory_combined_adverse,exploratory combined boundary is not a formal or single-factor scenario; excluded from selection frequency,deterministic scenario spread; not a statistical confidence interval
E130,个体经营E130,12,0.0,0,0.0,0.0,0.0,0.0,0,1,0.0,0.0,0.0,0.0,0.0,1,0.0,0.0,0.0,consistently_not_selected,"robust_selected_core if loan_frequency>=0.80; selection_sensitive if 0<loan_frequency<0.80; consistently_not_selected if loan_frequency=0; selection-frequency analysis only, not enterprise robustness or default conclusion",exploratory_combined_adverse,exploratory combined boundary is not a formal or single-factor scenario; excluded from selection frequency,deterministic scenario spread; not a statistical confidence interval
E131,个体经营E131,12,1.0,12,100.0,100.0,100.0,0.0,12,0,0.0945,0.1225,0.10050000000000002,0.00683130051063973,100.0,0,0.0985,0.0,0.20000000000000157,robust_selected_core,"robust_selected_core if loan_frequency>=0.80; selection_sensitive if 0<loan_frequency<0.80; consistently_not_selected if loan_frequency=0; selection-frequency analysis only, not enterprise robustness or default conclusion",exploratory_combined_adverse,exploratory combined boundary is not a formal or single-factor scenario; excluded from selection frequency,deterministic scenario spread; not a statistical confidence interval
E132,个体经营E132,12,1.0,12,100.0,100.0,100.0,0.0,12,0,0.0985,0.1225,0.10283333333333335,0.008863157200205552,100.0,0,0.0985,0.0,0.4333333333333342,robust_selected_core,"robust_selected_core if loan_frequency>=0.80; selection_sensitive if 0<loan_frequency<0.80; consistently_not_selected if loan_frequency=0; selection-frequency analysis only, not enterprise robustness or default conclusion",exploratory_combined_adverse,exploratory combined boundary is not a formal or single-factor scenario; excluded from selection frequency,deterministic scenario spread; not a statistical confidence interval
E133,个体经营E133,12,1.0,12,50.0,50.0,50.0,0.0,12,0,0.1425,0.15,0.14375,0.0027950849718747397,50.0,0,0.1425,0.0,0.1250000000000001,robust_selected_core,"robust_selected_core if loan_frequency>=0.80; selection_sensitive if 0<loan_frequency<0.80; consistently_not_selected if loan_frequency=0; selection-frequency analysis only, not enterprise robustness or default conclusion",exploratory_combined_adverse,exploratory combined boundary is not a formal or single-factor scenario; excluded from selection frequency,deterministic scenario spread; not a statistical confidence interval
E134,***工程咨询有限公司,12,1.0,12,100.0,100.0,100.0,0.0,12,0,0.0945,0.1225,0.10216666666666668,0.009159087776022723,100.0,0,0.0985,0.0,0.3666666666666679,robust_selected_core,"robust_selected_core if loan_frequency>=0.80; selection_sensitive if 0<loan_frequency<0.80; consistently_not_selected if loan_frequency=0; selection-frequency analysis only, not enterprise robustness or default conclusion",exploratory_combined_adverse,exploratory combined boundary is not a formal or single-factor scenario; excluded from selection frequency,deterministic scenario spread; not a statistical confidence interval
E135,***建设工程有限公司,12,1.0,12,100.0,100.0,100.0,0.0,12,0,0.0985,0.1225,0.10683333333333335,0.009159087776022723,100.0,0,0.1025,0.0,0.43333333333333557,robust_selected_core,"robust_selected_core if loan_frequency>=0.80; selection_sensitive if 0<loan_frequency<0.80; consistently_not_selected if loan_frequency=0; selection-frequency analysis only, not enterprise robustness or default conclusion",exploratory_combined_adverse,exploratory combined boundary is not a formal or single-factor scenario; excluded from selection frequency,deterministic scenario spread; not a statistical confidence interval
E136,***机械有限责任公司,12,1.0,12,50.0,50.0,50.0,0.0,12,0,0.1065,0.1425,0.13450000000000004,0.011999999999999995,50.0,0,0.1425,0.0,-0.7999999999999952,robust_selected_core,"robust_selected_core if loan_frequency>=0.80; selection_sensitive if 0<loan_frequency<0.80; consistently_not_selected if loan_frequency=0; selection-frequency analysis only, not enterprise robustness or default conclusion",exploratory_combined_adverse,exploratory combined boundary is not a formal or single-factor scenario; excluded from selection frequency,deterministic scenario spread; not a statistical confidence interval
E137,***建设工程有限公司,12,1.0,12,50.0,50.0,50.0,0.0,12,0,0.1065,0.1425,0.13283333333333336,0.012160957564636461,50.0,0,0.1425,0.0,-0.9666666666666629,robust_selected_core,"robust_selected_core if loan_frequency>=0.80; selection_sensitive if 0<loan_frequency<0.80; consistently_not_selected if loan_frequency=0; selection-frequency analysis only, not enterprise robustness or default conclusion",exploratory_combined_adverse,exploratory combined boundary is not a formal or single-factor scenario; excluded from selection frequency,deterministic scenario spread; not a statistical confidence interval
E138,个体经营E138,12,1.0,12,100.0,100.0,100.0,0.0,12,0,0.0985,0.1225,0.10450000000000002,0.008246211251235319,100.0,0,0.1025,0.0,0.20000000000000295,robust_selected_core,"robust_selected_core if loan_frequency>=0.80; selection_sensitive if 0<loan_frequency<0.80; consistently_not_selected if loan_frequency=0; selection-frequency analysis only, not enterprise robustness or default conclusion",exploratory_combined_adverse,exploratory combined boundary is not a formal or single-factor scenario; excluded from selection frequency,deterministic scenario spread; not a statistical confidence interval
E139,个体经营E139,12,1.0,12,100.0,100.0,100.0,0.0,12,0,0.0985,0.1025,0.09916666666666668,0.001490711984999856,100.0,0,0.0985,0.0,0.06666666666666765,robust_selected_core,"robust_selected_core if loan_frequency>=0.80; selection_sensitive if 0<loan_frequency<0.80; consistently_not_selected if loan_frequency=0; selection-frequency analysis only, not enterprise robustness or default conclusion",exploratory_combined_adverse,exploratory combined boundary is not a formal or single-factor scenario; excluded from selection frequency,deterministic scenario spread; not a statistical confidence interval
E140,***建筑工程有限公司,12,1.0,12,50.0,50.0,50.0,0.0,12,0,0.0985,0.1225,0.10483333333333335,0.008076027626390477,50.0,0,0.1025,0.0,0.2333333333333354,robust_selected_core,"robust_selected_core if loan_frequency>=0.80; selection_sensitive if 0<loan_frequency<0.80; consistently_not_selected if loan_frequency=0; selection-frequency analysis only, not enterprise robustness or default conclusion",exploratory_combined_adverse,exploratory combined boundary is not a formal or single-factor scenario; excluded from selection frequency,deterministic scenario spread; not a statistical confidence interval
E141,***食品有限公司,12,1.0,12,100.0,100.0,100.0,0.0,12,0,0.0985,0.1225,0.10116666666666668,0.006599663291074441,100.0,0,0.0985,0.0,0.26666666666666783,robust_selected_core,"robust_selected_core if loan_frequency>=0.80; selection_sensitive if 0<loan_frequency<0.80; consistently_not_selected if loan_frequency=0; selection-frequency analysis only, not enterprise robustness or default conclusion",exploratory_combined_adverse,exploratory combined boundary is not a formal or single-factor scenario; excluded from selection frequency,deterministic scenario spread; not a statistical confidence interval
E142,***运业有限公司,12,1.0,12,50.0,50.0,50.0,0.0,12,0,0.0985,0.1225,0.1145,0.00979795897113271,50.0,0,0.1225,0.0,-0.7999999999999994,robust_selected_core,"robust_selected_core if loan_frequency>=0.80; selection_sensitive if 0<loan_frequency<0.80; consistently_not_selected if loan_frequency=0; selection-frequency analysis only, not enterprise robustness or default conclusion",exploratory_combined_adverse,exploratory combined boundary is not a formal or single-factor scenario; excluded from selection frequency,deterministic scenario spread; not a statistical confidence interval
E143,***电子科技有限公司,12,1.0,12,50.0,50.0,50.0,0.0,12,0,0.1225,0.1425,0.14083333333333337,0.005527707983925665,50.0,0,0.1425,0.0,-0.1666666666666622,robust_selected_core,"robust_selected_core if loan_frequency>=0.80; selection_sensitive if 0<loan_frequency<0.80; consistently_not_selected if loan_frequency=0; selection-frequency analysis only, not enterprise robustness or default conclusion",exploratory_combined_adverse,exploratory combined boundary is not a formal or single-factor scenario; excluded from selection frequency,deterministic scenario spread; not a statistical confidence interval
E144,***劳务有限公司,12,1.0,12,50.0,50.0,50.0,0.0,12,0,0.1065,0.1425,0.13450000000000004,0.011999999999999995,50.0,0,0.1425,0.0,-0.7999999999999952,robust_selected_core,"robust_selected_core if loan_frequency>=0.80; selection_sensitive if 0<loan_frequency<0.80; consistently_not_selected if loan_frequency=0; selection-frequency analysis only, not enterprise robustness or default conclusion",exploratory_combined_adverse,exploratory combined boundary is not a formal or single-factor scenario; excluded from selection frequency,deterministic scenario spread; not a statistical confidence interval
E145,***工贸有限公司,12,1.0,12,100.0,100.0,100.0,0.0,12,0,0.0985,0.1225,0.10616666666666669,0.009585869229698936,100.0,0,0.1025,0.0,0.3666666666666693,robust_selected_core,"robust_selected_core if loan_frequency>=0.80; selection_sensitive if 0<loan_frequency<0.80; consistently_not_selected if loan_frequency=0; selection-frequency analysis only, not enterprise robustness or default conclusion",exploratory_combined_adverse,exploratory combined boundary is not a formal or single-factor scenario; excluded from selection frequency,deterministic scenario spread; not a statistical confidence interval
E146,***基础建设工程有限公司,12,1.0,12,100.0,100.0,100.0,0.0,12,0,0.0985,0.1225,0.10683333333333335,0.009159087776022723,100.0,0,0.1025,0.0,0.43333333333333557,robust_selected_core,"robust_selected_core if loan_frequency>=0.80; selection_sensitive if 0<loan_frequency<0.80; consistently_not_selected if loan_frequency=0; selection-frequency analysis only, not enterprise robustness or default conclusion",exploratory_combined_adverse,exploratory combined boundary is not a formal or single-factor scenario; excluded from selection frequency,deterministic scenario spread; not a statistical confidence interval
E147,***装饰工程有限责任公司,12,1.0,12,50.0,50.0,50.0,0.0,12,0,0.0985,0.1225,0.10683333333333335,0.009159087776022723,50.0,0,0.1025,0.0,0.43333333333333557,robust_selected_core,"robust_selected_core if loan_frequency>=0.80; selection_sensitive if 0<loan_frequency<0.80; consistently_not_selected if loan_frequency=0; selection-frequency analysis only, not enterprise robustness or default conclusion",exploratory_combined_adverse,exploratory combined boundary is not a formal or single-factor scenario; excluded from selection frequency,deterministic scenario spread; not a statistical confidence interval
E148,***商贸有限公司,12,1.0,12,50.0,50.0,50.0,0.0,12,0,0.1225,0.1425,0.1391666666666667,0.007453559924999296,50.0,0,0.1425,0.0,-0.33333333333332993,robust_selected_core,"robust_selected_core if loan_frequency>=0.80; selection_sensitive if 0<loan_frequency<0.80; consistently_not_selected if loan_frequency=0; selection-frequency analysis only, not enterprise robustness or default conclusion",exploratory_combined_adverse,exploratory combined boundary is not a formal or single-factor scenario; excluded from selection frequency,deterministic scenario spread; not a statistical confidence interval
E149,***建筑劳务有限公司,12,1.0,12,50.0,50.0,50.0,0.0,12,0,0.1025,0.1425,0.12583333333333335,0.01105541596785133,50.0,0,0.1225,0.0,0.3333333333333355,robust_selected_core,"robust_selected_core if loan_frequency>=0.80; selection_sensitive if 0<loan_frequency<0.80; consistently_not_selected if loan_frequency=0; selection-frequency analysis only, not enterprise robustness or default conclusion",exploratory_combined_adverse,exploratory combined boundary is not a formal or single-factor scenario; excluded from selection frequency,deterministic scenario spread; not a statistical confidence interval
E150,***建设工程有限公司,12,1.0,12,50.0,50.0,50.0,0.0,12,0,0.0985,0.1425,0.12016666666666669,0.011130538571375997,50.0,0,0.1225,0.0,-0.23333333333333123,robust_selected_core,"robust_selected_core if loan_frequency>=0.80; selection_sensitive if 0<loan_frequency<0.80; consistently_not_selected if loan_frequency=0; selection-frequency analysis only, not enterprise robustness or default conclusion",exploratory_combined_adverse,exploratory combined boundary is not a formal or single-factor scenario; excluded from selection frequency,deterministic scenario spread; not a statistical confidence interval
E151,***路桥工程有限公司,12,1.0,12,50.0,50.0,50.0,0.0,12,0,0.1065,0.1425,0.12783333333333335,0.01123486636423514,50.0,0,0.1225,0.0,0.5333333333333357,robust_selected_core,"robust_selected_core if loan_frequency>=0.80; selection_sensitive if 0<loan_frequency<0.80; consistently_not_selected if loan_frequency=0; selection-frequency analysis only, not enterprise robustness or default conclusion",exploratory_combined_adverse,exploratory combined boundary is not a formal or single-factor scenario; excluded from selection frequency,deterministic scenario spread; not a statistical confidence interval
E152,***运贸有限责任公司,12,1.0,12,50.0,50.0,50.0,0.0,12,0,0.0985,0.1225,0.10783333333333335,0.009140872800534723,50.0,0,0.1065,0.0,0.1333333333333353,robust_selected_core,"robust_selected_core if loan_frequency>=0.80; selection_sensitive if 0<loan_frequency<0.80; consistently_not_selected if loan_frequency=0; selection-frequency analysis only, not enterprise robustness or default conclusion",exploratory_combined_adverse,exploratory combined boundary is not a formal or single-factor scenario; excluded from selection frequency,deterministic scenario spread; not a statistical confidence interval
E153,个体经营E153,12,1.0,12,50.0,50.0,50.0,0.0,12,0,0.1065,0.1425,0.13783333333333336,0.010934146311237816,50.0,0,0.1425,0.0,-0.46666666666666246,robust_selected_core,"robust_selected_core if loan_frequency>=0.80; selection_sensitive if 0<loan_frequency<0.80; consistently_not_selected if loan_frequency=0; selection-frequency analysis only, not enterprise robustness or default conclusion",exploratory_combined_adverse,exploratory combined boundary is not a formal or single-factor scenario; excluded from selection frequency,deterministic scenario spread; not a statistical confidence interval
E154,***汽车销售服务有限公司,12,1.0,12,50.0,50.0,50.0,0.0,12,0,0.1225,0.15,0.14145833333333335,0.006077480060756175,50.0,0,0.1425,0.0,-0.10416666666666352,robust_selected_core,"robust_selected_core if loan_frequency>=0.80; selection_sensitive if 0<loan_frequency<0.80; consistently_not_selected if loan_frequency=0; selection-frequency analysis only, not enterprise robustness or default conclusion",exploratory_combined_adverse,exploratory combined boundary is not a formal or single-factor scenario; excluded from selection frequency,deterministic scenario spread; not a statistical confidence interval
E155,个体经营E155,12,1.0,12,50.0,50.0,50.0,0.0,12,0,0.1065,0.1425,0.13450000000000004,0.011999999999999995,50.0,0,0.1425,0.0,-0.7999999999999952,robust_selected_core,"robust_selected_core if loan_frequency>=0.80; selection_sensitive if 0<loan_frequency<0.80; consistently_not_selected if loan_frequency=0; selection-frequency analysis only, not enterprise robustness or default conclusion",exploratory_combined_adverse,exploratory combined boundary is not a formal or single-factor scenario; excluded from selection frequency,deterministic scenario spread; not a statistical confidence interval
E156,个体经营E156,12,1.0,12,50.0,50.0,50.0,0.0,12,0,0.1065,0.1425,0.13450000000000004,0.011999999999999995,50.0,0,0.1425,0.0,-0.7999999999999952,robust_selected_core,"robust_selected_core if loan_frequency>=0.80; selection_sensitive if 0<loan_frequency<0.80; consistently_not_selected if loan_frequency=0; selection-frequency analysis only, not enterprise robustness or default conclusion",exploratory_combined_adverse,exploratory combined boundary is not a formal or single-factor scenario; excluded from selection frequency,deterministic scenario spread; not a statistical confidence interval
E157,***环境设备工程有限公司,12,1.0,12,50.0,50.0,50.0,0.0,12,0,0.1425,0.15,0.143125,0.0020728904939721266,50.0,0,0.1425,0.0,0.06250000000000144,robust_selected_core,"robust_selected_core if loan_frequency>=0.80; selection_sensitive if 0<loan_frequency<0.80; consistently_not_selected if loan_frequency=0; selection-frequency analysis only, not enterprise robustness or default conclusion",exploratory_combined_adverse,exploratory combined boundary is not a formal or single-factor scenario; excluded from selection frequency,deterministic scenario spread; not a statistical confidence interval
E158,***装饰工程有限公司,12,1.0,12,50.0,50.0,50.0,0.0,12,0,0.1225,0.1425,0.14083333333333337,0.005527707983925665,50.0,0,0.1425,0.0,-0.1666666666666622,robust_selected_core,"robust_selected_core if loan_frequency>=0.80; selection_sensitive if 0<loan_frequency<0.80; consistently_not_selected if loan_frequency=0; selection-frequency analysis only, not enterprise robustness or default conclusion",exploratory_combined_adverse,exploratory combined boundary is not a formal or single-factor scenario; excluded from selection frequency,deterministic scenario spread; not a statistical confidence interval
E159,个体经营E159,12,1.0,12,50.0,50.0,50.0,0.0,12,0,0.0985,0.1225,0.11583333333333334,0.009706813185707356,50.0,0,0.1225,0.0,-0.6666666666666654,robust_selected_core,"robust_selected_core if loan_frequency>=0.80; selection_sensitive if 0<loan_frequency<0.80; consistently_not_selected if loan_frequency=0; selection-frequency analysis only, not enterprise robustness or default conclusion",exploratory_combined_adverse,exploratory combined boundary is not a formal or single-factor scenario; excluded from selection frequency,deterministic scenario spread; not a statistical confidence interval
E160,***钢结构工程有限公司,12,1.0,12,50.0,50.0,50.0,0.0,12,0,0.0985,0.1425,0.12050000000000001,0.013416407864998736,50.0,0,0.1225,0.0,-0.1999999999999988,robust_selected_core,"robust_selected_core if loan_frequency>=0.80; selection_sensitive if 0<loan_frequency<0.80; consistently_not_selected if loan_frequency=0; selection-frequency analysis only, not enterprise robustness or default conclusion",exploratory_combined_adverse,exploratory combined boundary is not a formal or single-factor scenario; excluded from selection frequency,deterministic scenario spread; not a statistical confidence interval
E161,***建筑劳务有限责任公司,12,1.0,12,100.0,100.0,100.0,0.0,12,0,0.0985,0.1225,0.11683333333333334,0.009860132971832691,100.0,0,0.1225,0.0,-0.5666666666666653,robust_selected_core,"robust_selected_core if loan_frequency>=0.80; selection_sensitive if 0<loan_frequency<0.80; consistently_not_selected if loan_frequency=0; selection-frequency analysis only, not enterprise robustness or default conclusion",exploratory_combined_adverse,exploratory combined boundary is not a formal or single-factor scenario; excluded from selection frequency,deterministic scenario spread; not a statistical confidence interval
E162,***网络信息安全有限公司,12,1.0,12,50.0,50.0,50.0,0.0,12,0,0.1065,0.1425,0.13683333333333336,0.012697331303160602,50.0,0,0.1425,0.0,-0.5666666666666625,robust_selected_core,"robust_selected_core if loan_frequency>=0.80; selection_sensitive if 0<loan_frequency<0.80; consistently_not_selected if loan_frequency=0; selection-frequency analysis only, not enterprise robustness or default conclusion",exploratory_combined_adverse,exploratory combined boundary is not a formal or single-factor scenario; excluded from selection frequency,deterministic scenario spread; not a statistical confidence interval
E163,***物流有限公司,12,1.0,12,50.0,50.0,50.0,0.0,12,0,0.1105,0.1425,0.1371666666666667,0.011925695879998872,50.0,0,0.1425,0.0,-0.5333333333333301,robust_selected_core,"robust_selected_core if loan_frequency>=0.80; selection_sensitive if 0<loan_frequency<0.80; consistently_not_selected if loan_frequency=0; selection-frequency analysis only, not enterprise robustness or default conclusion",exploratory_combined_adverse,exploratory combined boundary is not a formal or single-factor scenario; excluded from selection frequency,deterministic scenario spread; not a statistical confidence interval
E164,个体经营E164,12,1.0,12,100.0,100.0,100.0,0.0,12,0,0.0985,0.1225,0.1135,0.010723805294763607,100.0,0,0.1225,0.0,-0.8999999999999995,robust_selected_core,"robust_selected_core if loan_frequency>=0.80; selection_sensitive if 0<loan_frequency<0.80; consistently_not_selected if loan_frequency=0; selection-frequency analysis only, not enterprise robustness or default conclusion",exploratory_combined_adverse,exploratory combined boundary is not a formal or single-factor scenario; excluded from selection frequency,deterministic scenario spread; not a statistical confidence interval
E165,***文化传媒股份有限公司,12,1.0,12,50.0,50.0,50.0,0.0,12,0,0.0945,0.1225,0.10050000000000002,0.007211102550927977,50.0,0,0.0985,0.0,0.20000000000000157,robust_selected_core,"robust_selected_core if loan_frequency>=0.80; selection_sensitive if 0<loan_frequency<0.80; consistently_not_selected if loan_frequency=0; selection-frequency analysis only, not enterprise robustness or default conclusion",exploratory_combined_adverse,exploratory combined boundary is not a formal or single-factor scenario; excluded from selection frequency,deterministic scenario spread; not a statistical confidence interval
E166,***建筑工程有限公司,12,1.0,12,50.0,50.0,50.0,0.0,12,0,0.1425,0.1425,0.14250000000000002,2.7755575615628914e-17,50.0,0,0.1425,0.0,2.7755575615628914e-15,robust_selected_core,"robust_selected_core if loan_frequency>=0.80; selection_sensitive if 0<loan_frequency<0.80; consistently_not_selected if loan_frequency=0; selection-frequency analysis only, not enterprise robustness or default conclusion",exploratory_combined_adverse,exploratory combined boundary is not a formal or single-factor scenario; excluded from selection frequency,deterministic scenario spread; not a statistical confidence interval
E167,***体育文化股份有限公司,12,1.0,12,100.0,100.0,100.0,0.0,12,0,0.1025,0.1425,0.12250000000000001,0.00816496580927726,100.0,0,0.1225,0.0,1.3877787807814457e-15,robust_selected_core,"robust_selected_core if loan_frequency>=0.80; selection_sensitive if 0<loan_frequency<0.80; consistently_not_selected if loan_frequency=0; selection-frequency analysis only, not enterprise robustness or default conclusion",exploratory_combined_adverse,exploratory combined boundary is not a formal or single-factor scenario; excluded from selection frequency,deterministic scenario spread; not a statistical confidence interval
E168,***建材有限公司,12,1.0,12,50.0,50.0,50.0,0.0,12,0,0.0985,0.1225,0.11883333333333335,0.008239471396205516,50.0,0,0.1225,0.0,-0.36666666666666514,robust_selected_core,"robust_selected_core if loan_frequency>=0.80; selection_sensitive if 0<loan_frequency<0.80; consistently_not_selected if loan_frequency=0; selection-frequency analysis only, not enterprise robustness or default conclusion",exploratory_combined_adverse,exploratory combined boundary is not a formal or single-factor scenario; excluded from selection frequency,deterministic scenario spread; not a statistical confidence interval
E169,***建筑设计有限公司,12,1.0,12,50.0,50.0,50.0,0.0,12,0,0.0985,0.1425,0.12050000000000001,0.013416407864998736,50.0,0,0.1225,0.0,-0.1999999999999988,robust_selected_core,"robust_selected_core if loan_frequency>=0.80; selection_sensitive if 0<loan_frequency<0.80; consistently_not_selected if loan_frequency=0; selection-frequency analysis only, not enterprise robustness or default conclusion",exploratory_combined_adverse,exploratory combined boundary is not a formal or single-factor scenario; excluded from selection frequency,deterministic scenario spread; not a statistical confidence interval
E170,***建筑劳务有限公司,12,1.0,12,50.0,50.0,50.0,0.0,12,0,0.1065,0.1425,0.13450000000000004,0.011999999999999995,50.0,0,0.1425,0.0,-0.7999999999999952,robust_selected_core,"robust_selected_core if loan_frequency>=0.80; selection_sensitive if 0<loan_frequency<0.80; consistently_not_selected if loan_frequency=0; selection-frequency analysis only, not enterprise robustness or default conclusion",exploratory_combined_adverse,exploratory combined boundary is not a formal or single-factor scenario; excluded from selection frequency,deterministic scenario spread; not a statistical confidence interval
E171,***质量检验测试站,12,1.0,12,50.0,50.0,50.0,0.0,12,0,0.0945,0.1225,0.10283333333333335,0.009012337223063847,50.0,0,0.0985,0.0,0.4333333333333342,robust_selected_core,"robust_selected_core if loan_frequency>=0.80; selection_sensitive if 0<loan_frequency<0.80; consistently_not_selected if loan_frequency=0; selection-frequency analysis only, not enterprise robustness or default conclusion",exploratory_combined_adverse,exploratory combined boundary is not a formal or single-factor scenario; excluded from selection frequency,deterministic scenario spread; not a statistical confidence interval
E172,***物流有限公司,12,1.0,12,50.0,50.0,50.0,0.0,12,0,0.1025,0.1425,0.12250000000000001,0.011547005383792514,50.0,0,0.1225,0.0,1.3877787807814457e-15,robust_selected_core,"robust_selected_core if loan_frequency>=0.80; selection_sensitive if 0<loan_frequency<0.80; consistently_not_selected if loan_frequency=0; selection-frequency analysis only, not enterprise robustness or default conclusion",exploratory_combined_adverse,exploratory combined boundary is not a formal or single-factor scenario; excluded from selection frequency,deterministic scenario spread; not a statistical confidence interval
E173,***贸易有限责任公司,12,1.0,12,100.0,100.0,100.0,0.0,12,0,0.0985,0.1225,0.10350000000000002,0.008660254037844385,100.0,0,0.0985,0.0,0.5000000000000018,robust_selected_core,"robust_selected_core if loan_frequency>=0.80; selection_sensitive if 0<loan_frequency<0.80; consistently_not_selected if loan_frequency=0; selection-frequency analysis only, not enterprise robustness or default conclusion",exploratory_combined_adverse,exploratory combined boundary is not a formal or single-factor scenario; excluded from selection frequency,deterministic scenario spread; not a statistical confidence interval
E174,***工程技术有限公司,12,1.0,12,50.0,50.0,50.0,0.0,12,0,0.0985,0.1225,0.10516666666666669,0.007888106377466154,50.0,0,0.1025,0.0,0.2666666666666692,robust_selected_core,"robust_selected_core if loan_frequency>=0.80; selection_sensitive if 0<loan_frequency<0.80; consistently_not_selected if loan_frequency=0; selection-frequency analysis only, not enterprise robustness or default conclusion",exploratory_combined_adverse,exploratory combined boundary is not a formal or single-factor scenario; excluded from selection frequency,deterministic scenario spread; not a statistical confidence interval
E175,***食品集团有限公司,12,0.9166666666666666,11,0.0,100.0,87.5,29.755951785595208,11,0,0.1425,0.15,0.14386363636363636,0.0028927095593995152,100.0,0,0.1425,-12.5,0.13636363636363724,robust_selected_core,"robust_selected_core if loan_frequency>=0.80; selection_sensitive if 0<loan_frequency<0.80; consistently_not_selected if loan_frequency=0; selection-frequency analysis only, not enterprise robustness or default conclusion",exploratory_combined_adverse,exploratory combined boundary is not a formal or single-factor scenario; excluded from selection frequency,deterministic scenario spread; not a statistical confidence interval
E176,***科技有限公司,12,1.0,12,100.0,100.0,100.0,0.0,12,0,0.0985,0.1225,0.10283333333333335,0.008863157200205552,100.0,0,0.0985,0.0,0.4333333333333342,robust_selected_core,"robust_selected_core if loan_frequency>=0.80; selection_sensitive if 0<loan_frequency<0.80; consistently_not_selected if loan_frequency=0; selection-frequency analysis only, not enterprise robustness or default conclusion",exploratory_combined_adverse,exploratory combined boundary is not a formal or single-factor scenario; excluded from selection frequency,deterministic scenario spread; not a statistical confidence interval
E177,***电力工程有限公司,12,1.0,12,50.0,50.0,50.0,0.0,12,0,0.1225,0.1425,0.14083333333333337,0.005527707983925665,50.0,0,0.1425,0.0,-0.1666666666666622,robust_selected_core,"robust_selected_core if loan_frequency>=0.80; selection_sensitive if 0<loan_frequency<0.80; consistently_not_selected if loan_frequency=0; selection-frequency analysis only, not enterprise robustness or default conclusion",exploratory_combined_adverse,exploratory combined boundary is not a formal or single-factor scenario; excluded from selection frequency,deterministic scenario spread; not a statistical confidence interval
E178,***贸易有限公司,12,1.0,12,100.0,100.0,100.0,0.0,12,0,0.1225,0.1425,0.12750000000000003,0.008660254037844381,100.0,0,0.1225,0.0,0.5000000000000032,robust_selected_core,"robust_selected_core if loan_frequency>=0.80; selection_sensitive if 0<loan_frequency<0.80; consistently_not_selected if loan_frequency=0; selection-frequency analysis only, not enterprise robustness or default conclusion",exploratory_combined_adverse,exploratory combined boundary is not a formal or single-factor scenario; excluded from selection frequency,deterministic scenario spread; not a statistical confidence interval
E179,***园林有限公司,12,1.0,12,50.0,50.0,50.0,0.0,12,0,0.1225,0.1425,0.14083333333333337,0.005527707983925665,50.0,0,0.1425,0.0,-0.1666666666666622,robust_selected_core,"robust_selected_core if loan_frequency>=0.80; selection_sensitive if 0<loan_frequency<0.80; consistently_not_selected if loan_frequency=0; selection-frequency analysis only, not enterprise robustness or default conclusion",exploratory_combined_adverse,exploratory combined boundary is not a formal or single-factor scenario; excluded from selection frequency,deterministic scenario spread; not a statistical confidence interval
E180,***电气有限公司,12,1.0,12,100.0,100.0,100.0,0.0,12,0,0.0985,0.1225,0.10450000000000002,0.008246211251235319,100.0,0,0.1025,0.0,0.20000000000000295,robust_selected_core,"robust_selected_core if loan_frequency>=0.80; selection_sensitive if 0<loan_frequency<0.80; consistently_not_selected if loan_frequency=0; selection-frequency analysis only, not enterprise robustness or default conclusion",exploratory_combined_adverse,exploratory combined boundary is not a formal or single-factor scenario; excluded from selection frequency,deterministic scenario spread; not a statistical confidence interval
E181,***食品有限公司,12,1.0,12,100.0,100.0,100.0,0.0,12,0,0.1225,0.1425,0.14083333333333337,0.005527707983925665,100.0,0,0.1425,0.0,-0.1666666666666622,robust_selected_core,"robust_selected_core if loan_frequency>=0.80; selection_sensitive if 0<loan_frequency<0.80; consistently_not_selected if loan_frequency=0; selection-frequency analysis only, not enterprise robustness or default conclusion",exploratory_combined_adverse,exploratory combined boundary is not a formal or single-factor scenario; excluded from selection frequency,deterministic scenario spread; not a statistical confidence interval
E182,***新材料科技有限公司,12,1.0,12,100.0,100.0,100.0,0.0,12,0,0.0985,0.1225,0.10683333333333335,0.009159087776022723,100.0,0,0.1025,0.0,0.43333333333333557,robust_selected_core,"robust_selected_core if loan_frequency>=0.80; selection_sensitive if 0<loan_frequency<0.80; consistently_not_selected if loan_frequency=0; selection-frequency analysis only, not enterprise robustness or default conclusion",exploratory_combined_adverse,exploratory combined boundary is not a formal or single-factor scenario; excluded from selection frequency,deterministic scenario spread; not a statistical confidence interval
E183,***建设工程有限公司,12,1.0,12,50.0,50.0,50.0,0.0,12,0,0.1425,0.1465,0.14283333333333334,0.0011055415967851344,50.0,0,0.1425,0.0,0.03333333333333521,robust_selected_core,"robust_selected_core if loan_frequency>=0.80; selection_sensitive if 0<loan_frequency<0.80; consistently_not_selected if loan_frequency=0; selection-frequency analysis only, not enterprise robustness or default conclusion",exploratory_combined_adverse,exploratory combined boundary is not a formal or single-factor scenario; excluded from selection frequency,deterministic scenario spread; not a statistical confidence interval
E184,***建筑装饰工程有限公司,12,1.0,12,50.0,50.0,50.0,0.0,12,0,0.1425,0.15,0.143125,0.0020728904939721266,50.0,0,0.1425,0.0,0.06250000000000144,robust_selected_core,"robust_selected_core if loan_frequency>=0.80; selection_sensitive if 0<loan_frequency<0.80; consistently_not_selected if loan_frequency=0; selection-frequency analysis only, not enterprise robustness or default conclusion",exploratory_combined_adverse,exploratory combined boundary is not a formal or single-factor scenario; excluded from selection frequency,deterministic scenario spread; not a statistical confidence interval
E185,***生态魔芋有限公司,12,1.0,12,50.0,50.0,50.0,0.0,12,0,0.0985,0.1225,0.11516666666666668,0.01043498389499902,50.0,0,0.1225,0.0,-0.7333333333333316,robust_selected_core,"robust_selected_core if loan_frequency>=0.80; selection_sensitive if 0<loan_frequency<0.80; consistently_not_selected if loan_frequency=0; selection-frequency analysis only, not enterprise robustness or default conclusion",exploratory_combined_adverse,exploratory combined boundary is not a formal or single-factor scenario; excluded from selection frequency,deterministic scenario spread; not a statistical confidence interval
E186,***建筑劳务有限公司,12,1.0,12,50.0,50.0,50.0,0.0,12,0,0.1425,0.1425,0.14250000000000002,2.7755575615628914e-17,50.0,0,0.1425,0.0,2.7755575615628914e-15,robust_selected_core,"robust_selected_core if loan_frequency>=0.80; selection_sensitive if 0<loan_frequency<0.80; consistently_not_selected if loan_frequency=0; selection-frequency analysis only, not enterprise robustness or default conclusion",exploratory_combined_adverse,exploratory combined boundary is not a formal or single-factor scenario; excluded from selection frequency,deterministic scenario spread; not a statistical confidence interval
E187,个体经营E187,12,0.0,0,0.0,0.0,0.0,0.0,0,1,0.0,0.0,0.0,0.0,0.0,1,0.0,0.0,0.0,consistently_not_selected,"robust_selected_core if loan_frequency>=0.80; selection_sensitive if 0<loan_frequency<0.80; consistently_not_selected if loan_frequency=0; selection-frequency analysis only, not enterprise robustness or default conclusion",exploratory_combined_adverse,exploratory combined boundary is not a formal or single-factor scenario; excluded from selection frequency,deterministic scenario spread; not a statistical confidence interval
E188,***硬质合金有限公司,12,1.0,12,100.0,100.0,100.0,0.0,12,0,0.0985,0.1225,0.10683333333333335,0.009159087776022723,100.0,0,0.1025,0.0,0.43333333333333557,robust_selected_core,"robust_selected_core if loan_frequency>=0.80; selection_sensitive if 0<loan_frequency<0.80; consistently_not_selected if loan_frequency=0; selection-frequency analysis only, not enterprise robustness or default conclusion",exploratory_combined_adverse,exploratory combined boundary is not a formal or single-factor scenario; excluded from selection frequency,deterministic scenario spread; not a statistical confidence interval
E189,***石油工程技术服务有限公司,12,1.0,12,50.0,50.0,50.0,0.0,12,0,0.1225,0.1425,0.14083333333333337,0.005527707983925665,50.0,0,0.1425,0.0,-0.1666666666666622,robust_selected_core,"robust_selected_core if loan_frequency>=0.80; selection_sensitive if 0<loan_frequency<0.80; consistently_not_selected if loan_frequency=0; selection-frequency analysis only, not enterprise robustness or default conclusion",exploratory_combined_adverse,exploratory combined boundary is not a formal or single-factor scenario; excluded from selection frequency,deterministic scenario spread; not a statistical confidence interval
E190,***劳务有限公司,12,1.0,12,100.0,100.0,100.0,0.0,12,0,0.0985,0.1425,0.12050000000000001,0.01051982255870633,100.0,0,0.1225,0.0,-0.1999999999999988,robust_selected_core,"robust_selected_core if loan_frequency>=0.80; selection_sensitive if 0<loan_frequency<0.80; consistently_not_selected if loan_frequency=0; selection-frequency analysis only, not enterprise robustness or default conclusion",exploratory_combined_adverse,exploratory combined boundary is not a formal or single-factor scenario; excluded from selection frequency,deterministic scenario spread; not a statistical confidence interval
E191,***商贸有限责任公司,12,1.0,12,50.0,50.0,50.0,0.0,12,0,0.1225,0.1425,0.1391666666666667,0.007453559924999296,50.0,0,0.1425,0.0,-0.33333333333332993,robust_selected_core,"robust_selected_core if loan_frequency>=0.80; selection_sensitive if 0<loan_frequency<0.80; consistently_not_selected if loan_frequency=0; selection-frequency analysis only, not enterprise robustness or default conclusion",exploratory_combined_adverse,exploratory combined boundary is not a formal or single-factor scenario; excluded from selection frequency,deterministic scenario spread; not a statistical confidence interval
E192,***建设工程有限公司,12,0.0,0,0.0,0.0,0.0,0.0,0,1,0.0,0.0,0.0,0.0,0.0,1,0.0,0.0,0.0,consistently_not_selected,"robust_selected_core if loan_frequency>=0.80; selection_sensitive if 0<loan_frequency<0.80; consistently_not_selected if loan_frequency=0; selection-frequency analysis only, not enterprise robustness or default conclusion",exploratory_combined_adverse,exploratory combined boundary is not a formal or single-factor scenario; excluded from selection frequency,deterministic scenario spread; not a statistical confidence interval
E193,个体经营E193,12,1.0,12,50.0,50.0,50.0,0.0,12,0,0.0985,0.1225,0.10283333333333335,0.008863157200205552,50.0,0,0.0985,0.0,0.4333333333333342,robust_selected_core,"robust_selected_core if loan_frequency>=0.80; selection_sensitive if 0<loan_frequency<0.80; consistently_not_selected if loan_frequency=0; selection-frequency analysis only, not enterprise robustness or default conclusion",exploratory_combined_adverse,exploratory combined boundary is not a formal or single-factor scenario; excluded from selection frequency,deterministic scenario spread; not a statistical confidence interval
E194,***文化传播有限公司,12,1.0,12,50.0,50.0,50.0,0.0,12,0,0.0945,0.1225,0.10650000000000003,0.00848528137423857,50.0,0,0.1065,0.0,2.7755575615628914e-15,robust_selected_core,"robust_selected_core if loan_frequency>=0.80; selection_sensitive if 0<loan_frequency<0.80; consistently_not_selected if loan_frequency=0; selection-frequency analysis only, not enterprise robustness or default conclusion",exploratory_combined_adverse,exploratory combined boundary is not a formal or single-factor scenario; excluded from selection frequency,deterministic scenario spread; not a statistical confidence interval
E195,***医药有限公司,12,1.0,12,100.0,100.0,100.0,0.0,12,0,0.0985,0.1225,0.10416666666666669,0.008399735445569432,100.0,0,0.1025,0.0,0.16666666666666913,robust_selected_core,"robust_selected_core if loan_frequency>=0.80; selection_sensitive if 0<loan_frequency<0.80; consistently_not_selected if loan_frequency=0; selection-frequency analysis only, not enterprise robustness or default conclusion",exploratory_combined_adverse,exploratory combined boundary is not a formal or single-factor scenario; excluded from selection frequency,deterministic scenario spread; not a statistical confidence interval
E196,***地质制图印刷厂,12,1.0,12,50.0,50.0,50.0,0.0,12,0,0.0985,0.1225,0.10683333333333335,0.009159087776022723,50.0,0,0.1025,0.0,0.43333333333333557,robust_selected_core,"robust_selected_core if loan_frequency>=0.80; selection_sensitive if 0<loan_frequency<0.80; consistently_not_selected if loan_frequency=0; selection-frequency analysis only, not enterprise robustness or default conclusion",exploratory_combined_adverse,exploratory combined boundary is not a formal or single-factor scenario; excluded from selection frequency,deterministic scenario spread; not a statistical confidence interval
E197,***医疗设备有限公司,12,1.0,12,50.0,50.0,50.0,0.0,12,0,0.0985,0.1225,0.10616666666666669,0.009585869229698936,50.0,0,0.1025,0.0,0.3666666666666693,robust_selected_core,"robust_selected_core if loan_frequency>=0.80; selection_sensitive if 0<loan_frequency<0.80; consistently_not_selected if loan_frequency=0; selection-frequency analysis only, not enterprise robustness or default conclusion",exploratory_combined_adverse,exploratory combined boundary is not a formal or single-factor scenario; excluded from selection frequency,deterministic scenario spread; not a statistical confidence interval
E198,***商贸有限公司,12,1.0,12,100.0,100.0,100.0,0.0,12,0,0.1425,0.15,0.143125,0.0020728904939721266,100.0,0,0.1425,0.0,0.06250000000000144,robust_selected_core,"robust_selected_core if loan_frequency>=0.80; selection_sensitive if 0<loan_frequency<0.80; consistently_not_selected if loan_frequency=0; selection-frequency analysis only, not enterprise robustness or default conclusion",exploratory_combined_adverse,exploratory combined boundary is not a formal or single-factor scenario; excluded from selection frequency,deterministic scenario spread; not a statistical confidence interval
E199,***建筑劳务有限公司,12,1.0,12,50.0,50.0,50.0,0.0,12,0,0.1425,0.15,0.143125,0.0020728904939721266,50.0,0,0.1425,0.0,0.06250000000000144,robust_selected_core,"robust_selected_core if loan_frequency>=0.80; selection_sensitive if 0<loan_frequency<0.80; consistently_not_selected if loan_frequency=0; selection-frequency analysis only, not enterprise robustness or default conclusion",exploratory_combined_adverse,exploratory combined boundary is not a formal or single-factor scenario; excluded from selection frequency,deterministic scenario spread; not a statistical confidence interval
E200,个体经营E200,12,1.0,12,100.0,100.0,100.0,0.0,12,0,0.1225,0.1465,0.1411666666666667,0.005734883511361749,100.0,0,0.1425,0.0,-0.13333333333332975,robust_selected_core,"robust_selected_core if loan_frequency>=0.80; selection_sensitive if 0<loan_frequency<0.80; consistently_not_selected if loan_frequency=0; selection-frequency analysis only, not enterprise robustness or default conclusion",exploratory_combined_adverse,exploratory combined boundary is not a formal or single-factor scenario; excluded from selection frequency,deterministic scenario spread; not a statistical confidence interval
E201,***物流有限责任公司,12,1.0,12,50.0,50.0,50.0,0.0,12,0,0.1425,0.1425,0.14250000000000002,2.7755575615628914e-17,50.0,0,0.1425,0.0,2.7755575615628914e-15,robust_selected_core,"robust_selected_core if loan_frequency>=0.80; selection_sensitive if 0<loan_frequency<0.80; consistently_not_selected if loan_frequency=0; selection-frequency analysis only, not enterprise robustness or default conclusion",exploratory_combined_adverse,exploratory combined boundary is not a formal or single-factor scenario; excluded from selection frequency,deterministic scenario spread; not a statistical confidence interval
E202,个体经营E202,12,1.0,12,50.0,50.0,50.0,0.0,12,0,0.1425,0.1425,0.14250000000000002,2.7755575615628914e-17,50.0,0,0.1425,0.0,2.7755575615628914e-15,robust_selected_core,"robust_selected_core if loan_frequency>=0.80; selection_sensitive if 0<loan_frequency<0.80; consistently_not_selected if loan_frequency=0; selection-frequency analysis only, not enterprise robustness or default conclusion",exploratory_combined_adverse,exploratory combined boundary is not a formal or single-factor scenario; excluded from selection frequency,deterministic scenario spread; not a statistical confidence interval
E203,***建设工程有限公司,12,1.0,12,50.0,50.0,50.0,0.0,12,0,0.1425,0.15,0.1440833333333333,0.0028638067129065996,50.0,0,0.1425,0.0,0.15833333333333255,robust_selected_core,"robust_selected_core if loan_frequency>=0.80; selection_sensitive if 0<loan_frequency<0.80; consistently_not_selected if loan_frequency=0; selection-frequency analysis only, not enterprise robustness or default conclusion",exploratory_combined_adverse,exploratory combined boundary is not a formal or single-factor scenario; excluded from selection frequency,deterministic scenario spread; not a statistical confidence interval
E204,***科技发展有限公司,12,1.0,12,50.0,50.0,50.0,0.0,12,0,0.0985,0.1425,0.11916666666666668,0.013936363306911243,50.0,0,0.1225,0.0,-0.3333333333333313,robust_selected_core,"robust_selected_core if loan_frequency>=0.80; selection_sensitive if 0<loan_frequency<0.80; consistently_not_selected if loan_frequency=0; selection-frequency analysis only, not enterprise robustness or default conclusion",exploratory_combined_adverse,exploratory combined boundary is not a formal or single-factor scenario; excluded from selection frequency,deterministic scenario spread; not a statistical confidence interval
E205,个体经营E205,12,1.0,12,100.0,100.0,100.0,0.0,12,0,0.0985,0.1225,0.10416666666666669,0.008399735445569432,100.0,0,0.1025,0.0,0.16666666666666913,robust_selected_core,"robust_selected_core if loan_frequency>=0.80; selection_sensitive if 0<loan_frequency<0.80; consistently_not_selected if loan_frequency=0; selection-frequency analysis only, not enterprise robustness or default conclusion",exploratory_combined_adverse,exploratory combined boundary is not a formal or single-factor scenario; excluded from selection frequency,deterministic scenario spread; not a statistical confidence interval
E206,***建设工程有限公司,12,1.0,12,50.0,50.0,50.0,0.0,12,0,0.1065,0.1425,0.13283333333333336,0.012160957564636461,50.0,0,0.1425,0.0,-0.9666666666666629,robust_selected_core,"robust_selected_core if loan_frequency>=0.80; selection_sensitive if 0<loan_frequency<0.80; consistently_not_selected if loan_frequency=0; selection-frequency analysis only, not enterprise robustness or default conclusion",exploratory_combined_adverse,exploratory combined boundary is not a formal or single-factor scenario; excluded from selection frequency,deterministic scenario spread; not a statistical confidence interval
E207,个体经营E207,12,1.0,12,50.0,50.0,50.0,0.0,12,0,0.1425,0.1425,0.14250000000000002,2.7755575615628914e-17,50.0,0,0.1425,0.0,2.7755575615628914e-15,robust_selected_core,"robust_selected_core if loan_frequency>=0.80; selection_sensitive if 0<loan_frequency<0.80; consistently_not_selected if loan_frequency=0; selection-frequency analysis only, not enterprise robustness or default conclusion",exploratory_combined_adverse,exploratory combined boundary is not a formal or single-factor scenario; excluded from selection frequency,deterministic scenario spread; not a statistical confidence interval
E208,个体经营E208,12,1.0,12,100.0,100.0,100.0,0.0,12,0,0.1225,0.1425,0.12750000000000003,0.008660254037844381,100.0,0,0.1225,0.0,0.5000000000000032,robust_selected_core,"robust_selected_core if loan_frequency>=0.80; selection_sensitive if 0<loan_frequency<0.80; consistently_not_selected if loan_frequency=0; selection-frequency analysis only, not enterprise robustness or default conclusion",exploratory_combined_adverse,exploratory combined boundary is not a formal or single-factor scenario; excluded from selection frequency,deterministic scenario spread; not a statistical confidence interval
E209,***工程检测有限公司,12,1.0,12,50.0,50.0,50.0,0.0,12,0,0.0985,0.1225,0.10783333333333335,0.007180219742846004,50.0,0,0.1065,0.0,0.1333333333333353,robust_selected_core,"robust_selected_core if loan_frequency>=0.80; selection_sensitive if 0<loan_frequency<0.80; consistently_not_selected if loan_frequency=0; selection-frequency analysis only, not enterprise robustness or default conclusion",exploratory_combined_adverse,exploratory combined boundary is not a formal or single-factor scenario; excluded from selection frequency,deterministic scenario spread; not a statistical confidence interval
E210,***建筑工程有限公司,12,0.0,0,0.0,0.0,0.0,0.0,0,1,0.0,0.0,0.0,0.0,0.0,1,0.0,0.0,0.0,consistently_not_selected,"robust_selected_core if loan_frequency>=0.80; selection_sensitive if 0<loan_frequency<0.80; consistently_not_selected if loan_frequency=0; selection-frequency analysis only, not enterprise robustness or default conclusion",exploratory_combined_adverse,exploratory combined boundary is not a formal or single-factor scenario; excluded from selection frequency,deterministic scenario spread; not a statistical confidence interval
E211,个体经营E211,12,1.0,12,100.0,100.0,100.0,0.0,12,0,0.0985,0.1225,0.11516666666666668,0.01043498389499902,100.0,0,0.1225,0.0,-0.7333333333333316,robust_selected_core,"robust_selected_core if loan_frequency>=0.80; selection_sensitive if 0<loan_frequency<0.80; consistently_not_selected if loan_frequency=0; selection-frequency analysis only, not enterprise robustness or default conclusion",exploratory_combined_adverse,exploratory combined boundary is not a formal or single-factor scenario; excluded from selection frequency,deterministic scenario spread; not a statistical confidence interval
E212,***建电管理咨询有限公司,12,1.0,12,100.0,100.0,100.0,0.0,12,0,0.0985,0.1425,0.12050000000000001,0.01051982255870633,100.0,0,0.1225,0.0,-0.1999999999999988,robust_selected_core,"robust_selected_core if loan_frequency>=0.80; selection_sensitive if 0<loan_frequency<0.80; consistently_not_selected if loan_frequency=0; selection-frequency analysis only, not enterprise robustness or default conclusion",exploratory_combined_adverse,exploratory combined boundary is not a formal or single-factor scenario; excluded from selection frequency,deterministic scenario spread; not a statistical confidence interval
E213,***科技有限公司,12,1.0,12,50.0,50.0,50.0,0.0,12,0,0.1065,0.1425,0.12483333333333335,0.011714188927203715,50.0,0,0.1225,0.0,0.2333333333333354,robust_selected_core,"robust_selected_core if loan_frequency>=0.80; selection_sensitive if 0<loan_frequency<0.80; consistently_not_selected if loan_frequency=0; selection-frequency analysis only, not enterprise robustness or default conclusion",exploratory_combined_adverse,exploratory combined boundary is not a formal or single-factor scenario; excluded from selection frequency,deterministic scenario spread; not a statistical confidence interval
E214,***建筑工程有限公司,12,1.0,12,50.0,50.0,50.0,0.0,12,0,0.1225,0.1425,0.1391666666666667,0.007453559924999296,50.0,0,0.1425,0.0,-0.33333333333332993,robust_selected_core,"robust_selected_core if loan_frequency>=0.80; selection_sensitive if 0<loan_frequency<0.80; consistently_not_selected if loan_frequency=0; selection-frequency analysis only, not enterprise robustness or default conclusion",exploratory_combined_adverse,exploratory combined boundary is not a formal or single-factor scenario; excluded from selection frequency,deterministic scenario spread; not a statistical confidence interval
E215,***建筑工程有限公司,12,1.0,12,50.0,50.0,50.0,0.0,12,0,0.1425,0.15,0.143125,0.0020728904939721266,50.0,0,0.1425,0.0,0.06250000000000144,robust_selected_core,"robust_selected_core if loan_frequency>=0.80; selection_sensitive if 0<loan_frequency<0.80; consistently_not_selected if loan_frequency=0; selection-frequency analysis only, not enterprise robustness or default conclusion",exploratory_combined_adverse,exploratory combined boundary is not a formal or single-factor scenario; excluded from selection frequency,deterministic scenario spread; not a statistical confidence interval
E216,***建设工程有限公司,12,1.0,12,50.0,50.0,50.0,0.0,12,0,0.1225,0.1425,0.1391666666666667,0.007453559924999296,50.0,0,0.1425,0.0,-0.33333333333332993,robust_selected_core,"robust_selected_core if loan_frequency>=0.80; selection_sensitive if 0<loan_frequency<0.80; consistently_not_selected if loan_frequency=0; selection-frequency analysis only, not enterprise robustness or default conclusion",exploratory_combined_adverse,exploratory combined boundary is not a formal or single-factor scenario; excluded from selection frequency,deterministic scenario spread; not a statistical confidence interval
E217,个体经营E217,12,0.0,0,0.0,0.0,0.0,0.0,0,1,0.0,0.0,0.0,0.0,0.0,1,0.0,0.0,0.0,consistently_not_selected,"robust_selected_core if loan_frequency>=0.80; selection_sensitive if 0<loan_frequency<0.80; consistently_not_selected if loan_frequency=0; selection-frequency analysis only, not enterprise robustness or default conclusion",exploratory_combined_adverse,exploratory combined boundary is not a formal or single-factor scenario; excluded from selection frequency,deterministic scenario spread; not a statistical confidence interval
E218,***建设工程有限公司,12,0.0,0,0.0,0.0,0.0,0.0,0,1,0.0,0.0,0.0,0.0,0.0,1,0.0,0.0,0.0,consistently_not_selected,"robust_selected_core if loan_frequency>=0.80; selection_sensitive if 0<loan_frequency<0.80; consistently_not_selected if loan_frequency=0; selection-frequency analysis only, not enterprise robustness or default conclusion",exploratory_combined_adverse,exploratory combined boundary is not a formal or single-factor scenario; excluded from selection frequency,deterministic scenario spread; not a statistical confidence interval
E219,***品牌营销策划有限公司,12,0.75,9,0.0,50.0,37.5,21.650635094610966,9,0,0.1425,0.15,0.1454444444444444,0.0034435482705137215,50.0,0,0.1425,-12.5,0.2944444444444416,selection_sensitive,"robust_selected_core if loan_frequency>=0.80; selection_sensitive if 0<loan_frequency<0.80; consistently_not_selected if loan_frequency=0; selection-frequency analysis only, not enterprise robustness or default conclusion",exploratory_combined_adverse,exploratory combined boundary is not a formal or single-factor scenario; excluded from selection frequency,deterministic scenario spread; not a statistical confidence interval
E220,***文化传播有限公司,12,1.0,12,50.0,50.0,50.0,0.0,12,0,0.1065,0.1425,0.12316666666666669,0.010434983894999014,50.0,0,0.1225,0.0,0.06666666666666904,robust_selected_core,"robust_selected_core if loan_frequency>=0.80; selection_sensitive if 0<loan_frequency<0.80; consistently_not_selected if loan_frequency=0; selection-frequency analysis only, not enterprise robustness or default conclusion",exploratory_combined_adverse,exploratory combined boundary is not a formal or single-factor scenario; excluded from selection frequency,deterministic scenario spread; not a statistical confidence interval
E221,***测绘服务有限公司,12,1.0,12,50.0,50.0,50.0,0.0,12,0,0.1065,0.1425,0.13683333333333336,0.012697331303160602,50.0,0,0.1425,0.0,-0.5666666666666625,robust_selected_core,"robust_selected_core if loan_frequency>=0.80; selection_sensitive if 0<loan_frequency<0.80; consistently_not_selected if loan_frequency=0; selection-frequency analysis only, not enterprise robustness or default conclusion",exploratory_combined_adverse,exploratory combined boundary is not a formal or single-factor scenario; excluded from selection frequency,deterministic scenario spread; not a statistical confidence interval
E222,***数码科技有限公司,12,1.0,12,50.0,50.0,50.0,0.0,12,0,0.1425,0.1425,0.14250000000000002,2.7755575615628914e-17,50.0,0,0.1425,0.0,2.7755575615628914e-15,robust_selected_core,"robust_selected_core if loan_frequency>=0.80; selection_sensitive if 0<loan_frequency<0.80; consistently_not_selected if loan_frequency=0; selection-frequency analysis only, not enterprise robustness or default conclusion",exploratory_combined_adverse,exploratory combined boundary is not a formal or single-factor scenario; excluded from selection frequency,deterministic scenario spread; not a statistical confidence interval
E223,***科技有限公司,12,0.0,0,0.0,0.0,0.0,0.0,0,1,0.0,0.0,0.0,0.0,0.0,1,0.0,0.0,0.0,consistently_not_selected,"robust_selected_core if loan_frequency>=0.80; selection_sensitive if 0<loan_frequency<0.80; consistently_not_selected if loan_frequency=0; selection-frequency analysis only, not enterprise robustness or default conclusion",exploratory_combined_adverse,exploratory combined boundary is not a formal or single-factor scenario; excluded from selection frequency,deterministic scenario spread; not a statistical confidence interval
E224,***纸业有限公司,12,1.0,12,100.0,100.0,100.0,0.0,12,0,0.1225,0.1425,0.12750000000000003,0.008660254037844381,100.0,0,0.1225,0.0,0.5000000000000032,robust_selected_core,"robust_selected_core if loan_frequency>=0.80; selection_sensitive if 0<loan_frequency<0.80; consistently_not_selected if loan_frequency=0; selection-frequency analysis only, not enterprise robustness or default conclusion",exploratory_combined_adverse,exploratory combined boundary is not a formal or single-factor scenario; excluded from selection frequency,deterministic scenario spread; not a statistical confidence interval
E225,***物业服务有限责任公司***分公司,12,1.0,12,50.0,50.0,50.0,0.0,12,0,0.0985,0.1225,0.10516666666666669,0.007888106377466154,50.0,0,0.1025,0.0,0.2666666666666692,robust_selected_core,"robust_selected_core if loan_frequency>=0.80; selection_sensitive if 0<loan_frequency<0.80; consistently_not_selected if loan_frequency=0; selection-frequency analysis only, not enterprise robustness or default conclusion",exploratory_combined_adverse,exploratory combined boundary is not a formal or single-factor scenario; excluded from selection frequency,deterministic scenario spread; not a statistical confidence interval
E226,***建设工程有限公司,12,0.0,0,0.0,0.0,0.0,0.0,0,1,0.0,0.0,0.0,0.0,0.0,1,0.0,0.0,0.0,consistently_not_selected,"robust_selected_core if loan_frequency>=0.80; selection_sensitive if 0<loan_frequency<0.80; consistently_not_selected if loan_frequency=0; selection-frequency analysis only, not enterprise robustness or default conclusion",exploratory_combined_adverse,exploratory combined boundary is not a formal or single-factor scenario; excluded from selection frequency,deterministic scenario spread; not a statistical confidence interval
E227,***安全技术有限公司,12,1.0,12,50.0,50.0,50.0,0.0,12,0,0.1225,0.1425,0.1391666666666667,0.007453559924999296,50.0,0,0.1425,0.0,-0.33333333333332993,robust_selected_core,"robust_selected_core if loan_frequency>=0.80; selection_sensitive if 0<loan_frequency<0.80; consistently_not_selected if loan_frequency=0; selection-frequency analysis only, not enterprise robustness or default conclusion",exploratory_combined_adverse,exploratory combined boundary is not a formal or single-factor scenario; excluded from selection frequency,deterministic scenario spread; not a statistical confidence interval
E228,***文化发展有限公司,12,1.0,12,50.0,50.0,50.0,0.0,12,0,0.1065,0.1425,0.12216666666666669,0.013609637108395732,50.0,0,0.1225,0.0,-0.03333333333333105,robust_selected_core,"robust_selected_core if loan_frequency>=0.80; selection_sensitive if 0<loan_frequency<0.80; consistently_not_selected if loan_frequency=0; selection-frequency analysis only, not enterprise robustness or default conclusion",exploratory_combined_adverse,exploratory combined boundary is not a formal or single-factor scenario; excluded from selection frequency,deterministic scenario spread; not a statistical confidence interval
E229,***家贸易有限公司,12,1.0,12,50.0,50.0,50.0,0.0,12,0,0.1225,0.1425,0.14083333333333337,0.005527707983925665,50.0,0,0.1425,0.0,-0.1666666666666622,robust_selected_core,"robust_selected_core if loan_frequency>=0.80; selection_sensitive if 0<loan_frequency<0.80; consistently_not_selected if loan_frequency=0; selection-frequency analysis only, not enterprise robustness or default conclusion",exploratory_combined_adverse,exploratory combined boundary is not a formal or single-factor scenario; excluded from selection frequency,deterministic scenario spread; not a statistical confidence interval
E230,***建筑劳务有限公司,12,1.0,12,100.0,100.0,100.0,0.0,12,0,0.1025,0.1425,0.12916666666666668,0.012472191289246468,100.0,0,0.1225,0.0,0.6666666666666682,robust_selected_core,"robust_selected_core if loan_frequency>=0.80; selection_sensitive if 0<loan_frequency<0.80; consistently_not_selected if loan_frequency=0; selection-frequency analysis only, not enterprise robustness or default conclusion",exploratory_combined_adverse,exploratory combined boundary is not a formal or single-factor scenario; excluded from selection frequency,deterministic scenario spread; not a statistical confidence interval
E231,***建筑科技有限公司,12,0.0,0,0.0,0.0,0.0,0.0,0,1,0.0,0.0,0.0,0.0,0.0,1,0.0,0.0,0.0,consistently_not_selected,"robust_selected_core if loan_frequency>=0.80; selection_sensitive if 0<loan_frequency<0.80; consistently_not_selected if loan_frequency=0; selection-frequency analysis only, not enterprise robustness or default conclusion",exploratory_combined_adverse,exploratory combined boundary is not a formal or single-factor scenario; excluded from selection frequency,deterministic scenario spread; not a statistical confidence interval
E232,***投资发展有限责任公司,12,0.0,0,0.0,0.0,0.0,0.0,0,1,0.0,0.0,0.0,0.0,0.0,1,0.0,0.0,0.0,consistently_not_selected,"robust_selected_core if loan_frequency>=0.80; selection_sensitive if 0<loan_frequency<0.80; consistently_not_selected if loan_frequency=0; selection-frequency analysis only, not enterprise robustness or default conclusion",exploratory_combined_adverse,exploratory combined boundary is not a formal or single-factor scenario; excluded from selection frequency,deterministic scenario spread; not a statistical confidence interval
E233,***劳务有限公司,12,0.0,0,0.0,0.0,0.0,0.0,0,1,0.0,0.0,0.0,0.0,0.0,1,0.0,0.0,0.0,consistently_not_selected,"robust_selected_core if loan_frequency>=0.80; selection_sensitive if 0<loan_frequency<0.80; consistently_not_selected if loan_frequency=0; selection-frequency analysis only, not enterprise robustness or default conclusion",exploratory_combined_adverse,exploratory combined boundary is not a formal or single-factor scenario; excluded from selection frequency,deterministic scenario spread; not a statistical confidence interval
E234,***机电设备商贸有限公司,12,1.0,12,50.0,50.0,50.0,0.0,12,0,0.1025,0.1425,0.12416666666666669,0.01280190957978101,50.0,0,0.1225,0.0,0.16666666666666913,robust_selected_core,"robust_selected_core if loan_frequency>=0.80; selection_sensitive if 0<loan_frequency<0.80; consistently_not_selected if loan_frequency=0; selection-frequency analysis only, not enterprise robustness or default conclusion",exploratory_combined_adverse,exploratory combined boundary is not a formal or single-factor scenario; excluded from selection frequency,deterministic scenario spread; not a statistical confidence interval
E235,个体经营E235,12,1.0,12,100.0,100.0,100.0,0.0,12,0,0.0985,0.1425,0.12050000000000001,0.01051982255870633,100.0,0,0.1225,0.0,-0.1999999999999988,robust_selected_core,"robust_selected_core if loan_frequency>=0.80; selection_sensitive if 0<loan_frequency<0.80; consistently_not_selected if loan_frequency=0; selection-frequency analysis only, not enterprise robustness or default conclusion",exploratory_combined_adverse,exploratory combined boundary is not a formal or single-factor scenario; excluded from selection frequency,deterministic scenario spread; not a statistical confidence interval
E236,个体经营E236,12,1.0,12,50.0,50.0,50.0,0.0,12,0,0.1425,0.15,0.144375,0.0032475952641916475,50.0,0,0.1425,0.0,0.18750000000000155,robust_selected_core,"robust_selected_core if loan_frequency>=0.80; selection_sensitive if 0<loan_frequency<0.80; consistently_not_selected if loan_frequency=0; selection-frequency analysis only, not enterprise robustness or default conclusion",exploratory_combined_adverse,exploratory combined boundary is not a formal or single-factor scenario; excluded from selection frequency,deterministic scenario spread; not a statistical confidence interval
E237,个体经营E237,12,0.0,0,0.0,0.0,0.0,0.0,0,1,0.0,0.0,0.0,0.0,0.0,1,0.0,0.0,0.0,consistently_not_selected,"robust_selected_core if loan_frequency>=0.80; selection_sensitive if 0<loan_frequency<0.80; consistently_not_selected if loan_frequency=0; selection-frequency analysis only, not enterprise robustness or default conclusion",exploratory_combined_adverse,exploratory combined boundary is not a formal or single-factor scenario; excluded from selection frequency,deterministic scenario spread; not a statistical confidence interval
E238,个体经营E238,12,1.0,12,50.0,50.0,50.0,0.0,12,0,0.0985,0.1225,0.10916666666666669,0.0082192186706253,50.0,0,0.1065,0.0,0.2666666666666692,robust_selected_core,"robust_selected_core if loan_frequency>=0.80; selection_sensitive if 0<loan_frequency<0.80; consistently_not_selected if loan_frequency=0; selection-frequency analysis only, not enterprise robustness or default conclusion",exploratory_combined_adverse,exploratory combined boundary is not a formal or single-factor scenario; excluded from selection frequency,deterministic scenario spread; not a statistical confidence interval
E239,个体经营E239,12,0.08333333333333333,1,0.0,50.0,4.166666666666667,13.819269959814168,1,0,0.1425,0.1425,0.1425,0.0,0.0,1,0.0,4.166666666666667,0.0,selection_sensitive,"robust_selected_core if loan_frequency>=0.80; selection_sensitive if 0<loan_frequency<0.80; consistently_not_selected if loan_frequency=0; selection-frequency analysis only, not enterprise robustness or default conclusion",exploratory_combined_adverse,exploratory combined boundary is not a formal or single-factor scenario; excluded from selection frequency,deterministic scenario spread; not a statistical confidence interval
E240,个体经营E240,12,0.0,0,0.0,0.0,0.0,0.0,0,1,0.0,0.0,0.0,0.0,0.0,1,0.0,0.0,0.0,consistently_not_selected,"robust_selected_core if loan_frequency>=0.80; selection_sensitive if 0<loan_frequency<0.80; consistently_not_selected if loan_frequency=0; selection-frequency analysis only, not enterprise robustness or default conclusion",exploratory_combined_adverse,exploratory combined boundary is not a formal or single-factor scenario; excluded from selection frequency,deterministic scenario spread; not a statistical confidence interval
E241,个体经营E241,12,1.0,12,50.0,50.0,50.0,0.0,12,0,0.1105,0.1425,0.1381666666666667,0.009994442900376628,50.0,0,0.1425,0.0,-0.43333333333333,robust_selected_core,"robust_selected_core if loan_frequency>=0.80; selection_sensitive if 0<loan_frequency<0.80; consistently_not_selected if loan_frequency=0; selection-frequency analysis only, not enterprise robustness or default conclusion",exploratory_combined_adverse,exploratory combined boundary is not a formal or single-factor scenario; excluded from selection frequency,deterministic scenario spread; not a statistical confidence interval
E242,个体经营E242,12,0.0,0,0.0,0.0,0.0,0.0,0,1,0.0,0.0,0.0,0.0,0.0,1,0.0,0.0,0.0,consistently_not_selected,"robust_selected_core if loan_frequency>=0.80; selection_sensitive if 0<loan_frequency<0.80; consistently_not_selected if loan_frequency=0; selection-frequency analysis only, not enterprise robustness or default conclusion",exploratory_combined_adverse,exploratory combined boundary is not a formal or single-factor scenario; excluded from selection frequency,deterministic scenario spread; not a statistical confidence interval
E243,***科技有限公司,12,1.0,12,50.0,50.0,50.0,0.0,12,0,0.1225,0.1425,0.13750000000000004,0.008660254037844383,50.0,0,0.1425,0.0,-0.4999999999999949,robust_selected_core,"robust_selected_core if loan_frequency>=0.80; selection_sensitive if 0<loan_frequency<0.80; consistently_not_selected if loan_frequency=0; selection-frequency analysis only, not enterprise robustness or default conclusion",exploratory_combined_adverse,exploratory combined boundary is not a formal or single-factor scenario; excluded from selection frequency,deterministic scenario spread; not a statistical confidence interval
E244,个体经营E244,12,1.0,12,50.0,50.0,50.0,0.0,12,0,0.1425,0.1465,0.14283333333333334,0.0011055415967851344,50.0,0,0.1425,0.0,0.03333333333333521,robust_selected_core,"robust_selected_core if loan_frequency>=0.80; selection_sensitive if 0<loan_frequency<0.80; consistently_not_selected if loan_frequency=0; selection-frequency analysis only, not enterprise robustness or default conclusion",exploratory_combined_adverse,exploratory combined boundary is not a formal or single-factor scenario; excluded from selection frequency,deterministic scenario spread; not a statistical confidence interval
E245,***建筑劳务有限公司,12,1.0,12,50.0,50.0,50.0,0.0,12,0,0.1425,0.15,0.14345833333333333,0.0022588560280716354,50.0,0,0.1425,0.0,0.09583333333333388,robust_selected_core,"robust_selected_core if loan_frequency>=0.80; selection_sensitive if 0<loan_frequency<0.80; consistently_not_selected if loan_frequency=0; selection-frequency analysis only, not enterprise robustness or default conclusion",exploratory_combined_adverse,exploratory combined boundary is not a formal or single-factor scenario; excluded from selection frequency,deterministic scenario spread; not a statistical confidence interval
E246,***物业服务有限公司,12,1.0,12,50.0,50.0,50.0,0.0,12,0,0.0985,0.1425,0.12183333333333335,0.012736648783028529,50.0,0,0.1225,0.0,-0.06666666666666488,robust_selected_core,"robust_selected_core if loan_frequency>=0.80; selection_sensitive if 0<loan_frequency<0.80; consistently_not_selected if loan_frequency=0; selection-frequency analysis only, not enterprise robustness or default conclusion",exploratory_combined_adverse,exploratory combined boundary is not a formal or single-factor scenario; excluded from selection frequency,deterministic scenario spread; not a statistical confidence interval
E247,***石化有限公司,12,0.25,3,0.0,50.0,12.5,21.650635094610966,3,0,0.1425,0.1465,0.14383333333333334,0.0018856180831641283,0.0,1,0.0,12.5,0.0,selection_sensitive,"robust_selected_core if loan_frequency>=0.80; selection_sensitive if 0<loan_frequency<0.80; consistently_not_selected if loan_frequency=0; selection-frequency analysis only, not enterprise robustness or default conclusion",exploratory_combined_adverse,exploratory combined boundary is not a formal or single-factor scenario; excluded from selection frequency,deterministic scenario spread; not a statistical confidence interval
E248,***智能科技有限公司,12,0.0,0,0.0,0.0,0.0,0.0,0,1,0.0,0.0,0.0,0.0,0.0,1,0.0,0.0,0.0,consistently_not_selected,"robust_selected_core if loan_frequency>=0.80; selection_sensitive if 0<loan_frequency<0.80; consistently_not_selected if loan_frequency=0; selection-frequency analysis only, not enterprise robustness or default conclusion",exploratory_combined_adverse,exploratory combined boundary is not a formal or single-factor scenario; excluded from selection frequency,deterministic scenario spread; not a statistical confidence interval
E249,***建筑工程有限公司,12,0.0,0,0.0,0.0,0.0,0.0,0,1,0.0,0.0,0.0,0.0,0.0,1,0.0,0.0,0.0,consistently_not_selected,"robust_selected_core if loan_frequency>=0.80; selection_sensitive if 0<loan_frequency<0.80; consistently_not_selected if loan_frequency=0; selection-frequency analysis only, not enterprise robustness or default conclusion",exploratory_combined_adverse,exploratory combined boundary is not a formal or single-factor scenario; excluded from selection frequency,deterministic scenario spread; not a statistical confidence interval
E250,***塑料厂,12,1.0,12,100.0,100.0,100.0,0.0,12,0,0.0985,0.1225,0.11850000000000001,0.008944271909999158,100.0,0,0.1225,0.0,-0.39999999999999897,robust_selected_core,"robust_selected_core if loan_frequency>=0.80; selection_sensitive if 0<loan_frequency<0.80; consistently_not_selected if loan_frequency=0; selection-frequency analysis only, not enterprise robustness or default conclusion",exploratory_combined_adverse,exploratory combined boundary is not a formal or single-factor scenario; excluded from selection frequency,deterministic scenario spread; not a statistical confidence interval
E251,***医疗器械有限责任公司,12,0.0,0,0.0,0.0,0.0,0.0,0,1,0.0,0.0,0.0,0.0,0.0,1,0.0,0.0,0.0,consistently_not_selected,"robust_selected_core if loan_frequency>=0.80; selection_sensitive if 0<loan_frequency<0.80; consistently_not_selected if loan_frequency=0; selection-frequency analysis only, not enterprise robustness or default conclusion",exploratory_combined_adverse,exploratory combined boundary is not a formal or single-factor scenario; excluded from selection frequency,deterministic scenario spread; not a statistical confidence interval
E252,***印务有限公司,12,1.0,12,50.0,50.0,50.0,0.0,12,0,0.1225,0.1425,0.14083333333333337,0.005527707983925665,50.0,0,0.1425,0.0,-0.1666666666666622,robust_selected_core,"robust_selected_core if loan_frequency>=0.80; selection_sensitive if 0<loan_frequency<0.80; consistently_not_selected if loan_frequency=0; selection-frequency analysis only, not enterprise robustness or default conclusion",exploratory_combined_adverse,exploratory combined boundary is not a formal or single-factor scenario; excluded from selection frequency,deterministic scenario spread; not a statistical confidence interval
E253,***钢结构工程有限公司,12,1.0,12,50.0,50.0,50.0,0.0,12,0,0.1225,0.1425,0.14083333333333337,0.005527707983925665,50.0,0,0.1425,0.0,-0.1666666666666622,robust_selected_core,"robust_selected_core if loan_frequency>=0.80; selection_sensitive if 0<loan_frequency<0.80; consistently_not_selected if loan_frequency=0; selection-frequency analysis only, not enterprise robustness or default conclusion",exploratory_combined_adverse,exploratory combined boundary is not a formal or single-factor scenario; excluded from selection frequency,deterministic scenario spread; not a statistical confidence interval
E254,***设备安装工程有限公司,12,1.0,12,50.0,50.0,50.0,0.0,12,0,0.1225,0.1425,0.1391666666666667,0.007453559924999296,50.0,0,0.1425,0.0,-0.33333333333332993,robust_selected_core,"robust_selected_core if loan_frequency>=0.80; selection_sensitive if 0<loan_frequency<0.80; consistently_not_selected if loan_frequency=0; selection-frequency analysis only, not enterprise robustness or default conclusion",exploratory_combined_adverse,exploratory combined boundary is not a formal or single-factor scenario; excluded from selection frequency,deterministic scenario spread; not a statistical confidence interval
E255,个体经营E255,12,1.0,12,50.0,50.0,50.0,0.0,12,0,0.1425,0.1425,0.14250000000000002,2.7755575615628914e-17,50.0,0,0.1425,0.0,2.7755575615628914e-15,robust_selected_core,"robust_selected_core if loan_frequency>=0.80; selection_sensitive if 0<loan_frequency<0.80; consistently_not_selected if loan_frequency=0; selection-frequency analysis only, not enterprise robustness or default conclusion",exploratory_combined_adverse,exploratory combined boundary is not a formal or single-factor scenario; excluded from selection frequency,deterministic scenario spread; not a statistical confidence interval
E256,***物资有限公司,12,1.0,12,50.0,50.0,50.0,0.0,12,0,0.0985,0.1225,0.11516666666666668,0.01043498389499902,50.0,0,0.1225,0.0,-0.7333333333333316,robust_selected_core,"robust_selected_core if loan_frequency>=0.80; selection_sensitive if 0<loan_frequency<0.80; consistently_not_selected if loan_frequency=0; selection-frequency analysis only, not enterprise robustness or default conclusion",exploratory_combined_adverse,exploratory combined boundary is not a formal or single-factor scenario; excluded from selection frequency,deterministic scenario spread; not a statistical confidence interval
E257,***门窗安装有限公司,12,1.0,12,50.0,50.0,50.0,0.0,12,0,0.1425,0.15,0.143125,0.0020728904939721266,50.0,0,0.1425,0.0,0.06250000000000144,robust_selected_core,"robust_selected_core if loan_frequency>=0.80; selection_sensitive if 0<loan_frequency<0.80; consistently_not_selected if loan_frequency=0; selection-frequency analysis only, not enterprise robustness or default conclusion",exploratory_combined_adverse,exploratory combined boundary is not a formal or single-factor scenario; excluded from selection frequency,deterministic scenario spread; not a statistical confidence interval
E258,***国际货运有限公司,12,1.0,12,50.0,50.0,50.0,0.0,12,0,0.0985,0.1425,0.12216666666666669,0.012160957564636463,50.0,0,0.1225,0.0,-0.03333333333333105,robust_selected_core,"robust_selected_core if loan_frequency>=0.80; selection_sensitive if 0<loan_frequency<0.80; consistently_not_selected if loan_frequency=0; selection-frequency analysis only, not enterprise robustness or default conclusion",exploratory_combined_adverse,exploratory combined boundary is not a formal or single-factor scenario; excluded from selection frequency,deterministic scenario spread; not a statistical confidence interval
E259,***文化传媒有限公司,12,1.0,12,50.0,50.0,50.0,0.0,12,0,0.0985,0.1425,0.12250000000000001,0.011661903789690597,50.0,0,0.1225,0.0,1.3877787807814457e-15,robust_selected_core,"robust_selected_core if loan_frequency>=0.80; selection_sensitive if 0<loan_frequency<0.80; consistently_not_selected if loan_frequency=0; selection-frequency analysis only, not enterprise robustness or default conclusion",exploratory_combined_adverse,exploratory combined boundary is not a formal or single-factor scenario; excluded from selection frequency,deterministic scenario spread; not a statistical confidence interval
E260,***广告有限公司,12,1.0,12,50.0,50.0,50.0,0.0,12,0,0.1225,0.1425,0.14083333333333337,0.005527707983925665,50.0,0,0.1425,0.0,-0.1666666666666622,robust_selected_core,"robust_selected_core if loan_frequency>=0.80; selection_sensitive if 0<loan_frequency<0.80; consistently_not_selected if loan_frequency=0; selection-frequency analysis only, not enterprise robustness or default conclusion",exploratory_combined_adverse,exploratory combined boundary is not a formal or single-factor scenario; excluded from selection frequency,deterministic scenario spread; not a statistical confidence interval
E261,***医疗器械有限公司,12,1.0,12,50.0,50.0,50.0,0.0,12,0,0.1225,0.1425,0.13583333333333336,0.00942809041582063,50.0,0,0.1425,0.0,-0.6666666666666626,robust_selected_core,"robust_selected_core if loan_frequency>=0.80; selection_sensitive if 0<loan_frequency<0.80; consistently_not_selected if loan_frequency=0; selection-frequency analysis only, not enterprise robustness or default conclusion",exploratory_combined_adverse,exploratory combined boundary is not a formal or single-factor scenario; excluded from selection frequency,deterministic scenario spread; not a statistical confidence interval
E262,个体经营E262,12,1.0,12,50.0,50.0,50.0,0.0,12,0,0.1425,0.15,0.144375,0.0032475952641916475,50.0,0,0.1425,0.0,0.18750000000000155,robust_selected_core,"robust_selected_core if loan_frequency>=0.80; selection_sensitive if 0<loan_frequency<0.80; consistently_not_selected if loan_frequency=0; selection-frequency analysis only, not enterprise robustness or default conclusion",exploratory_combined_adverse,exploratory combined boundary is not a formal or single-factor scenario; excluded from selection frequency,deterministic scenario spread; not a statistical confidence interval
E263,***通信工程有限公司,12,1.0,12,50.0,50.0,50.0,0.0,12,0,0.1425,0.15,0.14375,0.0027950849718747397,50.0,0,0.1425,0.0,0.1250000000000001,robust_selected_core,"robust_selected_core if loan_frequency>=0.80; selection_sensitive if 0<loan_frequency<0.80; consistently_not_selected if loan_frequency=0; selection-frequency analysis only, not enterprise robustness or default conclusion",exploratory_combined_adverse,exploratory combined boundary is not a formal or single-factor scenario; excluded from selection frequency,deterministic scenario spread; not a statistical confidence interval
E264,个体经营E264,12,0.0,0,0.0,0.0,0.0,0.0,0,1,0.0,0.0,0.0,0.0,0.0,1,0.0,0.0,0.0,consistently_not_selected,"robust_selected_core if loan_frequency>=0.80; selection_sensitive if 0<loan_frequency<0.80; consistently_not_selected if loan_frequency=0; selection-frequency analysis only, not enterprise robustness or default conclusion",exploratory_combined_adverse,exploratory combined boundary is not a formal or single-factor scenario; excluded from selection frequency,deterministic scenario spread; not a statistical confidence interval
E265,***净化工程有限公司,12,1.0,12,50.0,50.0,50.0,0.0,12,0,0.1425,0.1465,0.14283333333333334,0.0011055415967851344,50.0,0,0.1425,0.0,0.03333333333333521,robust_selected_core,"robust_selected_core if loan_frequency>=0.80; selection_sensitive if 0<loan_frequency<0.80; consistently_not_selected if loan_frequency=0; selection-frequency analysis only, not enterprise robustness or default conclusion",exploratory_combined_adverse,exploratory combined boundary is not a formal or single-factor scenario; excluded from selection frequency,deterministic scenario spread; not a statistical confidence interval
E266,***煤矿机械有限公司,12,1.0,12,50.0,50.0,50.0,0.0,12,0,0.1425,0.15,0.143125,0.0020728904939721266,50.0,0,0.1425,0.0,0.06250000000000144,robust_selected_core,"robust_selected_core if loan_frequency>=0.80; selection_sensitive if 0<loan_frequency<0.80; consistently_not_selected if loan_frequency=0; selection-frequency analysis only, not enterprise robustness or default conclusion",exploratory_combined_adverse,exploratory combined boundary is not a formal or single-factor scenario; excluded from selection frequency,deterministic scenario spread; not a statistical confidence interval
E267,***林园艺场,12,0.3333333333333333,4,0.0,50.0,16.666666666666668,23.570226039551585,4,0,0.1425,0.15,0.14725,0.0030923292192132482,0.0,1,0.0,16.666666666666668,0.0,selection_sensitive,"robust_selected_core if loan_frequency>=0.80; selection_sensitive if 0<loan_frequency<0.80; consistently_not_selected if loan_frequency=0; selection-frequency analysis only, not enterprise robustness or default conclusion",exploratory_combined_adverse,exploratory combined boundary is not a formal or single-factor scenario; excluded from selection frequency,deterministic scenario spread; not a statistical confidence interval
E268,***建筑劳务有限公司,12,1.0,12,50.0,50.0,50.0,0.0,12,0,0.1425,0.15,0.143125,0.0020728904939721266,50.0,0,0.1425,0.0,0.06250000000000144,robust_selected_core,"robust_selected_core if loan_frequency>=0.80; selection_sensitive if 0<loan_frequency<0.80; consistently_not_selected if loan_frequency=0; selection-frequency analysis only, not enterprise robustness or default conclusion",exploratory_combined_adverse,exploratory combined boundary is not a formal or single-factor scenario; excluded from selection frequency,deterministic scenario spread; not a statistical confidence interval
E269,***节能服务有限公司,12,0.0,0,0.0,0.0,0.0,0.0,0,1,0.0,0.0,0.0,0.0,0.0,1,0.0,0.0,0.0,consistently_not_selected,"robust_selected_core if loan_frequency>=0.80; selection_sensitive if 0<loan_frequency<0.80; consistently_not_selected if loan_frequency=0; selection-frequency analysis only, not enterprise robustness or default conclusion",exploratory_combined_adverse,exploratory combined boundary is not a formal or single-factor scenario; excluded from selection frequency,deterministic scenario spread; not a statistical confidence interval
E270,个体经营E270,12,1.0,12,50.0,50.0,50.0,0.0,12,0,0.1425,0.1465,0.14283333333333334,0.0011055415967851344,50.0,0,0.1425,0.0,0.03333333333333521,robust_selected_core,"robust_selected_core if loan_frequency>=0.80; selection_sensitive if 0<loan_frequency<0.80; consistently_not_selected if loan_frequency=0; selection-frequency analysis only, not enterprise robustness or default conclusion",exploratory_combined_adverse,exploratory combined boundary is not a formal or single-factor scenario; excluded from selection frequency,deterministic scenario spread; not a statistical confidence interval
E271,***科技有限公司,12,1.0,12,50.0,50.0,50.0,0.0,12,0,0.1425,0.15,0.144375,0.0032475952641916475,50.0,0,0.1425,0.0,0.18750000000000155,robust_selected_core,"robust_selected_core if loan_frequency>=0.80; selection_sensitive if 0<loan_frequency<0.80; consistently_not_selected if loan_frequency=0; selection-frequency analysis only, not enterprise robustness or default conclusion",exploratory_combined_adverse,exploratory combined boundary is not a formal or single-factor scenario; excluded from selection frequency,deterministic scenario spread; not a statistical confidence interval
E272,个体经营E272,12,1.0,12,50.0,50.0,50.0,0.0,12,0,0.1425,0.15,0.14345833333333333,0.0022588560280716354,50.0,0,0.1425,0.0,0.09583333333333388,robust_selected_core,"robust_selected_core if loan_frequency>=0.80; selection_sensitive if 0<loan_frequency<0.80; consistently_not_selected if loan_frequency=0; selection-frequency analysis only, not enterprise robustness or default conclusion",exploratory_combined_adverse,exploratory combined boundary is not a formal or single-factor scenario; excluded from selection frequency,deterministic scenario spread; not a statistical confidence interval
E273,个体经营E273,12,1.0,12,50.0,50.0,50.0,0.0,12,0,0.0985,0.1425,0.12383333333333335,0.013399834161494515,50.0,0,0.1225,0.0,0.1333333333333353,robust_selected_core,"robust_selected_core if loan_frequency>=0.80; selection_sensitive if 0<loan_frequency<0.80; consistently_not_selected if loan_frequency=0; selection-frequency analysis only, not enterprise robustness or default conclusion",exploratory_combined_adverse,exploratory combined boundary is not a formal or single-factor scenario; excluded from selection frequency,deterministic scenario spread; not a statistical confidence interval
E274,***建筑劳务有限公司,12,0.0,0,0.0,0.0,0.0,0.0,0,1,0.0,0.0,0.0,0.0,0.0,1,0.0,0.0,0.0,consistently_not_selected,"robust_selected_core if loan_frequency>=0.80; selection_sensitive if 0<loan_frequency<0.80; consistently_not_selected if loan_frequency=0; selection-frequency analysis only, not enterprise robustness or default conclusion",exploratory_combined_adverse,exploratory combined boundary is not a formal or single-factor scenario; excluded from selection frequency,deterministic scenario spread; not a statistical confidence interval
E275,***网络工程有限公司,12,1.0,12,50.0,50.0,50.0,0.0,12,0,0.1225,0.1425,0.14083333333333337,0.005527707983925665,50.0,0,0.1425,0.0,-0.1666666666666622,robust_selected_core,"robust_selected_core if loan_frequency>=0.80; selection_sensitive if 0<loan_frequency<0.80; consistently_not_selected if loan_frequency=0; selection-frequency analysis only, not enterprise robustness or default conclusion",exploratory_combined_adverse,exploratory combined boundary is not a formal or single-factor scenario; excluded from selection frequency,deterministic scenario spread; not a statistical confidence interval
E276,***体育设施工程有限公司,12,0.0,0,0.0,0.0,0.0,0.0,0,1,0.0,0.0,0.0,0.0,0.0,1,0.0,0.0,0.0,consistently_not_selected,"robust_selected_core if loan_frequency>=0.80; selection_sensitive if 0<loan_frequency<0.80; consistently_not_selected if loan_frequency=0; selection-frequency analysis only, not enterprise robustness or default conclusion",exploratory_combined_adverse,exploratory combined boundary is not a formal or single-factor scenario; excluded from selection frequency,deterministic scenario spread; not a statistical confidence interval
E277,***消防设备制造有限公司,12,1.0,12,50.0,50.0,50.0,0.0,12,0,0.1425,0.15,0.143125,0.0020728904939721266,50.0,0,0.1425,0.0,0.06250000000000144,robust_selected_core,"robust_selected_core if loan_frequency>=0.80; selection_sensitive if 0<loan_frequency<0.80; consistently_not_selected if loan_frequency=0; selection-frequency analysis only, not enterprise robustness or default conclusion",exploratory_combined_adverse,exploratory combined boundary is not a formal or single-factor scenario; excluded from selection frequency,deterministic scenario spread; not a statistical confidence interval
E278,***贸易有限公司,12,0.75,9,0.0,50.0,37.5,21.650635094610966,9,0,0.1425,0.15,0.1454444444444444,0.0034435482705137215,50.0,0,0.1465,-12.5,-0.10555555555555873,selection_sensitive,"robust_selected_core if loan_frequency>=0.80; selection_sensitive if 0<loan_frequency<0.80; consistently_not_selected if loan_frequency=0; selection-frequency analysis only, not enterprise robustness or default conclusion",exploratory_combined_adverse,exploratory combined boundary is not a formal or single-factor scenario; excluded from selection frequency,deterministic scenario spread; not a statistical confidence interval
E279,***环保包装有限公司,12,0.0,0,0.0,0.0,0.0,0.0,0,1,0.0,0.0,0.0,0.0,0.0,1,0.0,0.0,0.0,consistently_not_selected,"robust_selected_core if loan_frequency>=0.80; selection_sensitive if 0<loan_frequency<0.80; consistently_not_selected if loan_frequency=0; selection-frequency analysis only, not enterprise robustness or default conclusion",exploratory_combined_adverse,exploratory combined boundary is not a formal or single-factor scenario; excluded from selection frequency,deterministic scenario spread; not a statistical confidence interval
E280,个体经营E280,12,1.0,12,50.0,50.0,50.0,0.0,12,0,0.1225,0.1425,0.1391666666666667,0.007453559924999296,50.0,0,0.1425,0.0,-0.33333333333332993,robust_selected_core,"robust_selected_core if loan_frequency>=0.80; selection_sensitive if 0<loan_frequency<0.80; consistently_not_selected if loan_frequency=0; selection-frequency analysis only, not enterprise robustness or default conclusion",exploratory_combined_adverse,exploratory combined boundary is not a formal or single-factor scenario; excluded from selection frequency,deterministic scenario spread; not a statistical confidence interval
E281,***商业管理有限责任公司,12,0.0,0,0.0,0.0,0.0,0.0,0,1,0.0,0.0,0.0,0.0,0.0,1,0.0,0.0,0.0,consistently_not_selected,"robust_selected_core if loan_frequency>=0.80; selection_sensitive if 0<loan_frequency<0.80; consistently_not_selected if loan_frequency=0; selection-frequency analysis only, not enterprise robustness or default conclusion",exploratory_combined_adverse,exploratory combined boundary is not a formal or single-factor scenario; excluded from selection frequency,deterministic scenario spread; not a statistical confidence interval
E282,***影城有限公司***分公司,12,1.0,12,50.0,50.0,50.0,0.0,12,0,0.1065,0.1425,0.13783333333333336,0.010934146311237816,50.0,0,0.1425,0.0,-0.46666666666666246,robust_selected_core,"robust_selected_core if loan_frequency>=0.80; selection_sensitive if 0<loan_frequency<0.80; consistently_not_selected if loan_frequency=0; selection-frequency analysis only, not enterprise robustness or default conclusion",exploratory_combined_adverse,exploratory combined boundary is not a formal or single-factor scenario; excluded from selection frequency,deterministic scenario spread; not a statistical confidence interval
E283,***机械铸造有限责任公司,12,1.0,12,50.0,50.0,50.0,0.0,12,0,0.1065,0.1425,0.13616666666666669,0.011599808427536874,50.0,0,0.1425,0.0,-0.6333333333333302,robust_selected_core,"robust_selected_core if loan_frequency>=0.80; selection_sensitive if 0<loan_frequency<0.80; consistently_not_selected if loan_frequency=0; selection-frequency analysis only, not enterprise robustness or default conclusion",exploratory_combined_adverse,exploratory combined boundary is not a formal or single-factor scenario; excluded from selection frequency,deterministic scenario spread; not a statistical confidence interval
E284,***成焊科技有限公司,12,1.0,12,50.0,50.0,50.0,0.0,12,0,0.1425,0.1425,0.14250000000000002,2.7755575615628914e-17,50.0,0,0.1425,0.0,2.7755575615628914e-15,robust_selected_core,"robust_selected_core if loan_frequency>=0.80; selection_sensitive if 0<loan_frequency<0.80; consistently_not_selected if loan_frequency=0; selection-frequency analysis only, not enterprise robustness or default conclusion",exploratory_combined_adverse,exploratory combined boundary is not a formal or single-factor scenario; excluded from selection frequency,deterministic scenario spread; not a statistical confidence interval
E285,个体经营E285,12,0.9166666666666666,11,0.0,50.0,45.833333333333336,13.819269959814168,11,0,0.1425,0.15,0.14386363636363636,0.0028927095593995152,50.0,0,0.1425,-4.166666666666664,0.13636363636363724,robust_selected_core,"robust_selected_core if loan_frequency>=0.80; selection_sensitive if 0<loan_frequency<0.80; consistently_not_selected if loan_frequency=0; selection-frequency analysis only, not enterprise robustness or default conclusion",exploratory_combined_adverse,exploratory combined boundary is not a formal or single-factor scenario; excluded from selection frequency,deterministic scenario spread; not a statistical confidence interval
E286,***印务有限公司,12,0.0,0,0.0,0.0,0.0,0.0,0,1,0.0,0.0,0.0,0.0,0.0,1,0.0,0.0,0.0,consistently_not_selected,"robust_selected_core if loan_frequency>=0.80; selection_sensitive if 0<loan_frequency<0.80; consistently_not_selected if loan_frequency=0; selection-frequency analysis only, not enterprise robustness or default conclusion",exploratory_combined_adverse,exploratory combined boundary is not a formal or single-factor scenario; excluded from selection frequency,deterministic scenario spread; not a statistical confidence interval
E287,***鞋材有限公司,12,1.0,12,50.0,50.0,50.0,0.0,12,0,0.1425,0.1465,0.14283333333333334,0.0011055415967851344,50.0,0,0.1425,0.0,0.03333333333333521,robust_selected_core,"robust_selected_core if loan_frequency>=0.80; selection_sensitive if 0<loan_frequency<0.80; consistently_not_selected if loan_frequency=0; selection-frequency analysis only, not enterprise robustness or default conclusion",exploratory_combined_adverse,exploratory combined boundary is not a formal or single-factor scenario; excluded from selection frequency,deterministic scenario spread; not a statistical confidence interval
E288,个体经营E288,12,1.0,12,50.0,50.0,50.0,0.0,12,0,0.1425,0.15,0.14375,0.0027950849718747397,50.0,0,0.1425,0.0,0.1250000000000001,robust_selected_core,"robust_selected_core if loan_frequency>=0.80; selection_sensitive if 0<loan_frequency<0.80; consistently_not_selected if loan_frequency=0; selection-frequency analysis only, not enterprise robustness or default conclusion",exploratory_combined_adverse,exploratory combined boundary is not a formal or single-factor scenario; excluded from selection frequency,deterministic scenario spread; not a statistical confidence interval
E289,***运业有限公司***分公司,12,1.0,12,50.0,50.0,50.0,0.0,12,0,0.0985,0.1225,0.11850000000000001,0.008944271909999158,50.0,0,0.1225,0.0,-0.39999999999999897,robust_selected_core,"robust_selected_core if loan_frequency>=0.80; selection_sensitive if 0<loan_frequency<0.80; consistently_not_selected if loan_frequency=0; selection-frequency analysis only, not enterprise robustness or default conclusion",exploratory_combined_adverse,exploratory combined boundary is not a formal or single-factor scenario; excluded from selection frequency,deterministic scenario spread; not a statistical confidence interval
E290,***机电有限公司,12,1.0,12,50.0,50.0,50.0,0.0,12,0,0.1425,0.1465,0.14283333333333334,0.0011055415967851344,50.0,0,0.1425,0.0,0.03333333333333521,robust_selected_core,"robust_selected_core if loan_frequency>=0.80; selection_sensitive if 0<loan_frequency<0.80; consistently_not_selected if loan_frequency=0; selection-frequency analysis only, not enterprise robustness or default conclusion",exploratory_combined_adverse,exploratory combined boundary is not a formal or single-factor scenario; excluded from selection frequency,deterministic scenario spread; not a statistical confidence interval
E291,***文业建设工程有限公司,12,0.0,0,0.0,0.0,0.0,0.0,0,1,0.0,0.0,0.0,0.0,0.0,1,0.0,0.0,0.0,consistently_not_selected,"robust_selected_core if loan_frequency>=0.80; selection_sensitive if 0<loan_frequency<0.80; consistently_not_selected if loan_frequency=0; selection-frequency analysis only, not enterprise robustness or default conclusion",exploratory_combined_adverse,exploratory combined boundary is not a formal or single-factor scenario; excluded from selection frequency,deterministic scenario spread; not a statistical confidence interval
E292,***物流有限公司,12,1.0,12,50.0,50.0,50.0,0.0,12,0,0.1425,0.15,0.143125,0.0020728904939721266,50.0,0,0.1425,0.0,0.06250000000000144,robust_selected_core,"robust_selected_core if loan_frequency>=0.80; selection_sensitive if 0<loan_frequency<0.80; consistently_not_selected if loan_frequency=0; selection-frequency analysis only, not enterprise robustness or default conclusion",exploratory_combined_adverse,exploratory combined boundary is not a formal or single-factor scenario; excluded from selection frequency,deterministic scenario spread; not a statistical confidence interval
E293,***物资有限公司,12,0.0,0,0.0,0.0,0.0,0.0,0,1,0.0,0.0,0.0,0.0,0.0,1,0.0,0.0,0.0,consistently_not_selected,"robust_selected_core if loan_frequency>=0.80; selection_sensitive if 0<loan_frequency<0.80; consistently_not_selected if loan_frequency=0; selection-frequency analysis only, not enterprise robustness or default conclusion",exploratory_combined_adverse,exploratory combined boundary is not a formal or single-factor scenario; excluded from selection frequency,deterministic scenario spread; not a statistical confidence interval
E294,个体经营E294,12,1.0,12,50.0,50.0,50.0,0.0,12,0,0.1225,0.1425,0.13583333333333336,0.00942809041582063,50.0,0,0.1425,0.0,-0.6666666666666626,robust_selected_core,"robust_selected_core if loan_frequency>=0.80; selection_sensitive if 0<loan_frequency<0.80; consistently_not_selected if loan_frequency=0; selection-frequency analysis only, not enterprise robustness or default conclusion",exploratory_combined_adverse,exploratory combined boundary is not a formal or single-factor scenario; excluded from selection frequency,deterministic scenario spread; not a statistical confidence interval
E295,***电器设备制造有限公司,12,1.0,12,50.0,50.0,50.0,0.0,12,0,0.1425,0.15,0.143125,0.0020728904939721266,50.0,0,0.1425,0.0,0.06250000000000144,robust_selected_core,"robust_selected_core if loan_frequency>=0.80; selection_sensitive if 0<loan_frequency<0.80; consistently_not_selected if loan_frequency=0; selection-frequency analysis only, not enterprise robustness or default conclusion",exploratory_combined_adverse,exploratory combined boundary is not a formal or single-factor scenario; excluded from selection frequency,deterministic scenario spread; not a statistical confidence interval
E296,***装饰设计工程有限公司,12,0.0,0,0.0,0.0,0.0,0.0,0,1,0.0,0.0,0.0,0.0,0.0,1,0.0,0.0,0.0,consistently_not_selected,"robust_selected_core if loan_frequency>=0.80; selection_sensitive if 0<loan_frequency<0.80; consistently_not_selected if loan_frequency=0; selection-frequency analysis only, not enterprise robustness or default conclusion",exploratory_combined_adverse,exploratory combined boundary is not a formal or single-factor scenario; excluded from selection frequency,deterministic scenario spread; not a statistical confidence interval
E297,***建筑机械租赁有限公司,12,0.0,0,0.0,0.0,0.0,0.0,0,1,0.0,0.0,0.0,0.0,0.0,1,0.0,0.0,0.0,consistently_not_selected,"robust_selected_core if loan_frequency>=0.80; selection_sensitive if 0<loan_frequency<0.80; consistently_not_selected if loan_frequency=0; selection-frequency analysis only, not enterprise robustness or default conclusion",exploratory_combined_adverse,exploratory combined boundary is not a formal or single-factor scenario; excluded from selection frequency,deterministic scenario spread; not a statistical confidence interval
E298,***电器维护服务有限公司,12,1.0,12,50.0,50.0,50.0,0.0,12,0,0.1225,0.1425,0.14083333333333337,0.005527707983925665,50.0,0,0.1425,0.0,-0.1666666666666622,robust_selected_core,"robust_selected_core if loan_frequency>=0.80; selection_sensitive if 0<loan_frequency<0.80; consistently_not_selected if loan_frequency=0; selection-frequency analysis only, not enterprise robustness or default conclusion",exploratory_combined_adverse,exploratory combined boundary is not a formal or single-factor scenario; excluded from selection frequency,deterministic scenario spread; not a statistical confidence interval
E299,***压缩天然气有限责任公司,12,0.0,0,0.0,0.0,0.0,0.0,0,1,0.0,0.0,0.0,0.0,0.0,1,0.0,0.0,0.0,consistently_not_selected,"robust_selected_core if loan_frequency>=0.80; selection_sensitive if 0<loan_frequency<0.80; consistently_not_selected if loan_frequency=0; selection-frequency analysis only, not enterprise robustness or default conclusion",exploratory_combined_adverse,exploratory combined boundary is not a formal or single-factor scenario; excluded from selection frequency,deterministic scenario spread; not a statistical confidence interval
E300,***建设工程有限公司,12,0.0,0,0.0,0.0,0.0,0.0,0,1,0.0,0.0,0.0,0.0,0.0,1,0.0,0.0,0.0,consistently_not_selected,"robust_selected_core if loan_frequency>=0.80; selection_sensitive if 0<loan_frequency<0.80; consistently_not_selected if loan_frequency=0; selection-frequency analysis only, not enterprise robustness or default conclusion",exploratory_combined_adverse,exploratory combined boundary is not a formal or single-factor scenario; excluded from selection frequency,deterministic scenario spread; not a statistical confidence interval
E301,***企业管理咨询有限公司,12,1.0,12,50.0,50.0,50.0,0.0,12,0,0.1425,0.15,0.143125,0.0020728904939721266,50.0,0,0.1425,0.0,0.06250000000000144,robust_selected_core,"robust_selected_core if loan_frequency>=0.80; selection_sensitive if 0<loan_frequency<0.80; consistently_not_selected if loan_frequency=0; selection-frequency analysis only, not enterprise robustness or default conclusion",exploratory_combined_adverse,exploratory combined boundary is not a formal or single-factor scenario; excluded from selection frequency,deterministic scenario spread; not a statistical confidence interval
E302,***机电设备有限公司,12,1.0,12,50.0,50.0,50.0,0.0,12,0,0.1425,0.15,0.1440833333333333,0.0028638067129065996,50.0,0,0.1425,0.0,0.15833333333333255,robust_selected_core,"robust_selected_core if loan_frequency>=0.80; selection_sensitive if 0<loan_frequency<0.80; consistently_not_selected if loan_frequency=0; selection-frequency analysis only, not enterprise robustness or default conclusion",exploratory_combined_adverse,exploratory combined boundary is not a formal or single-factor scenario; excluded from selection frequency,deterministic scenario spread; not a statistical confidence interval
E303,***图书发行有限公司,12,1.0,12,100.0,100.0,100.0,0.0,12,0,0.1225,0.1425,0.13583333333333336,0.00942809041582063,100.0,0,0.1425,0.0,-0.6666666666666626,robust_selected_core,"robust_selected_core if loan_frequency>=0.80; selection_sensitive if 0<loan_frequency<0.80; consistently_not_selected if loan_frequency=0; selection-frequency analysis only, not enterprise robustness or default conclusion",exploratory_combined_adverse,exploratory combined boundary is not a formal or single-factor scenario; excluded from selection frequency,deterministic scenario spread; not a statistical confidence interval
E304,***环保科技有限公司,12,0.0,0,0.0,0.0,0.0,0.0,0,1,0.0,0.0,0.0,0.0,0.0,1,0.0,0.0,0.0,consistently_not_selected,"robust_selected_core if loan_frequency>=0.80; selection_sensitive if 0<loan_frequency<0.80; consistently_not_selected if loan_frequency=0; selection-frequency analysis only, not enterprise robustness or default conclusion",exploratory_combined_adverse,exploratory combined boundary is not a formal or single-factor scenario; excluded from selection frequency,deterministic scenario spread; not a statistical confidence interval
E305,***劳务有限公司,12,1.0,12,50.0,50.0,50.0,0.0,12,0,0.1225,0.1425,0.14083333333333337,0.005527707983925665,50.0,0,0.1425,0.0,-0.1666666666666622,robust_selected_core,"robust_selected_core if loan_frequency>=0.80; selection_sensitive if 0<loan_frequency<0.80; consistently_not_selected if loan_frequency=0; selection-frequency analysis only, not enterprise robustness or default conclusion",exploratory_combined_adverse,exploratory combined boundary is not a formal or single-factor scenario; excluded from selection frequency,deterministic scenario spread; not a statistical confidence interval
E306,个体经营E306,12,1.0,12,50.0,50.0,50.0,0.0,12,0,0.1425,0.15,0.14375,0.0027950849718747397,50.0,0,0.1425,0.0,0.1250000000000001,robust_selected_core,"robust_selected_core if loan_frequency>=0.80; selection_sensitive if 0<loan_frequency<0.80; consistently_not_selected if loan_frequency=0; selection-frequency analysis only, not enterprise robustness or default conclusion",exploratory_combined_adverse,exploratory combined boundary is not a formal or single-factor scenario; excluded from selection frequency,deterministic scenario spread; not a statistical confidence interval
E307,***通信工程有限公司,12,0.0,0,0.0,0.0,0.0,0.0,0,1,0.0,0.0,0.0,0.0,0.0,1,0.0,0.0,0.0,consistently_not_selected,"robust_selected_core if loan_frequency>=0.80; selection_sensitive if 0<loan_frequency<0.80; consistently_not_selected if loan_frequency=0; selection-frequency analysis only, not enterprise robustness or default conclusion",exploratory_combined_adverse,exploratory combined boundary is not a formal or single-factor scenario; excluded from selection frequency,deterministic scenario spread; not a statistical confidence interval
E308,***餐饮文化服务有限公司,12,1.0,12,50.0,50.0,50.0,0.0,12,0,0.1425,0.15,0.14345833333333333,0.0022588560280716354,50.0,0,0.1425,0.0,0.09583333333333388,robust_selected_core,"robust_selected_core if loan_frequency>=0.80; selection_sensitive if 0<loan_frequency<0.80; consistently_not_selected if loan_frequency=0; selection-frequency analysis only, not enterprise robustness or default conclusion",exploratory_combined_adverse,exploratory combined boundary is not a formal or single-factor scenario; excluded from selection frequency,deterministic scenario spread; not a statistical confidence interval
E309,个体经营E309,12,0.16666666666666666,2,0.0,50.0,8.333333333333334,18.633899812498246,2,0,0.1425,0.1425,0.1425,0.0,0.0,1,0.0,8.333333333333334,0.0,selection_sensitive,"robust_selected_core if loan_frequency>=0.80; selection_sensitive if 0<loan_frequency<0.80; consistently_not_selected if loan_frequency=0; selection-frequency analysis only, not enterprise robustness or default conclusion",exploratory_combined_adverse,exploratory combined boundary is not a formal or single-factor scenario; excluded from selection frequency,deterministic scenario spread; not a statistical confidence interval
E310,***律师事务所,12,1.0,12,50.0,50.0,50.0,0.0,12,0,0.1225,0.1425,0.14083333333333337,0.005527707983925665,50.0,0,0.1425,0.0,-0.1666666666666622,robust_selected_core,"robust_selected_core if loan_frequency>=0.80; selection_sensitive if 0<loan_frequency<0.80; consistently_not_selected if loan_frequency=0; selection-frequency analysis only, not enterprise robustness or default conclusion",exploratory_combined_adverse,exploratory combined boundary is not a formal or single-factor scenario; excluded from selection frequency,deterministic scenario spread; not a statistical confidence interval
E311,***律师事务所,12,1.0,12,50.0,50.0,50.0,0.0,12,0,0.1425,0.1425,0.14250000000000002,2.7755575615628914e-17,50.0,0,0.1425,0.0,2.7755575615628914e-15,robust_selected_core,"robust_selected_core if loan_frequency>=0.80; selection_sensitive if 0<loan_frequency<0.80; consistently_not_selected if loan_frequency=0; selection-frequency analysis only, not enterprise robustness or default conclusion",exploratory_combined_adverse,exploratory combined boundary is not a formal or single-factor scenario; excluded from selection frequency,deterministic scenario spread; not a statistical confidence interval
E312,***家居用品有限公司,12,0.0,0,0.0,0.0,0.0,0.0,0,1,0.0,0.0,0.0,0.0,0.0,1,0.0,0.0,0.0,consistently_not_selected,"robust_selected_core if loan_frequency>=0.80; selection_sensitive if 0<loan_frequency<0.80; consistently_not_selected if loan_frequency=0; selection-frequency analysis only, not enterprise robustness or default conclusion",exploratory_combined_adverse,exploratory combined boundary is not a formal or single-factor scenario; excluded from selection frequency,deterministic scenario spread; not a statistical confidence interval
E313,***物流有限公司,12,1.0,12,50.0,50.0,50.0,0.0,12,0,0.1225,0.1425,0.14083333333333337,0.005527707983925665,50.0,0,0.1425,0.0,-0.1666666666666622,robust_selected_core,"robust_selected_core if loan_frequency>=0.80; selection_sensitive if 0<loan_frequency<0.80; consistently_not_selected if loan_frequency=0; selection-frequency analysis only, not enterprise robustness or default conclusion",exploratory_combined_adverse,exploratory combined boundary is not a formal or single-factor scenario; excluded from selection frequency,deterministic scenario spread; not a statistical confidence interval
E314,***房地产营销策划有限公司,12,0.0,0,0.0,0.0,0.0,0.0,0,1,0.0,0.0,0.0,0.0,0.0,1,0.0,0.0,0.0,consistently_not_selected,"robust_selected_core if loan_frequency>=0.80; selection_sensitive if 0<loan_frequency<0.80; consistently_not_selected if loan_frequency=0; selection-frequency analysis only, not enterprise robustness or default conclusion",exploratory_combined_adverse,exploratory combined boundary is not a formal or single-factor scenario; excluded from selection frequency,deterministic scenario spread; not a statistical confidence interval
E315,***轮胎有限公司,12,1.0,12,50.0,50.0,50.0,0.0,12,0,0.1225,0.1425,0.13583333333333336,0.00942809041582063,50.0,0,0.1425,0.0,-0.6666666666666626,robust_selected_core,"robust_selected_core if loan_frequency>=0.80; selection_sensitive if 0<loan_frequency<0.80; consistently_not_selected if loan_frequency=0; selection-frequency analysis only, not enterprise robustness or default conclusion",exploratory_combined_adverse,exploratory combined boundary is not a formal or single-factor scenario; excluded from selection frequency,deterministic scenario spread; not a statistical confidence interval
E316,个体经营E316,12,0.0,0,0.0,0.0,0.0,0.0,0,1,0.0,0.0,0.0,0.0,0.0,1,0.0,0.0,0.0,consistently_not_selected,"robust_selected_core if loan_frequency>=0.80; selection_sensitive if 0<loan_frequency<0.80; consistently_not_selected if loan_frequency=0; selection-frequency analysis only, not enterprise robustness or default conclusion",exploratory_combined_adverse,exploratory combined boundary is not a formal or single-factor scenario; excluded from selection frequency,deterministic scenario spread; not a statistical confidence interval
E317,***科技有限公司,12,0.0,0,0.0,0.0,0.0,0.0,0,1,0.0,0.0,0.0,0.0,0.0,1,0.0,0.0,0.0,consistently_not_selected,"robust_selected_core if loan_frequency>=0.80; selection_sensitive if 0<loan_frequency<0.80; consistently_not_selected if loan_frequency=0; selection-frequency analysis only, not enterprise robustness or default conclusion",exploratory_combined_adverse,exploratory combined boundary is not a formal or single-factor scenario; excluded from selection frequency,deterministic scenario spread; not a statistical confidence interval
E318,***商贸有限公司,12,1.0,12,50.0,50.0,50.0,0.0,12,0,0.1225,0.1425,0.13083333333333336,0.009860132971832688,50.0,0,0.1225,0.0,0.8333333333333359,robust_selected_core,"robust_selected_core if loan_frequency>=0.80; selection_sensitive if 0<loan_frequency<0.80; consistently_not_selected if loan_frequency=0; selection-frequency analysis only, not enterprise robustness or default conclusion",exploratory_combined_adverse,exploratory combined boundary is not a formal or single-factor scenario; excluded from selection frequency,deterministic scenario spread; not a statistical confidence interval
E319,个体经营E319,12,1.0,12,50.0,50.0,50.0,0.0,12,0,0.1225,0.1425,0.1391666666666667,0.007453559924999296,50.0,0,0.1425,0.0,-0.33333333333332993,robust_selected_core,"robust_selected_core if loan_frequency>=0.80; selection_sensitive if 0<loan_frequency<0.80; consistently_not_selected if loan_frequency=0; selection-frequency analysis only, not enterprise robustness or default conclusion",exploratory_combined_adverse,exploratory combined boundary is not a formal or single-factor scenario; excluded from selection frequency,deterministic scenario spread; not a statistical confidence interval
E320,***建筑设计有限公司,12,0.0,0,0.0,0.0,0.0,0.0,0,1,0.0,0.0,0.0,0.0,0.0,1,0.0,0.0,0.0,consistently_not_selected,"robust_selected_core if loan_frequency>=0.80; selection_sensitive if 0<loan_frequency<0.80; consistently_not_selected if loan_frequency=0; selection-frequency analysis only, not enterprise robustness or default conclusion",exploratory_combined_adverse,exploratory combined boundary is not a formal or single-factor scenario; excluded from selection frequency,deterministic scenario spread; not a statistical confidence interval
E321,***生物流有限公司,12,1.0,12,50.0,50.0,50.0,0.0,12,0,0.1225,0.1425,0.14083333333333337,0.005527707983925665,50.0,0,0.1425,0.0,-0.1666666666666622,robust_selected_core,"robust_selected_core if loan_frequency>=0.80; selection_sensitive if 0<loan_frequency<0.80; consistently_not_selected if loan_frequency=0; selection-frequency analysis only, not enterprise robustness or default conclusion",exploratory_combined_adverse,exploratory combined boundary is not a formal or single-factor scenario; excluded from selection frequency,deterministic scenario spread; not a statistical confidence interval
E322,***装饰工程设计有限公司,12,0.0,0,0.0,0.0,0.0,0.0,0,1,0.0,0.0,0.0,0.0,0.0,1,0.0,0.0,0.0,consistently_not_selected,"robust_selected_core if loan_frequency>=0.80; selection_sensitive if 0<loan_frequency<0.80; consistently_not_selected if loan_frequency=0; selection-frequency analysis only, not enterprise robustness or default conclusion",exploratory_combined_adverse,exploratory combined boundary is not a formal or single-factor scenario; excluded from selection frequency,deterministic scenario spread; not a statistical confidence interval
E323,***建筑装饰工程有限公司,12,0.0,0,0.0,0.0,0.0,0.0,0,1,0.0,0.0,0.0,0.0,0.0,1,0.0,0.0,0.0,consistently_not_selected,"robust_selected_core if loan_frequency>=0.80; selection_sensitive if 0<loan_frequency<0.80; consistently_not_selected if loan_frequency=0; selection-frequency analysis only, not enterprise robustness or default conclusion",exploratory_combined_adverse,exploratory combined boundary is not a formal or single-factor scenario; excluded from selection frequency,deterministic scenario spread; not a statistical confidence interval
E324,***汽贸有限公司,12,0.0,0,0.0,0.0,0.0,0.0,0,1,0.0,0.0,0.0,0.0,0.0,1,0.0,0.0,0.0,consistently_not_selected,"robust_selected_core if loan_frequency>=0.80; selection_sensitive if 0<loan_frequency<0.80; consistently_not_selected if loan_frequency=0; selection-frequency analysis only, not enterprise robustness or default conclusion",exploratory_combined_adverse,exploratory combined boundary is not a formal or single-factor scenario; excluded from selection frequency,deterministic scenario spread; not a statistical confidence interval
E325,***通讯器材有限公司,12,1.0,12,100.0,100.0,100.0,0.0,12,0,0.1425,0.15,0.144375,0.0032475952641916475,100.0,0,0.1425,0.0,0.18750000000000155,robust_selected_core,"robust_selected_core if loan_frequency>=0.80; selection_sensitive if 0<loan_frequency<0.80; consistently_not_selected if loan_frequency=0; selection-frequency analysis only, not enterprise robustness or default conclusion",exploratory_combined_adverse,exploratory combined boundary is not a formal or single-factor scenario; excluded from selection frequency,deterministic scenario spread; not a statistical confidence interval
E326,***包装材料有限公司,12,1.0,12,50.0,50.0,50.0,0.0,12,0,0.1425,0.15,0.1440833333333333,0.0028638067129065996,50.0,0,0.1425,0.0,0.15833333333333255,robust_selected_core,"robust_selected_core if loan_frequency>=0.80; selection_sensitive if 0<loan_frequency<0.80; consistently_not_selected if loan_frequency=0; selection-frequency analysis only, not enterprise robustness or default conclusion",exploratory_combined_adverse,exploratory combined boundary is not a formal or single-factor scenario; excluded from selection frequency,deterministic scenario spread; not a statistical confidence interval
E327,个体经营E327,12,1.0,12,50.0,50.0,50.0,0.0,12,0,0.1425,0.15,0.144375,0.0032475952641916475,50.0,0,0.1425,0.0,0.18750000000000155,robust_selected_core,"robust_selected_core if loan_frequency>=0.80; selection_sensitive if 0<loan_frequency<0.80; consistently_not_selected if loan_frequency=0; selection-frequency analysis only, not enterprise robustness or default conclusion",exploratory_combined_adverse,exploratory combined boundary is not a formal or single-factor scenario; excluded from selection frequency,deterministic scenario spread; not a statistical confidence interval
E328,***科技有限公司,12,0.0,0,0.0,0.0,0.0,0.0,0,1,0.0,0.0,0.0,0.0,0.0,1,0.0,0.0,0.0,consistently_not_selected,"robust_selected_core if loan_frequency>=0.80; selection_sensitive if 0<loan_frequency<0.80; consistently_not_selected if loan_frequency=0; selection-frequency analysis only, not enterprise robustness or default conclusion",exploratory_combined_adverse,exploratory combined boundary is not a formal or single-factor scenario; excluded from selection frequency,deterministic scenario spread; not a statistical confidence interval
E329,***园艺有限责任公司,12,0.0,0,0.0,0.0,0.0,0.0,0,1,0.0,0.0,0.0,0.0,0.0,1,0.0,0.0,0.0,consistently_not_selected,"robust_selected_core if loan_frequency>=0.80; selection_sensitive if 0<loan_frequency<0.80; consistently_not_selected if loan_frequency=0; selection-frequency analysis only, not enterprise robustness or default conclusion",exploratory_combined_adverse,exploratory combined boundary is not a formal or single-factor scenario; excluded from selection frequency,deterministic scenario spread; not a statistical confidence interval
E330,***酒店管理有限公司,12,1.0,12,50.0,50.0,50.0,0.0,12,0,0.1425,0.1425,0.14250000000000002,2.7755575615628914e-17,50.0,0,0.1425,0.0,2.7755575615628914e-15,robust_selected_core,"robust_selected_core if loan_frequency>=0.80; selection_sensitive if 0<loan_frequency<0.80; consistently_not_selected if loan_frequency=0; selection-frequency analysis only, not enterprise robustness or default conclusion",exploratory_combined_adverse,exploratory combined boundary is not a formal or single-factor scenario; excluded from selection frequency,deterministic scenario spread; not a statistical confidence interval
E331,***广告有限公司,12,0.0,0,0.0,0.0,0.0,0.0,0,1,0.0,0.0,0.0,0.0,0.0,1,0.0,0.0,0.0,consistently_not_selected,"robust_selected_core if loan_frequency>=0.80; selection_sensitive if 0<loan_frequency<0.80; consistently_not_selected if loan_frequency=0; selection-frequency analysis only, not enterprise robustness or default conclusion",exploratory_combined_adverse,exploratory combined boundary is not a formal or single-factor scenario; excluded from selection frequency,deterministic scenario spread; not a statistical confidence interval
E332,***商贸有限公司,12,0.0,0,0.0,0.0,0.0,0.0,0,1,0.0,0.0,0.0,0.0,0.0,1,0.0,0.0,0.0,consistently_not_selected,"robust_selected_core if loan_frequency>=0.80; selection_sensitive if 0<loan_frequency<0.80; consistently_not_selected if loan_frequency=0; selection-frequency analysis only, not enterprise robustness or default conclusion",exploratory_combined_adverse,exploratory combined boundary is not a formal or single-factor scenario; excluded from selection frequency,deterministic scenario spread; not a statistical confidence interval
E333,***房地产营销策划有限公司,12,0.0,0,0.0,0.0,0.0,0.0,0,1,0.0,0.0,0.0,0.0,0.0,1,0.0,0.0,0.0,consistently_not_selected,"robust_selected_core if loan_frequency>=0.80; selection_sensitive if 0<loan_frequency<0.80; consistently_not_selected if loan_frequency=0; selection-frequency analysis only, not enterprise robustness or default conclusion",exploratory_combined_adverse,exploratory combined boundary is not a formal or single-factor scenario; excluded from selection frequency,deterministic scenario spread; not a statistical confidence interval
E334,***机械科技有限公司,12,0.0,0,0.0,0.0,0.0,0.0,0,1,0.0,0.0,0.0,0.0,0.0,1,0.0,0.0,0.0,consistently_not_selected,"robust_selected_core if loan_frequency>=0.80; selection_sensitive if 0<loan_frequency<0.80; consistently_not_selected if loan_frequency=0; selection-frequency analysis only, not enterprise robustness or default conclusion",exploratory_combined_adverse,exploratory combined boundary is not a formal or single-factor scenario; excluded from selection frequency,deterministic scenario spread; not a statistical confidence interval
E335,***挖掘机租赁经营部,12,0.0,0,0.0,0.0,0.0,0.0,0,1,0.0,0.0,0.0,0.0,0.0,1,0.0,0.0,0.0,consistently_not_selected,"robust_selected_core if loan_frequency>=0.80; selection_sensitive if 0<loan_frequency<0.80; consistently_not_selected if loan_frequency=0; selection-frequency analysis only, not enterprise robustness or default conclusion",exploratory_combined_adverse,exploratory combined boundary is not a formal or single-factor scenario; excluded from selection frequency,deterministic scenario spread; not a statistical confidence interval
E336,***猕猴桃专业合作社,12,0.0,0,0.0,0.0,0.0,0.0,0,1,0.0,0.0,0.0,0.0,0.0,1,0.0,0.0,0.0,consistently_not_selected,"robust_selected_core if loan_frequency>=0.80; selection_sensitive if 0<loan_frequency<0.80; consistently_not_selected if loan_frequency=0; selection-frequency analysis only, not enterprise robustness or default conclusion",exploratory_combined_adverse,exploratory combined boundary is not a formal or single-factor scenario; excluded from selection frequency,deterministic scenario spread; not a statistical confidence interval
E337,个体经营E337,12,1.0,12,50.0,50.0,50.0,0.0,12,0,0.1225,0.1425,0.14083333333333337,0.005527707983925665,50.0,0,0.1425,0.0,-0.1666666666666622,robust_selected_core,"robust_selected_core if loan_frequency>=0.80; selection_sensitive if 0<loan_frequency<0.80; consistently_not_selected if loan_frequency=0; selection-frequency analysis only, not enterprise robustness or default conclusion",exploratory_combined_adverse,exploratory combined boundary is not a formal or single-factor scenario; excluded from selection frequency,deterministic scenario spread; not a statistical confidence interval
E338,***商贸有限公司,12,0.0,0,0.0,0.0,0.0,0.0,0,1,0.0,0.0,0.0,0.0,0.0,1,0.0,0.0,0.0,consistently_not_selected,"robust_selected_core if loan_frequency>=0.80; selection_sensitive if 0<loan_frequency<0.80; consistently_not_selected if loan_frequency=0; selection-frequency analysis only, not enterprise robustness or default conclusion",exploratory_combined_adverse,exploratory combined boundary is not a formal or single-factor scenario; excluded from selection frequency,deterministic scenario spread; not a statistical confidence interval
E339,***居益卫浴家俬厂,12,0.0,0,0.0,0.0,0.0,0.0,0,1,0.0,0.0,0.0,0.0,0.0,1,0.0,0.0,0.0,consistently_not_selected,"robust_selected_core if loan_frequency>=0.80; selection_sensitive if 0<loan_frequency<0.80; consistently_not_selected if loan_frequency=0; selection-frequency analysis only, not enterprise robustness or default conclusion",exploratory_combined_adverse,exploratory combined boundary is not a formal or single-factor scenario; excluded from selection frequency,deterministic scenario spread; not a statistical confidence interval
E340,***物流有限公司,12,0.0,0,0.0,0.0,0.0,0.0,0,1,0.0,0.0,0.0,0.0,0.0,1,0.0,0.0,0.0,consistently_not_selected,"robust_selected_core if loan_frequency>=0.80; selection_sensitive if 0<loan_frequency<0.80; consistently_not_selected if loan_frequency=0; selection-frequency analysis only, not enterprise robustness or default conclusion",exploratory_combined_adverse,exploratory combined boundary is not a formal or single-factor scenario; excluded from selection frequency,deterministic scenario spread; not a statistical confidence interval
E341,***纺织品有限公司,12,0.0,0,0.0,0.0,0.0,0.0,0,1,0.0,0.0,0.0,0.0,0.0,1,0.0,0.0,0.0,consistently_not_selected,"robust_selected_core if loan_frequency>=0.80; selection_sensitive if 0<loan_frequency<0.80; consistently_not_selected if loan_frequency=0; selection-frequency analysis only, not enterprise robustness or default conclusion",exploratory_combined_adverse,exploratory combined boundary is not a formal or single-factor scenario; excluded from selection frequency,deterministic scenario spread; not a statistical confidence interval
E342,***裕华机械厂,12,0.08333333333333333,1,0.0,50.0,4.166666666666667,13.819269959814168,1,0,0.15,0.15,0.15,0.0,0.0,1,0.0,4.166666666666667,0.0,selection_sensitive,"robust_selected_core if loan_frequency>=0.80; selection_sensitive if 0<loan_frequency<0.80; consistently_not_selected if loan_frequency=0; selection-frequency analysis only, not enterprise robustness or default conclusion",exploratory_combined_adverse,exploratory combined boundary is not a formal or single-factor scenario; excluded from selection frequency,deterministic scenario spread; not a statistical confidence interval
E343,***五金工具经营部,12,1.0,12,50.0,50.0,50.0,0.0,12,0,0.1425,0.15,0.1440833333333333,0.0028638067129065996,50.0,0,0.1425,0.0,0.15833333333333255,robust_selected_core,"robust_selected_core if loan_frequency>=0.80; selection_sensitive if 0<loan_frequency<0.80; consistently_not_selected if loan_frequency=0; selection-frequency analysis only, not enterprise robustness or default conclusion",exploratory_combined_adverse,exploratory combined boundary is not a formal or single-factor scenario; excluded from selection frequency,deterministic scenario spread; not a statistical confidence interval
E344,***机械有限公司,12,0.0,0,0.0,0.0,0.0,0.0,0,1,0.0,0.0,0.0,0.0,0.0,1,0.0,0.0,0.0,consistently_not_selected,"robust_selected_core if loan_frequency>=0.80; selection_sensitive if 0<loan_frequency<0.80; consistently_not_selected if loan_frequency=0; selection-frequency analysis only, not enterprise robustness or default conclusion",exploratory_combined_adverse,exploratory combined boundary is not a formal or single-factor scenario; excluded from selection frequency,deterministic scenario spread; not a statistical confidence interval
E345,***科技有限公司,12,0.0,0,0.0,0.0,0.0,0.0,0,1,0.0,0.0,0.0,0.0,0.0,1,0.0,0.0,0.0,consistently_not_selected,"robust_selected_core if loan_frequency>=0.80; selection_sensitive if 0<loan_frequency<0.80; consistently_not_selected if loan_frequency=0; selection-frequency analysis only, not enterprise robustness or default conclusion",exploratory_combined_adverse,exploratory combined boundary is not a formal or single-factor scenario; excluded from selection frequency,deterministic scenario spread; not a statistical confidence interval
E346,个体经营E346,12,0.0,0,0.0,0.0,0.0,0.0,0,1,0.0,0.0,0.0,0.0,0.0,1,0.0,0.0,0.0,consistently_not_selected,"robust_selected_core if loan_frequency>=0.80; selection_sensitive if 0<loan_frequency<0.80; consistently_not_selected if loan_frequency=0; selection-frequency analysis only, not enterprise robustness or default conclusion",exploratory_combined_adverse,exploratory combined boundary is not a formal or single-factor scenario; excluded from selection frequency,deterministic scenario spread; not a statistical confidence interval
E347,***不锈钢材料有限公司,12,0.0,0,0.0,0.0,0.0,0.0,0,1,0.0,0.0,0.0,0.0,0.0,1,0.0,0.0,0.0,consistently_not_selected,"robust_selected_core if loan_frequency>=0.80; selection_sensitive if 0<loan_frequency<0.80; consistently_not_selected if loan_frequency=0; selection-frequency analysis only, not enterprise robustness or default conclusion",exploratory_combined_adverse,exploratory combined boundary is not a formal or single-factor scenario; excluded from selection frequency,deterministic scenario spread; not a statistical confidence interval
E348,***酒店管理有限公司,12,0.0,0,0.0,0.0,0.0,0.0,0,1,0.0,0.0,0.0,0.0,0.0,1,0.0,0.0,0.0,consistently_not_selected,"robust_selected_core if loan_frequency>=0.80; selection_sensitive if 0<loan_frequency<0.80; consistently_not_selected if loan_frequency=0; selection-frequency analysis only, not enterprise robustness or default conclusion",exploratory_combined_adverse,exploratory combined boundary is not a formal or single-factor scenario; excluded from selection frequency,deterministic scenario spread; not a statistical confidence interval
E349,***营销策划广告有限公司,12,0.0,0,0.0,0.0,0.0,0.0,0,1,0.0,0.0,0.0,0.0,0.0,1,0.0,0.0,0.0,consistently_not_selected,"robust_selected_core if loan_frequency>=0.80; selection_sensitive if 0<loan_frequency<0.80; consistently_not_selected if loan_frequency=0; selection-frequency analysis only, not enterprise robustness or default conclusion",exploratory_combined_adverse,exploratory combined boundary is not a formal or single-factor scenario; excluded from selection frequency,deterministic scenario spread; not a statistical confidence interval
E350,***演艺设备有限公司,12,0.0,0,0.0,0.0,0.0,0.0,0,1,0.0,0.0,0.0,0.0,0.0,1,0.0,0.0,0.0,consistently_not_selected,"robust_selected_core if loan_frequency>=0.80; selection_sensitive if 0<loan_frequency<0.80; consistently_not_selected if loan_frequency=0; selection-frequency analysis only, not enterprise robustness or default conclusion",exploratory_combined_adverse,exploratory combined boundary is not a formal or single-factor scenario; excluded from selection frequency,deterministic scenario spread; not a statistical confidence interval
E351,***文化传播有限公司,12,0.0,0,0.0,0.0,0.0,0.0,0,1,0.0,0.0,0.0,0.0,0.0,1,0.0,0.0,0.0,consistently_not_selected,"robust_selected_core if loan_frequency>=0.80; selection_sensitive if 0<loan_frequency<0.80; consistently_not_selected if loan_frequency=0; selection-frequency analysis only, not enterprise robustness or default conclusion",exploratory_combined_adverse,exploratory combined boundary is not a formal or single-factor scenario; excluded from selection frequency,deterministic scenario spread; not a statistical confidence interval
E352,***居装饰工程有限公司,12,0.0,0,0.0,0.0,0.0,0.0,0,1,0.0,0.0,0.0,0.0,0.0,1,0.0,0.0,0.0,consistently_not_selected,"robust_selected_core if loan_frequency>=0.80; selection_sensitive if 0<loan_frequency<0.80; consistently_not_selected if loan_frequency=0; selection-frequency analysis only, not enterprise robustness or default conclusion",exploratory_combined_adverse,exploratory combined boundary is not a formal or single-factor scenario; excluded from selection frequency,deterministic scenario spread; not a statistical confidence interval
E353,***税务师事务所有限公司,12,0.0,0,0.0,0.0,0.0,0.0,0,1,0.0,0.0,0.0,0.0,0.0,1,0.0,0.0,0.0,consistently_not_selected,"robust_selected_core if loan_frequency>=0.80; selection_sensitive if 0<loan_frequency<0.80; consistently_not_selected if loan_frequency=0; selection-frequency analysis only, not enterprise robustness or default conclusion",exploratory_combined_adverse,exploratory combined boundary is not a formal or single-factor scenario; excluded from selection frequency,deterministic scenario spread; not a statistical confidence interval
E354,***广告有限公司,12,0.0,0,0.0,0.0,0.0,0.0,0,1,0.0,0.0,0.0,0.0,0.0,1,0.0,0.0,0.0,consistently_not_selected,"robust_selected_core if loan_frequency>=0.80; selection_sensitive if 0<loan_frequency<0.80; consistently_not_selected if loan_frequency=0; selection-frequency analysis only, not enterprise robustness or default conclusion",exploratory_combined_adverse,exploratory combined boundary is not a formal or single-factor scenario; excluded from selection frequency,deterministic scenario spread; not a statistical confidence interval
E355,***地毯经营部,12,0.0,0,0.0,0.0,0.0,0.0,0,1,0.0,0.0,0.0,0.0,0.0,1,0.0,0.0,0.0,consistently_not_selected,"robust_selected_core if loan_frequency>=0.80; selection_sensitive if 0<loan_frequency<0.80; consistently_not_selected if loan_frequency=0; selection-frequency analysis only, not enterprise robustness or default conclusion",exploratory_combined_adverse,exploratory combined boundary is not a formal or single-factor scenario; excluded from selection frequency,deterministic scenario spread; not a statistical confidence interval
E356,***建材装饰部,12,0.0,0,0.0,0.0,0.0,0.0,0,1,0.0,0.0,0.0,0.0,0.0,1,0.0,0.0,0.0,consistently_not_selected,"robust_selected_core if loan_frequency>=0.80; selection_sensitive if 0<loan_frequency<0.80; consistently_not_selected if loan_frequency=0; selection-frequency analysis only, not enterprise robustness or default conclusion",exploratory_combined_adverse,exploratory combined boundary is not a formal or single-factor scenario; excluded from selection frequency,deterministic scenario spread; not a statistical confidence interval
E357,***家居经营部,12,0.0,0,0.0,0.0,0.0,0.0,0,1,0.0,0.0,0.0,0.0,0.0,1,0.0,0.0,0.0,consistently_not_selected,"robust_selected_core if loan_frequency>=0.80; selection_sensitive if 0<loan_frequency<0.80; consistently_not_selected if loan_frequency=0; selection-frequency analysis only, not enterprise robustness or default conclusion",exploratory_combined_adverse,exploratory combined boundary is not a formal or single-factor scenario; excluded from selection frequency,deterministic scenario spread; not a statistical confidence interval
E358,***五金经营部,12,0.0,0,0.0,0.0,0.0,0.0,0,1,0.0,0.0,0.0,0.0,0.0,1,0.0,0.0,0.0,consistently_not_selected,"robust_selected_core if loan_frequency>=0.80; selection_sensitive if 0<loan_frequency<0.80; consistently_not_selected if loan_frequency=0; selection-frequency analysis only, not enterprise robustness or default conclusion",exploratory_combined_adverse,exploratory combined boundary is not a formal or single-factor scenario; excluded from selection frequency,deterministic scenario spread; not a statistical confidence interval
E359,***厨房用品经营部,12,0.0,0,0.0,0.0,0.0,0.0,0,1,0.0,0.0,0.0,0.0,0.0,1,0.0,0.0,0.0,consistently_not_selected,"robust_selected_core if loan_frequency>=0.80; selection_sensitive if 0<loan_frequency<0.80; consistently_not_selected if loan_frequency=0; selection-frequency analysis only, not enterprise robustness or default conclusion",exploratory_combined_adverse,exploratory combined boundary is not a formal or single-factor scenario; excluded from selection frequency,deterministic scenario spread; not a statistical confidence interval
E360,***建筑劳务有限公司,12,0.0,0,0.0,0.0,0.0,0.0,0,1,0.0,0.0,0.0,0.0,0.0,1,0.0,0.0,0.0,consistently_not_selected,"robust_selected_core if loan_frequency>=0.80; selection_sensitive if 0<loan_frequency<0.80; consistently_not_selected if loan_frequency=0; selection-frequency analysis only, not enterprise robustness or default conclusion",exploratory_combined_adverse,exploratory combined boundary is not a formal or single-factor scenario; excluded from selection frequency,deterministic scenario spread; not a statistical confidence interval
E361,***勘察设计工程有限公司,12,0.0,0,0.0,0.0,0.0,0.0,0,1,0.0,0.0,0.0,0.0,0.0,1,0.0,0.0,0.0,consistently_not_selected,"robust_selected_core if loan_frequency>=0.80; selection_sensitive if 0<loan_frequency<0.80; consistently_not_selected if loan_frequency=0; selection-frequency analysis only, not enterprise robustness or default conclusion",exploratory_combined_adverse,exploratory combined boundary is not a formal or single-factor scenario; excluded from selection frequency,deterministic scenario spread; not a statistical confidence interval
E362,***建材有限公司,12,0.0,0,0.0,0.0,0.0,0.0,0,1,0.0,0.0,0.0,0.0,0.0,1,0.0,0.0,0.0,consistently_not_selected,"robust_selected_core if loan_frequency>=0.80; selection_sensitive if 0<loan_frequency<0.80; consistently_not_selected if loan_frequency=0; selection-frequency analysis only, not enterprise robustness or default conclusion",exploratory_combined_adverse,exploratory combined boundary is not a formal or single-factor scenario; excluded from selection frequency,deterministic scenario spread; not a statistical confidence interval
E363,***建筑工程设计有限公司,12,0.0,0,0.0,0.0,0.0,0.0,0,1,0.0,0.0,0.0,0.0,0.0,1,0.0,0.0,0.0,consistently_not_selected,"robust_selected_core if loan_frequency>=0.80; selection_sensitive if 0<loan_frequency<0.80; consistently_not_selected if loan_frequency=0; selection-frequency analysis only, not enterprise robustness or default conclusion",exploratory_combined_adverse,exploratory combined boundary is not a formal or single-factor scenario; excluded from selection frequency,deterministic scenario spread; not a statistical confidence interval
E364,***电子有限公司,12,0.0,0,0.0,0.0,0.0,0.0,0,1,0.0,0.0,0.0,0.0,0.0,1,0.0,0.0,0.0,consistently_not_selected,"robust_selected_core if loan_frequency>=0.80; selection_sensitive if 0<loan_frequency<0.80; consistently_not_selected if loan_frequency=0; selection-frequency analysis only, not enterprise robustness or default conclusion",exploratory_combined_adverse,exploratory combined boundary is not a formal or single-factor scenario; excluded from selection frequency,deterministic scenario spread; not a statistical confidence interval
E365,***信息技术有限公司,12,0.0,0,0.0,0.0,0.0,0.0,0,1,0.0,0.0,0.0,0.0,0.0,1,0.0,0.0,0.0,consistently_not_selected,"robust_selected_core if loan_frequency>=0.80; selection_sensitive if 0<loan_frequency<0.80; consistently_not_selected if loan_frequency=0; selection-frequency analysis only, not enterprise robustness or default conclusion",exploratory_combined_adverse,exploratory combined boundary is not a formal or single-factor scenario; excluded from selection frequency,deterministic scenario spread; not a statistical confidence interval
E366,***房地产经纪有限公司,12,0.0,0,0.0,0.0,0.0,0.0,0,1,0.0,0.0,0.0,0.0,0.0,1,0.0,0.0,0.0,consistently_not_selected,"robust_selected_core if loan_frequency>=0.80; selection_sensitive if 0<loan_frequency<0.80; consistently_not_selected if loan_frequency=0; selection-frequency analysis only, not enterprise robustness or default conclusion",exploratory_combined_adverse,exploratory combined boundary is not a formal or single-factor scenario; excluded from selection frequency,deterministic scenario spread; not a statistical confidence interval
E367,***电子商务有限公司,12,0.0,0,0.0,0.0,0.0,0.0,0,1,0.0,0.0,0.0,0.0,0.0,1,0.0,0.0,0.0,consistently_not_selected,"robust_selected_core if loan_frequency>=0.80; selection_sensitive if 0<loan_frequency<0.80; consistently_not_selected if loan_frequency=0; selection-frequency analysis only, not enterprise robustness or default conclusion",exploratory_combined_adverse,exploratory combined boundary is not a formal or single-factor scenario; excluded from selection frequency,deterministic scenario spread; not a statistical confidence interval
E368,***通信科技有限责任公司,12,0.0,0,0.0,0.0,0.0,0.0,0,1,0.0,0.0,0.0,0.0,0.0,1,0.0,0.0,0.0,consistently_not_selected,"robust_selected_core if loan_frequency>=0.80; selection_sensitive if 0<loan_frequency<0.80; consistently_not_selected if loan_frequency=0; selection-frequency analysis only, not enterprise robustness or default conclusion",exploratory_combined_adverse,exploratory combined boundary is not a formal or single-factor scenario; excluded from selection frequency,deterministic scenario spread; not a statistical confidence interval
E369,***网络技术有限公司,12,0.0,0,0.0,0.0,0.0,0.0,0,1,0.0,0.0,0.0,0.0,0.0,1,0.0,0.0,0.0,consistently_not_selected,"robust_selected_core if loan_frequency>=0.80; selection_sensitive if 0<loan_frequency<0.80; consistently_not_selected if loan_frequency=0; selection-frequency analysis only, not enterprise robustness or default conclusion",exploratory_combined_adverse,exploratory combined boundary is not a formal or single-factor scenario; excluded from selection frequency,deterministic scenario spread; not a statistical confidence interval
E370,***设计服务部,12,0.08333333333333333,1,0.0,50.0,4.166666666666667,13.819269959814168,1,0,0.15,0.15,0.15,0.0,0.0,1,0.0,4.166666666666667,0.0,selection_sensitive,"robust_selected_core if loan_frequency>=0.80; selection_sensitive if 0<loan_frequency<0.80; consistently_not_selected if loan_frequency=0; selection-frequency analysis only, not enterprise robustness or default conclusion",exploratory_combined_adverse,exploratory combined boundary is not a formal or single-factor scenario; excluded from selection frequency,deterministic scenario spread; not a statistical confidence interval
E371,***自动化科技有限公司,12,0.0,0,0.0,0.0,0.0,0.0,0,1,0.0,0.0,0.0,0.0,0.0,1,0.0,0.0,0.0,consistently_not_selected,"robust_selected_core if loan_frequency>=0.80; selection_sensitive if 0<loan_frequency<0.80; consistently_not_selected if loan_frequency=0; selection-frequency analysis only, not enterprise robustness or default conclusion",exploratory_combined_adverse,exploratory combined boundary is not a formal or single-factor scenario; excluded from selection frequency,deterministic scenario spread; not a statistical confidence interval
E372,***汽车维修有限责任公司,12,0.8333333333333334,10,0.0,50.0,41.666666666666664,18.633899812498246,10,0,0.1425,0.15,0.144,0.0030000000000000027,50.0,0,0.1425,-8.333333333333336,0.15000000000000013,robust_selected_core,"robust_selected_core if loan_frequency>=0.80; selection_sensitive if 0<loan_frequency<0.80; consistently_not_selected if loan_frequency=0; selection-frequency analysis only, not enterprise robustness or default conclusion",exploratory_combined_adverse,exploratory combined boundary is not a formal or single-factor scenario; excluded from selection frequency,deterministic scenario spread; not a statistical confidence interval
E373,个体经营E373,12,0.0,0,0.0,0.0,0.0,0.0,0,1,0.0,0.0,0.0,0.0,0.0,1,0.0,0.0,0.0,consistently_not_selected,"robust_selected_core if loan_frequency>=0.80; selection_sensitive if 0<loan_frequency<0.80; consistently_not_selected if loan_frequency=0; selection-frequency analysis only, not enterprise robustness or default conclusion",exploratory_combined_adverse,exploratory combined boundary is not a formal or single-factor scenario; excluded from selection frequency,deterministic scenario spread; not a statistical confidence interval
E374,***建材经营部,12,0.0,0,0.0,0.0,0.0,0.0,0,1,0.0,0.0,0.0,0.0,0.0,1,0.0,0.0,0.0,consistently_not_selected,"robust_selected_core if loan_frequency>=0.80; selection_sensitive if 0<loan_frequency<0.80; consistently_not_selected if loan_frequency=0; selection-frequency analysis only, not enterprise robustness or default conclusion",exploratory_combined_adverse,exploratory combined boundary is not a formal or single-factor scenario; excluded from selection frequency,deterministic scenario spread; not a statistical confidence interval
E375,***电器经营部,12,0.0,0,0.0,0.0,0.0,0.0,0,1,0.0,0.0,0.0,0.0,0.0,1,0.0,0.0,0.0,consistently_not_selected,"robust_selected_core if loan_frequency>=0.80; selection_sensitive if 0<loan_frequency<0.80; consistently_not_selected if loan_frequency=0; selection-frequency analysis only, not enterprise robustness or default conclusion",exploratory_combined_adverse,exploratory combined boundary is not a formal or single-factor scenario; excluded from selection frequency,deterministic scenario spread; not a statistical confidence interval
E376,***建筑装饰设计有限责任公司,12,0.0,0,0.0,0.0,0.0,0.0,0,1,0.0,0.0,0.0,0.0,0.0,1,0.0,0.0,0.0,consistently_not_selected,"robust_selected_core if loan_frequency>=0.80; selection_sensitive if 0<loan_frequency<0.80; consistently_not_selected if loan_frequency=0; selection-frequency analysis only, not enterprise robustness or default conclusion",exploratory_combined_adverse,exploratory combined boundary is not a formal or single-factor scenario; excluded from selection frequency,deterministic scenario spread; not a statistical confidence interval
E377,***文化传播有限公司,12,0.0,0,0.0,0.0,0.0,0.0,0,1,0.0,0.0,0.0,0.0,0.0,1,0.0,0.0,0.0,consistently_not_selected,"robust_selected_core if loan_frequency>=0.80; selection_sensitive if 0<loan_frequency<0.80; consistently_not_selected if loan_frequency=0; selection-frequency analysis only, not enterprise robustness or default conclusion",exploratory_combined_adverse,exploratory combined boundary is not a formal or single-factor scenario; excluded from selection frequency,deterministic scenario spread; not a statistical confidence interval
E378,***商贸有限公司,12,0.0,0,0.0,0.0,0.0,0.0,0,1,0.0,0.0,0.0,0.0,0.0,1,0.0,0.0,0.0,consistently_not_selected,"robust_selected_core if loan_frequency>=0.80; selection_sensitive if 0<loan_frequency<0.80; consistently_not_selected if loan_frequency=0; selection-frequency analysis only, not enterprise robustness or default conclusion",exploratory_combined_adverse,exploratory combined boundary is not a formal or single-factor scenario; excluded from selection frequency,deterministic scenario spread; not a statistical confidence interval
E379,***药业有限公司,12,0.0,0,0.0,0.0,0.0,0.0,0,1,0.0,0.0,0.0,0.0,0.0,1,0.0,0.0,0.0,consistently_not_selected,"robust_selected_core if loan_frequency>=0.80; selection_sensitive if 0<loan_frequency<0.80; consistently_not_selected if loan_frequency=0; selection-frequency analysis only, not enterprise robustness or default conclusion",exploratory_combined_adverse,exploratory combined boundary is not a formal or single-factor scenario; excluded from selection frequency,deterministic scenario spread; not a statistical confidence interval
E380,***建材有限公司,12,0.0,0,0.0,0.0,0.0,0.0,0,1,0.0,0.0,0.0,0.0,0.0,1,0.0,0.0,0.0,consistently_not_selected,"robust_selected_core if loan_frequency>=0.80; selection_sensitive if 0<loan_frequency<0.80; consistently_not_selected if loan_frequency=0; selection-frequency analysis only, not enterprise robustness or default conclusion",exploratory_combined_adverse,exploratory combined boundary is not a formal or single-factor scenario; excluded from selection frequency,deterministic scenario spread; not a statistical confidence interval
E381,***通信网络工程有限公司,12,0.0,0,0.0,0.0,0.0,0.0,0,1,0.0,0.0,0.0,0.0,0.0,1,0.0,0.0,0.0,consistently_not_selected,"robust_selected_core if loan_frequency>=0.80; selection_sensitive if 0<loan_frequency<0.80; consistently_not_selected if loan_frequency=0; selection-frequency analysis only, not enterprise robustness or default conclusion",exploratory_combined_adverse,exploratory combined boundary is not a formal or single-factor scenario; excluded from selection frequency,deterministic scenario spread; not a statistical confidence interval
E382,***教育信息咨询有限公司***分公司,12,0.0,0,0.0,0.0,0.0,0.0,0,1,0.0,0.0,0.0,0.0,0.0,1,0.0,0.0,0.0,consistently_not_selected,"robust_selected_core if loan_frequency>=0.80; selection_sensitive if 0<loan_frequency<0.80; consistently_not_selected if loan_frequency=0; selection-frequency analysis only, not enterprise robustness or default conclusion",exploratory_combined_adverse,exploratory combined boundary is not a formal or single-factor scenario; excluded from selection frequency,deterministic scenario spread; not a statistical confidence interval
E383,***通讯器材经营部,12,0.0,0,0.0,0.0,0.0,0.0,0,1,0.0,0.0,0.0,0.0,0.0,1,0.0,0.0,0.0,consistently_not_selected,"robust_selected_core if loan_frequency>=0.80; selection_sensitive if 0<loan_frequency<0.80; consistently_not_selected if loan_frequency=0; selection-frequency analysis only, not enterprise robustness or default conclusion",exploratory_combined_adverse,exploratory combined boundary is not a formal or single-factor scenario; excluded from selection frequency,deterministic scenario spread; not a statistical confidence interval
E384,个体经营E384,12,0.0,0,0.0,0.0,0.0,0.0,0,1,0.0,0.0,0.0,0.0,0.0,1,0.0,0.0,0.0,consistently_not_selected,"robust_selected_core if loan_frequency>=0.80; selection_sensitive if 0<loan_frequency<0.80; consistently_not_selected if loan_frequency=0; selection-frequency analysis only, not enterprise robustness or default conclusion",exploratory_combined_adverse,exploratory combined boundary is not a formal or single-factor scenario; excluded from selection frequency,deterministic scenario spread; not a statistical confidence interval
E385,***装饰工程有限公司,12,0.0,0,0.0,0.0,0.0,0.0,0,1,0.0,0.0,0.0,0.0,0.0,1,0.0,0.0,0.0,consistently_not_selected,"robust_selected_core if loan_frequency>=0.80; selection_sensitive if 0<loan_frequency<0.80; consistently_not_selected if loan_frequency=0; selection-frequency analysis only, not enterprise robustness or default conclusion",exploratory_combined_adverse,exploratory combined boundary is not a formal or single-factor scenario; excluded from selection frequency,deterministic scenario spread; not a statistical confidence interval
E386,个体经营E386,12,0.0,0,0.0,0.0,0.0,0.0,0,1,0.0,0.0,0.0,0.0,0.0,1,0.0,0.0,0.0,consistently_not_selected,"robust_selected_core if loan_frequency>=0.80; selection_sensitive if 0<loan_frequency<0.80; consistently_not_selected if loan_frequency=0; selection-frequency analysis only, not enterprise robustness or default conclusion",exploratory_combined_adverse,exploratory combined boundary is not a formal or single-factor scenario; excluded from selection frequency,deterministic scenario spread; not a statistical confidence interval
E387,***农副产品经营部,12,0.0,0,0.0,0.0,0.0,0.0,0,1,0.0,0.0,0.0,0.0,0.0,1,0.0,0.0,0.0,consistently_not_selected,"robust_selected_core if loan_frequency>=0.80; selection_sensitive if 0<loan_frequency<0.80; consistently_not_selected if loan_frequency=0; selection-frequency analysis only, not enterprise robustness or default conclusion",exploratory_combined_adverse,exploratory combined boundary is not a formal or single-factor scenario; excluded from selection frequency,deterministic scenario spread; not a statistical confidence interval
E388,***商贸有限公司,12,0.0,0,0.0,0.0,0.0,0.0,0,1,0.0,0.0,0.0,0.0,0.0,1,0.0,0.0,0.0,consistently_not_selected,"robust_selected_core if loan_frequency>=0.80; selection_sensitive if 0<loan_frequency<0.80; consistently_not_selected if loan_frequency=0; selection-frequency analysis only, not enterprise robustness or default conclusion",exploratory_combined_adverse,exploratory combined boundary is not a formal or single-factor scenario; excluded from selection frequency,deterministic scenario spread; not a statistical confidence interval
E389,***清洁服务有限公司,12,0.0,0,0.0,0.0,0.0,0.0,0,1,0.0,0.0,0.0,0.0,0.0,1,0.0,0.0,0.0,consistently_not_selected,"robust_selected_core if loan_frequency>=0.80; selection_sensitive if 0<loan_frequency<0.80; consistently_not_selected if loan_frequency=0; selection-frequency analysis only, not enterprise robustness or default conclusion",exploratory_combined_adverse,exploratory combined boundary is not a formal or single-factor scenario; excluded from selection frequency,deterministic scenario spread; not a statistical confidence interval
E390,***建筑工程有限公司,12,0.0,0,0.0,0.0,0.0,0.0,0,1,0.0,0.0,0.0,0.0,0.0,1,0.0,0.0,0.0,consistently_not_selected,"robust_selected_core if loan_frequency>=0.80; selection_sensitive if 0<loan_frequency<0.80; consistently_not_selected if loan_frequency=0; selection-frequency analysis only, not enterprise robustness or default conclusion",exploratory_combined_adverse,exploratory combined boundary is not a formal or single-factor scenario; excluded from selection frequency,deterministic scenario spread; not a statistical confidence interval
E391,***五金店,12,0.0,0,0.0,0.0,0.0,0.0,0,1,0.0,0.0,0.0,0.0,0.0,1,0.0,0.0,0.0,consistently_not_selected,"robust_selected_core if loan_frequency>=0.80; selection_sensitive if 0<loan_frequency<0.80; consistently_not_selected if loan_frequency=0; selection-frequency analysis only, not enterprise robustness or default conclusion",exploratory_combined_adverse,exploratory combined boundary is not a formal or single-factor scenario; excluded from selection frequency,deterministic scenario spread; not a statistical confidence interval
E392,***科技有限公司,12,0.0,0,0.0,0.0,0.0,0.0,0,1,0.0,0.0,0.0,0.0,0.0,1,0.0,0.0,0.0,consistently_not_selected,"robust_selected_core if loan_frequency>=0.80; selection_sensitive if 0<loan_frequency<0.80; consistently_not_selected if loan_frequency=0; selection-frequency analysis only, not enterprise robustness or default conclusion",exploratory_combined_adverse,exploratory combined boundary is not a formal or single-factor scenario; excluded from selection frequency,deterministic scenario spread; not a statistical confidence interval
E393,***商贸有限责任公司,12,0.0,0,0.0,0.0,0.0,0.0,0,1,0.0,0.0,0.0,0.0,0.0,1,0.0,0.0,0.0,consistently_not_selected,"robust_selected_core if loan_frequency>=0.80; selection_sensitive if 0<loan_frequency<0.80; consistently_not_selected if loan_frequency=0; selection-frequency analysis only, not enterprise robustness or default conclusion",exploratory_combined_adverse,exploratory combined boundary is not a formal or single-factor scenario; excluded from selection frequency,deterministic scenario spread; not a statistical confidence interval
E394,***环保设计研究院（有限合伙）,12,0.0,0,0.0,0.0,0.0,0.0,0,1,0.0,0.0,0.0,0.0,0.0,1,0.0,0.0,0.0,consistently_not_selected,"robust_selected_core if loan_frequency>=0.80; selection_sensitive if 0<loan_frequency<0.80; consistently_not_selected if loan_frequency=0; selection-frequency analysis only, not enterprise robustness or default conclusion",exploratory_combined_adverse,exploratory combined boundary is not a formal or single-factor scenario; excluded from selection frequency,deterministic scenario spread; not a statistical confidence interval
E395,***网络科技有限公司,12,0.0,0,0.0,0.0,0.0,0.0,0,1,0.0,0.0,0.0,0.0,0.0,1,0.0,0.0,0.0,consistently_not_selected,"robust_selected_core if loan_frequency>=0.80; selection_sensitive if 0<loan_frequency<0.80; consistently_not_selected if loan_frequency=0; selection-frequency analysis only, not enterprise robustness or default conclusion",exploratory_combined_adverse,exploratory combined boundary is not a formal or single-factor scenario; excluded from selection frequency,deterministic scenario spread; not a statistical confidence interval
E396,***文化传播有限公司,12,0.0,0,0.0,0.0,0.0,0.0,0,1,0.0,0.0,0.0,0.0,0.0,1,0.0,0.0,0.0,consistently_not_selected,"robust_selected_core if loan_frequency>=0.80; selection_sensitive if 0<loan_frequency<0.80; consistently_not_selected if loan_frequency=0; selection-frequency analysis only, not enterprise robustness or default conclusion",exploratory_combined_adverse,exploratory combined boundary is not a formal or single-factor scenario; excluded from selection frequency,deterministic scenario spread; not a statistical confidence interval
E397,***大闸蟹经营部,12,0.0,0,0.0,0.0,0.0,0.0,0,1,0.0,0.0,0.0,0.0,0.0,1,0.0,0.0,0.0,consistently_not_selected,"robust_selected_core if loan_frequency>=0.80; selection_sensitive if 0<loan_frequency<0.80; consistently_not_selected if loan_frequency=0; selection-frequency analysis only, not enterprise robustness or default conclusion",exploratory_combined_adverse,exploratory combined boundary is not a formal or single-factor scenario; excluded from selection frequency,deterministic scenario spread; not a statistical confidence interval
E398,***医疗管理咨询有限公司,12,0.0,0,0.0,0.0,0.0,0.0,0,1,0.0,0.0,0.0,0.0,0.0,1,0.0,0.0,0.0,consistently_not_selected,"robust_selected_core if loan_frequency>=0.80; selection_sensitive if 0<loan_frequency<0.80; consistently_not_selected if loan_frequency=0; selection-frequency analysis only, not enterprise robustness or default conclusion",exploratory_combined_adverse,exploratory combined boundary is not a formal or single-factor scenario; excluded from selection frequency,deterministic scenario spread; not a statistical confidence interval
E399,***装饰工程有限公司,12,0.0,0,0.0,0.0,0.0,0.0,0,1,0.0,0.0,0.0,0.0,0.0,1,0.0,0.0,0.0,consistently_not_selected,"robust_selected_core if loan_frequency>=0.80; selection_sensitive if 0<loan_frequency<0.80; consistently_not_selected if loan_frequency=0; selection-frequency analysis only, not enterprise robustness or default conclusion",exploratory_combined_adverse,exploratory combined boundary is not a formal or single-factor scenario; excluded from selection frequency,deterministic scenario spread; not a statistical confidence interval
E400,***办公用品经营部,12,0.0,0,0.0,0.0,0.0,0.0,0,1,0.0,0.0,0.0,0.0,0.0,1,0.0,0.0,0.0,consistently_not_selected,"robust_selected_core if loan_frequency>=0.80; selection_sensitive if 0<loan_frequency<0.80; consistently_not_selected if loan_frequency=0; selection-frequency analysis only, not enterprise robustness or default conclusion",exploratory_combined_adverse,exploratory combined boundary is not a formal or single-factor scenario; excluded from selection frequency,deterministic scenario spread; not a statistical confidence interval
E401,***遮阳技术发展中心,12,0.0,0,0.0,0.0,0.0,0.0,0,1,0.0,0.0,0.0,0.0,0.0,1,0.0,0.0,0.0,consistently_not_selected,"robust_selected_core if loan_frequency>=0.80; selection_sensitive if 0<loan_frequency<0.80; consistently_not_selected if loan_frequency=0; selection-frequency analysis only, not enterprise robustness or default conclusion",exploratory_combined_adverse,exploratory combined boundary is not a formal or single-factor scenario; excluded from selection frequency,deterministic scenario spread; not a statistical confidence interval
E402,***商贸有限公司,12,0.0,0,0.0,0.0,0.0,0.0,0,1,0.0,0.0,0.0,0.0,0.0,1,0.0,0.0,0.0,consistently_not_selected,"robust_selected_core if loan_frequency>=0.80; selection_sensitive if 0<loan_frequency<0.80; consistently_not_selected if loan_frequency=0; selection-frequency analysis only, not enterprise robustness or default conclusion",exploratory_combined_adverse,exploratory combined boundary is not a formal or single-factor scenario; excluded from selection frequency,deterministic scenario spread; not a statistical confidence interval
E403,***机械有限公司,12,0.0,0,0.0,0.0,0.0,0.0,0,1,0.0,0.0,0.0,0.0,0.0,1,0.0,0.0,0.0,consistently_not_selected,"robust_selected_core if loan_frequency>=0.80; selection_sensitive if 0<loan_frequency<0.80; consistently_not_selected if loan_frequency=0; selection-frequency analysis only, not enterprise robustness or default conclusion",exploratory_combined_adverse,exploratory combined boundary is not a formal or single-factor scenario; excluded from selection frequency,deterministic scenario spread; not a statistical confidence interval
E404,个体经营E404,12,0.0,0,0.0,0.0,0.0,0.0,0,1,0.0,0.0,0.0,0.0,0.0,1,0.0,0.0,0.0,consistently_not_selected,"robust_selected_core if loan_frequency>=0.80; selection_sensitive if 0<loan_frequency<0.80; consistently_not_selected if loan_frequency=0; selection-frequency analysis only, not enterprise robustness or default conclusion",exploratory_combined_adverse,exploratory combined boundary is not a formal or single-factor scenario; excluded from selection frequency,deterministic scenario spread; not a statistical confidence interval
E405,***职业技能服务有限公司,12,0.0,0,0.0,0.0,0.0,0.0,0,1,0.0,0.0,0.0,0.0,0.0,1,0.0,0.0,0.0,consistently_not_selected,"robust_selected_core if loan_frequency>=0.80; selection_sensitive if 0<loan_frequency<0.80; consistently_not_selected if loan_frequency=0; selection-frequency analysis only, not enterprise robustness or default conclusion",exploratory_combined_adverse,exploratory combined boundary is not a formal or single-factor scenario; excluded from selection frequency,deterministic scenario spread; not a statistical confidence interval
E406,***招投标代理有限公司,12,0.0,0,0.0,0.0,0.0,0.0,0,1,0.0,0.0,0.0,0.0,0.0,1,0.0,0.0,0.0,consistently_not_selected,"robust_selected_core if loan_frequency>=0.80; selection_sensitive if 0<loan_frequency<0.80; consistently_not_selected if loan_frequency=0; selection-frequency analysis only, not enterprise robustness or default conclusion",exploratory_combined_adverse,exploratory combined boundary is not a formal or single-factor scenario; excluded from selection frequency,deterministic scenario spread; not a statistical confidence interval
E407,***装饰工程有限公司,12,0.0,0,0.0,0.0,0.0,0.0,0,1,0.0,0.0,0.0,0.0,0.0,1,0.0,0.0,0.0,consistently_not_selected,"robust_selected_core if loan_frequency>=0.80; selection_sensitive if 0<loan_frequency<0.80; consistently_not_selected if loan_frequency=0; selection-frequency analysis only, not enterprise robustness or default conclusion",exploratory_combined_adverse,exploratory combined boundary is not a formal or single-factor scenario; excluded from selection frequency,deterministic scenario spread; not a statistical confidence interval
E408,***空调制冷有限责任公司,12,0.0,0,0.0,0.0,0.0,0.0,0,1,0.0,0.0,0.0,0.0,0.0,1,0.0,0.0,0.0,consistently_not_selected,"robust_selected_core if loan_frequency>=0.80; selection_sensitive if 0<loan_frequency<0.80; consistently_not_selected if loan_frequency=0; selection-frequency analysis only, not enterprise robustness or default conclusion",exploratory_combined_adverse,exploratory combined boundary is not a formal or single-factor scenario; excluded from selection frequency,deterministic scenario spread; not a statistical confidence interval
E409,***塑胶有限公司,12,0.0,0,0.0,0.0,0.0,0.0,0,1,0.0,0.0,0.0,0.0,0.0,1,0.0,0.0,0.0,consistently_not_selected,"robust_selected_core if loan_frequency>=0.80; selection_sensitive if 0<loan_frequency<0.80; consistently_not_selected if loan_frequency=0; selection-frequency analysis only, not enterprise robustness or default conclusion",exploratory_combined_adverse,exploratory combined boundary is not a formal or single-factor scenario; excluded from selection frequency,deterministic scenario spread; not a statistical confidence interval
E410,***网络科技有限公司,12,0.0,0,0.0,0.0,0.0,0.0,0,1,0.0,0.0,0.0,0.0,0.0,1,0.0,0.0,0.0,consistently_not_selected,"robust_selected_core if loan_frequency>=0.80; selection_sensitive if 0<loan_frequency<0.80; consistently_not_selected if loan_frequency=0; selection-frequency analysis only, not enterprise robustness or default conclusion",exploratory_combined_adverse,exploratory combined boundary is not a formal or single-factor scenario; excluded from selection frequency,deterministic scenario spread; not a statistical confidence interval
E411,***机电设备有限公司,12,0.0,0,0.0,0.0,0.0,0.0,0,1,0.0,0.0,0.0,0.0,0.0,1,0.0,0.0,0.0,consistently_not_selected,"robust_selected_core if loan_frequency>=0.80; selection_sensitive if 0<loan_frequency<0.80; consistently_not_selected if loan_frequency=0; selection-frequency analysis only, not enterprise robustness or default conclusion",exploratory_combined_adverse,exploratory combined boundary is not a formal or single-factor scenario; excluded from selection frequency,deterministic scenario spread; not a statistical confidence interval
E412,***汽车贸易有限公司,12,0.0,0,0.0,0.0,0.0,0.0,0,1,0.0,0.0,0.0,0.0,0.0,1,0.0,0.0,0.0,consistently_not_selected,"robust_selected_core if loan_frequency>=0.80; selection_sensitive if 0<loan_frequency<0.80; consistently_not_selected if loan_frequency=0; selection-frequency analysis only, not enterprise robustness or default conclusion",exploratory_combined_adverse,exploratory combined boundary is not a formal or single-factor scenario; excluded from selection frequency,deterministic scenario spread; not a statistical confidence interval
E413,***石材工艺品有限公司,12,0.0,0,0.0,0.0,0.0,0.0,0,1,0.0,0.0,0.0,0.0,0.0,1,0.0,0.0,0.0,consistently_not_selected,"robust_selected_core if loan_frequency>=0.80; selection_sensitive if 0<loan_frequency<0.80; consistently_not_selected if loan_frequency=0; selection-frequency analysis only, not enterprise robustness or default conclusion",exploratory_combined_adverse,exploratory combined boundary is not a formal or single-factor scenario; excluded from selection frequency,deterministic scenario spread; not a statistical confidence interval
E414,***物流有限责任公司***分公司,12,0.0,0,0.0,0.0,0.0,0.0,0,1,0.0,0.0,0.0,0.0,0.0,1,0.0,0.0,0.0,consistently_not_selected,"robust_selected_core if loan_frequency>=0.80; selection_sensitive if 0<loan_frequency<0.80; consistently_not_selected if loan_frequency=0; selection-frequency analysis only, not enterprise robustness or default conclusion",exploratory_combined_adverse,exploratory combined boundary is not a formal or single-factor scenario; excluded from selection frequency,deterministic scenario spread; not a statistical confidence interval
E415,***广告设计服务部,12,0.0,0,0.0,0.0,0.0,0.0,0,1,0.0,0.0,0.0,0.0,0.0,1,0.0,0.0,0.0,consistently_not_selected,"robust_selected_core if loan_frequency>=0.80; selection_sensitive if 0<loan_frequency<0.80; consistently_not_selected if loan_frequency=0; selection-frequency analysis only, not enterprise robustness or default conclusion",exploratory_combined_adverse,exploratory combined boundary is not a formal or single-factor scenario; excluded from selection frequency,deterministic scenario spread; not a statistical confidence interval
E416,***科技有限公司,12,0.0,0,0.0,0.0,0.0,0.0,0,1,0.0,0.0,0.0,0.0,0.0,1,0.0,0.0,0.0,consistently_not_selected,"robust_selected_core if loan_frequency>=0.80; selection_sensitive if 0<loan_frequency<0.80; consistently_not_selected if loan_frequency=0; selection-frequency analysis only, not enterprise robustness or default conclusion",exploratory_combined_adverse,exploratory combined boundary is not a formal or single-factor scenario; excluded from selection frequency,deterministic scenario spread; not a statistical confidence interval
E417,***园林景观工程有限公司,12,0.0,0,0.0,0.0,0.0,0.0,0,1,0.0,0.0,0.0,0.0,0.0,1,0.0,0.0,0.0,consistently_not_selected,"robust_selected_core if loan_frequency>=0.80; selection_sensitive if 0<loan_frequency<0.80; consistently_not_selected if loan_frequency=0; selection-frequency analysis only, not enterprise robustness or default conclusion",exploratory_combined_adverse,exploratory combined boundary is not a formal or single-factor scenario; excluded from selection frequency,deterministic scenario spread; not a statistical confidence interval
E418,***营销策划有限公司,12,0.0,0,0.0,0.0,0.0,0.0,0,1,0.0,0.0,0.0,0.0,0.0,1,0.0,0.0,0.0,consistently_not_selected,"robust_selected_core if loan_frequency>=0.80; selection_sensitive if 0<loan_frequency<0.80; consistently_not_selected if loan_frequency=0; selection-frequency analysis only, not enterprise robustness or default conclusion",exploratory_combined_adverse,exploratory combined boundary is not a formal or single-factor scenario; excluded from selection frequency,deterministic scenario spread; not a statistical confidence interval
E419,***科技有限公司,12,0.0,0,0.0,0.0,0.0,0.0,0,1,0.0,0.0,0.0,0.0,0.0,1,0.0,0.0,0.0,consistently_not_selected,"robust_selected_core if loan_frequency>=0.80; selection_sensitive if 0<loan_frequency<0.80; consistently_not_selected if loan_frequency=0; selection-frequency analysis only, not enterprise robustness or default conclusion",exploratory_combined_adverse,exploratory combined boundary is not a formal or single-factor scenario; excluded from selection frequency,deterministic scenario spread; not a statistical confidence interval
E420,***康药房,12,0.0,0,0.0,0.0,0.0,0.0,0,1,0.0,0.0,0.0,0.0,0.0,1,0.0,0.0,0.0,consistently_not_selected,"robust_selected_core if loan_frequency>=0.80; selection_sensitive if 0<loan_frequency<0.80; consistently_not_selected if loan_frequency=0; selection-frequency analysis only, not enterprise robustness or default conclusion",exploratory_combined_adverse,exploratory combined boundary is not a formal or single-factor scenario; excluded from selection frequency,deterministic scenario spread; not a statistical confidence interval
E421,***保温材料有限公司,12,0.0,0,0.0,0.0,0.0,0.0,0,1,0.0,0.0,0.0,0.0,0.0,1,0.0,0.0,0.0,consistently_not_selected,"robust_selected_core if loan_frequency>=0.80; selection_sensitive if 0<loan_frequency<0.80; consistently_not_selected if loan_frequency=0; selection-frequency analysis only, not enterprise robustness or default conclusion",exploratory_combined_adverse,exploratory combined boundary is not a formal or single-factor scenario; excluded from selection frequency,deterministic scenario spread; not a statistical confidence interval
E422,***童装店,12,0.0,0,0.0,0.0,0.0,0.0,0,1,0.0,0.0,0.0,0.0,0.0,1,0.0,0.0,0.0,consistently_not_selected,"robust_selected_core if loan_frequency>=0.80; selection_sensitive if 0<loan_frequency<0.80; consistently_not_selected if loan_frequency=0; selection-frequency analysis only, not enterprise robustness or default conclusion",exploratory_combined_adverse,exploratory combined boundary is not a formal or single-factor scenario; excluded from selection frequency,deterministic scenario spread; not a statistical confidence interval
E423,***通风设备有限公司,12,0.0,0,0.0,0.0,0.0,0.0,0,1,0.0,0.0,0.0,0.0,0.0,1,0.0,0.0,0.0,consistently_not_selected,"robust_selected_core if loan_frequency>=0.80; selection_sensitive if 0<loan_frequency<0.80; consistently_not_selected if loan_frequency=0; selection-frequency analysis only, not enterprise robustness or default conclusion",exploratory_combined_adverse,exploratory combined boundary is not a formal or single-factor scenario; excluded from selection frequency,deterministic scenario spread; not a statistical confidence interval
E424,***贸易有限公司,12,0.0,0,0.0,0.0,0.0,0.0,0,1,0.0,0.0,0.0,0.0,0.0,1,0.0,0.0,0.0,consistently_not_selected,"robust_selected_core if loan_frequency>=0.80; selection_sensitive if 0<loan_frequency<0.80; consistently_not_selected if loan_frequency=0; selection-frequency analysis only, not enterprise robustness or default conclusion",exploratory_combined_adverse,exploratory combined boundary is not a formal or single-factor scenario; excluded from selection frequency,deterministic scenario spread; not a statistical confidence interval
E425,***商贸有限公司,12,0.0,0,0.0,0.0,0.0,0.0,0,1,0.0,0.0,0.0,0.0,0.0,1,0.0,0.0,0.0,consistently_not_selected,"robust_selected_core if loan_frequency>=0.80; selection_sensitive if 0<loan_frequency<0.80; consistently_not_selected if loan_frequency=0; selection-frequency analysis only, not enterprise robustness or default conclusion",exploratory_combined_adverse,exploratory combined boundary is not a formal or single-factor scenario; excluded from selection frequency,deterministic scenario spread; not a statistical confidence interval
