enterprise_id,enterprise_name,main_risk_score,risk_instability_mean,risk_instability_sd,risk_instability_p05,risk_instability_p10,risk_instability_p50,risk_instability_p90,risk_instability_p95,risk_instability_min,risk_instability_max,risk_instability_test_count,label_spreading_risk_score,label_spreading_final_labeled_nodes,label_spreading_final_unlabeled_target_nodes,label_spreading_test_labels_hidden,rating_prob_A,rating_prob_B,rating_prob_C,rating_prob_D,predicted_rating,ood_feature_count,ood_feature_fraction,missing_primary_feature_count,novelty_score_max_tail_distance,ood_flag,threshold_source,threshold_rule,main_risk_rank,label_spreading_risk_rank,rank_difference_label_spreading_minus_main,main_top20_candidate,label_spreading_top20_candidate,rating_probability_sum,rating_probability_min,rating_row_nonnegative_ok,rating_row_sum_ok,rating_probability_check,risk_instability_interval_width,risk_disagreement_abs,rating_entropy_normalized,uncertainty_reason_ood,uncertainty_reason_interval_width,uncertainty_reason_model_disagreement,uncertainty_reason_rating_entropy,uncertainty_reasons,high_uncertainty_flag,risk_interval_is_external_confidence_interval,risk_interval_definition,risk_interpretation
E217,个体经营E217,0.9142122803,0.8553475911,0.1080272759,0.6366607735,0.6856430659,0.8805899616,0.961571423,0.9749910662,0.5359542215,0.979964432,50,0.9479120621,123,302,True,9.834305362e-05,0.0007135054058,0.009671930558,0.989516221,D,4,0.2666666667,0,1.113753067,True,attachment1_123_only,any_primary_feature_outside_reference_quantile_interval,1,8,7,1,1,1,9.834305362e-05,True,True,PASS,0.3383302927,0.03369978179,0.04426847484,True,True,False,False,OOD|risk_interval_width,1,False,repeated_fold_model_instability_5th_to_95th_percentile; not an external confidence interval,historical invoice behavior relative default tendency; 302 firms have no observed default labels
E425,***商贸有限公司,0.8657513532,0.7932227614,0.06472069263,0.6705444694,0.7318815865,0.7973378827,0.8715760341,0.8815548835,0.6281128261,0.9094967231,50,0.6615329406,123,302,True,0.0001550589286,0.001124467829,0.01515197565,0.9835684976,D,1,0.06666666667,0,0.02730452726,True,attachment1_123_only,any_primary_feature_outside_reference_quantile_interval,2,30,28,1,1,1,0.0001550589286,True,True,PASS,0.211010414,0.2042184125,0.06403590533,True,True,True,False,OOD|risk_interval_width|label_spreading_disagreement,1,False,repeated_fold_model_instability_5th_to_95th_percentile; not an external confidence interval,historical invoice behavior relative default tendency; 302 firms have no observed default labels
E424,***贸易有限公司,0.8644189454,0.8171113884,0.05384820794,0.7349111744,0.7495925216,0.8158943391,0.8850688163,0.9058782054,0.6842009845,0.9078942094,50,0.3940218729,123,302,True,0.0001159016314,0.000840775743,0.01137604883,0.9876672738,D,1,0.06666666667,0,0.3063092507,True,attachment1_123_only,any_primary_feature_outside_reference_quantile_interval,3,60,57,1,1,1,0.0001159016314,True,True,PASS,0.170967031,0.4703970726,0.05062591848,True,False,True,False,OOD|label_spreading_disagreement,1,False,repeated_fold_model_instability_5th_to_95th_percentile; not an external confidence interval,historical invoice behavior relative default tendency; 302 firms have no observed default labels
E419,***科技有限公司,0.8574557977,0.7907190545,0.0646279765,0.6948455879,0.7174849888,0.7970469694,0.8664355275,0.893213259,0.5991214552,0.9163207338,50,0.7706378886,123,302,True,0.0002677226731,0.001939687335,0.02583135757,0.9719612324,D,2,0.1333333333,0,20.26117994,True,attachment1_123_only,any_primary_feature_outside_reference_quantile_interval,4,23,19,1,1,1,0.0002677226731,True,True,PASS,0.1983676711,0.08681790909,0.09839299095,True,False,False,False,OOD,1,False,repeated_fold_model_instability_5th_to_95th_percentile; not an external confidence interval,historical invoice behavior relative default tendency; 302 firms have no observed default labels
E417,***园林景观工程有限公司,0.766386449,0.6951064318,0.07043483,0.5924178122,0.6083065079,0.6896277682,0.7931678988,0.7977441954,0.5518669027,0.8227380723,50,0.9463266603,123,302,True,0.002523326863,0.01794722514,0.1936797892,0.7858496588,D,0,0,0,0,False,attachment1_123_only,any_primary_feature_outside_reference_quantile_interval,5,9,4,1,1,1,0.002523326863,True,True,PASS,0.2053263832,0.1799402113,0.42888812,False,True,False,False,risk_interval_width,1,False,repeated_fold_model_instability_5th_to_95th_percentile; not an external confidence interval,historical invoice behavior relative default tendency; 302 firms have no observed default labels
E242,个体经营E242,0.7586645487,0.7041471063,0.09283864863,0.5278625189,0.567264699,0.7215837495,0.7990822156,0.8492560872,0.4830515288,0.8803058154,50,0.7646464395,123,302,True,0.0006254629324,0.004518228989,0.05801700835,0.9368392997,D,2,0.1333333333,0,0.1877796422,True,attachment1_123_only,any_primary_feature_outside_reference_quantile_interval,6,24,18,1,1,1,0.0006254629324,True,True,PASS,0.3213935683,0.005981890724,0.1841665566,True,True,False,False,OOD|risk_interval_width,1,False,repeated_fold_model_instability_5th_to_95th_percentile; not an external confidence interval,historical invoice behavior relative default tendency; 302 firms have no observed default labels
E264,个体经营E264,0.7450622148,0.6846972545,0.0942844388,0.5216887305,0.558032296,0.7089157598,0.8032937546,0.8180237331,0.4414057361,0.843169681,50,0.690634137,123,302,True,0.0003142220175,0.00227570867,0.03016073104,0.9672493383,D,2,0.1333333333,0,0.981694462,True,attachment1_123_only,any_primary_feature_outside_reference_quantile_interval,7,28,21,1,1,1,0.0003142220175,True,True,PASS,0.2963350026,0.05442807778,0.1112250555,True,True,False,False,OOD|risk_interval_width,1,False,repeated_fold_model_instability_5th_to_95th_percentile; not an external confidence interval,historical invoice behavior relative default tendency; 302 firms have no observed default labels
E401,***遮阳技术发展中心,0.7449814988,0.6938244168,0.0577109261,0.6043645749,0.6212524877,0.6931647537,0.763479966,0.7840522077,0.5388055509,0.7953245085,50,0.8705748979,123,302,True,0.001901098998,0.01359034652,0.1547585008,0.8297500537,D,0,0,0,0,False,attachment1_123_only,any_primary_feature_outside_reference_quantile_interval,8,17,9,1,1,1,0.001901098998,True,True,PASS,0.1796876328,0.1255933991,0.3707342662,False,False,False,False,none,0,False,repeated_fold_model_instability_5th_to_95th_percentile; not an external confidence interval,historical invoice behavior relative default tendency; 302 firms have no observed default labels
E404,个体经营E404,0.7412520883,0.7008856495,0.050911512,0.6391927527,0.6488318426,0.6937415236,0.7575999157,0.7887842627,0.6108224967,0.850195085,50,0.9564676205,123,302,True,0.001881788158,0.01345442067,0.153473607,0.8311901842,D,0,0,0,0,False,attachment1_123_only,any_primary_feature_outside_reference_quantile_interval,9,6,-3,1,1,1,0.001881788158,True,True,PASS,0.14959151,0.2152155322,0.3686846819,False,False,True,False,label_spreading_disagreement,1,False,repeated_fold_model_instability_5th_to_95th_percentile; not an external confidence interval,historical invoice behavior relative default tendency; 302 firms have no observed default labels
E423,***通风设备有限公司,0.7368590801,0.6861682741,0.1085814999,0.5618064961,0.5991107113,0.7060204192,0.7853824886,0.8102514058,0.2049060808,0.8360749554,50,0.4345913987,123,302,True,0.001847527433,0.01321315931,0.1511818899,0.8337574234,D,0,0,0,0,False,attachment1_123_only,any_primary_feature_outside_reference_quantile_interval,10,54,44,1,1,1,0.001847527433,True,True,PASS,0.2484449097,0.3022676815,0.3650067932,False,True,True,False,risk_interval_width|label_spreading_disagreement,1,False,repeated_fold_model_instability_5th_to_95th_percentile; not an external confidence interval,historical invoice behavior relative default tendency; 302 firms have no observed default labels
E413,***石材工艺品有限公司,0.6861537667,0.6311400643,0.06735783403,0.523165121,0.5399307488,0.6293932426,0.7122339143,0.7315252602,0.4817576138,0.7735584888,50,0.9743273276,123,302,True,0.00294944584,0.02090552488,0.2178012225,0.7583438068,D,0,0,0,0,False,attachment1_123_only,any_primary_feature_outside_reference_quantile_interval,11,3,-8,1,1,1,0.00294944584,True,True,PASS,0.2083601392,0.2881735609,0.4615033882,False,True,True,False,risk_interval_width|label_spreading_disagreement,1,False,repeated_fold_model_instability_5th_to_95th_percentile; not an external confidence interval,historical invoice behavior relative default tendency; 302 firms have no observed default labels
E373,个体经营E373,0.6735708518,0.6035783978,0.08323429106,0.4832183636,0.5082622439,0.5919855946,0.7150808674,0.7438266673,0.4363754569,0.8102573528,50,0.7833495852,123,302,True,0.003428582981,0.02420749249,0.2427607061,0.7296032184,D,1,0.06666666667,0,0.49627877,True,attachment1_123_only,any_primary_feature_outside_reference_quantile_interval,12,22,10,1,1,1,0.003428582981,True,True,PASS,0.2606083037,0.1097787334,0.4928387091,True,True,False,False,OOD|risk_interval_width,1,False,repeated_fold_model_instability_5th_to_95th_percentile; not an external confidence interval,historical invoice behavior relative default tendency; 302 firms have no observed default labels
E422,***童装店,0.6685957767,0.6444568299,0.07536735564,0.5358294632,0.5460805153,0.6454258464,0.7549592666,0.7767665455,0.5051908574,0.7937064603,50,0.9133215077,123,302,True,0.008671851308,0.05872397948,0.417758543,0.5148456262,D,1,0.06666666667,0,1.628369138e-05,True,attachment1_123_only,any_primary_feature_outside_reference_quantile_interval,13,12,-1,1,1,1,0.008671851308,True,True,PASS,0.2409370823,0.2447257309,0.6593760539,True,True,True,False,OOD|risk_interval_width|label_spreading_disagreement,1,False,repeated_fold_model_instability_5th_to_95th_percentile; not an external confidence interval,historical invoice behavior relative default tendency; 302 firms have no observed default labels
E414,***物流有限责任公司***分公司,0.6543010827,0.6253136678,0.05998667391,0.546297176,0.5626617571,0.6201078297,0.7069672421,0.7196324174,0.5201071654,0.8081272077,50,0.6277054045,123,302,True,0.003643312568,0.02567898125,0.2532680644,0.7174096418,D,1,0.06666666667,0,0.0001679244138,True,attachment1_123_only,any_primary_feature_outside_reference_quantile_interval,14,31,17,1,1,1,0.003643312568,True,True,PASS,0.1733352415,0.02659567821,0.5053527584,True,False,False,False,OOD,1,False,repeated_fold_model_instability_5th_to_95th_percentile; not an external confidence interval,historical invoice behavior relative default tendency; 302 firms have no observed default labels
E418,***营销策划有限公司,0.644426809,0.5835432414,0.07673969967,0.4607587295,0.4643579341,0.5951691019,0.6835944636,0.6965545992,0.4220874814,0.754456211,50,0.9563795166,123,302,True,0.003812408988,0.02683415607,0.2612664735,0.7080869615,D,0,0,0,0,False,attachment1_123_only,any_primary_feature_outside_reference_quantile_interval,15,7,-8,1,1,1,0.003812408988,True,True,PASS,0.2357958698,0.3119527075,0.514623975,False,True,True,False,risk_interval_width|label_spreading_disagreement,1,False,repeated_fold_model_instability_5th_to_95th_percentile; not an external confidence interval,historical invoice behavior relative default tendency; 302 firms have no observed default labels
E405,***职业技能服务有限公司,0.6412903625,0.6295571434,0.07602390048,0.5194156192,0.5463384192,0.625228495,0.7173985291,0.7535192931,0.4613036855,0.8031683311,50,0.8640912974,123,302,True,0.004024074371,0.02827568599,0.2709511466,0.696749093,D,0,0,0,0,False,attachment1_123_only,any_primary_feature_outside_reference_quantile_interval,16,18,2,1,1,1,0.004024074371,True,True,PASS,0.2341036738,0.2228009348,0.5255648365,False,True,True,False,risk_interval_width|label_spreading_disagreement,1,False,repeated_fold_model_instability_5th_to_95th_percentile; not an external confidence interval,historical invoice behavior relative default tendency; 302 firms have no observed default labels
E240,个体经营E240,0.6356687049,0.5832457651,0.1248884528,0.4029292857,0.438508055,0.5511481958,0.7520657795,0.7712467092,0.3502873733,0.8568563728,50,0.8844174355,123,302,True,0.005024276524,0.03502115902,0.3122707696,0.6476837949,D,1,0.06666666667,0,0.009569068326,True,attachment1_123_only,any_primary_feature_outside_reference_quantile_interval,17,16,-1,1,1,1,0.005024276524,True,True,PASS,0.3683174235,0.2487487306,0.5689630221,True,True,True,False,OOD|risk_interval_width|label_spreading_disagreement,1,False,repeated_fold_model_instability_5th_to_95th_percentile; not an external confidence interval,historical invoice behavior relative default tendency; 302 firms have no observed default labels
E421,***保温材料有限公司,0.6328973235,0.6042755687,0.09523588721,0.4700005851,0.4856578494,0.6130263516,0.7337250022,0.7509588653,0.3997308611,0.8144632588,50,0.1264748716,123,302,True,0.005109912155,0.03559365343,0.3154985077,0.6437979268,D,1,0.06666666667,0,0.005636042769,True,attachment1_123_only,any_primary_feature_outside_reference_quantile_interval,18,105,87,1,0,1,0.005109912155,True,True,PASS,0.2809582802,0.5064224519,0.572142283,True,True,True,False,OOD|risk_interval_width|label_spreading_disagreement,1,False,repeated_fold_model_instability_5th_to_95th_percentile; not an external confidence interval,historical invoice behavior relative default tendency; 302 firms have no observed default labels
E420,***康药房,0.609311506,0.5597771018,0.08046718486,0.4502740747,0.4680825648,0.561323981,0.6587237243,0.6868940273,0.3277340198,0.7129074364,50,0.807252867,123,302,True,0.002395126884,0.01705317792,0.1860368751,0.7945148201,D,1,0.06666666667,0,1.549250931,True,attachment1_123_only,any_primary_feature_outside_reference_quantile_interval,19,20,1,1,1,1,0.002395126884,True,True,PASS,0.2366199527,0.197941361,0.4180349719,True,True,False,False,OOD|risk_interval_width,1,False,repeated_fold_model_instability_5th_to_95th_percentile; not an external confidence interval,historical invoice behavior relative default tendency; 302 firms have no observed default labels
E187,个体经营E187,0.6080938535,0.5685686707,0.09473447998,0.4125446436,0.4531186732,0.5564861332,0.7016698613,0.7139771018,0.3930503277,0.7854445309,50,0.6930114899,123,302,True,0.002194899312,0.01565307344,0.173719297,0.8084327303,D,4,0.2666666667,0,1.109535628,True,attachment1_123_only,any_primary_feature_outside_reference_quantile_interval,20,27,7,1,1,1,0.002194899312,True,True,PASS,0.3014324583,0.08491763643,0.3999803329,True,True,False,False,OOD|risk_interval_width,1,False,repeated_fold_model_instability_5th_to_95th_percentile; not an external confidence interval,historical invoice behavior relative default tendency; 302 firms have no observed default labels
E385,***装饰工程有限公司,0.6017593881,0.5640441009,0.06933199073,0.4611648507,0.5011882707,0.5544920453,0.6343330509,0.6902893287,0.3134608859,0.7055570961,50,0.4985815804,123,302,True,0.002790622313,0.01980530388,0.2090335986,0.7683704753,D,0,0,0,0,False,attachment1_123_only,any_primary_feature_outside_reference_quantile_interval,21,40,19,1,1,1,0.002790622313,True,True,PASS,0.229124478,0.1031778077,0.4499263237,False,True,False,False,risk_interval_width,1,False,repeated_fold_model_instability_5th_to_95th_percentile; not an external confidence interval,historical invoice behavior relative default tendency; 302 firms have no observed default labels
E390,***建筑工程有限公司,0.5828931716,0.5297521399,0.1059220325,0.3529123073,0.3785927897,0.5350049905,0.6744117067,0.6828615509,0.2852725955,0.694023409,50,0.1631419741,123,302,True,0.001185968566,0.008527862602,0.1036888901,0.8865972787,D,3,0.2,0,0.0175100672,True,attachment1_123_only,any_primary_feature_outside_reference_quantile_interval,22,99,77,1,0,1,0.001185968566,True,True,PASS,0.3299492436,0.4197511975,0.2815646948,True,True,True,False,OOD|risk_interval_width|label_spreading_disagreement,1,False,repeated_fold_model_instability_5th_to_95th_percentile; not an external confidence interval,historical invoice behavior relative default tendency; 302 firms have no observed default labels
E291,***文业建设工程有限公司,0.5696332623,0.5437654101,0.1230126668,0.3638518132,0.3935087494,0.5234843379,0.7145205693,0.7294604175,0.334098975,0.8431798899,50,0.3822271592,123,302,True,0.01368936025,0.08917583062,0.496353545,0.4007812641,C,0,0,0,0,False,attachment1_123_only,any_primary_feature_outside_reference_quantile_interval,23,63,40,1,0,1,0.01368936025,True,True,PASS,0.3656086043,0.1874061031,0.7129965978,False,True,False,False,risk_interval_width,1,False,repeated_fold_model_instability_5th_to_95th_percentile; not an external confidence interval,historical invoice behavior relative default tendency; 302 firms have no observed default labels
E384,个体经营E384,0.5678905916,0.5160894297,0.07847860036,0.4107057741,0.4189861252,0.512445196,0.6262062289,0.6424904675,0.3849953207,0.6992478312,50,0.8871304755,123,302,True,0.01764821384,0.1115857055,0.530082277,0.3406838036,C,0,0,0,0,False,attachment1_123_only,any_primary_feature_outside_reference_quantile_interval,24,14,-10,1,1,1,0.01764821384,True,True,PASS,0.2317846934,0.3192398839,0.7352371697,False,True,True,False,risk_interval_width|label_spreading_disagreement,1,False,repeated_fold_model_instability_5th_to_95th_percentile; not an external confidence interval,historical invoice behavior relative default tendency; 302 firms have no observed default labels
E368,***通信科技有限责任公司,0.5434393237,0.4939306594,0.0536293569,0.4191425117,0.4280519197,0.4928591029,0.5643150818,0.5837638285,0.340573165,0.5933790061,50,0.03653390923,123,302,True,0.003345183806,0.02363459446,0.2385700799,0.7344501418,D,0,0,0,0,False,attachment1_123_only,any_primary_feature_outside_reference_quantile_interval,25,133,108,1,0,1,0.003345183806,True,True,PASS,0.1646213169,0.5069054145,0.4877387708,False,False,True,False,label_spreading_disagreement,1,False,repeated_fold_model_instability_5th_to_95th_percentile; not an external confidence interval,historical invoice behavior relative default tendency; 302 firms have no observed default labels
E381,***通信网络工程有限公司,0.532733148,0.4846496071,0.08572517115,0.3487351043,0.3989899032,0.4846281739,0.6020766715,0.6168522798,0.2580019113,0.6811011627,50,0.6752876666,123,302,True,0.004869636919,0.03398535411,0.3063257656,0.6548192433,D,2,0.1333333333,0,3.958201487,True,attachment1_123_only,any_primary_feature_outside_reference_quantile_interval,26,29,3,1,1,1,0.004869636919,True,True,PASS,0.2681171755,0.1425545186,0.5630303843,True,True,False,False,OOD|risk_interval_width,1,False,repeated_fold_model_instability_5th_to_95th_percentile; not an external confidence interval,historical invoice behavior relative default tendency; 302 firms have no observed default labels
E399,***装饰工程有限公司,0.5323221386,0.4921247715,0.06066007224,0.3943330367,0.4071799234,0.4914981166,0.5683344259,0.5885059455,0.3854600412,0.6204019719,50,0.9925803723,123,302,True,0.01601913327,0.1025284074,0.5183076754,0.3631447839,C,0,0,0,0,False,attachment1_123_only,any_primary_feature_outside_reference_quantile_interval,27,1,-26,1,1,1,0.01601913327,True,True,PASS,0.1941729088,0.4602582337,0.7272744241,False,False,True,False,label_spreading_disagreement,1,False,repeated_fold_model_instability_5th_to_95th_percentile; not an external confidence interval,historical invoice behavior relative default tendency; 302 firms have no observed default labels
E416,***科技有限公司,0.5315217161,0.5393403502,0.06752986785,0.4449677453,0.4591385959,0.5301709759,0.6372234847,0.6457461585,0.423925669,0.6923599642,50,0.08649084579,123,302,True,0.005662827555,0.03927109922,0.3352919336,0.6197741397,D,0,0,0,0,False,attachment1_123_only,any_primary_feature_outside_reference_quantile_interval,28,108,80,1,0,1,0.005662827555,True,True,PASS,0.2007784132,0.4450308703,0.5910152227,False,True,True,False,risk_interval_width|label_spreading_disagreement,1,False,repeated_fold_model_instability_5th_to_95th_percentile; not an external confidence interval,historical invoice behavior relative default tendency; 302 firms have no observed default labels
E398,***医疗管理咨询有限公司,0.5216074509,0.4582956299,0.07642983917,0.3411872079,0.3607598487,0.4512992705,0.5666335989,0.571804549,0.2997312506,0.582217967,50,0.9655362182,123,302,True,0.007596657385,0.05187982499,0.3924579201,0.5480655975,D,1,0.06666666667,0,0.001445271987,True,attachment1_123_only,any_primary_feature_outside_reference_quantile_interval,29,4,-25,1,1,1,0.007596657385,True,True,PASS,0.2306173411,0.4439287673,0.6400057431,True,True,True,False,OOD|risk_interval_width|label_spreading_disagreement,1,False,repeated_fold_model_instability_5th_to_95th_percentile; not an external confidence interval,historical invoice behavior relative default tendency; 302 firms have no observed default labels
E406,***招投标代理有限公司,0.5213655072,0.4740471082,0.04578236429,0.401370009,0.4138066056,0.4772536404,0.5332394615,0.5400239781,0.3770966458,0.5604702685,50,0.9043111344,123,302,True,0.006660535671,0.04582488288,0.3668969832,0.5806175982,D,0,0,0,0,False,attachment1_123_only,any_primary_feature_outside_reference_quantile_interval,30,13,-17,1,1,1,0.006660535671,True,True,PASS,0.1386539691,0.3829456272,0.6190552809,False,False,True,False,label_spreading_disagreement,1,False,repeated_fold_model_instability_5th_to_95th_percentile; not an external confidence interval,historical invoice behavior relative default tendency; 302 firms have no observed default labels
E394,***环保设计研究院（有限合伙）,0.5030424038,0.4454511115,0.03754152008,0.3735931987,0.4025816247,0.4497268673,0.4841067212,0.4902000307,0.3365939321,0.5232884776,50,0.01976467388,123,302,True,0.01298049926,0.08501694016,0.4882131028,0.4137894578,C,0,0,0,0,False,attachment1_123_only,any_primary_feature_outside_reference_quantile_interval,31,154,123,1,0,1,0.01298049926,True,True,PASS,0.116606832,0.4832777299,0.7077337579,False,False,True,False,label_spreading_disagreement,1,False,repeated_fold_model_instability_5th_to_95th_percentile; not an external confidence interval,historical invoice behavior relative default tendency; 302 firms have no observed default labels
E396,***文化传播有限公司,0.4926184178,0.4374393861,0.04002591966,0.369274699,0.3824980722,0.4432103493,0.4833803502,0.4867813652,0.3414883827,0.5077373079,50,0.3241229804,123,302,True,0.009159805755,0.06179180769,0.4280071517,0.5010412349,D,0,0,0,0,False,attachment1_123_only,any_primary_feature_outside_reference_quantile_interval,32,77,45,1,0,1,0.009159805755,True,True,PASS,0.1175066662,0.1684954374,0.6668715101,False,False,False,False,none,0,False,repeated_fold_model_instability_5th_to_95th_percentile; not an external confidence interval,historical invoice behavior relative default tendency; 302 firms have no observed default labels
E376,***建筑装饰设计有限责任公司,0.4865881656,0.4961723992,0.07069717476,0.4077924382,0.419465601,0.4870776233,0.585096752,0.6257968356,0.3577725168,0.7028311012,50,0.1524603203,123,302,True,0.01582697132,0.1014450814,0.5167422251,0.3659857222,C,0,0,0,0,False,attachment1_123_only,any_primary_feature_outside_reference_quantile_interval,33,101,68,1,0,1,0.01582697132,True,True,PASS,0.2180043974,0.3341278453,0.7262405914,False,True,True,False,risk_interval_width|label_spreading_disagreement,1,False,repeated_fold_model_instability_5th_to_95th_percentile; not an external confidence interval,historical invoice behavior relative default tendency; 302 firms have no observed default labels
E389,***清洁服务有限公司,0.4730465972,0.4693487011,0.09920905063,0.3122567739,0.3407963742,0.4626577061,0.6055814912,0.6183518668,0.2806811461,0.674923062,50,0.08197746105,123,302,True,0.003376924613,0.02385272459,0.2401723704,0.7325979804,D,0,0,0,0,False,attachment1_123_only,any_primary_feature_outside_reference_quantile_interval,34,110,76,1,0,1,0.003376924613,True,True,PASS,0.3060950929,0.3910691361,0.4896961968,False,True,True,False,risk_interval_width|label_spreading_disagreement,1,False,repeated_fold_model_instability_5th_to_95th_percentile; not an external confidence interval,historical invoice behavior relative default tendency; 302 firms have no observed default labels
E360,***建筑劳务有限公司,0.4716604114,0.4901007389,0.09759672001,0.3535601948,0.3845941599,0.4695165932,0.6231945927,0.6634782511,0.3137406765,0.7745727215,50,0.4860706812,123,302,True,0.004447145436,0.03114222402,0.2892823212,0.6751283093,D,2,0.1333333333,0,0.1428571429,True,attachment1_123_only,any_primary_feature_outside_reference_quantile_interval,35,42,7,1,1,1,0.004447145436,True,True,PASS,0.3099180563,0.01441026976,0.545453861,True,True,False,False,OOD|risk_interval_width,1,False,repeated_fold_model_instability_5th_to_95th_percentile; not an external confidence interval,historical invoice behavior relative default tendency; 302 firms have no observed default labels
E411,***机电设备有限公司,0.4592589483,0.4423259646,0.04792187044,0.3684472123,0.3915097865,0.4390633337,0.4987580205,0.5168460188,0.3159560039,0.5520746981,50,0.01413831623,123,302,True,0.01483595587,0.09580714809,0.5080037737,0.3813531224,C,0,0,0,0,False,attachment1_123_only,any_primary_feature_outside_reference_quantile_interval,36,163,127,1,0,1,0.01483595587,True,True,PASS,0.1483988065,0.4451206321,0.720530335,False,False,True,False,label_spreading_disagreement,1,False,repeated_fold_model_instability_5th_to_95th_percentile; not an external confidence interval,historical invoice behavior relative default tendency; 302 firms have no observed default labels
E378,***商贸有限公司,0.4576221214,0.4316012615,0.05809791379,0.3441764053,0.3611033161,0.4414866495,0.4856269137,0.527650369,0.2882109165,0.5594275215,50,0.513002646,123,302,True,0.03472216861,0.1943651274,0.5657812481,0.2051314559,C,0,0,0,0,False,attachment1_123_only,any_primary_feature_outside_reference_quantile_interval,37,39,2,1,1,1,0.03472216861,True,True,PASS,0.1834739636,0.05538052456,0.7806725637,False,False,False,True,rating_entropy,1,False,repeated_fold_model_instability_5th_to_95th_percentile; not an external confidence interval,historical invoice behavior relative default tendency; 302 firms have no observed default labels
E380,***建材有限公司,0.4551323812,0.4316684844,0.07102342771,0.3233886333,0.3376266389,0.4345476947,0.5346112981,0.5445582956,0.312238966,0.5679388531,50,0.3307114209,123,302,True,0.002211574358,0.01576984962,0.1747633058,0.8072552702,D,2,0.1333333333,0,4.682387553e-06,True,attachment1_123_only,any_primary_feature_outside_reference_quantile_interval,38,73,35,1,0,1,0.002211574358,True,True,PASS,0.2211696622,0.1244209602,0.4015384352,True,True,False,False,OOD|risk_interval_width,1,False,repeated_fold_model_instability_5th_to_95th_percentile; not an external confidence interval,historical invoice behavior relative default tendency; 302 firms have no observed default labels
E409,***塑胶有限公司,0.4283230313,0.4164463262,0.04922494875,0.3442882163,0.3597512218,0.4125825329,0.4773621007,0.5086540055,0.3257806132,0.5433251541,50,0.9596193755,123,302,True,0.03358934524,0.1894893732,0.5661335002,0.2107877814,C,0,0,0,0,False,attachment1_123_only,any_primary_feature_outside_reference_quantile_interval,39,5,-34,1,1,1,0.03358934524,True,True,PASS,0.1643657892,0.5312963443,0.7786598664,False,False,True,True,label_spreading_disagreement|rating_entropy,1,False,repeated_fold_model_instability_5th_to_95th_percentile; not an external confidence interval,historical invoice behavior relative default tendency; 302 firms have no observed default labels
E383,***通讯器材经营部,0.4224271149,0.4197170075,0.05982713271,0.3309492553,0.3474998653,0.4185044329,0.5014824076,0.5125440337,0.2948163673,0.5396231312,50,0.3935072547,123,302,True,0.00381628934,0.02686062738,0.2614472483,0.707875835,D,0,0,0,0,False,attachment1_123_only,any_primary_feature_outside_reference_quantile_interval,40,61,21,1,1,1,0.00381628934,True,True,PASS,0.1815947785,0.02891986016,0.5148310292,False,False,False,False,none,0,False,repeated_fold_model_instability_5th_to_95th_percentile; not an external confidence interval,historical invoice behavior relative default tendency; 302 firms have no observed default labels
E336,***猕猴桃专业合作社,0.4179705012,0.4320590402,0.1048542659,0.2734954054,0.304830957,0.4239494811,0.5529788078,0.5725675147,0.214773481,0.7010967058,50,0.08649079299,123,302,True,0.01477408614,0.09545231091,0.5074192463,0.3823543566,C,1,0.06666666667,0,0.1548619057,True,attachment1_123_only,any_primary_feature_outside_reference_quantile_interval,41,109,68,1,0,1,0.01477408614,True,True,PASS,0.2990721093,0.3314797082,0.7201510111,True,True,True,False,OOD|risk_interval_width|label_spreading_disagreement,1,False,repeated_fold_model_instability_5th_to_95th_percentile; not an external confidence interval,historical invoice behavior relative default tendency; 302 firms have no observed default labels
E397,***大闸蟹经营部,0.4160276284,0.4444281731,0.07174093792,0.3500299094,0.3568710191,0.4287171406,0.5347848047,0.5784324291,0.3329378654,0.6268280142,50,0.7905457065,123,302,True,0.01428938798,0.0926607167,0.5026704915,0.3903794038,C,0,0,0,0,False,attachment1_123_only,any_primary_feature_outside_reference_quantile_interval,42,21,-21,1,1,1,0.01428938798,True,True,PASS,0.2284025198,0.3745180781,0.7170764502,False,True,True,False,risk_interval_width|label_spreading_disagreement,1,False,repeated_fold_model_instability_5th_to_95th_percentile; not an external confidence interval,historical invoice behavior relative default tendency; 302 firms have no observed default labels
E377,***文化传播有限公司,0.4139336005,0.3831153138,0.03501081523,0.3190591781,0.3394525512,0.3853915424,0.4215161906,0.4342669916,0.3021833884,0.4715499485,50,0.00170405065,123,302,True,0.02515814956,0.1505749882,0.5597203035,0.2645465587,C,0,0,0,0,False,attachment1_123_only,any_primary_feature_outside_reference_quantile_interval,43,236,193,1,0,1,0.02515814956,True,True,PASS,0.1152078134,0.4122295499,0.7605332026,False,False,True,True,label_spreading_disagreement|rating_entropy,1,False,repeated_fold_model_instability_5th_to_95th_percentile; not an external confidence interval,historical invoice behavior relative default tendency; 302 firms have no observed default labels
E363,***建筑工程设计有限公司,0.4117872774,0.3812544068,0.03004619964,0.325883313,0.3329527038,0.3875644655,0.41263787,0.4208017712,0.3207586409,0.4364634688,50,0.519389311,123,302,True,0.01660132083,0.1057911387,0.5228132402,0.3547943003,C,0,0,0,0,False,attachment1_123_only,any_primary_feature_outside_reference_quantile_interval,44,38,-6,1,1,1,0.01660132083,True,True,PASS,0.09491845823,0.1076020336,0.7302768382,False,False,False,False,none,0,False,repeated_fold_model_instability_5th_to_95th_percentile; not an external confidence interval,historical invoice behavior relative default tendency; 302 firms have no observed default labels
E408,***空调制冷有限责任公司,0.4055329222,0.3846685462,0.0375626783,0.3203420898,0.3307114764,0.3888894707,0.4298788854,0.4372197211,0.3120181797,0.4658722422,50,0.9196699287,123,302,True,0.02422459972,0.1459630149,0.5576540548,0.2721583305,C,0,0,0,0,False,attachment1_123_only,any_primary_feature_outside_reference_quantile_interval,45,11,-34,1,1,1,0.02422459972,True,True,PASS,0.1168776313,0.5141370065,0.7580457816,False,False,True,True,label_spreading_disagreement|rating_entropy,1,False,repeated_fold_model_instability_5th_to_95th_percentile; not an external confidence interval,historical invoice behavior relative default tendency; 302 firms have no observed default labels
E371,***自动化科技有限公司,0.3928105039,0.36838124,0.0405317735,0.3009227294,0.3090789773,0.3740290898,0.4178428745,0.4251606974,0.2909152052,0.4612661204,50,0.9885559926,123,302,True,0.02332651653,0.1414655806,0.5553167754,0.2798911276,C,0,0,0,0,False,attachment1_123_only,any_primary_feature_outside_reference_quantile_interval,46,2,-44,1,1,1,0.02332651653,True,True,PASS,0.124237968,0.5957454887,0.7555221759,False,False,True,True,label_spreading_disagreement|rating_entropy,1,False,repeated_fold_model_instability_5th_to_95th_percentile; not an external confidence interval,historical invoice behavior relative default tendency; 302 firms have no observed default labels
E402,***商贸有限公司,0.3767019362,0.3995654784,0.0629521142,0.305652335,0.3333194322,0.3925865118,0.4711322085,0.4989036466,0.275581377,0.5497564292,50,0.07496516182,123,302,True,0.01036775656,0.06928553246,0.4505425714,0.4698041396,D,0,0,0,0,False,attachment1_123_only,any_primary_feature_outside_reference_quantile_interval,47,111,64,1,0,1,0.01036775656,True,True,PASS,0.1932513116,0.3017367744,0.682724605,False,False,True,False,label_spreading_disagreement,1,False,repeated_fold_model_instability_5th_to_95th_percentile; not an external confidence interval,historical invoice behavior relative default tendency; 302 firms have no observed default labels
E407,***装饰工程有限公司,0.3602830575,0.331072844,0.03900251398,0.2681726297,0.2836528188,0.334431315,0.3804337175,0.387154049,0.2271719541,0.3945929856,50,0.002725676187,123,302,True,0.01486034179,0.09594691414,0.5082328528,0.3809598912,C,0,0,0,0,False,attachment1_123_only,any_primary_feature_outside_reference_quantile_interval,48,220,172,1,0,1,0.01486034179,True,True,PASS,0.1189814193,0.3575573813,0.7206790598,False,False,True,False,label_spreading_disagreement,1,False,repeated_fold_model_instability_5th_to_95th_percentile; not an external confidence interval,historical invoice behavior relative default tendency; 302 firms have no observed default labels
E365,***信息技术有限公司,0.3554073179,0.3386887566,0.06098171249,0.2476337994,0.266269546,0.3361622744,0.4181414253,0.4277430201,0.1783675769,0.4782878683,50,0.1982025134,123,302,True,0.03783737365,0.2073733742,0.5638126924,0.1909765597,C,0,0,0,0,False,attachment1_123_only,any_primary_feature_outside_reference_quantile_interval,49,97,48,1,0,1,0.03783737365,True,True,PASS,0.1801092207,0.1572048046,0.7858423804,False,False,False,True,rating_entropy,1,False,repeated_fold_model_instability_5th_to_95th_percentile; not an external confidence interval,historical invoice behavior relative default tendency; 302 firms have no observed default labels
E323,***建筑装饰工程有限公司,0.3496810751,0.3230667878,0.03801560229,0.2687666082,0.2940138252,0.3221211937,0.3643446786,0.3705980019,0.1911919399,0.4020668637,50,0.005913566962,123,302,True,0.01225422714,0.08070817355,0.4790359225,0.4280016768,C,0,0,0,0,False,attachment1_123_only,any_primary_feature_outside_reference_quantile_interval,50,201,151,1,0,1,0.01225422714,True,True,PASS,0.1018313937,0.3437675082,0.7017646123,False,False,True,False,label_spreading_disagreement,1,False,repeated_fold_model_instability_5th_to_95th_percentile; not an external confidence interval,historical invoice behavior relative default tendency; 302 firms have no observed default labels
E218,***建设工程有限公司,0.3408718045,0.3375752527,0.08706117502,0.2141179786,0.2439767824,0.3235344597,0.4430636639,0.4802701446,0.1831561804,0.6134609682,50,0.1545235585,123,302,True,0.1131122125,0.3999416964,0.419098044,0.06784804717,C,0,0,0,0,False,attachment1_123_only,any_primary_feature_outside_reference_quantile_interval,51,100,49,1,0,1,0.06784804717,True,True,PASS,0.266152166,0.186348246,0.8367977465,False,True,False,True,risk_interval_width|rating_entropy,1,False,repeated_fold_model_instability_5th_to_95th_percentile; not an external confidence interval,historical invoice behavior relative default tendency; 302 firms have no observed default labels
E307,***通信工程有限公司,0.3397089766,0.3178919262,0.06318067585,0.227587103,0.2465427213,0.3095982987,0.3974281363,0.426876974,0.171273631,0.4574888016,50,0.4889539858,123,302,True,0.02801081914,0.1642807662,0.5640654253,0.2436429893,C,0,0,0,0,False,attachment1_123_only,any_primary_feature_outside_reference_quantile_interval,52,41,-11,1,1,1,0.02801081914,True,True,PASS,0.199289871,0.1492450092,0.7674239246,False,False,False,True,rating_entropy,1,False,repeated_fold_model_instability_5th_to_95th_percentile; not an external confidence interval,historical invoice behavior relative default tendency; 302 firms have no observed default labels
E233,***劳务有限公司,0.3317632959,0.2982968917,0.0787558449,0.1829521968,0.1984367672,0.2963177215,0.4040328353,0.4295171065,0.1566354638,0.5003532782,50,0.4305397991,123,302,True,0.008033466714,0.05467442948,0.4032175349,0.5340745689,D,0,0,0,0,False,attachment1_123_only,any_primary_feature_outside_reference_quantile_interval,53,55,2,1,1,1,0.008033466714,True,True,PASS,0.2465649097,0.09877650327,0.648400738,False,True,False,False,risk_interval_width,1,False,repeated_fold_model_instability_5th_to_95th_percentile; not an external confidence interval,historical invoice behavior relative default tendency; 302 firms have no observed default labels
E412,***汽车贸易有限公司,0.3308102786,0.3125987185,0.05277386563,0.2292270289,0.2381658703,0.3175031814,0.3719600795,0.3882408761,0.2159441927,0.4167915993,50,0.44594346,123,302,True,0.0696198011,0.3124012498,0.5076140317,0.1103649174,C,0,0,0,0,False,attachment1_123_only,any_primary_feature_outside_reference_quantile_interval,54,52,-2,1,1,1,0.0696198011,True,True,PASS,0.1590138472,0.1151331814,0.8197425927,False,False,False,True,rating_entropy,1,False,repeated_fold_model_instability_5th_to_95th_percentile; not an external confidence interval,historical invoice behavior relative default tendency; 302 firms have no observed default labels
E320,***建筑设计有限公司,0.3296155041,0.3222163721,0.07235405864,0.2102487047,0.2515830189,0.3291058366,0.4068882538,0.458031374,0.1504686588,0.4957496307,50,0.8434558663,123,302,True,0.01986293135,0.123544632,0.542429035,0.3141634017,C,0,0,0,0,False,attachment1_123_only,any_primary_feature_outside_reference_quantile_interval,55,19,-36,1,1,1,0.01986293135,True,True,PASS,0.2477826692,0.5138403622,0.7442473481,False,True,True,False,risk_interval_width|label_spreading_disagreement,1,False,repeated_fold_model_instability_5th_to_95th_percentile; not an external confidence interval,historical invoice behavior relative default tendency; 302 firms have no observed default labels
E362,***建材有限公司,0.3261795751,0.2955476101,0.05235599196,0.2153450183,0.2364940279,0.2966231169,0.3534986249,0.3705229345,0.1254063406,0.4029862576,50,0.007294240905,123,302,True,0.03852832527,0.2101813702,0.5632038181,0.1880864864,C,0,0,0,0,False,attachment1_123_only,any_primary_feature_outside_reference_quantile_interval,56,188,132,1,0,1,0.03852832527,True,True,PASS,0.1551779162,0.3188853342,0.7869236078,False,False,True,True,label_spreading_disagreement|rating_entropy,1,False,repeated_fold_model_instability_5th_to_95th_percentile; not an external confidence interval,historical invoice behavior relative default tendency; 302 firms have no observed default labels
E415,***广告设计服务部,0.3241322296,0.3513068229,0.07928826499,0.2373344506,0.2654963633,0.3489853159,0.4678081058,0.5040645871,0.2041634182,0.5376387443,50,0.01362725872,123,302,True,0.06767570275,0.3071925278,0.5117455751,0.1133861943,C,1,0.06666666667,0,0.0175100672,True,attachment1_123_only,any_primary_feature_outside_reference_quantile_interval,57,168,111,1,0,1,0.06767570275,True,True,PASS,0.2667301364,0.3105049709,0.8183652992,True,True,True,True,OOD|risk_interval_width|label_spreading_disagreement|rating_entropy,1,False,repeated_fold_model_instability_5th_to_95th_percentile; not an external confidence interval,historical invoice behavior relative default tendency; 302 firms have no observed default labels
E395,***网络科技有限公司,0.320971453,0.3056941004,0.02944181963,0.265582281,0.2684956063,0.3077707097,0.3391764594,0.3558199287,0.2183059923,0.3810109608,50,0.0204265754,123,302,True,0.04097573498,0.2199098677,0.5606266698,0.1784877276,C,0,0,0,0,False,attachment1_123_only,any_primary_feature_outside_reference_quantile_interval,58,151,93,1,0,1,0.04097573498,True,True,PASS,0.09023764768,0.3005448776,0.7905832303,False,False,True,True,label_spreading_disagreement|rating_entropy,1,False,repeated_fold_model_instability_5th_to_95th_percentile; not an external confidence interval,historical invoice behavior relative default tendency; 302 firms have no observed default labels
E349,***营销策划广告有限公司,0.3179922689,0.3227189002,0.06893813119,0.2285763959,0.2388224344,0.3262030276,0.4031701115,0.4209336202,0.188685141,0.5158730643,50,0.129942387,123,302,True,0.0144616483,0.09365523175,0.5043931859,0.3874899341,C,1,0.06666666667,0,0.0175100672,True,attachment1_123_only,any_primary_feature_outside_reference_quantile_interval,59,103,44,1,0,1,0.0144616483,True,True,PASS,0.1923572244,0.1880498819,0.7181905785,True,False,False,False,OOD,1,False,repeated_fold_model_instability_5th_to_95th_percentile; not an external confidence interval,historical invoice behavior relative default tendency; 302 firms have no observed default labels
E352,***居装饰工程有限公司,0.3100317271,0.3093491008,0.06514710342,0.2125954857,0.2244247107,0.301256872,0.4079349464,0.4165536429,0.1979960368,0.4431980691,50,0.5812062995,123,302,True,0.1040594819,0.3856055568,0.4363241924,0.07401076877,C,0,0,0,0,False,attachment1_123_only,any_primary_feature_outside_reference_quantile_interval,60,34,-26,1,1,1,0.07401076877,True,True,PASS,0.2039581572,0.2711745725,0.834951483,False,True,True,True,risk_interval_width|label_spreading_disagreement|rating_entropy,1,False,repeated_fold_model_instability_5th_to_95th_percentile; not an external confidence interval,historical invoice behavior relative default tendency; 302 firms have no observed default labels
E410,***网络科技有限公司,0.3099265539,0.306185025,0.05653289939,0.2137282011,0.2463007508,0.3076277781,0.3772789221,0.395978005,0.159688182,0.4244644059,50,0.2682663704,123,302,True,0.07709147353,0.3312147413,0.4916759033,0.1000178819,C,1,0.06666666667,0,0.002196841354,True,attachment1_123_only,any_primary_feature_outside_reference_quantile_interval,61,86,25,1,0,1,0.07709147353,True,True,PASS,0.1822498038,0.04166018345,0.824424878,True,False,False,True,OOD|rating_entropy,1,False,repeated_fold_model_instability_5th_to_95th_percentile; not an external confidence interval,historical invoice behavior relative default tendency; 302 firms have no observed default labels
E351,***文化传播有限公司,0.3054408309,0.3050097482,0.03350832667,0.2601218936,0.2662460465,0.2992956664,0.3545992202,0.3583453298,0.2493707866,0.4024426713,50,0.8845454903,123,302,True,0.04793513601,0.2458193094,0.5505721256,0.155673429,C,0,0,0,0,False,attachment1_123_only,any_primary_feature_outside_reference_quantile_interval,62,15,-47,0,1,1,0.04793513601,True,True,PASS,0.09822343616,0.5791046593,0.7997418858,False,False,True,True,label_spreading_disagreement|rating_entropy,1,False,repeated_fold_model_instability_5th_to_95th_percentile; not an external confidence interval,historical invoice behavior relative default tendency; 302 firms have no observed default labels
E350,***演艺设备有限公司,0.2928482373,0.2730768435,0.03563588927,0.2125814734,0.2184208077,0.2719181291,0.3173829756,0.3278898087,0.2091917361,0.3498046588,50,0.3189263186,123,302,True,0.04646400195,0.2405494019,0.552964547,0.1600220492,C,0,0,0,0,False,attachment1_123_only,any_primary_feature_outside_reference_quantile_interval,63,79,16,0,0,1,0.04646400195,True,True,PASS,0.1153083353,0.02607808132,0.7979438856,False,False,False,True,rating_entropy,1,False,repeated_fold_model_instability_5th_to_95th_percentile; not an external confidence interval,historical invoice behavior relative default tendency; 302 firms have no observed default labels
E403,***机械有限公司,0.2860351962,0.2639445605,0.04020255017,0.203196239,0.2063774313,0.2723848231,0.3087078434,0.3203428285,0.1787018907,0.3428904599,50,0.4592542064,123,302,True,0.05936997222,0.2833501676,0.5290612544,0.1282186057,C,0,0,0,0,False,attachment1_123_only,any_primary_feature_outside_reference_quantile_interval,64,50,-14,0,1,1,0.05936997222,True,True,PASS,0.1171465895,0.1732190102,0.8116418671,False,False,False,True,rating_entropy,1,False,repeated_fold_model_instability_5th_to_95th_percentile; not an external confidence interval,historical invoice behavior relative default tendency; 302 firms have no observed default labels
E392,***科技有限公司,0.2586628925,0.2483367162,0.03623288454,0.1898134402,0.1997605195,0.2518889249,0.2962578568,0.3017287618,0.1816029929,0.3313997884,50,0.265177708,123,302,True,0.1023842574,0.3827592433,0.4395958316,0.07526066771,C,0,0,0,0,False,attachment1_123_only,any_primary_feature_outside_reference_quantile_interval,65,87,22,0,0,1,0.07526066771,True,True,PASS,0.1119153216,0.006514815499,0.8345314387,False,False,False,True,rating_entropy,1,False,repeated_fold_model_instability_5th_to_95th_percentile; not an external confidence interval,historical invoice behavior relative default tendency; 302 firms have no observed default labels
E374,***建材经营部,0.258621491,0.2949939558,0.05380867008,0.2198515627,0.2279185083,0.2895298038,0.3607660128,0.3999994906,0.2019912027,0.4300647262,50,0.4836679059,123,302,True,0.1078423901,0.3918060135,0.4290318558,0.07131974058,C,0,0,0,0,False,attachment1_123_only,any_primary_feature_outside_reference_quantile_interval,66,43,-23,0,1,1,0.07131974058,True,True,PASS,0.1801479279,0.2250464149,0.8358070084,False,False,True,True,label_spreading_disagreement|rating_entropy,1,False,repeated_fold_model_instability_5th_to_95th_percentile; not an external confidence interval,historical invoice behavior relative default tendency; 302 firms have no observed default labels
E335,***挖掘机租赁经营部,0.2561140492,0.2602840721,0.02806319059,0.2254660097,0.2298330054,0.2578609387,0.3073513603,0.3129317883,0.2121214503,0.3346621203,50,0.5225387337,123,302,True,0.02752440801,0.1619842128,0.5635127029,0.2469786762,C,0,0,0,0,False,attachment1_123_only,any_primary_feature_outside_reference_quantile_interval,67,37,-30,0,1,1,0.02752440801,True,True,PASS,0.08746577857,0.2664246846,0.7663154433,False,False,True,True,label_spreading_disagreement|rating_entropy,1,False,repeated_fold_model_instability_5th_to_95th_percentile; not an external confidence interval,historical invoice behavior relative default tendency; 302 firms have no observed default labels
E361,***勘察设计工程有限公司,0.2546519942,0.2513238322,0.0233260784,0.2163301947,0.2238070173,0.2499536679,0.2821371094,0.2910808685,0.2015935845,0.3020815195,50,0.04704694317,123,302,True,0.05769616607,0.278214501,0.5324368561,0.1316524768,C,0,0,0,0,False,attachment1_123_only,any_primary_feature_outside_reference_quantile_interval,68,121,53,0,0,1,0.05769616607,True,True,PASS,0.07475067382,0.207605051,0.8101069339,False,False,True,True,label_spreading_disagreement|rating_entropy,1,False,repeated_fold_model_instability_5th_to_95th_percentile; not an external confidence interval,historical invoice behavior relative default tendency; 302 firms have no observed default labels
E379,***药业有限公司,0.2543452203,0.2434514169,0.03745407893,0.1945548891,0.2029398122,0.2405215848,0.2854691756,0.3061319865,0.1421201224,0.3338629951,50,0.001989127216,123,302,True,0.03613352284,0.2003301488,0.565057924,0.1984784044,C,0,0,0,0,False,attachment1_123_only,any_primary_feature_outside_reference_quantile_interval,69,227,158,0,0,1,0.03613352284,True,True,PASS,0.1115770974,0.2523560931,0.7830774942,False,False,True,True,label_spreading_disagreement|rating_entropy,1,False,repeated_fold_model_instability_5th_to_95th_percentile; not an external confidence interval,historical invoice behavior relative default tendency; 302 firms have no observed default labels
E386,个体经营E386,0.2530818125,0.2381977879,0.03276982578,0.1872447037,0.1919631178,0.2460037653,0.2758318236,0.28362847,0.1695018138,0.3072347739,50,0.03787447905,123,302,True,0.02111173896,0.130113606,0.5478660872,0.3009085679,C,0,0,0,0,False,attachment1_123_only,any_primary_feature_outside_reference_quantile_interval,70,132,62,0,0,1,0.02111173896,True,True,PASS,0.09638376631,0.2152073335,0.74863937,False,False,True,False,label_spreading_disagreement,1,False,repeated_fold_model_instability_5th_to_95th_percentile; not an external confidence interval,historical invoice behavior relative default tendency; 302 firms have no observed default labels
E331,***广告有限公司,0.2517745902,0.232759762,0.02844720776,0.1883868733,0.1954762678,0.2315923868,0.2671367582,0.2762982554,0.1707470035,0.2851548916,50,0.625275704,123,302,True,0.05305722378,0.2633565517,0.5414544279,0.1421317966,C,0,0,0,0,False,attachment1_123_only,any_primary_feature_outside_reference_quantile_interval,71,32,-39,0,1,1,0.05305722378,True,True,PASS,0.08791138214,0.3735011138,0.8054988243,False,False,True,True,label_spreading_disagreement|rating_entropy,1,False,repeated_fold_model_instability_5th_to_95th_percentile; not an external confidence interval,historical invoice behavior relative default tendency; 302 firms have no observed default labels
E400,***办公用品经营部,0.2455641334,0.2613115967,0.03361348829,0.2168672976,0.2281191795,0.2564582959,0.3087335115,0.3232638843,0.2037460551,0.3650381162,50,0.9421035354,123,302,True,0.1174446311,0.4062154561,0.4111298971,0.06521001571,C,0,0,0,0,False,attachment1_123_only,any_primary_feature_outside_reference_quantile_interval,72,10,-62,0,1,1,0.06521001571,True,True,PASS,0.1063965867,0.696539402,0.837450785,False,False,True,True,label_spreading_disagreement|rating_entropy,1,False,repeated_fold_model_instability_5th_to_95th_percentile; not an external confidence interval,historical invoice behavior relative default tendency; 302 firms have no observed default labels
E293,***物资有限公司,0.2451386735,0.2488497006,0.05064945807,0.1891737955,0.2003755903,0.2458486911,0.3051415332,0.3610960654,0.1225849529,0.3799788131,50,0.1448117349,123,302,True,0.05198450753,0.2597850331,0.5434498213,0.1447806381,C,0,0,0,0,False,attachment1_123_only,any_primary_feature_outside_reference_quantile_interval,73,102,29,0,0,1,0.05198450753,True,True,PASS,0.1719222699,0.1003269386,0.8043543457,False,False,False,True,rating_entropy,1,False,repeated_fold_model_instability_5th_to_95th_percentile; not an external confidence interval,historical invoice behavior relative default tendency; 302 firms have no observed default labels
E369,***网络技术有限公司,0.2283153679,0.2191730286,0.03099764808,0.1700660947,0.1770310827,0.2266419267,0.2525611068,0.2599915881,0.1469364497,0.2752419283,50,0.04783279043,123,302,True,0.07233754482,0.3194608435,0.5018192978,0.1063823139,C,0,0,0,0,False,attachment1_123_only,any_primary_feature_outside_reference_quantile_interval,74,120,46,0,0,1,0.07233754482,True,True,PASS,0.08992549337,0.1804825775,0.8215543109,False,False,False,True,rating_entropy,1,False,repeated_fold_model_instability_5th_to_95th_percentile; not an external confidence interval,historical invoice behavior relative default tendency; 302 firms have no observed default labels
E382,***教育信息咨询有限公司***分公司,0.2280354915,0.2515430677,0.05276713796,0.1830969522,0.1933132396,0.2412849588,0.3231545718,0.330590589,0.1526988369,0.3992788836,50,0.3123365947,123,302,True,0.1415349454,0.4350979787,0.3700629431,0.05330413274,B,1,0.06666666667,0,0.0175100672,True,attachment1_123_only,any_primary_feature_outside_reference_quantile_interval,75,80,5,0,0,1,0.05330413274,True,True,PASS,0.1474936369,0.08430110323,0.8388974795,True,False,False,True,OOD|rating_entropy,1,False,repeated_fold_model_instability_5th_to_95th_percentile; not an external confidence interval,historical invoice behavior relative default tendency; 302 firms have no observed default labels
E345,***科技有限公司,0.2238034406,0.2139996382,0.02501698932,0.1729143564,0.176924372,0.2206717561,0.24241501,0.2450454048,0.1648982035,0.262927323,50,0.3352233599,123,302,True,0.07901592602,0.3357669583,0.4875809677,0.09763614793,C,0,0,0,0,False,attachment1_123_only,any_primary_feature_outside_reference_quantile_interval,76,71,-5,0,0,1,0.07901592602,True,True,PASS,0.07213104844,0.1114199193,0.8254856577,False,False,False,True,rating_entropy,1,False,repeated_fold_model_instability_5th_to_95th_percentile; not an external confidence interval,historical invoice behavior relative default tendency; 302 firms have no observed default labels
E347,***不锈钢材料有限公司,0.2223898224,0.2162440013,0.03254253308,0.1596101333,0.1840824543,0.2175823646,0.2496014872,0.2633214624,0.130244787,0.3004752009,50,0.01306745574,123,302,True,0.09728295209,0.3736947626,0.4497136571,0.07930862814,C,0,0,0,0,False,attachment1_123_only,any_primary_feature_outside_reference_quantile_interval,77,170,93,0,0,1,0.07930862814,True,True,PASS,0.103711329,0.2093223666,0.8330859164,False,False,True,True,label_spreading_disagreement|rating_entropy,1,False,repeated_fold_model_instability_5th_to_95th_percentile; not an external confidence interval,historical invoice behavior relative default tendency; 302 firms have no observed default labels
E249,***建筑工程有限公司,0.2185132356,0.2037901726,0.06326715263,0.1149200381,0.1316371427,0.1931891724,0.2743694569,0.3181393055,0.0823646632,0.375910948,50,0.4387594618,123,302,True,0.01259252645,0.08272126108,0.4834215667,0.4212646458,C,0,0,0,0,False,attachment1_123_only,any_primary_feature_outside_reference_quantile_interval,78,53,-25,0,1,1,0.01259252645,True,True,PASS,0.2032192674,0.2202462262,0.7046237391,False,True,True,False,risk_interval_width|label_spreading_disagreement,1,False,repeated_fold_model_instability_5th_to_95th_percentile; not an external confidence interval,historical invoice behavior relative default tendency; 302 firms have no observed default labels
E324,***汽贸有限公司,0.2157617112,0.2407757435,0.07490817216,0.1260600047,0.1581824119,0.2420749986,0.3374989423,0.3600052629,0.1053631437,0.4253397724,50,0.05754502773,123,302,True,0.09289262736,0.3653918368,0.4585997691,0.0831157668,C,1,0.06666666667,0,0.08034914166,True,attachment1_123_only,any_primary_feature_outside_reference_quantile_interval,79,117,38,0,0,1,0.0831157668,True,True,PASS,0.2339452582,0.1582166835,0.8316264142,True,True,False,True,OOD|risk_interval_width|rating_entropy,1,False,repeated_fold_model_instability_5th_to_95th_percentile; not an external confidence interval,historical invoice behavior relative default tendency; 302 firms have no observed default labels
E353,***税务师事务所有限公司,0.2094910807,0.2024863413,0.03044047148,0.1339634084,0.17074813,0.2058513014,0.2337308792,0.2374448265,0.1187969268,0.2516362919,50,0.001889578584,123,302,True,0.0849398581,0.3490770472,0.4750683768,0.09091471789,C,0,0,0,0,False,attachment1_123_only,any_primary_feature_outside_reference_quantile_interval,80,230,150,0,0,1,0.0849398581,True,True,PASS,0.1034814181,0.2076015021,0.8284144928,False,False,True,True,label_spreading_disagreement|rating_entropy,1,False,repeated_fold_model_instability_5th_to_95th_percentile; not an external confidence interval,historical invoice behavior relative default tendency; 302 firms have no observed default labels
E296,***装饰设计工程有限公司,0.2079787941,0.1971716953,0.04689450109,0.1032192392,0.1419837955,0.2082823088,0.241010787,0.2488074981,0.0360675522,0.2632044769,50,0.3239602842,123,302,True,0.01762295221,0.1114469678,0.5299186755,0.3410114045,C,0,0,0,0,False,attachment1_123_only,any_primary_feature_outside_reference_quantile_interval,81,78,-3,0,0,1,0.01762295221,True,True,PASS,0.145588259,0.1159814901,0.7351234862,False,False,False,False,none,0,False,repeated_fold_model_instability_5th_to_95th_percentile; not an external confidence interval,historical invoice behavior relative default tendency; 302 firms have no observed default labels
E354,***广告有限公司,0.2071532718,0.2085660655,0.02170062763,0.1744400221,0.1801904679,0.208852727,0.2379421251,0.2474919433,0.168233255,0.2546681109,50,0.005475995552,123,302,True,0.1150223976,0.4027526456,0.4155626799,0.06666227699,C,0,0,0,0,False,attachment1_123_only,any_primary_feature_outside_reference_quantile_interval,82,203,121,0,0,1,0.06666227699,True,True,PASS,0.07305192117,0.2016772763,0.8371028534,False,False,True,True,label_spreading_disagreement|rating_entropy,1,False,repeated_fold_model_instability_5th_to_95th_percentile; not an external confidence interval,historical invoice behavior relative default tendency; 302 firms have no observed default labels
E356,***建材装饰部,0.2057589781,0.2291045786,0.05741090405,0.1539361644,0.1551408567,0.2193617732,0.3110036487,0.3297395997,0.1330790756,0.349420208,50,0.3926737236,123,302,True,0.05391898378,0.2661880478,0.5398240605,0.1400689079,C,0,0,0,0,False,attachment1_123_only,any_primary_feature_outside_reference_quantile_interval,83,62,-21,0,0,1,0.05391898378,True,True,PASS,0.1758034352,0.1869147456,0.8063960525,False,False,False,True,rating_entropy,1,False,repeated_fold_model_instability_5th_to_95th_percentile; not an external confidence interval,historical invoice behavior relative default tendency; 302 firms have no observed default labels
E232,***投资发展有限责任公司,0.2006365526,0.1997560693,0.06659306806,0.1064865247,0.1220036257,0.1932036422,0.2723817131,0.3097598931,0.06584103586,0.3953998253,50,0.02686696276,123,302,True,0.02846971844,0.1664324899,0.5645232014,0.2405745903,C,0,0,0,0,False,attachment1_123_only,any_primary_feature_outside_reference_quantile_interval,84,142,58,0,0,1,0.02846971844,True,True,PASS,0.2032733684,0.1737695898,0.7684475588,False,True,False,True,risk_interval_width|rating_entropy,1,False,repeated_fold_model_instability_5th_to_95th_percentile; not an external confidence interval,historical invoice behavior relative default tendency; 302 firms have no observed default labels
E251,***医疗器械有限责任公司,0.2002959646,0.189484094,0.03153878975,0.1359212938,0.1597133074,0.1885855142,0.228720663,0.2328924569,0.08928648968,0.2542435916,50,0.01196727899,123,302,True,0.03970319472,0.2148934199,0.5620442337,0.1833591517,C,0,0,0,0,False,attachment1_123_only,any_primary_feature_outside_reference_quantile_interval,85,171,86,0,0,1,0.03970319472,True,True,PASS,0.09697116311,0.1883286856,0.7887124742,False,False,False,True,rating_entropy,1,False,repeated_fold_model_instability_5th_to_95th_percentile; not an external confidence interval,historical invoice behavior relative default tendency; 302 firms have no observed default labels
E366,***房地产经纪有限公司,0.1999291094,0.2369340092,0.0429627823,0.176540243,0.186382189,0.2331408148,0.2953592797,0.3054894748,0.1573444154,0.3391619868,50,0.05229692447,123,302,True,0.08252814171,0.3437831918,0.4801421403,0.09354652614,C,0,0,0,0,False,attachment1_123_only,any_primary_feature_outside_reference_quantile_interval,86,119,33,0,0,1,0.08252814171,True,True,PASS,0.1289492318,0.1476321849,0.8272812249,False,False,False,True,rating_entropy,1,False,repeated_fold_model_instability_5th_to_95th_percentile; not an external confidence interval,historical invoice behavior relative default tendency; 302 firms have no observed default labels
E286,***印务有限公司,0.1983096873,0.2042435843,0.0256320268,0.1642028165,0.1745618606,0.20140838,0.2371302573,0.2506804823,0.1522909897,0.273691574,50,0.3306602397,123,302,True,0.05145401729,0.2579993462,0.5444215399,0.1461250966,C,0,0,0,0,False,attachment1_123_only,any_primary_feature_outside_reference_quantile_interval,87,74,-13,0,0,1,0.05145401729,True,True,PASS,0.0864776658,0.1323505524,0.803776791,False,False,False,True,rating_entropy,1,False,repeated_fold_model_instability_5th_to_95th_percentile; not an external confidence interval,historical invoice behavior relative default tendency; 302 firms have no observed default labels
E367,***电子商务有限公司,0.1966396481,0.2227990886,0.02989292235,0.1739576528,0.1880789864,0.2196128017,0.2614185133,0.2763542322,0.1635828854,0.2926667972,50,0.01666182051,123,302,True,0.08600112716,0.3513539551,0.4728461462,0.0897987715,C,0,0,0,0,False,attachment1_123_only,any_primary_feature_outside_reference_quantile_interval,88,158,70,0,0,1,0.08600112716,True,True,PASS,0.1023965794,0.1799778276,0.828888637,False,False,False,True,rating_entropy,1,False,repeated_fold_model_instability_5th_to_95th_percentile; not an external confidence interval,historical invoice behavior relative default tendency; 302 firms have no observed default labels
E237,个体经营E237,0.1939082061,0.2048065704,0.04772479341,0.1448473939,0.1546578838,0.2176566437,0.2572424508,0.2669589123,0.05104279528,0.3040076598,50,0.2758442217,123,302,True,0.05339390811,0.2644667642,0.5408202315,0.1413190962,C,0,0,0,0,False,attachment1_123_only,any_primary_feature_outside_reference_quantile_interval,89,84,-5,0,0,1,0.05339390811,True,True,PASS,0.1221115184,0.08193601561,0.8058516881,False,False,False,True,rating_entropy,1,False,repeated_fold_model_instability_5th_to_95th_percentile; not an external confidence interval,historical invoice behavior relative default tendency; 302 firms have no observed default labels
E357,***家居经营部,0.1918285315,0.2115796283,0.0265255552,0.175694199,0.178027015,0.2118533995,0.2440750563,0.2555982438,0.1641378416,0.285946412,50,0.0633617198,123,302,True,0.140008647,0.4335407352,0.3725061025,0.05394451522,B,0,0,0,0,False,attachment1_123_only,any_primary_feature_outside_reference_quantile_interval,90,113,23,0,0,1,0.05394451522,True,True,PASS,0.07990404481,0.1284668117,0.8388996897,False,False,False,True,rating_entropy,1,False,repeated_fold_model_instability_5th_to_95th_percentile; not an external confidence interval,historical invoice behavior relative default tendency; 302 firms have no observed default labels
E297,***建筑机械租赁有限公司,0.1875573746,0.210471885,0.04295623734,0.1597137816,0.1632279069,0.2027314736,0.276768425,0.3069851242,0.1490672472,0.3263771148,50,0.3973327371,123,302,True,0.03778404884,0.2071555194,0.5638573075,0.1912031242,C,0,0,0,0,False,attachment1_123_only,any_primary_feature_outside_reference_quantile_interval,91,59,-32,0,1,1,0.03778404884,True,True,PASS,0.1472713426,0.2097753625,0.7857580062,False,False,True,True,label_spreading_disagreement|rating_entropy,1,False,repeated_fold_model_instability_5th_to_95th_percentile; not an external confidence interval,historical invoice behavior relative default tendency; 302 firms have no observed default labels
E339,***居益卫浴家俬厂,0.1863596331,0.1938506862,0.02350425075,0.162284447,0.1653031931,0.192657085,0.2279977539,0.2366844362,0.1586885196,0.2532144829,50,0.4768992408,123,302,True,0.05753801365,0.2777232122,0.5327529585,0.1319858156,C,0,0,0,0,False,attachment1_123_only,any_primary_feature_outside_reference_quantile_interval,92,44,-48,0,1,1,0.05753801365,True,True,PASS,0.07439998914,0.2905396077,0.8099585294,False,False,True,True,label_spreading_disagreement|rating_entropy,1,False,repeated_fold_model_instability_5th_to_95th_percentile; not an external confidence interval,historical invoice behavior relative default tendency; 302 firms have no observed default labels
E317,***科技有限公司,0.1858004502,0.1830310113,0.01969994516,0.1520997799,0.1618506699,0.1837588846,0.2070103667,0.2099882468,0.1289012848,0.2228375462,50,0.002470365984,123,302,True,0.0831413178,0.3451451023,0.4788491968,0.09286438312,C,0,0,0,0,False,attachment1_123_only,any_primary_feature_outside_reference_quantile_interval,93,222,129,0,0,1,0.0831413178,True,True,PASS,0.0578884669,0.1833300842,0.8275768416,False,False,False,True,rating_entropy,1,False,repeated_fold_model_instability_5th_to_95th_percentile; not an external confidence interval,historical invoice behavior relative default tendency; 302 firms have no observed default labels
E344,***机械有限公司,0.1851283952,0.1827271549,0.0389724119,0.1036066548,0.1376336977,0.1923831694,0.2200181864,0.2232854341,0.0458049904,0.2297116231,50,0.4238084073,123,302,True,0.08240939688,0.3435181788,0.480392744,0.09367968026,C,0,0,0,0,False,attachment1_123_only,any_primary_feature_outside_reference_quantile_interval,94,57,-37,0,1,1,0.08240939688,True,True,PASS,0.1196787793,0.2386800121,0.8272233773,False,False,True,True,label_spreading_disagreement|rating_entropy,1,False,repeated_fold_model_instability_5th_to_95th_percentile; not an external confidence interval,historical invoice behavior relative default tendency; 302 firms have no observed default labels
E223,***科技有限公司,0.1842149147,0.2256891512,0.07407089477,0.1323748478,0.1402339312,0.2054662097,0.3254840148,0.3601279005,0.1226203252,0.4384388723,50,0.007083367521,123,302,True,0.2709752149,0.4833630271,0.2212953818,0.02436637617,B,0,0,0,0,False,attachment1_123_only,any_primary_feature_outside_reference_quantile_interval,95,189,94,0,0,1,0.02436637617,True,True,PASS,0.2277530526,0.1771315472,0.8147613909,False,True,False,True,risk_interval_width|rating_entropy,1,False,repeated_fold_model_instability_5th_to_95th_percentile; not an external confidence interval,historical invoice behavior relative default tendency; 302 firms have no observed default labels
E387,***农副产品经营部,0.1821964253,0.2137896219,0.04336293145,0.1513667507,0.1604386197,0.2134230102,0.2693007023,0.2793123006,0.1292940547,0.3062208777,50,0.1028280917,123,302,True,0.1099833993,0.3951801515,0.4249641539,0.06987229535,C,0,0,0,0,False,attachment1_123_only,any_primary_feature_outside_reference_quantile_interval,96,107,11,0,0,1,0.06987229535,True,True,PASS,0.1279455499,0.07936833357,0.8362367277,False,False,False,True,rating_entropy,1,False,repeated_fold_model_instability_5th_to_95th_percentile; not an external confidence interval,historical invoice behavior relative default tendency; 302 firms have no observed default labels
E274,***建筑劳务有限公司,0.1799588263,0.2040976578,0.04118248007,0.1468634848,0.1596780648,0.1999413217,0.2570364708,0.2600948292,0.1280401556,0.3695069545,50,0.02030633431,123,302,True,0.101022691,0.3803991095,0.4422737101,0.07630448944,C,0,0,0,0,False,attachment1_123_only,any_primary_feature_outside_reference_quantile_interval,97,153,56,0,0,1,0.07630448944,True,True,PASS,0.1132313444,0.159652492,0.834170606,False,False,False,True,rating_entropy,1,False,repeated_fold_model_instability_5th_to_95th_percentile; not an external confidence interval,historical invoice behavior relative default tendency; 302 firms have no observed default labels
E269,***节能服务有限公司,0.1790853489,0.1700320087,0.03771949391,0.1089713101,0.1215264009,0.1693091169,0.2156244444,0.2311038514,0.08131300225,0.2638134817,50,0.04171097841,123,302,True,0.03788916423,0.2075848033,0.5637690292,0.1907570032,C,0,0,0,0,False,attachment1_123_only,any_primary_feature_outside_reference_quantile_interval,98,125,27,0,0,1,0.03788916423,True,True,PASS,0.1221325414,0.1373743705,0.785924198,False,False,False,True,rating_entropy,1,False,repeated_fold_model_instability_5th_to_95th_percentile; not an external confidence interval,historical invoice behavior relative default tendency; 302 firms have no observed default labels
E388,***商贸有限公司,0.1790204903,0.1851598424,0.03351232232,0.1278475902,0.1405200066,0.1867702352,0.2254371314,0.2356974223,0.1210257395,0.2506654111,50,0.01148652449,123,302,True,0.1760449062,0.4623002146,0.3200158441,0.04163903507,B,0,0,0,0,False,attachment1_123_only,any_primary_feature_outside_reference_quantile_interval,99,172,73,0,0,1,0.04163903507,True,True,PASS,0.107849832,0.1675339658,0.8363708657,False,False,False,True,rating_entropy,1,False,repeated_fold_model_instability_5th_to_95th_percentile; not an external confidence interval,historical invoice behavior relative default tendency; 302 firms have no observed default labels
E300,***建设工程有限公司,0.1780836434,0.1716487699,0.02479021434,0.1333793013,0.1411330016,0.1729925038,0.2051792903,0.2157505074,0.1308678109,0.2241996043,50,0.256443854,123,302,True,0.08509600384,0.3494140464,0.4747409955,0.09074895423,C,0,0,0,0,False,attachment1_123_only,any_primary_feature_outside_reference_quantile_interval,100,89,-11,0,0,1,0.08509600384,True,True,PASS,0.08237120614,0.07836021059,0.8284851795,False,False,False,True,rating_entropy,1,False,repeated_fold_model_instability_5th_to_95th_percentile; not an external confidence interval,historical invoice behavior relative default tendency; 302 firms have no observed default labels
E312,***家居用品有限公司,0.1752603788,0.197270549,0.05957762009,0.09891168677,0.1261250658,0.1968582214,0.2762406056,0.2915553959,0.08459769798,0.3184068048,50,0.5383775247,123,302,True,0.1158804723,0.4039922025,0.4139859356,0.06614138962,C,1,0.06666666667,0,0.068142521,True,attachment1_123_only,any_primary_feature_outside_reference_quantile_interval,101,35,-66,0,1,1,0.06614138962,True,True,PASS,0.1926437091,0.363117146,0.8372310078,True,False,True,True,OOD|label_spreading_disagreement|rating_entropy,1,False,repeated_fold_model_instability_5th_to_95th_percentile; not an external confidence interval,historical invoice behavior relative default tendency; 302 firms have no observed default labels
E231,***建筑科技有限公司,0.1729792696,0.1961766231,0.05214913865,0.1244534879,0.1357142379,0.1921898644,0.272034367,0.2938497035,0.1131789828,0.324928803,50,0.01897440048,123,302,True,0.564522904,0.3500742573,0.07829272895,0.007110109692,A,0,0,0,0,False,attachment1_123_only,any_primary_feature_outside_reference_quantile_interval,102,156,54,0,0,1,0.007110109692,True,True,PASS,0.1693962157,0.1540048691,0.667119888,False,False,False,False,none,0,False,repeated_fold_model_instability_5th_to_95th_percentile; not an external confidence interval,historical invoice behavior relative default tendency; 302 firms have no observed default labels
E226,***建设工程有限公司,0.1712671043,0.1922039449,0.05691898517,0.1208378825,0.1328414138,0.1844574111,0.271237285,0.2947157542,0.0925801244,0.3334347091,50,0.461737746,123,302,True,0.4322329726,0.4305760207,0.1251439764,0.0120470304,A,0,0,0,0,False,attachment1_123_only,any_primary_feature_outside_reference_quantile_interval,103,48,-55,0,1,1,0.0120470304,True,True,PASS,0.1738778717,0.2904706417,0.7492567397,False,False,True,False,label_spreading_disagreement,1,False,repeated_fold_model_instability_5th_to_95th_percentile; not an external confidence interval,historical invoice behavior relative default tendency; 302 firms have no observed default labels
E346,个体经营E346,0.1694293505,0.173232193,0.0292091535,0.1229689744,0.1399720121,0.1745265705,0.2096197893,0.216213485,0.1027620035,0.23649856,50,0.00112440131,123,302,True,0.1455856413,0.4390697044,0.363678887,0.05166576727,B,0,0,0,0,False,attachment1_123_only,any_primary_feature_outside_reference_quantile_interval,104,247,143,0,0,1,0.05166576727,True,True,PASS,0.09324451062,0.1683049492,0.8388392689,False,False,False,True,rating_entropy,1,False,repeated_fold_model_instability_5th_to_95th_percentile; not an external confidence interval,historical invoice behavior relative default tendency; 302 firms have no observed default labels
E316,个体经营E316,0.16843868,0.1602205611,0.02334637854,0.1219194353,0.1256198517,0.1638900471,0.1893066595,0.1963127934,0.115457476,0.2011468809,50,0.02038461801,123,302,True,0.04859759652,0.2481576192,0.54945749,0.1537872943,C,0,0,0,0,False,attachment1_123_only,any_primary_feature_outside_reference_quantile_interval,105,152,47,0,0,1,0.04859759652,True,True,PASS,0.07439335813,0.148054062,0.8005294931,False,False,False,True,rating_entropy,1,False,repeated_fold_model_instability_5th_to_95th_percentile; not an external confidence interval,historical invoice behavior relative default tendency; 302 firms have no observed default labels
E359,***厨房用品经营部,0.1679190052,0.2049357171,0.03717048867,0.1507035032,0.162750505,0.1976531803,0.2558944973,0.2643152857,0.1418707825,0.3072302248,50,0.02043924143,123,302,True,0.2281279758,0.4813095066,0.2601097216,0.03045279598,B,1,0.06666666667,0,1.278471425e-07,True,attachment1_123_only,any_primary_feature_outside_reference_quantile_interval,106,150,44,0,0,1,0.03045279598,True,True,PASS,0.1136117824,0.1474797637,0.8264472356,True,False,False,True,OOD|rating_entropy,1,False,repeated_fold_model_instability_5th_to_95th_percentile; not an external confidence interval,historical invoice behavior relative default tendency; 302 firms have no observed default labels
E364,***电子有限公司,0.1677352428,0.1692151928,0.03071644439,0.1196727149,0.129929668,0.1770557719,0.2001263304,0.2043143307,0.07517732479,0.2116468342,50,0.001820801697,123,302,True,0.2084596091,0.4766447749,0.2808471191,0.03404849701,B,0,0,0,0,False,attachment1_123_only,any_primary_feature_outside_reference_quantile_interval,107,232,125,0,0,1,0.03404849701,True,True,PASS,0.08464161575,0.1659144411,0.8308451969,False,False,False,True,rating_entropy,1,False,repeated_fold_model_instability_5th_to_95th_percentile; not an external confidence interval,historical invoice behavior relative default tendency; 302 firms have no observed default labels
E341,***纺织品有限公司,0.1642112517,0.2029004166,0.04580318463,0.1274775995,0.1547416473,0.2027396748,0.2567701203,0.2626278692,0.1119321868,0.3377000019,50,0.0529483582,123,302,True,0.1135383366,0.4005749837,0.4183063481,0.06758033156,C,0,0,0,0,False,attachment1_123_only,any_primary_feature_outside_reference_quantile_interval,108,118,10,0,0,1,0.06758033156,True,True,PASS,0.1351502697,0.1112628935,0.836868214,False,False,False,True,rating_entropy,1,False,repeated_fold_model_instability_5th_to_95th_percentile; not an external confidence interval,historical invoice behavior relative default tendency; 302 firms have no observed default labels
E328,***科技有限公司,0.1641671289,0.1662276598,0.01922356455,0.1336185353,0.1402514087,0.1643762523,0.1896691211,0.192199414,0.1252575982,0.2050316582,50,0.03611100819,123,302,True,0.09391548621,0.3673692467,0.4565154072,0.08219985989,C,0,0,0,0,False,attachment1_123_only,any_primary_feature_outside_reference_quantile_interval,109,134,25,0,0,1,0.08219985989,True,True,PASS,0.05858087873,0.1280561207,0.8319852394,False,False,False,True,rating_entropy,1,False,repeated_fold_model_instability_5th_to_95th_percentile; not an external confidence interval,historical invoice behavior relative default tendency; 302 firms have no observed default labels
E332,***商贸有限公司,0.1623294325,0.1551635974,0.03856667168,0.09798385784,0.1034957602,0.1610154314,0.2078274233,0.2131178362,0.08752602135,0.2513609244,50,0.0006647085302,123,302,True,0.02916894982,0.1696834973,0.565107827,0.2360397259,C,1,0.06666666667,0,0.01802438183,True,attachment1_123_only,any_primary_feature_outside_reference_quantile_interval,110,259,149,0,0,1,0.02916894982,True,True,PASS,0.1151339784,0.161664724,0.7699682012,True,False,False,True,OOD|rating_entropy,1,False,repeated_fold_model_instability_5th_to_95th_percentile; not an external confidence interval,historical invoice behavior relative default tendency; 302 firms have no observed default labels
E192,***建设工程有限公司,0.1622654,0.1647392807,0.02804961482,0.122821306,0.1293446287,0.1637126764,0.1981223657,0.2179878978,0.1103424356,0.2372145838,50,0.05954954802,123,302,True,0.0510812494,0.2567367831,0.5450980231,0.1470839444,C,0,0,0,0,False,attachment1_123_only,any_primary_feature_outside_reference_quantile_interval,111,116,5,0,0,1,0.0510812494,True,True,PASS,0.09516659187,0.102715852,0.803366283,False,False,False,True,rating_entropy,1,False,repeated_fold_model_instability_5th_to_95th_percentile; not an external confidence interval,historical invoice behavior relative default tendency; 302 firms have no observed default labels
E338,***商贸有限公司,0.1607342933,0.16030932,0.02122595385,0.1296756124,0.1338321259,0.1569283973,0.1870251477,0.1917478034,0.118604479,0.2130194591,50,0.4689538073,123,302,True,0.1380162357,0.4314565618,0.3757267822,0.0548004202,B,0,0,0,0,False,attachment1_123_only,any_primary_feature_outside_reference_quantile_interval,112,47,-65,0,1,1,0.0548004202,True,True,PASS,0.06207219105,0.3082195139,0.8388856432,False,False,True,True,label_spreading_disagreement|rating_entropy,1,False,repeated_fold_model_instability_5th_to_95th_percentile; not an external confidence interval,historical invoice behavior relative default tendency; 302 firms have no observed default labels
E370,***设计服务部,0.1604663878,0.1786856533,0.02462038264,0.145539455,0.1477849035,0.1758574104,0.2135726181,0.2231070145,0.1389095718,0.2484617218,50,0.001752408396,123,302,True,0.2095855605,0.4769861871,0.2796030298,0.03382522264,B,1,0.06666666667,0,5.301037344e-06,True,attachment1_123_only,any_primary_feature_outside_reference_quantile_interval,113,235,122,0,0,1,0.03382522264,True,True,PASS,0.07756755952,0.1587139794,0.8306123805,True,False,False,True,OOD|rating_entropy,1,False,repeated_fold_model_instability_5th_to_95th_percentile; not an external confidence interval,historical invoice behavior relative default tendency; 302 firms have no observed default labels
E333,***房地产营销策划有限公司,0.1590864705,0.1576379805,0.03204372779,0.1082035363,0.1133208761,0.1619287365,0.1949360009,0.2082280818,0.09968610665,0.2299469099,50,0.3243160167,123,302,True,0.06194996316,0.2910426308,0.5237660497,0.1232413564,C,0,0,0,0,False,attachment1_123_only,any_primary_feature_outside_reference_quantile_interval,114,76,-38,0,0,1,0.06194996316,True,True,PASS,0.1000245454,0.1652295461,0.8138843775,False,False,False,True,rating_entropy,1,False,repeated_fold_model_instability_5th_to_95th_percentile; not an external confidence interval,historical invoice behavior relative default tendency; 302 firms have no observed default labels
E276,***体育设施工程有限公司,0.1564236075,0.1560416504,0.02041073353,0.1228675695,0.1289269365,0.15580323,0.1815640508,0.1846537212,0.1128905744,0.1977250036,50,0.003231759322,123,302,True,0.09813925608,0.3752591214,0.4479993137,0.07860230876,C,0,0,0,0,False,attachment1_123_only,any_primary_feature_outside_reference_quantile_interval,115,218,103,0,0,1,0.07860230876,True,True,PASS,0.06178615175,0.1531918481,0.8333467276,False,False,False,True,rating_entropy,1,False,repeated_fold_model_instability_5th_to_95th_percentile; not an external confidence interval,historical invoice behavior relative default tendency; 302 firms have no observed default labels
E322,***装饰工程设计有限公司,0.1548339118,0.1553372766,0.02294455222,0.1200412949,0.1290409744,0.1570692681,0.1856160604,0.1874524309,0.07681672231,0.2015173093,50,0.3335534649,123,302,True,0.04061953748,0.2185147559,0.5610394109,0.1798262957,C,0,0,0,0,False,attachment1_123_only,any_primary_feature_outside_reference_quantile_interval,116,72,-44,0,0,1,0.04061953748,True,True,PASS,0.06741113602,0.1787195532,0.7900663525,False,False,False,True,rating_entropy,1,False,repeated_fold_model_instability_5th_to_95th_percentile; not an external confidence interval,historical invoice behavior relative default tendency; 302 firms have no observed default labels
E304,***环保科技有限公司,0.1525397498,0.1799490644,0.04706009195,0.118760122,0.1225493936,0.1755938122,0.2410767929,0.2614124498,0.09517721152,0.2754206966,50,7.388270029e-05,123,302,True,0.5665203857,0.3487096311,0.07771703513,0.007052948098,A,0,0,0,0,False,attachment1_123_only,any_primary_feature_outside_reference_quantile_interval,117,298,181,0,0,1,0.007052948098,True,True,PASS,0.1426523278,0.1524658671,0.665642596,False,False,False,False,none,0,False,repeated_fold_model_instability_5th_to_95th_percentile; not an external confidence interval,historical invoice behavior relative default tendency; 302 firms have no observed default labels
E355,***地毯经营部,0.1524745622,0.1877655474,0.0357901221,0.1332541925,0.1507945953,0.1842756298,0.2339655849,0.2586649516,0.1209568182,0.2840976039,50,0.0468321025,123,302,True,0.2239958028,0.4805490588,0.2642972054,0.03115793294,B,0,0,0,0,False,attachment1_123_only,any_primary_feature_outside_reference_quantile_interval,118,122,4,0,0,1,0.03115793294,True,True,PASS,0.1254107591,0.1056424597,0.8274271441,False,False,False,True,rating_entropy,1,False,repeated_fold_model_instability_5th_to_95th_percentile; not an external confidence interval,historical invoice behavior relative default tendency; 302 firms have no observed default labels
E358,***五金经营部,0.1521510173,0.1839293917,0.03963812032,0.1409426634,0.1473939028,0.1761373298,0.2210148058,0.2536291033,0.06196395036,0.293885693,50,0.1719889303,123,302,True,0.1060041937,0.3888317863,0.4325586919,0.07260532809,C,2,0.1333333333,0,1.59629952e-05,True,attachment1_123_only,any_primary_feature_outside_reference_quantile_interval,119,98,-21,0,0,1,0.07260532809,True,True,PASS,0.1126864399,0.01983791307,0.8354070285,True,False,False,True,OOD|rating_entropy,1,False,repeated_fold_model_instability_5th_to_95th_percentile; not an external confidence interval,historical invoice behavior relative default tendency; 302 firms have no observed default labels
E393,***商贸有限责任公司,0.150808229,0.1677966666,0.036402986,0.1107022163,0.1183133391,0.1641529082,0.2155626565,0.2218524813,0.08425279204,0.2671571492,50,0.009264556981,123,302,True,0.1787245723,0.4638492814,0.3165138056,0.04091234063,B,0,0,0,0,False,attachment1_123_only,any_primary_feature_outside_reference_quantile_interval,120,182,62,0,0,1,0.04091234063,True,True,PASS,0.1111502649,0.141543672,0.836011037,False,False,False,True,rating_entropy,1,False,repeated_fold_model_instability_5th_to_95th_percentile; not an external confidence interval,historical invoice behavior relative default tendency; 302 firms have no observed default labels
E267,***林园艺场,0.1493498218,0.1673341121,0.03144567373,0.1228621255,0.1330897704,0.1653946683,0.2080222666,0.2090972438,0.106076746,0.2865265316,50,0.0416058386,123,302,True,0.1093528734,0.3941963996,0.4261575833,0.07029314372,C,0,0,0,0,False,attachment1_123_only,any_primary_feature_outside_reference_quantile_interval,121,127,6,0,0,1,0.07029314372,True,True,PASS,0.08623511829,0.1077439832,0.8361141335,False,False,False,True,rating_entropy,1,False,repeated_fold_model_instability_5th_to_95th_percentile; not an external confidence interval,historical invoice behavior relative default tendency; 302 firms have no observed default labels
E342,***裕华机械厂,0.1478845965,0.1494244027,0.02637883893,0.1142100879,0.1255212803,0.14800561,0.1823082188,0.1956317818,0.07858813389,0.2111713558,50,0.006900389734,123,302,True,0.1235594811,0.4144717803,0.4001894573,0.06177928134,B,0,0,0,0,False,attachment1_123_only,any_primary_feature_outside_reference_quantile_interval,122,191,69,0,0,1,0.06177928134,True,True,PASS,0.08142169389,0.1409842067,0.8381470722,False,False,False,True,rating_entropy,1,False,repeated_fold_model_instability_5th_to_95th_percentile; not an external confidence interval,historical invoice behavior relative default tendency; 302 firms have no observed default labels
E334,***机械科技有限公司,0.1477545204,0.1558362776,0.02698335812,0.119526311,0.124764048,0.155970966,0.1902574414,0.2050806524,0.1099073596,0.2141079789,50,0.7196848707,123,302,True,0.05080343148,0.2557916091,0.5455986748,0.1478062846,C,0,0,0,0,False,attachment1_123_only,any_primary_feature_outside_reference_quantile_interval,123,26,-97,0,1,1,0.05080343148,True,True,PASS,0.08555434142,0.5719303503,0.8030578034,False,False,True,True,label_spreading_disagreement|rating_entropy,1,False,repeated_fold_model_instability_5th_to_95th_percentile; not an external confidence interval,historical invoice behavior relative default tendency; 302 firms have no observed default labels
E130,个体经营E130,0.1468784157,0.1429183043,0.04123950439,0.0839697776,0.08981509754,0.1398301353,0.1970876129,0.2144989351,0.07101755188,0.2723810851,50,0.005617171628,123,302,True,0.02240132754,0.1367691129,0.5525150874,0.2883144721,C,0,0,0,0,False,attachment1_123_only,any_primary_feature_outside_reference_quantile_interval,124,202,78,0,0,1,0.02240132754,True,True,PASS,0.1305291575,0.1412612441,0.7527709625,False,False,False,True,rating_entropy,1,False,repeated_fold_model_instability_5th_to_95th_percentile; not an external confidence interval,historical invoice behavior relative default tendency; 302 firms have no observed default labels
E340,***物流有限公司,0.1454453977,0.1694353134,0.038557159,0.1080680057,0.125002087,0.1671405776,0.2178357829,0.2315998341,0.07813178403,0.250121903,50,0.01532121318,123,302,True,0.1429168214,0.4364789413,0.3678688204,0.05273541694,B,0,0,0,0,False,attachment1_123_only,any_primary_feature_outside_reference_quantile_interval,125,160,35,0,0,1,0.05273541694,True,True,PASS,0.1235318284,0.1301241846,0.8388860313,False,False,False,True,rating_entropy,1,False,repeated_fold_model_instability_5th_to_95th_percentile; not an external confidence interval,historical invoice behavior relative default tendency; 302 firms have no observed default labels
E391,***五金店,0.1448750785,0.1601813052,0.03070826779,0.1120882781,0.1254308235,0.1593252071,0.1977682832,0.2154414185,0.09652100967,0.2356464369,50,0.02924982076,123,302,True,0.3519312893,0.4657930079,0.1654685806,0.01680712222,B,0,0,0,0,False,attachment1_123_only,any_primary_feature_outside_reference_quantile_interval,126,138,12,0,0,1,0.01680712222,True,True,PASS,0.1033531404,0.1156252578,0.7860868467,False,False,False,True,rating_entropy,1,False,repeated_fold_model_instability_5th_to_95th_percentile; not an external confidence interval,historical invoice behavior relative default tendency; 302 firms have no observed default labels
E375,***电器经营部,0.1440779626,0.1758508873,0.0376699352,0.1244184474,0.1343468413,0.1707609971,0.2315710647,0.2449552609,0.1165148082,0.2875866077,50,0.02501846371,123,302,True,0.3604700124,0.4627388417,0.160588392,0.0162027539,B,1,0.06666666667,0,1.278471425e-07,True,attachment1_123_only,any_primary_feature_outside_reference_quantile_interval,127,145,18,0,0,1,0.0162027539,True,True,PASS,0.1205368135,0.1190594989,0.7825800158,True,False,False,True,OOD|rating_entropy,1,False,repeated_fold_model_instability_5th_to_95th_percentile; not an external confidence interval,historical invoice behavior relative default tendency; 302 firms have no observed default labels
E210,***建筑工程有限公司,0.1435127899,0.1434077889,0.03394021802,0.09012062411,0.09699476688,0.1435410221,0.1926809325,0.1971605092,0.08109008821,0.2236479247,50,0.04147508717,123,302,True,0.04733259611,0.2436738458,0.5515663259,0.1574272322,C,0,0,0,0,False,attachment1_123_only,any_primary_feature_outside_reference_quantile_interval,128,128,0,0,0,1,0.04733259611,True,True,PASS,0.1070398851,0.1020377027,0.7990137457,False,False,False,True,rating_entropy,1,False,repeated_fold_model_instability_5th_to_95th_percentile; not an external confidence interval,historical invoice behavior relative default tendency; 302 firms have no observed default labels
E279,***环保包装有限公司,0.1428469075,0.1426617196,0.03623111941,0.08712850357,0.09796042791,0.138397656,0.1892049189,0.1903624066,0.0783453128,0.2154487229,50,0.4303550883,123,302,True,0.01721032017,0.1091732068,0.5271657681,0.3464507048,C,0,0,0,0,False,attachment1_123_only,any_primary_feature_outside_reference_quantile_interval,129,56,-73,0,1,1,0.01721032017,True,True,PASS,0.1032339031,0.2875081808,0.7332260215,False,False,True,False,label_spreading_disagreement,1,False,repeated_fold_model_instability_5th_to_95th_percentile; not an external confidence interval,historical invoice behavior relative default tendency; 302 firms have no observed default labels
E372,***汽车维修有限责任公司,0.142314924,0.1443747613,0.02942424061,0.09779724127,0.1021583059,0.1511232001,0.1746547858,0.1857766245,0.07909961269,0.2068407495,50,0.005190259332,123,302,True,0.1305904419,0.4231554415,0.388049045,0.05820507153,B,0,0,0,0,False,attachment1_123_only,any_primary_feature_outside_reference_quantile_interval,130,205,75,0,0,1,0.05820507153,True,True,PASS,0.08797938326,0.1371246647,0.8386536469,False,False,False,True,rating_entropy,1,False,repeated_fold_model_instability_5th_to_95th_percentile; not an external confidence interval,historical invoice behavior relative default tendency; 302 firms have no observed default labels
E314,***房地产营销策划有限公司,0.1395367699,0.1442467249,0.016710124,0.118523032,0.1224164082,0.1425547452,0.1661075887,0.1665760375,0.1115410028,0.1817436958,50,0.3460022007,123,302,True,0.1258038435,0.4173348187,0.3962633858,0.06059795199,B,0,0,0,0,False,attachment1_123_only,any_primary_feature_outside_reference_quantile_interval,131,68,-63,0,0,1,0.06059795199,True,True,PASS,0.04805300557,0.2064654309,0.8383412845,False,False,True,True,label_spreading_disagreement|rating_entropy,1,False,repeated_fold_model_instability_5th_to_95th_percentile; not an external confidence interval,historical invoice behavior relative default tendency; 302 firms have no observed default labels
E248,***智能科技有限公司,0.1381627205,0.1360826097,0.01899409178,0.1073479302,0.1141859853,0.1313970624,0.1630355524,0.1663814721,0.100584158,0.1764284343,50,0.0003637347957,123,302,True,0.109070346,0.3937529217,0.4266935602,0.07048317211,C,0,0,0,0,False,attachment1_123_only,any_primary_feature_outside_reference_quantile_interval,132,276,144,0,0,1,0.07048317211,True,True,PASS,0.05903354186,0.1377989857,0.8360581374,False,False,False,True,rating_entropy,1,False,repeated_fold_model_instability_5th_to_95th_percentile; not an external confidence interval,historical invoice behavior relative default tendency; 302 firms have no observed default labels
E219,***品牌营销策划有限公司,0.137299131,0.1513507163,0.03453205687,0.1009516989,0.1097477536,0.1453334759,0.1975314958,0.2103282921,0.0898562302,0.2367856862,50,0.02827016619,123,302,True,0.374924741,0.4571521791,0.1526822124,0.0152408675,B,0,0,0,0,False,attachment1_123_only,any_primary_feature_outside_reference_quantile_interval,133,139,6,0,0,1,0.0152408675,True,True,PASS,0.1093765933,0.1090289649,0.7764281766,False,False,False,True,rating_entropy,1,False,repeated_fold_model_instability_5th_to_95th_percentile; not an external confidence interval,historical invoice behavior relative default tendency; 302 firms have no observed default labels
E281,***商业管理有限责任公司,0.1359964619,0.168903272,0.04492634277,0.1072961204,0.1178297874,0.1647861412,0.2386137019,0.2486754968,0.09494279516,0.2573042524,50,0.001188748448,123,302,True,0.6107734547,0.3176107611,0.06573477137,0.005881012843,A,0,0,0,0,False,attachment1_123_only,any_primary_feature_outside_reference_quantile_interval,134,244,110,0,0,1,0.005881012843,True,True,PASS,0.1413793763,0.1348077135,0.6308540868,False,False,False,False,none,0,False,repeated_fold_model_instability_5th_to_95th_percentile; not an external confidence interval,historical invoice behavior relative default tendency; 302 firms have no observed default labels
E299,***压缩天然气有限责任公司,0.1349061069,0.1642168887,0.04505574558,0.1015428533,0.1094307615,0.1608874994,0.2307099705,0.2494484072,0.08792233413,0.2563538968,50,0.0001046399031,123,302,True,0.5358564135,0.3692449751,0.08692202083,0.007976590602,A,0,0,0,0,False,attachment1_123_only,any_primary_feature_outside_reference_quantile_interval,135,293,158,0,0,1,0.007976590602,True,True,PASS,0.1479055538,0.134801467,0.6874852633,False,False,False,False,none,0,False,repeated_fold_model_instability_5th_to_95th_percentile; not an external confidence interval,historical invoice behavior relative default tendency; 302 firms have no observed default labels
E329,***园艺有限责任公司,0.1341729487,0.1520140238,0.02346964753,0.1213884805,0.1274917252,0.1502937492,0.1842952155,0.1900701902,0.1110928005,0.2304428414,50,0.3625113103,123,302,True,0.1543048218,0.4468637735,0.3504170975,0.04841430724,B,1,0.06666666667,0,3.217132545e-05,True,attachment1_123_only,any_primary_feature_outside_reference_quantile_interval,136,67,-69,0,0,1,0.04841430724,True,True,PASS,0.06868170965,0.2283383616,0.8384749116,True,False,True,True,OOD|label_spreading_disagreement|rating_entropy,1,False,repeated_fold_model_instability_5th_to_95th_percentile; not an external confidence interval,historical invoice behavior relative default tendency; 302 firms have no observed default labels
E278,***贸易有限公司,0.1297228562,0.130453431,0.01558206244,0.1031400906,0.1064571532,0.1312092655,0.1515139775,0.1519464052,0.09615553252,0.1677059596,50,0.001167089182,123,302,True,0.1646974894,0.4549098835,0.3354283233,0.0449643038,B,0,0,0,0,False,attachment1_123_only,any_primary_feature_outside_reference_quantile_interval,137,246,109,0,0,1,0.0449643038,True,True,PASS,0.0488063146,0.128555767,0.8376623078,False,False,False,True,rating_entropy,1,False,repeated_fold_model_instability_5th_to_95th_percentile; not an external confidence interval,historical invoice behavior relative default tendency; 302 firms have no observed default labels
E348,***酒店管理有限公司,0.1280317091,0.1360064796,0.0281171898,0.09238035989,0.09741371518,0.139376681,0.1694225855,0.1850520973,0.07557516838,0.190606104,50,0.0006511467783,123,302,True,0.1732699539,0.4606192569,0.3236967444,0.04241404479,B,0,0,0,0,False,attachment1_123_only,any_primary_feature_outside_reference_quantile_interval,138,260,122,0,0,1,0.04241404479,True,True,PASS,0.09267173742,0.1273805623,0.8367222567,False,False,False,True,rating_entropy,1,False,repeated_fold_model_instability_5th_to_95th_percentile; not an external confidence interval,historical invoice behavior relative default tendency; 302 firms have no observed default labels
E239,个体经营E239,0.1275079889,0.1408359313,0.02131715667,0.1053921309,0.1196199997,0.1398931934,0.1694278997,0.1745254514,0.09549313074,0.1891412321,50,0.3740157464,123,302,True,0.1847119257,0.4670564838,0.308870442,0.03936114847,B,0,0,0,0,False,attachment1_123_only,any_primary_feature_outside_reference_quantile_interval,139,65,-74,0,0,1,0.03936114847,True,True,PASS,0.06913332055,0.2465077575,0.8351377834,False,False,True,True,label_spreading_disagreement|rating_entropy,1,False,repeated_fold_model_instability_5th_to_95th_percentile; not an external confidence interval,historical invoice behavior relative default tendency; 302 firms have no observed default labels
E309,个体经营E309,0.1265243135,0.1298205603,0.0151238849,0.1031884209,0.108233473,0.1300066728,0.1511759689,0.1528956517,0.09573327865,0.1587637205,50,0.0005881979356,123,302,True,0.1442681216,0.4378031618,0.3657395385,0.05218917814,B,0,0,0,0,False,attachment1_123_only,any_primary_feature_outside_reference_quantile_interval,140,262,122,0,0,1,0.05218917814,True,True,PASS,0.0497072308,0.1259361155,0.8388663541,False,False,False,True,rating_entropy,1,False,repeated_fold_model_instability_5th_to_95th_percentile; not an external confidence interval,historical invoice behavior relative default tendency; 302 firms have no observed default labels
E247,***石化有限公司,0.1248915399,0.1236737958,0.02695083569,0.08328604032,0.08557438478,0.1218564151,0.1567804634,0.1724977314,0.08041522823,0.1777439752,50,0.01374274661,123,302,True,0.07498307381,0.3260928684,0.4961720331,0.1027520247,C,0,0,0,0,False,attachment1_123_only,any_primary_feature_outside_reference_quantile_interval,141,165,24,0,0,1,0.07498307381,True,True,PASS,0.08921169109,0.1111487933,0.8231969252,False,False,False,True,rating_entropy,1,False,repeated_fold_model_instability_5th_to_95th_percentile; not an external confidence interval,historical invoice behavior relative default tendency; 302 firms have no observed default labels
E285,个体经营E285,0.1197623134,0.1227775407,0.01898276008,0.0941781947,0.09628518273,0.1210506994,0.1486507826,0.1529683622,0.08323246132,0.1596460455,50,0.0009339185549,123,302,True,0.1464616052,0.439898515,0.3623172083,0.05132267157,B,0,0,0,0,False,attachment1_123_only,any_primary_feature_outside_reference_quantile_interval,142,251,109,0,0,1,0.05132267157,True,True,PASS,0.05879016755,0.1188283948,0.8388170262,False,False,False,True,rating_entropy,1,False,repeated_fold_model_instability_5th_to_95th_percentile; not an external confidence interval,historical invoice behavior relative default tendency; 302 firms have no observed default labels
E295,***电器设备制造有限公司,0.1194089265,0.1233278344,0.01601804587,0.09438900634,0.09963620782,0.1239448154,0.142953774,0.1471299898,0.08535647733,0.1579763189,50,0.0009699779452,123,302,True,0.155358054,0.4477387447,0.3488583534,0.04804484786,B,0,0,0,0,False,attachment1_123_only,any_primary_feature_outside_reference_quantile_interval,143,249,106,0,0,1,0.04804484786,True,True,PASS,0.05274098346,0.1184389486,0.8384103612,False,False,False,True,rating_entropy,1,False,repeated_fold_model_instability_5th_to_95th_percentile; not an external confidence interval,historical invoice behavior relative default tendency; 302 firms have no observed default labels
E343,***五金工具经营部,0.1193691909,0.1420008831,0.02634490308,0.1005137159,0.1089912722,0.1387454675,0.174853672,0.1771435471,0.08257560399,0.197220003,50,0.02742003371,123,302,True,0.2761253473,0.4829839195,0.2171329379,0.02375779522,B,1,0.06666666667,0,1.333946815e-05,True,attachment1_123_only,any_primary_feature_outside_reference_quantile_interval,144,140,-4,0,0,1,0.02375779522,True,True,PASS,0.07662983122,0.09194915719,0.8131849464,True,False,False,True,OOD|rating_entropy,1,False,repeated_fold_model_instability_5th_to_95th_percentile; not an external confidence interval,historical invoice behavior relative default tendency; 302 firms have no observed default labels
E203,***建设工程有限公司,0.1189196725,0.1194444974,0.0196113387,0.09162032367,0.09657619613,0.1168762205,0.1451006664,0.1536068987,0.07543480664,0.1577979523,50,0.0005469683832,123,302,True,0.08960235025,0.3588478935,0.4653593548,0.0861904014,C,0,0,0,0,False,attachment1_123_only,any_primary_feature_outside_reference_quantile_interval,145,267,122,0,0,1,0.0861904014,True,True,PASS,0.061986575,0.1183727041,0.8303908144,False,False,False,True,rating_entropy,1,False,repeated_fold_model_instability_5th_to_95th_percentile; not an external confidence interval,historical invoice behavior relative default tendency; 302 firms have no observed default labels
E175,***食品集团有限公司,0.1170926019,0.1492443066,0.05176385096,0.08529309853,0.09253117981,0.1403049373,0.2276181266,0.2477795458,0.07083269041,0.3023420162,50,0.06203531745,123,302,True,0.7396413693,0.2194902257,0.03761134754,0.003257057422,A,0,0,0,0,False,attachment1_123_only,any_primary_feature_outside_reference_quantile_interval,146,115,-31,0,0,1,0.003257057422,True,True,PASS,0.1624864473,0.05505728448,0.5034636484,False,False,False,False,none,0,False,repeated_fold_model_instability_5th_to_95th_percentile; not an external confidence interval,historical invoice behavior relative default tendency; 302 firms have no observed default labels
E327,个体经营E327,0.1165845069,0.1217094739,0.03815880349,0.07251807862,0.07774113277,0.115794322,0.1769930555,0.189876955,0.06740601188,0.1971889705,50,0.4536539001,123,302,True,0.04627411669,0.2398613386,0.5532644464,0.1606000984,C,0,0,0,0,False,attachment1_123_only,any_primary_feature_outside_reference_quantile_interval,147,51,-96,0,1,1,0.04627411669,True,True,PASS,0.1173588764,0.3370693931,0.7977067628,False,False,True,True,label_spreading_disagreement|rating_entropy,1,False,repeated_fold_model_instability_5th_to_95th_percentile; not an external confidence interval,historical invoice behavior relative default tendency; 302 firms have no observed default labels
E325,***通讯器材有限公司,0.1158806937,0.1487987523,0.04431957103,0.08291000265,0.0953685914,0.1446055489,0.2130240756,0.218140535,0.07713759435,0.2485972995,50,7.047890064e-05,123,302,True,0.566677131,0.348602395,0.0776719947,0.00704847932,A,0,0,0,0,False,attachment1_123_only,any_primary_feature_outside_reference_quantile_interval,148,299,151,0,0,1,0.00704847932,True,True,PASS,0.1352305323,0.1158102148,0.6655263422,False,False,False,False,none,0,False,repeated_fold_model_instability_5th_to_95th_percentile; not an external confidence interval,historical invoice behavior relative default tendency; 302 firms have no observed default labels
E277,***消防设备制造有限公司,0.1156124505,0.1215446764,0.0332947876,0.08127228613,0.08363921484,0.1112492204,0.1672229094,0.1797072019,0.06932077571,0.1857394908,50,0.5972025539,123,302,True,0.03419415257,0.1921023608,0.5659721843,0.2077313023,C,0,0,0,0,False,attachment1_123_only,any_primary_feature_outside_reference_quantile_interval,149,33,-116,0,1,1,0.03419415257,True,True,PASS,0.09843491578,0.4815901033,0.7797439703,False,False,True,True,label_spreading_disagreement|rating_entropy,1,False,repeated_fold_model_instability_5th_to_95th_percentile; not an external confidence interval,historical invoice behavior relative default tendency; 302 firms have no observed default labels
E245,***建筑劳务有限公司,0.1151160159,0.1211414261,0.01672892141,0.09520177502,0.1008717855,0.1211681003,0.1399337468,0.1443848284,0.08202364675,0.1746863705,50,0.00175353006,123,302,True,0.150538185,0.4436193424,0.3560670555,0.04977541718,B,0,0,0,0,False,attachment1_123_only,any_primary_feature_outside_reference_quantile_interval,150,234,84,0,0,1,0.04977541718,True,True,PASS,0.04918305338,0.1133624858,0.8386704748,False,False,False,True,rating_entropy,1,False,repeated_fold_model_instability_5th_to_95th_percentile; not an external confidence interval,historical invoice behavior relative default tendency; 302 firms have no observed default labels
E262,个体经营E262,0.1149894534,0.1177330924,0.01537230441,0.09503323534,0.09758824739,0.1165455654,0.1393584715,0.1466180112,0.09045377315,0.1506990557,50,0.0008352340784,123,302,True,0.1319445528,0.4247337418,0.3857641551,0.05755755031,B,0,0,0,0,False,attachment1_123_only,any_primary_feature_outside_reference_quantile_interval,151,253,102,0,0,1,0.05755755031,True,True,PASS,0.05158477586,0.1141542193,0.838718049,False,False,False,True,rating_entropy,1,False,repeated_fold_model_instability_5th_to_95th_percentile; not an external confidence interval,historical invoice behavior relative default tendency; 302 firms have no observed default labels
E236,个体经营E236,0.1133525056,0.1209435937,0.02322636029,0.08365212844,0.08664396328,0.1218751062,0.1514000504,0.1567003932,0.07361512861,0.1733533019,50,0.001994341871,123,302,True,0.152744098,0.4455414905,0.3527437961,0.0489706154,B,0,0,0,0,False,attachment1_123_only,any_primary_feature_outside_reference_quantile_interval,152,226,74,0,0,1,0.0489706154,True,True,PASS,0.07304826475,0.1113581637,0.8385627263,False,False,False,True,rating_entropy,1,False,repeated_fold_model_instability_5th_to_95th_percentile; not an external confidence interval,historical invoice behavior relative default tendency; 302 firms have no observed default labels
E271,***科技有限公司,0.1124653432,0.1141933755,0.01874350896,0.08550075656,0.09276317738,0.1123820144,0.1398502788,0.1450499823,0.0753814623,0.1544425593,50,0.001896079183,123,302,True,0.09898262059,0.3767827222,0.4463170825,0.07791757469,C,0,0,0,0,False,attachment1_123_only,any_primary_feature_outside_reference_quantile_interval,153,228,75,0,0,1,0.07791757469,True,True,PASS,0.05954922572,0.110569264,0.8335962789,False,False,False,True,rating_entropy,1,False,repeated_fold_model_instability_5th_to_95th_percentile; not an external confidence interval,historical invoice behavior relative default tendency; 302 firms have no observed default labels
E268,***建筑劳务有限公司,0.1112176214,0.1212873022,0.0150960649,0.09948481528,0.1029927728,0.1196339883,0.1392371186,0.1490858952,0.0948878555,0.168637146,50,0.03113818204,123,302,True,0.1269288333,0.418737327,0.3943133927,0.06002044699,B,0,0,0,0,False,attachment1_123_only,any_primary_feature_outside_reference_quantile_interval,154,137,-17,0,0,1,0.06002044699,True,True,PASS,0.04960107997,0.08007943938,0.8384269189,False,False,False,True,rating_entropy,1,False,repeated_fold_model_instability_5th_to_95th_percentile; not an external confidence interval,historical invoice behavior relative default tendency; 302 firms have no observed default labels
E198,***商贸有限公司,0.1107815779,0.131339082,0.03794659997,0.07545546684,0.08303070457,0.1275302335,0.1707146264,0.2000043341,0.06417378595,0.2266657712,50,0.04177504432,123,302,True,0.5961154699,0.3280873866,0.06954692303,0.00625022041,A,0,0,0,0,False,attachment1_123_only,any_primary_feature_outside_reference_quantile_interval,155,124,-31,0,0,1,0.00625022041,True,True,PASS,0.1245488673,0.06900653354,0.6428244883,False,False,False,False,none,0,False,repeated_fold_model_instability_5th_to_95th_percentile; not an external confidence interval,historical invoice behavior relative default tendency; 302 firms have no observed default labels
E326,***包装材料有限公司,0.1107702056,0.117966004,0.01623382474,0.09207844948,0.09598132487,0.1182280313,0.1382689457,0.1431859501,0.07189817627,0.1516498262,50,0.011036966,123,302,True,0.1763190128,0.4624619842,0.3196552655,0.04156373756,B,0,0,0,0,False,attachment1_123_only,any_primary_feature_outside_reference_quantile_interval,156,176,20,0,0,1,0.04156373756,True,True,PASS,0.05110750066,0.09973323959,0.8363349709,False,False,False,True,rating_entropy,1,False,repeated_fold_model_instability_5th_to_95th_percentile; not an external confidence interval,historical invoice behavior relative default tendency; 302 firms have no observed default labels
E302,***机电设备有限公司,0.1098135803,0.1145179031,0.01649800854,0.08622775719,0.09048091386,0.1153156248,0.13279139,0.139516657,0.0754463182,0.1468735915,50,0.001849387782,123,302,True,0.2358223017,0.4824370637,0.2525375104,0.02920312425,B,0,0,0,0,False,attachment1_123_only,any_primary_feature_outside_reference_quantile_interval,157,231,74,0,0,1,0.02920312425,True,True,PASS,0.05328889976,0.1079641925,0.8245487677,False,False,False,True,rating_entropy,1,False,repeated_fold_model_instability_5th_to_95th_percentile; not an external confidence interval,historical invoice behavior relative default tendency; 302 firms have no observed default labels
E301,***企业管理咨询有限公司,0.1094155271,0.1122001767,0.01468907859,0.09212930075,0.09490401749,0.1111663892,0.1318856574,0.1388010358,0.08623566008,0.1445234223,50,0.005985366846,123,302,True,0.167583898,0.4569218299,0.3314162505,0.04407802152,B,0,0,0,0,False,attachment1_123_only,any_primary_feature_outside_reference_quantile_interval,158,199,41,0,0,1,0.04407802152,True,True,PASS,0.04667173502,0.1034301603,0.837371304,False,False,False,True,rating_entropy,1,False,repeated_fold_model_instability_5th_to_95th_percentile; not an external confidence interval,historical invoice behavior relative default tendency; 302 firms have no observed default labels
E199,***建筑劳务有限公司,0.1077748206,0.1190498514,0.0324404312,0.07838890342,0.08414483397,0.1132759075,0.1627475946,0.1775497432,0.06486169041,0.2101046818,50,0.2549734001,123,302,True,0.09136569967,0.3623901007,0.4617265555,0.08451764404,C,0,0,0,0,False,attachment1_123_only,any_primary_feature_outside_reference_quantile_interval,159,92,-67,0,0,1,0.08451764404,True,True,PASS,0.09916083977,0.1471985795,0.8310686964,False,False,False,True,rating_entropy,1,False,repeated_fold_model_instability_5th_to_95th_percentile; not an external confidence interval,historical invoice behavior relative default tendency; 302 firms have no observed default labels
E288,个体经营E288,0.1071769949,0.1158344876,0.01440695548,0.08960985643,0.1021163298,0.1148558838,0.1297519514,0.1362409373,0.07875655974,0.1508055421,50,0.008850928067,123,302,True,0.1573446304,0.4493516222,0.3459430569,0.04736069048,B,0,0,0,0,False,attachment1_123_only,any_primary_feature_outside_reference_quantile_interval,160,184,24,0,0,1,0.04736069048,True,True,PASS,0.04663108087,0.09832606686,0.8382772743,False,False,False,True,rating_entropy,1,False,repeated_fold_model_instability_5th_to_95th_percentile; not an external confidence interval,historical invoice behavior relative default tendency; 302 firms have no observed default labels
E263,***通信工程有限公司,0.1057377901,0.1113145781,0.01599447465,0.08724222626,0.09015405581,0.1126838714,0.1313824107,0.1359209508,0.07568687139,0.1492505009,50,0.02242385377,123,302,True,0.1495041758,0.4426965193,0.3576389483,0.0501603566,B,0,0,0,0,False,attachment1_123_only,any_primary_feature_outside_reference_quantile_interval,161,148,-13,0,0,1,0.0501603566,True,True,PASS,0.04867872449,0.08331393635,0.838714215,False,False,False,True,rating_entropy,1,False,repeated_fold_model_instability_5th_to_95th_percentile; not an external confidence interval,historical invoice behavior relative default tendency; 302 firms have no observed default labels
E292,***物流有限公司,0.1048759192,0.1128596095,0.01349290923,0.09028232802,0.0921186465,0.1126761063,0.1302669025,0.1345143562,0.08090696363,0.1386462718,50,0.01134543087,123,302,True,0.1899793772,0.4696002437,0.3023468653,0.03807351388,B,0,0,0,0,False,attachment1_123_only,any_primary_feature_outside_reference_quantile_interval,162,174,12,0,0,1,0.03807351388,True,True,PASS,0.04423202814,0.09353048829,0.8342948921,False,False,False,True,rating_entropy,1,False,repeated_fold_model_instability_5th_to_95th_percentile; not an external confidence interval,historical invoice behavior relative default tendency; 302 firms have no observed default labels
E154,***汽车销售服务有限公司,0.104624478,0.1426266852,0.05313118025,0.07518056661,0.09060283082,0.1386740799,0.2177222737,0.2552728855,0.06044192526,0.2824261554,50,0.7430644688,123,302,True,0.6242349977,0.307847563,0.0623604498,0.005556989494,A,1,0.06666666667,0,0.04623021284,True,attachment1_123_only,any_primary_feature_outside_reference_quantile_interval,163,25,-138,0,1,1,0.005556989494,True,True,PASS,0.1800923188,0.6384399908,0.6194521834,True,False,True,False,OOD|label_spreading_disagreement,1,False,repeated_fold_model_instability_5th_to_95th_percentile; not an external confidence interval,historical invoice behavior relative default tendency; 302 firms have no observed default labels
E133,个体经营E133,0.1043128943,0.1060657433,0.02472328286,0.07288307758,0.07612597761,0.1044412082,0.136133192,0.148346914,0.05529211166,0.1748803352,50,0.001056658151,123,302,True,0.1077353827,0.39163485,0.4292362949,0.07139347246,C,0,0,0,0,False,attachment1_123_only,any_primary_feature_outside_reference_quantile_interval,164,248,84,0,0,1,0.07139347246,True,True,PASS,0.07546383647,0.1032562361,0.8357845213,False,False,False,True,rating_entropy,1,False,repeated_fold_model_instability_5th_to_95th_percentile; not an external confidence interval,historical invoice behavior relative default tendency; 302 firms have no observed default labels
E311,***律师事务所,0.104171339,0.1125578276,0.01722244708,0.08758307905,0.0917363279,0.1136206466,0.1358545634,0.1424614354,0.07186381895,0.152859189,50,0.02227304086,123,302,True,0.1336507053,0.4266807022,0.3829094486,0.05675914386,B,0,0,0,0,False,attachment1_123_only,any_primary_feature_outside_reference_quantile_interval,165,149,-16,0,0,1,0.05675914386,True,True,PASS,0.05487835632,0.08189829809,0.8387848137,False,False,False,True,rating_entropy,1,False,repeated_fold_model_instability_5th_to_95th_percentile; not an external confidence interval,historical invoice behavior relative default tendency; 302 firms have no observed default labels
E306,个体经营E306,0.1041160638,0.1122392675,0.01310643986,0.09264653,0.09429060352,0.1116820562,0.1308491473,0.1336907229,0.08141608708,0.1368266161,50,0.006211972733,123,302,True,0.190758983,0.4699554484,0.3013968719,0.03788869672,B,0,0,0,0,False,attachment1_123_only,any_primary_feature_outside_reference_quantile_interval,166,195,29,0,0,1,0.03788869672,True,True,PASS,0.0410441929,0.09790409105,0.8341644909,False,False,False,True,rating_entropy,1,False,repeated_fold_model_instability_5th_to_95th_percentile; not an external confidence interval,historical invoice behavior relative default tendency; 302 firms have no observed default labels
E157,***环境设备工程有限公司,0.1040462037,0.1039273841,0.01917299931,0.07595249763,0.07994285292,0.1028630252,0.130358356,0.1354831599,0.07004568592,0.1479661337,50,0.01423738399,123,302,True,0.08509086722,0.3494029714,0.4747517629,0.09075439853,C,0,0,0,0,False,attachment1_123_only,any_primary_feature_outside_reference_quantile_interval,167,162,-5,0,0,1,0.08509086722,True,True,PASS,0.05953066231,0.08980881974,0.8284828593,False,False,False,True,rating_entropy,1,False,repeated_fold_model_instability_5th_to_95th_percentile; not an external confidence interval,historical invoice behavior relative default tendency; 302 firms have no observed default labels
E272,个体经营E272,0.1034142538,0.1059711283,0.01755436098,0.07098389183,0.08529026812,0.1088179227,0.1268206421,0.130413086,0.05648278262,0.1333201222,50,0.0008433978532,123,302,True,0.1187606842,0.4080502734,0.4087450515,0.06444399084,C,0,0,0,0,False,attachment1_123_only,any_primary_feature_outside_reference_quantile_interval,168,252,84,0,0,1,0.06444399084,True,True,PASS,0.0594291942,0.102570856,0.8376221724,False,False,False,True,rating_entropy,1,False,repeated_fold_model_instability_5th_to_95th_percentile; not an external confidence interval,historical invoice behavior relative default tendency; 302 firms have no observed default labels
E257,***门窗安装有限公司,0.1029904499,0.1105386812,0.01417607201,0.08318184151,0.0919818383,0.1100982917,0.1267931162,0.1349617088,0.0789002518,0.1421321613,50,0.0007802190904,123,302,True,0.1359588846,0.4292421682,0.3790900968,0.05570885036,B,0,0,0,0,False,attachment1_123_only,any_primary_feature_outside_reference_quantile_interval,169,256,87,0,0,1,0.05570885036,True,True,PASS,0.05177986726,0.1022102308,0.8388503836,False,False,False,True,rating_entropy,1,False,repeated_fold_model_instability_5th_to_95th_percentile; not an external confidence interval,historical invoice behavior relative default tendency; 302 firms have no observed default labels
E184,***建筑装饰工程有限公司,0.1026369757,0.1049747951,0.01795847994,0.08000470807,0.08165295408,0.1034244815,0.1309602566,0.1373019317,0.07664629178,0.1454785518,50,0.0008322391548,123,302,True,0.1177485484,0.4066420549,0.4105776883,0.06503170842,C,0,0,0,0,False,attachment1_123_only,any_primary_feature_outside_reference_quantile_interval,170,254,84,0,0,1,0.06503170842,True,True,PASS,0.05729722358,0.1018047366,0.8374914492,False,False,False,True,rating_entropy,1,False,repeated_fold_model_instability_5th_to_95th_percentile; not an external confidence interval,historical invoice behavior relative default tendency; 302 firms have no observed default labels
E308,***餐饮文化服务有限公司,0.1023082722,0.1113067943,0.02729436375,0.07415416543,0.08014547762,0.1097524987,0.1371560254,0.160505747,0.04765135854,0.1850047832,50,0.004415907768,123,302,True,0.1726698468,0.4602452574,0.3245001412,0.04258475463,B,1,0.06666666667,0,0.003988528103,True,attachment1_123_only,any_primary_feature_outside_reference_quantile_interval,171,210,39,0,0,1,0.04258475463,True,True,PASS,0.0863515816,0.09789236438,0.8367953291,True,False,False,True,OOD|rating_entropy,1,False,repeated_fold_model_instability_5th_to_95th_percentile; not an external confidence interval,historical invoice behavior relative default tendency; 302 firms have no observed default labels
E215,***建筑工程有限公司,0.1017355454,0.1115520683,0.02113366698,0.07930997032,0.08485220447,0.108015372,0.1370884234,0.1498114147,0.07612546563,0.1743457275,50,0.01406444887,123,302,True,0.2002583915,0.4738630357,0.2901314277,0.03574714506,B,0,0,0,0,False,attachment1_123_only,any_primary_feature_outside_reference_quantile_interval,172,164,-8,0,0,1,0.03574714506,True,True,PASS,0.07050144439,0.08767109655,0.8324653607,False,False,False,True,rating_entropy,1,False,repeated_fold_model_instability_5th_to_95th_percentile; not an external confidence interval,historical invoice behavior relative default tendency; 302 firms have no observed default labels
E183,***建设工程有限公司,0.1000379791,0.1010349675,0.02674765992,0.06508221864,0.06805002411,0.0967000151,0.1373966554,0.1435438381,0.05478002548,0.1618399591,50,0.007019377851,123,302,True,0.06749019864,0.3066884333,0.5121388985,0.1136824695,C,0,0,0,0,False,attachment1_123_only,any_primary_feature_outside_reference_quantile_interval,173,190,17,0,0,1,0.06749019864,True,True,PASS,0.07846161946,0.09301860129,0.818230212,False,False,False,True,rating_entropy,1,False,repeated_fold_model_instability_5th_to_95th_percentile; not an external confidence interval,historical invoice behavior relative default tendency; 302 firms have no observed default labels
E265,***净化工程有限公司,0.09913207024,0.106646626,0.01361668857,0.08302293011,0.0896043158,0.1070792368,0.1244350431,0.1298413842,0.07587913713,0.1362193704,50,0.04085472852,123,302,True,0.1425955921,0.4361603544,0.3683773562,0.05286669725,B,0,0,0,0,False,attachment1_123_only,any_primary_feature_outside_reference_quantile_interval,174,129,-45,0,0,1,0.05286669725,True,True,PASS,0.04681845409,0.05827734172,0.8388894822,False,False,False,True,rating_entropy,1,False,repeated_fold_model_instability_5th_to_95th_percentile; not an external confidence interval,historical invoice behavior relative default tendency; 302 firms have no observed default labels
E266,***煤矿机械有限公司,0.09670787284,0.1031316396,0.02111421235,0.06896852299,0.07505417866,0.105142154,0.1364870139,0.1384670378,0.06069544181,0.1402799609,50,0.02715422653,123,302,True,0.1069167924,0.3903174234,0.4308037844,0.07196199967,C,0,0,0,0,False,attachment1_123_only,any_primary_feature_outside_reference_quantile_interval,175,141,-34,0,0,1,0.07196199967,True,True,PASS,0.0694985148,0.06955364631,0.8356092571,False,False,False,True,rating_entropy,1,False,repeated_fold_model_instability_5th_to_95th_percentile; not an external confidence interval,historical invoice behavior relative default tendency; 302 firms have no observed default labels
E201,***物流有限责任公司,0.09619321977,0.1028498515,0.01871019952,0.07327168084,0.08064963776,0.1004344219,0.1286568947,0.1320561543,0.06431655542,0.1441286473,50,0.01337581563,123,302,True,0.2285349232,0.481378426,0.2597019737,0.03038467718,B,0,0,0,0,False,attachment1_123_only,any_primary_feature_outside_reference_quantile_interval,176,169,-7,0,0,1,0.03038467718,True,True,PASS,0.05878447344,0.08281740414,0.8263492068,False,False,False,True,rating_entropy,1,False,repeated_fold_model_instability_5th_to_95th_percentile; not an external confidence interval,historical invoice behavior relative default tendency; 302 firms have no observed default labels
E200,个体经营E200,0.09616659389,0.1190219628,0.03040654998,0.07730962925,0.07897090125,0.1103319199,0.1671704252,0.1754656851,0.0615383128,0.1903155241,50,0.0005211159891,123,302,True,0.7371506583,0.2214725073,0.03807764761,0.003299186828,A,0,0,0,0,False,attachment1_123_only,any_primary_feature_outside_reference_quantile_interval,177,270,93,0,0,1,0.003299186828,True,True,PASS,0.09815605582,0.0956454779,0.5063559101,False,False,False,False,none,0,False,repeated_fold_model_instability_5th_to_95th_percentile; not an external confidence interval,historical invoice behavior relative default tendency; 302 firms have no observed default labels
E186,***建筑劳务有限公司,0.09599836002,0.09834371933,0.02493964781,0.06095401015,0.06236108904,0.09742594783,0.1387587353,0.1432689308,0.05234093372,0.1490832493,50,0.004173702304,123,302,True,0.1052481452,0.3875873553,0.4340184426,0.07314605687,C,0,0,0,0,False,attachment1_123_only,any_primary_feature_outside_reference_quantile_interval,178,212,34,0,0,1,0.07314605687,True,True,PASS,0.08231492064,0.09182465771,0.8352339463,False,False,False,True,rating_entropy,1,False,repeated_fold_model_instability_5th_to_95th_percentile; not an external confidence interval,historical invoice behavior relative default tendency; 302 firms have no observed default labels
E260,***广告有限公司,0.09531751593,0.1002614316,0.01449160601,0.07363065365,0.08083301116,0.1000055282,0.1178801533,0.1229050192,0.06747560844,0.1319982741,50,0.2559202787,123,302,True,0.1881738428,0.4687567567,0.3045622565,0.038507144,B,0,0,0,0,False,attachment1_123_only,any_primary_feature_outside_reference_quantile_interval,179,91,-88,0,0,1,0.038507144,True,True,PASS,0.04927436558,0.1606027628,0.8345913795,False,False,False,True,rating_entropy,1,False,repeated_fold_model_instability_5th_to_95th_percentile; not an external confidence interval,historical invoice behavior relative default tendency; 302 firms have no observed default labels
E275,***网络工程有限公司,0.09458359975,0.1003179538,0.01807500079,0.07124234256,0.07749377855,0.1027642008,0.1188736169,0.1300878365,0.04964091578,0.1370492665,50,0.002407494047,123,302,True,0.21736692,0.4790912772,0.2711989936,0.03234280917,B,0,0,0,0,False,attachment1_123_only,any_primary_feature_outside_reference_quantile_interval,180,223,43,0,0,1,0.03234280917,True,True,PASS,0.05884549395,0.0921761057,0.8289385206,False,False,False,True,rating_entropy,1,False,repeated_fold_model_instability_5th_to_95th_percentile; not an external confidence interval,historical invoice behavior relative default tendency; 302 firms have no observed default labels
E229,***家贸易有限公司,0.09451816872,0.1205877662,0.04794318728,0.05678198947,0.06401333959,0.1146267047,0.1824662423,0.2126224246,0.04701604024,0.2312959599,50,0.01364316565,123,302,True,0.4582260081,0.4165735963,0.1143439119,0.01085648376,A,1,0.06666666667,0,7.542959696e-05,True,attachment1_123_only,any_primary_feature_outside_reference_quantile_interval,181,167,-14,0,0,1,0.01085648376,True,True,PASS,0.1558404351,0.08087500307,0.7353778344,True,False,False,False,OOD,1,False,repeated_fold_model_instability_5th_to_95th_percentile; not an external confidence interval,historical invoice behavior relative default tendency; 302 firms have no observed default labels
E290,***机电有限公司,0.0929357457,0.0974350201,0.0139328715,0.07475941582,0.08023308489,0.09763666574,0.1140315479,0.1188215527,0.06027176336,0.1255543105,50,0.009024126845,123,302,True,0.215899156,0.4787274986,0.272758752,0.03261459346,B,0,0,0,0,False,attachment1_123_only,any_primary_feature_outside_reference_quantile_interval,182,183,1,0,0,1,0.03261459346,True,True,PASS,0.0440621369,0.08391161886,0.8292627345,False,False,False,True,rating_entropy,1,False,repeated_fold_model_instability_5th_to_95th_percentile; not an external confidence interval,historical invoice behavior relative default tendency; 302 firms have no observed default labels
E270,个体经营E270,0.09289703563,0.1007813343,0.01417103326,0.07936397651,0.08440114104,0.1000031715,0.1182052764,0.1241030227,0.06292325028,0.1295138661,50,0.00205613275,123,302,True,0.1706557038,0.4589622839,0.327215983,0.04316602927,B,0,0,0,0,False,attachment1_123_only,any_primary_feature_outside_reference_quantile_interval,183,225,42,0,0,1,0.04316602927,True,True,PASS,0.04473904622,0.09084090288,0.8370328069,False,False,False,True,rating_entropy,1,False,repeated_fold_model_instability_5th_to_95th_percentile; not an external confidence interval,historical invoice behavior relative default tendency; 302 firms have no observed default labels
E244,个体经营E244,0.0927428833,0.0966777569,0.01474744164,0.07525761341,0.07865959294,0.09354717826,0.1133035747,0.1205156646,0.06339875359,0.1268706424,50,0.006471060544,123,302,True,0.1320295534,0.4248318333,0.3856212957,0.05751731763,B,0,0,0,0,False,attachment1_123_only,any_primary_feature_outside_reference_quantile_interval,184,193,9,0,0,1,0.05751731763,True,True,PASS,0.04525805117,0.08627182276,0.8387217516,False,False,False,True,rating_entropy,1,False,repeated_fold_model_instability_5th_to_95th_percentile; not an external confidence interval,historical invoice behavior relative default tendency; 302 firms have no observed default labels
E166,***建筑工程有限公司,0.09217207109,0.09671798953,0.02645393522,0.05238899155,0.06322489562,0.09564887936,0.1217378661,0.1336036466,0.02568138568,0.1721222348,50,0.198844771,123,302,True,0.04969554285,0.2519863625,0.5475636659,0.1507544287,C,0,0,0,0,False,attachment1_123_only,any_primary_feature_outside_reference_quantile_interval,185,96,-89,0,0,1,0.04969554285,True,True,PASS,0.08121465502,0.1066726999,0.8018057405,False,False,False,True,rating_entropy,1,False,repeated_fold_model_instability_5th_to_95th_percentile; not an external confidence interval,historical invoice behavior relative default tendency; 302 firms have no observed default labels
E253,***钢结构工程有限公司,0.09195874466,0.09868157252,0.0145209618,0.07174438794,0.08078698516,0.09826160302,0.1191761073,0.1208503149,0.06576791059,0.1292261211,50,0.0002908948158,123,302,True,0.2144597612,0.4783559243,0.2742997281,0.03288458644,B,0,0,0,0,False,attachment1_123_only,any_primary_feature_outside_reference_quantile_interval,186,278,92,0,0,1,0.03288458644,True,True,PASS,0.04910592695,0.09166784985,0.8295769078,False,False,False,True,rating_entropy,1,False,repeated_fold_model_instability_5th_to_95th_percentile; not an external confidence interval,historical invoice behavior relative default tendency; 302 firms have no observed default labels
E287,***鞋材有限公司,0.09186857894,0.1021573281,0.02078694306,0.07314069163,0.07735362446,0.1006503114,0.1298819775,0.1360761905,0.04839629992,0.1497220043,50,0.0005806166353,123,302,True,0.2516268786,0.4836594607,0.2378463214,0.02686733934,B,0,0,0,0,False,attachment1_123_only,any_primary_feature_outside_reference_quantile_interval,187,265,78,0,0,1,0.02686733934,True,True,PASS,0.0629354989,0.0912879623,0.8203653482,False,False,False,True,rating_entropy,1,False,repeated_fold_model_instability_5th_to_95th_percentile; not an external confidence interval,historical invoice behavior relative default tendency; 302 firms have no observed default labels
E202,个体经营E202,0.09030216428,0.0941446734,0.02993148239,0.05152441072,0.05387225929,0.09181536622,0.139219832,0.1406883183,0.04586770176,0.1611626067,50,0.3284115043,123,302,True,0.07733652916,0.3318008512,0.4911538969,0.09970872276,C,0,0,0,0,False,attachment1_123_only,any_primary_feature_outside_reference_quantile_interval,188,75,-113,0,0,1,0.07733652916,True,True,PASS,0.08916390761,0.23810934,0.8245630885,False,False,True,True,label_spreading_disagreement|rating_entropy,1,False,repeated_fold_model_instability_5th_to_95th_percentile; not an external confidence interval,historical invoice behavior relative default tendency; 302 firms have no observed default labels
E298,***电器维护服务有限公司,0.09015498086,0.09604316846,0.01825785903,0.0755371867,0.07749081735,0.09365222857,0.118405317,0.1285172662,0.04724059291,0.1399048984,50,0.01974902329,123,302,True,0.1871067041,0.4682443777,0.3058817353,0.03876718295,B,0,0,0,0,False,attachment1_123_only,any_primary_feature_outside_reference_quantile_interval,189,155,-34,0,0,1,0.03876718295,True,True,PASS,0.05298007951,0.07040595756,0.8347629389,False,False,False,True,rating_entropy,1,False,repeated_fold_model_instability_5th_to_95th_percentile; not an external confidence interval,historical invoice behavior relative default tendency; 302 firms have no observed default labels
E321,***生物流有限公司,0.09003869815,0.1073833127,0.02068218329,0.07251785598,0.0833051845,0.107870772,0.1309095166,0.1357783953,0.06365615589,0.1730931889,50,0.005951294947,123,302,True,0.3359670091,0.47097275,0.1750429975,0.01801724344,B,0,0,0,0,False,attachment1_123_only,any_primary_feature_outside_reference_quantile_interval,190,200,10,0,0,1,0.01801724344,True,True,PASS,0.06326053935,0.08408740321,0.7923939271,False,False,False,True,rating_entropy,1,False,repeated_fold_model_instability_5th_to_95th_percentile; not an external confidence interval,historical invoice behavior relative default tendency; 302 firms have no observed default labels
E181,***食品有限公司,0.08976755602,0.115682145,0.04580117229,0.05308179325,0.06459132932,0.1106095876,0.1738779091,0.1971269706,0.04544115318,0.2339185651,50,0.001199922393,123,302,True,0.6511524813,0.2879467032,0.05595212967,0.00494868576,A,0,0,0,0,False,attachment1_123_only,any_primary_feature_outside_reference_quantile_interval,191,242,51,0,0,1,0.00494868576,True,True,PASS,0.1440451774,0.08856763363,0.595425447,False,False,False,False,none,0,False,repeated_fold_model_instability_5th_to_95th_percentile; not an external confidence interval,historical invoice behavior relative default tendency; 302 firms have no observed default labels
E310,***律师事务所,0.08900555614,0.0988360401,0.0243119613,0.06822139966,0.07627754314,0.0998761382,0.1232539089,0.1315890832,0.01951255984,0.1581751927,50,0.2541680292,123,302,True,0.1852142923,0.4673100794,0.3082402913,0.0392353371,B,0,0,0,0,False,attachment1_123_only,any_primary_feature_outside_reference_quantile_interval,192,93,-99,0,0,1,0.0392353371,True,True,PASS,0.06336768357,0.1651624731,0.8350603285,False,False,False,True,rating_entropy,1,False,repeated_fold_model_instability_5th_to_95th_percentile; not an external confidence interval,historical invoice behavior relative default tendency; 302 firms have no observed default labels
E191,***商贸有限责任公司,0.08893492673,0.1209983277,0.05067382499,0.05734422137,0.06641254198,0.1109838841,0.1998784088,0.2170214363,0.05148929719,0.2672134107,50,0.001169624801,123,302,True,0.8141728976,0.1589417864,0.02477102542,0.002114290595,A,1,0.06666666667,0,0.1586872057,True,attachment1_123_only,any_primary_feature_outside_reference_quantile_interval,193,245,52,0,0,1,0.002114290595,True,True,PASS,0.1596772149,0.08776530193,0.4070819732,True,False,False,False,OOD,1,False,repeated_fold_model_instability_5th_to_95th_percentile; not an external confidence interval,historical invoice behavior relative default tendency; 302 firms have no observed default labels
E222,***数码科技有限公司,0.08882951254,0.09443886063,0.01921599859,0.06372326949,0.07003095549,0.09494967911,0.1205729393,0.122464055,0.04608062651,0.1335005905,50,0.0004576577598,123,302,True,0.1833140401,0.4663383774,0.3106328987,0.03971468383,B,0,0,0,0,False,attachment1_123_only,any_primary_feature_outside_reference_quantile_interval,194,273,79,0,0,1,0.03971468383,True,True,PASS,0.05874078551,0.08837185478,0.8353499652,False,False,False,True,rating_entropy,1,False,repeated_fold_model_instability_5th_to_95th_percentile; not an external confidence interval,historical invoice behavior relative default tendency; 302 firms have no observed default labels
E252,***印务有限公司,0.08761255549,0.09233006164,0.0139312793,0.06975671545,0.07479631589,0.09278905366,0.1089152324,0.1157423313,0.06522761617,0.1196638592,50,0.001894323877,123,302,True,0.2215345679,0.4800426313,0.2668328762,0.03158992467,B,0,0,0,0,False,attachment1_123_only,any_primary_feature_outside_reference_quantile_interval,195,229,34,0,0,1,0.03158992467,True,True,PASS,0.04598561586,0.08571823161,0.8279971693,False,False,False,True,rating_entropy,1,False,repeated_fold_model_instability_5th_to_95th_percentile; not an external confidence interval,historical invoice behavior relative default tendency; 302 firms have no observed default labels
E177,***电力工程有限公司,0.08746342911,0.09265814475,0.02083130886,0.06356530265,0.06734238415,0.09089688541,0.1209037627,0.1260006015,0.05494335142,0.1384947813,50,6.583071421e-05,123,302,True,0.1875240991,0.4684460211,0.3053647428,0.03866513704,B,0,0,0,0,False,attachment1_123_only,any_primary_feature_outside_reference_quantile_interval,196,300,104,0,0,1,0.03866513704,True,True,PASS,0.06243529882,0.08739759839,0.8346961644,False,False,False,True,rating_entropy,1,False,repeated_fold_model_instability_5th_to_95th_percentile; not an external confidence interval,historical invoice behavior relative default tendency; 302 firms have no observed default labels
E128,个体经营E128,0.08646573004,0.08851604403,0.02852651359,0.04471411682,0.04944512656,0.08516596358,0.1273276989,0.1312576457,0.03700125766,0.1561967952,50,0.01537447717,123,302,True,0.06461960122,0.2987266072,0.5181972186,0.118456573,C,0,0,0,0,False,attachment1_123_only,any_primary_feature_outside_reference_quantile_interval,197,159,-38,0,0,1,0.06461960122,True,True,PASS,0.08654352885,0.07109125287,0.8160553801,False,False,False,True,rating_entropy,1,False,repeated_fold_model_instability_5th_to_95th_percentile; not an external confidence interval,historical invoice behavior relative default tendency; 302 firms have no observed default labels
E330,***酒店管理有限公司,0.08639627604,0.09132929355,0.01677458456,0.06512779431,0.06883432603,0.09396965314,0.1132541739,0.1150725809,0.05176135138,0.1175121489,50,0.0005321235658,123,302,True,0.1734062077,0.4607036498,0.323514701,0.0423754414,B,0,0,0,0,False,attachment1_123_only,any_primary_feature_outside_reference_quantile_interval,198,268,70,0,0,1,0.0423754414,True,True,PASS,0.04994478663,0.08586415247,0.8367055193,False,False,False,True,rating_entropy,1,False,repeated_fold_model_instability_5th_to_95th_percentile; not an external confidence interval,historical invoice behavior relative default tendency; 302 firms have no observed default labels
E158,***装饰工程有限公司,0.08635403357,0.1099711399,0.0320810711,0.06056036095,0.06498374179,0.1153509556,0.1522207762,0.1575790699,0.0456575754,0.1760688017,50,0.02367250215,123,302,True,0.2400253267,0.4829012149,0.2485204024,0.02855305602,B,0,0,0,0,False,attachment1_123_only,any_primary_feature_outside_reference_quantile_interval,199,146,-53,0,0,1,0.02855305602,True,True,PASS,0.09701870892,0.06268153142,0.8234726165,False,False,False,True,rating_entropy,1,False,repeated_fold_model_instability_5th_to_95th_percentile; not an external confidence interval,historical invoice behavior relative default tendency; 302 firms have no observed default labels
E305,***劳务有限公司,0.08583723883,0.09571593086,0.01766804774,0.06845547935,0.07581211472,0.09507828475,0.1178415341,0.1237737727,0.05117542365,0.1372117569,50,0.01140833369,123,302,True,0.2363341306,0.4824991948,0.2520439025,0.02912277208,B,0,0,0,0,False,attachment1_123_only,any_primary_feature_outside_reference_quantile_interval,200,173,-27,0,0,1,0.02912277208,True,True,PASS,0.0553182933,0.07442890514,0.8244191695,False,False,False,True,rating_entropy,1,False,repeated_fold_model_instability_5th_to_95th_percentile; not an external confidence interval,historical invoice behavior relative default tendency; 302 firms have no observed default labels
E189,***石油工程技术服务有限公司,0.08558044961,0.09008422777,0.01551607947,0.06707254432,0.07044290017,0.08879511447,0.1097051406,0.1157699821,0.06313696764,0.124338841,50,0.007475762671,123,302,True,0.1978942018,0.4729614639,0.2928825534,0.03626178088,B,0,0,0,0,False,attachment1_123_only,any_primary_feature_outside_reference_quantile_interval,201,187,-14,0,0,1,0.03626178088,True,True,PASS,0.0486974378,0.07810468694,0.8329067175,False,False,False,True,rating_entropy,1,False,repeated_fold_model_instability_5th_to_95th_percentile; not an external confidence interval,historical invoice behavior relative default tendency; 302 firms have no observed default labels
E255,个体经营E255,0.085103501,0.08917262989,0.01339742305,0.06781438405,0.07241970098,0.08888020957,0.1080626436,0.1126325252,0.06240005386,0.1166709937,50,0.0005709945432,123,302,True,0.1292447388,0.4215574694,0.390336686,0.05886110583,B,0,0,0,0,False,attachment1_123_only,any_primary_feature_outside_reference_quantile_interval,202,266,64,0,0,1,0.05886110583,True,True,PASS,0.04481814112,0.08453250646,0.8385793824,False,False,False,True,rating_entropy,1,False,repeated_fold_model_instability_5th_to_95th_percentile; not an external confidence interval,historical invoice behavior relative default tendency; 302 firms have no observed default labels
E284,***成焊科技有限公司,0.08499485351,0.09089185416,0.01707183829,0.06816132277,0.0711811789,0.09009994771,0.1153930902,0.1181176605,0.04640834596,0.1234550788,50,0.0007048859097,123,302,True,0.1666455003,0.4562779203,0.3327136084,0.04436297105,B,0,0,0,0,False,attachment1_123_only,any_primary_feature_outside_reference_quantile_interval,203,258,55,0,0,1,0.04436297105,True,True,PASS,0.04995633769,0.0842899676,0.8374688434,False,False,False,True,rating_entropy,1,False,repeated_fold_model_instability_5th_to_95th_percentile; not an external confidence interval,historical invoice behavior relative default tendency; 302 firms have no observed default labels
E207,个体经营E207,0.08437957589,0.08836384667,0.02143167763,0.05571435029,0.06401947685,0.08417836382,0.1144858602,0.1269048597,0.05037460964,0.1478874202,50,0.001197064068,123,302,True,0.09066312358,0.3609885881,0.4631712306,0.08517705778,C,0,0,0,0,False,attachment1_123_only,any_primary_feature_outside_reference_quantile_interval,204,243,39,0,0,1,0.08517705778,True,True,PASS,0.07119050937,0.08318251183,0.8308030121,False,False,False,True,rating_entropy,1,False,repeated_fold_model_instability_5th_to_95th_percentile; not an external confidence interval,historical invoice behavior relative default tendency; 302 firms have no observed default labels
E313,***物流有限公司,0.08328447589,0.09064013711,0.01293080588,0.07162116128,0.07385784024,0.09112128378,0.1056071606,0.1123813867,0.05468743264,0.1187915743,50,0.00938978379,123,302,True,0.2548226445,0.4837399856,0.2350083705,0.02642899939,B,0,0,0,0,False,attachment1_123_only,any_primary_feature_outside_reference_quantile_interval,205,180,-25,0,0,1,0.02642899939,True,True,PASS,0.04076022546,0.07389469209,0.8194753137,False,False,False,True,rating_entropy,1,False,repeated_fold_model_instability_5th_to_95th_percentile; not an external confidence interval,historical invoice behavior relative default tendency; 302 firms have no observed default labels
E282,***影城有限公司***分公司,0.08176700158,0.09892875031,0.02960794792,0.0611827885,0.07228956104,0.09301315596,0.140028669,0.1489176959,0.0413262545,0.1869854077,50,0.001777772556,123,302,True,0.2164942919,0.4788768298,0.2721249112,0.03250396702,B,0,0,0,0,False,attachment1_123_only,any_primary_feature_outside_reference_quantile_interval,206,233,27,0,0,1,0.03250396702,True,True,PASS,0.0877349074,0.07998922902,0.8291317408,False,False,False,True,rating_entropy,1,False,repeated_fold_model_instability_5th_to_95th_percentile; not an external confidence interval,historical invoice behavior relative default tendency; 302 firms have no observed default labels
E337,个体经营E337,0.07840154705,0.09009656128,0.01494872501,0.06784686112,0.07153302522,0.09075377717,0.1057595544,0.1134119764,0.05181987553,0.1314544563,50,0.008080955874,123,302,True,0.3962416378,0.4480371933,0.1417737265,0.01394744231,B,0,0,0,0,False,attachment1_123_only,any_primary_feature_outside_reference_quantile_interval,207,186,-21,0,0,1,0.01394744231,True,True,PASS,0.04556511524,0.07032059118,0.7668508184,False,False,False,True,rating_entropy,1,False,repeated_fold_model_instability_5th_to_95th_percentile; not an external confidence interval,historical invoice behavior relative default tendency; 302 firms have no observed default labels
E179,***园林有限公司,0.07597864058,0.0819255994,0.01415290329,0.05857439148,0.06418925241,0.0803966253,0.1012225918,0.1046973201,0.05257642616,0.1134500636,50,0.006042253244,123,302,True,0.2344639894,0.4822645236,0.2538534853,0.02941800162,B,0,0,0,0,False,attachment1_123_only,any_primary_feature_outside_reference_quantile_interval,208,197,-11,0,0,1,0.02941800162,True,True,PASS,0.04612292859,0.06993638734,0.8248907257,False,False,False,True,rating_entropy,1,False,repeated_fold_model_instability_5th_to_95th_percentile; not an external confidence interval,historical invoice behavior relative default tendency; 302 firms have no observed default labels
E216,***建设工程有限公司,0.07391707793,0.0802389639,0.01295026587,0.06020628269,0.06193340529,0.08007396148,0.09656195272,0.1019589641,0.05305422445,0.1065319045,50,0.005047389163,123,302,True,0.2701984782,0.4834097488,0.2219316656,0.02446010746,B,0,0,0,0,False,attachment1_123_only,any_primary_feature_outside_reference_quantile_interval,209,206,-3,0,0,1,0.02446010746,True,True,PASS,0.04175268139,0.06886968877,0.8149961158,False,False,False,True,rating_entropy,1,False,repeated_fold_model_instability_5th_to_95th_percentile; not an external confidence interval,historical invoice behavior relative default tendency; 302 firms have no observed default labels
E319,个体经营E319,0.07307378605,0.08217035104,0.01425313526,0.05780232646,0.06292374655,0.08249650643,0.09850522485,0.1030041488,0.04429184671,0.1183304201,50,0.0001916858743,123,302,True,0.3391165081,0.4700080481,0.1731057171,0.01776972671,B,0,0,0,0,False,attachment1_123_only,any_primary_feature_outside_reference_quantile_interval,210,285,75,0,0,1,0.01776972671,True,True,PASS,0.04520182231,0.07288210017,0.7911751848,False,False,False,True,rating_entropy,1,False,repeated_fold_model_instability_5th_to_95th_percentile; not an external confidence interval,historical invoice behavior relative default tendency; 302 firms have no observed default labels
E254,***设备安装工程有限公司,0.0727954086,0.0820825973,0.01142859318,0.06273322794,0.06723104019,0.08262791446,0.09544754505,0.1012081604,0.05949035749,0.107011764,50,0.002064997033,123,302,True,0.3657408965,0.4607606656,0.1576550211,0.01584341679,B,0,0,0,0,False,attachment1_123_only,any_primary_feature_outside_reference_quantile_interval,211,224,13,0,0,1,0.01584341679,True,True,PASS,0.0384749325,0.07073041157,0.7803683204,False,False,False,True,rating_entropy,1,False,repeated_fold_model_instability_5th_to_95th_percentile; not an external confidence interval,historical invoice behavior relative default tendency; 302 firms have no observed default labels
E162,***网络信息安全有限公司,0.07254758922,0.07877920605,0.02406087761,0.03731907083,0.04788513982,0.07916463644,0.1062236766,0.1151195909,0.01818686448,0.1282983591,50,0.02288831999,123,302,True,0.166238031,0.4559952808,0.3332790386,0.04448764957,B,0,0,0,0,False,attachment1_123_only,any_primary_feature_outside_reference_quantile_interval,212,147,-65,0,0,1,0.04448764957,True,True,PASS,0.07780052007,0.04965926922,0.8375103238,False,False,False,True,rating_entropy,1,False,repeated_fold_model_instability_5th_to_95th_percentile; not an external confidence interval,historical invoice behavior relative default tendency; 302 firms have no observed default labels
E214,***建筑工程有限公司,0.07228598426,0.08000083207,0.01662377366,0.05188241142,0.06183312895,0.07733128888,0.1010562991,0.1052080575,0.0470415984,0.1180888239,50,0.009868293035,123,302,True,0.261473602,0.4837393819,0.2292371141,0.02554990198,B,0,0,0,0,False,attachment1_123_only,any_primary_feature_outside_reference_quantile_interval,213,179,-34,0,0,1,0.02554990198,True,True,PASS,0.05332564611,0.06241769123,0.8175773095,False,False,False,True,rating_entropy,1,False,repeated_fold_model_instability_5th_to_95th_percentile; not an external confidence interval,historical invoice behavior relative default tendency; 302 firms have no observed default labels
E143,***电子科技有限公司,0.07225716502,0.07599579131,0.01350124789,0.05606186991,0.05924005096,0.07550385241,0.09361706857,0.0966169528,0.0472764689,0.09939756513,50,0.004770702108,123,302,True,0.1904022841,0.4697935981,0.3018310393,0.03797307849,B,0,0,0,0,False,attachment1_123_only,any_primary_feature_outside_reference_quantile_interval,214,209,-5,0,0,1,0.03797307849,True,True,PASS,0.04055508289,0.06748646291,0.8342243311,False,False,False,True,rating_entropy,1,False,repeated_fold_model_instability_5th_to_95th_percentile; not an external confidence interval,historical invoice behavior relative default tendency; 302 firms have no observed default labels
E148,***商贸有限公司,0.07220733777,0.08553963259,0.02298932326,0.04651828783,0.05804233262,0.09060173842,0.1111983111,0.1177406133,0.04184198378,0.1357461035,50,0.2559964683,123,302,True,0.4067475135,0.4431934577,0.1367002918,0.01335873688,B,0,0,0,0,False,attachment1_123_only,any_primary_feature_outside_reference_quantile_interval,215,90,-125,0,0,1,0.01335873688,True,True,PASS,0.0712223255,0.1837891306,0.7619035065,False,False,False,True,rating_entropy,1,False,repeated_fold_model_instability_5th_to_95th_percentile; not an external confidence interval,historical invoice behavior relative default tendency; 302 firms have no observed default labels
E221,***测绘服务有限公司,0.07115552158,0.08081940183,0.01372821238,0.05828112952,0.06652346284,0.0803680496,0.09580067052,0.09851196033,0.04921362842,0.1182143545,50,0.460374248,123,302,True,0.1708934691,0.4591159766,0.3268938195,0.04309673485,B,0,0,0,0,False,attachment1_123_only,any_primary_feature_outside_reference_quantile_interval,216,49,-167,0,1,1,0.04309673485,True,True,PASS,0.04023083081,0.3892187264,0.8370054037,False,False,True,True,label_spreading_disagreement|rating_entropy,1,False,repeated_fold_model_instability_5th_to_95th_percentile; not an external confidence interval,historical invoice behavior relative default tendency; 302 firms have no observed default labels
E178,***贸易有限公司,0.07076990542,0.0972448058,0.03194157914,0.05428173155,0.06161375847,0.092202732,0.1444771478,0.1526167899,0.04181913368,0.1726817187,50,0.0005211188296,123,302,True,0.9059455425,0.08164330329,0.01144832249,0.0009628317379,A,0,0,0,0,False,attachment1_123_only,any_primary_feature_outside_reference_quantile_interval,217,269,52,0,0,1,0.0009628317379,True,True,PASS,0.09833505836,0.07024878659,0.2538385744,False,False,False,False,none,0,False,repeated_fold_model_instability_5th_to_95th_percentile; not an external confidence interval,historical invoice behavior relative default tendency; 302 firms have no observed default labels
E280,个体经营E280,0.07072952854,0.07961306178,0.012965563,0.05582048368,0.06470750113,0.07961750242,0.09450947676,0.09881475219,0.04602288397,0.1107699502,50,0.000166612979,123,302,True,0.3152114954,0.4765703248,0.1884496436,0.01976853626,B,0,0,0,0,False,attachment1_123_only,any_primary_feature_outside_reference_quantile_interval,218,288,70,0,0,1,0.01976853626,True,True,PASS,0.04299426851,0.07056291556,0.8001142753,False,False,False,True,rating_entropy,1,False,repeated_fold_model_instability_5th_to_95th_percentile; not an external confidence interval,historical invoice behavior relative default tendency; 302 firms have no observed default labels
E283,***机械铸造有限责任公司,0.06941266714,0.07832112938,0.01335925602,0.05513116529,0.06084140256,0.07824420859,0.09605398314,0.1019912102,0.04296925198,0.1052158545,50,0.0001775663001,123,302,True,0.3138533159,0.4768880402,0.1893676678,0.01989097614,B,0,0,0,0,False,attachment1_123_only,any_primary_feature_outside_reference_quantile_interval,219,286,67,0,0,1,0.01989097614,True,True,PASS,0.0468600449,0.06923510084,0.800600692,False,False,False,True,rating_entropy,1,False,repeated_fold_model_instability_5th_to_95th_percentile; not an external confidence interval,historical invoice behavior relative default tendency; 302 firms have no observed default labels
E243,***科技有限公司,0.06860574324,0.07847332542,0.01078965555,0.06297817883,0.06446355941,0.07791107836,0.09170663925,0.09681946117,0.05398906897,0.1040244323,50,0.001392982244,123,302,True,0.3635065519,0.4616076768,0.1588912708,0.01599450047,B,0,0,0,0,False,attachment1_123_only,any_primary_feature_outside_reference_quantile_interval,220,240,20,0,0,1,0.01599450047,True,True,PASS,0.03384128234,0.06721276099,0.7813102644,False,False,False,True,rating_entropy,1,False,repeated_fold_model_instability_5th_to_95th_percentile; not an external confidence interval,historical invoice behavior relative default tendency; 302 firms have no observed default labels
E315,***轮胎有限公司,0.06839807256,0.07608749509,0.01576127267,0.04826799416,0.05536403154,0.07573408447,0.09505509249,0.09621268147,0.03877030121,0.1019570873,50,0.0001767692351,123,302,True,0.3867070082,0.4522367651,0.1465474703,0.01450875644,B,0,0,0,0,False,attachment1_123_only,any_primary_feature_outside_reference_quantile_interval,221,287,66,0,0,1,0.01450875644,True,True,PASS,0.04794468732,0.06822130333,0.7712100367,False,False,False,True,rating_entropy,1,False,repeated_fold_model_instability_5th_to_95th_percentile; not an external confidence interval,historical invoice behavior relative default tendency; 302 firms have no observed default labels
E303,***图书发行有限公司,0.06817375068,0.07894841447,0.0121823387,0.05894893092,0.06414348885,0.07893318654,0.09349500282,0.09596640145,0.04800972768,0.1096368411,50,0.0002909541002,123,302,True,0.4604120568,0.415348465,0.1134771151,0.01076236313,A,0,0,0,0,False,attachment1_123_only,any_primary_feature_outside_reference_quantile_interval,222,277,55,0,0,1,0.01076236313,True,True,PASS,0.03701747053,0.06788279658,0.7341638295,False,False,False,False,none,0,False,repeated_fold_model_instability_5th_to_95th_percentile; not an external confidence interval,historical invoice behavior relative default tendency; 302 firms have no observed default labels
E227,***安全技术有限公司,0.06788151278,0.07614150954,0.01272195049,0.05274604327,0.06290433451,0.07536948222,0.09282828709,0.09584271556,0.04694985119,0.1010772909,50,0.01055875845,123,302,True,0.2846847799,0.4820964932,0.2104252266,0.02279350039,B,0,0,0,0,False,attachment1_123_only,any_primary_feature_outside_reference_quantile_interval,223,177,-46,0,0,1,0.02279350039,True,True,PASS,0.04309667229,0.05732275433,0.8104885468,False,False,False,True,rating_entropy,1,False,repeated_fold_model_instability_5th_to_95th_percentile; not an external confidence interval,historical invoice behavior relative default tendency; 302 firms have no observed default labels
E241,个体经营E241,0.06738691305,0.07471486854,0.01779152545,0.04955399143,0.05511115592,0.06999257636,0.09988596458,0.1046158754,0.03851120176,0.1103889879,50,0.03327357629,123,302,True,0.1745120279,0.4613814486,0.3220422663,0.04206425713,B,0,0,0,0,False,attachment1_123_only,any_primary_feature_outside_reference_quantile_interval,224,135,-89,0,0,1,0.04206425713,True,True,PASS,0.05506188396,0.03411333677,0.8365676945,False,False,False,True,rating_entropy,1,False,repeated_fold_model_instability_5th_to_95th_percentile; not an external confidence interval,historical invoice behavior relative default tendency; 302 firms have no observed default labels
E124,个体经营E124,0.06693188597,0.1046882824,0.05423374782,0.04098033207,0.04471220558,0.08959159215,0.1658231076,0.2238768326,0.03127942389,0.2656660581,50,0.1188120964,123,302,True,0.8838965585,0.1004521091,0.01443344851,0.001217883842,A,2,0.1333333333,0,1.794988914,True,attachment1_123_only,any_primary_feature_outside_reference_quantile_interval,225,106,-119,0,0,1,0.001217883842,True,True,PASS,0.1828965006,0.05188021043,0.2952312567,True,False,False,False,OOD,1,False,repeated_fold_model_instability_5th_to_95th_percentile; not an external confidence interval,historical invoice behavior relative default tendency; 302 firms have no observed default labels
E318,***商贸有限公司,0.06690050473,0.08017490353,0.0209378025,0.04492922394,0.05866459198,0.07809834078,0.1134819318,0.1166976649,0.02064785508,0.1256506514,50,0.009317391025,123,302,True,0.509359782,0.3862163642,0.09556119981,0.008862654014,A,1,0.06666666667,0,0.0008786861776,True,attachment1_123_only,any_primary_feature_outside_reference_quantile_interval,226,181,-45,0,0,1,0.008862654014,True,True,PASS,0.07176844096,0.05758311371,0.7049765278,True,False,False,False,OOD,1,False,repeated_fold_model_instability_5th_to_95th_percentile; not an external confidence interval,historical invoice behavior relative default tendency; 302 firms have no observed default labels
E208,个体经营E208,0.06634981274,0.09150477843,0.027263001,0.05429232369,0.05990527652,0.0862455979,0.1299800428,0.1403484786,0.04241369233,0.157426262,50,0.0001607179174,123,302,True,0.86402023,0.1172852922,0.01723563733,0.00145884054,A,0,0,0,0,False,attachment1_123_only,any_primary_feature_outside_reference_quantile_interval,227,290,63,0,0,1,0.00145884054,True,True,PASS,0.0860561549,0.06618909482,0.3297714987,False,False,False,False,none,0,False,repeated_fold_model_instability_5th_to_95th_percentile; not an external confidence interval,historical invoice behavior relative default tendency; 302 firms have no observed default labels
E294,个体经营E294,0.06629335685,0.07495413814,0.01170081382,0.05604345752,0.06118923345,0.07550561232,0.09163314171,0.09238093374,0.0462589413,0.0994148604,50,0.07042729944,123,302,True,0.3763567946,0.4565715482,0.1519221604,0.01514949675,B,0,0,0,0,False,attachment1_123_only,any_primary_feature_outside_reference_quantile_interval,228,112,-116,0,0,1,0.01514949675,True,True,PASS,0.03633747622,0.004133942595,0.7758037939,False,False,False,True,rating_entropy,1,False,repeated_fold_model_instability_5th_to_95th_percentile; not an external confidence interval,historical invoice behavior relative default tendency; 302 firms have no observed default labels
E230,***建筑劳务有限公司,0.06582158636,0.0826349247,0.0185262866,0.04981352164,0.06200126921,0.08502718288,0.1067507697,0.1125110849,0.04364875792,0.1184304489,50,0.001471315594,123,302,True,0.4329037366,0.4302284119,0.1248533028,0.01201454869,A,0,0,0,0,False,attachment1_123_only,any_primary_feature_outside_reference_quantile_interval,229,238,9,0,0,1,0.01201454869,True,True,PASS,0.06269756324,0.06435027076,0.7489112457,False,False,False,False,none,0,False,repeated_fold_model_instability_5th_to_95th_percentile; not an external confidence interval,historical invoice behavior relative default tendency; 302 firms have no observed default labels
E153,个体经营E153,0.0656927255,0.08043652346,0.02476657257,0.04441052508,0.05563368724,0.07740938793,0.1113598621,0.1193877984,0.03244372243,0.1660520098,50,0.002667771774,123,302,True,0.2120618395,0.4777038123,0.2768921795,0.03334216872,B,1,0.06666666667,0,8.181684408e-06,True,attachment1_123_only,any_primary_feature_outside_reference_quantile_interval,230,221,-9,0,0,1,0.03334216872,True,True,PASS,0.0749772733,0.06302495373,0.8300918663,True,False,False,True,OOD|rating_entropy,1,False,repeated_fold_model_instability_5th_to_95th_percentile; not an external confidence interval,historical invoice behavior relative default tendency; 302 firms have no observed default labels
E170,***建筑劳务有限公司,0.06550885325,0.07309163856,0.01174680771,0.05584722974,0.06006790328,0.07215691046,0.08742008633,0.0901227534,0.04892040383,0.1076866811,50,0.0005855383156,123,302,True,0.3168190421,0.4761862404,0.187369784,0.01962493355,B,0,0,0,0,False,attachment1_123_only,any_primary_feature_outside_reference_quantile_interval,231,264,33,0,0,1,0.01962493355,True,True,PASS,0.03427552366,0.06492331493,0.799535573,False,False,False,True,rating_entropy,1,False,repeated_fold_model_instability_5th_to_95th_percentile; not an external confidence interval,historical invoice behavior relative default tendency; 302 firms have no observed default labels
E261,***医疗器械有限公司,0.06533010708,0.07989569188,0.01413305954,0.05930202116,0.06306917163,0.07977991201,0.09387186641,0.103084122,0.04674027552,0.1252829807,50,0.0142767295,123,302,True,0.306598405,0.4784774251,0.1943613351,0.02056283476,B,0,0,0,0,False,attachment1_123_only,any_primary_feature_outside_reference_quantile_interval,232,161,-71,0,0,1,0.02056283476,True,True,PASS,0.04378210085,0.05105337758,0.8031599142,False,False,False,True,rating_entropy,1,False,repeated_fold_model_instability_5th_to_95th_percentile; not an external confidence interval,historical invoice behavior relative default tendency; 302 firms have no observed default labels
E224,***纸业有限公司,0.06354587666,0.08781440463,0.03033763787,0.04462486499,0.05534905386,0.0845044933,0.1343622068,0.1410597927,0.03628478743,0.1686945667,50,0.000745961661,123,302,True,0.8981759546,0.08828686086,0.01248589198,0.001051292517,A,0,0,0,0,False,attachment1_123_only,any_primary_feature_outside_reference_quantile_interval,233,257,24,0,0,1,0.001051292517,True,True,PASS,0.09643492768,0.062799915,0.2688305409,False,False,False,False,none,0,False,repeated_fold_model_instability_5th_to_95th_percentile; not an external confidence interval,historical invoice behavior relative default tendency; 302 firms have no observed default labels
E163,***物流有限公司,0.06342247812,0.06909595269,0.01706014729,0.04424268403,0.04545170602,0.06595302037,0.08923329259,0.09317930549,0.03897158292,0.1156525836,50,0.001341993126,123,302,True,0.1354744215,0.4287113658,0.3798876921,0.05592652057,B,0,0,0,0,False,attachment1_123_only,any_primary_feature_outside_reference_quantile_interval,234,241,7,0,0,1,0.05592652057,True,True,PASS,0.04893662147,0.06208048499,0.8388389346,False,False,False,True,rating_entropy,1,False,repeated_fold_model_instability_5th_to_95th_percentile; not an external confidence interval,historical invoice behavior relative default tendency; 302 firms have no observed default labels
E137,***建设工程有限公司,0.06292225318,0.06874010976,0.01386373893,0.04789556826,0.05318961804,0.06636130351,0.08787011043,0.09285921495,0.04320607364,0.1037345934,50,0.0002558793375,123,302,True,0.2627984165,0.4837128821,0.2281087767,0.02537992471,B,0,0,0,0,False,attachment1_123_only,any_primary_feature_outside_reference_quantile_interval,235,279,44,0,0,1,0.02537992471,True,True,PASS,0.0449636467,0.06266637384,0.8171919835,False,False,False,True,rating_entropy,1,False,repeated_fold_model_instability_5th_to_95th_percentile; not an external confidence interval,historical invoice behavior relative default tendency; 302 firms have no observed default labels
E206,***建设工程有限公司,0.06257196707,0.06897474843,0.01338909104,0.04950335895,0.05409643129,0.06783381742,0.0875170798,0.09184636553,0.04113595399,0.09483234433,50,0.04182565168,123,302,True,0.2573742365,0.4837662261,0.2327729805,0.02608655695,B,0,0,0,0,False,attachment1_123_only,any_primary_feature_outside_reference_quantile_interval,236,123,-113,0,0,1,0.02608655695,True,True,PASS,0.04234300658,0.02074631539,0.8187543957,False,False,False,True,rating_entropy,1,False,repeated_fold_model_instability_5th_to_95th_percentile; not an external confidence interval,historical invoice behavior relative default tendency; 302 firms have no observed default labels
E136,***机械有限责任公司,0.06222333221,0.08757624792,0.03371973886,0.04927950085,0.05381701549,0.08318844101,0.123791903,0.1628125936,0.03420884201,0.1964979455,50,0.3371147351,123,302,True,0.2964343182,0.4803856826,0.2016222786,0.02155772059,B,0,0,0,0,False,attachment1_123_only,any_primary_feature_outside_reference_quantile_interval,237,69,-168,0,0,1,0.02155772059,True,True,PASS,0.1135330927,0.2748914028,0.8066344874,False,False,True,True,label_spreading_disagreement|rating_entropy,1,False,repeated_fold_model_instability_5th_to_95th_percentile; not an external confidence interval,historical invoice behavior relative default tendency; 302 firms have no observed default labels
E151,***路桥工程有限公司,0.06143754113,0.07300614542,0.01547498865,0.04946527386,0.05371729608,0.07366794734,0.09349602545,0.1008969826,0.04556052957,0.1112527944,50,0.02576615207,123,302,True,0.3490068449,0.4667947957,0.167177625,0.01702073444,B,0,0,0,0,False,attachment1_123_only,any_primary_feature_outside_reference_quantile_interval,238,144,-94,0,0,1,0.01702073444,True,True,PASS,0.05143170874,0.03567138906,0.7872664327,False,False,False,True,rating_entropy,1,False,repeated_fold_model_instability_5th_to_95th_percentile; not an external confidence interval,historical invoice behavior relative default tendency; 302 firms have no observed default labels
E156,个体经营E156,0.06116067527,0.06834398662,0.01699760055,0.04443334697,0.0470761156,0.06668138767,0.0882781837,0.09147012132,0.03448354381,0.117853091,50,0.006731741516,123,302,True,0.2487266933,0.4835394822,0.2404592924,0.02727453217,B,0,0,0,0,False,attachment1_123_only,any_primary_feature_outside_reference_quantile_interval,239,192,-47,0,0,1,0.02727453217,True,True,PASS,0.04703677435,0.05442893376,0.8211604958,False,False,False,True,rating_entropy,1,False,repeated_fold_model_instability_5th_to_95th_percentile; not an external confidence interval,historical invoice behavior relative default tendency; 302 firms have no observed default labels
E259,***文化传媒有限公司,0.06085732094,0.06855029432,0.01293963182,0.0474879338,0.05188673868,0.0685949822,0.08215082382,0.08813106004,0.03616612587,0.1010237457,50,0.2920908122,123,302,True,0.2803358293,0.4825866442,0.2138011996,0.02327632693,B,1,0.06666666667,0,0.003378286662,True,attachment1_123_only,any_primary_feature_outside_reference_quantile_interval,240,82,-158,0,0,1,0.02327632693,True,True,PASS,0.04064312624,0.2312334913,0.8118703899,True,False,True,True,OOD|label_spreading_disagreement|rating_entropy,1,False,repeated_fold_model_instability_5th_to_95th_percentile; not an external confidence interval,historical invoice behavior relative default tendency; 302 firms have no observed default labels
E155,个体经营E155,0.06077081477,0.07519536888,0.01458646445,0.05267348133,0.0594207432,0.07517014231,0.09338574488,0.09579881528,0.04189910594,0.1085496535,50,0.2586613144,123,302,True,0.3363784971,0.4708483584,0.1747884957,0.01798464881,B,0,0,0,0,False,attachment1_123_only,any_primary_feature_outside_reference_quantile_interval,241,88,-153,0,0,1,0.01798464881,True,True,PASS,0.04312533396,0.1978904996,0.7922354059,False,False,False,True,rating_entropy,1,False,repeated_fold_model_instability_5th_to_95th_percentile; not an external confidence interval,historical invoice behavior relative default tendency; 302 firms have no observed default labels
E144,***劳务有限公司,0.05989639601,0.06832061238,0.01341716678,0.04953807085,0.05180004434,0.06698337785,0.08551418897,0.08812521101,0.04411153903,0.1123662648,50,0.001604520809,123,302,True,0.3043179548,0.478938604,0.1959630003,0.02078044095,B,0,0,0,0,False,attachment1_123_only,any_primary_feature_outside_reference_quantile_interval,242,237,-5,0,0,1,0.02078044095,True,True,PASS,0.03858714016,0.0582918752,0.8039507595,False,False,False,True,rating_entropy,1,False,repeated_fold_model_instability_5th_to_95th_percentile; not an external confidence interval,historical invoice behavior relative default tendency; 302 firms have no observed default labels
E149,***建筑劳务有限公司,0.05966215737,0.06874405514,0.01258656966,0.04909568114,0.0522719321,0.06904518613,0.08234034747,0.0871231959,0.04423964006,0.1084993337,50,0.001414535036,123,302,True,0.3872386599,0.4520076984,0.1462768946,0.01447674703,B,0,0,0,0,False,attachment1_123_only,any_primary_feature_outside_reference_quantile_interval,243,239,-4,0,0,1,0.01447674703,True,True,PASS,0.03802751476,0.05824762234,0.7709702035,False,False,False,True,rating_entropy,1,False,repeated_fold_model_instability_5th_to_95th_percentile; not an external confidence interval,historical invoice behavior relative default tendency; 302 firms have no observed default labels
E220,***文化传播有限公司,0.05955429,0.06501738521,0.01219149927,0.04529123701,0.04794417372,0.06385847377,0.08001072991,0.08287492091,0.0389233452,0.0910788351,50,0.002913645286,123,302,True,0.1431647131,0.4367237933,0.3674770073,0.05263448633,B,1,0.06666666667,0,0.008344215878,True,attachment1_123_only,any_primary_feature_outside_reference_quantile_interval,244,219,-25,0,0,1,0.05263448633,True,True,PASS,0.0375836839,0.05664064472,0.8388830442,True,False,False,True,OOD|rating_entropy,1,False,repeated_fold_model_instability_5th_to_95th_percentile; not an external confidence interval,historical invoice behavior relative default tendency; 302 firms have no observed default labels
E172,***物流有限公司,0.05935152676,0.06725886794,0.01234563619,0.04635017447,0.05166494017,0.06699449496,0.08354774056,0.08602413912,0.04069143423,0.09772207908,50,0.0004803814995,123,302,True,0.4092518782,0.4420067154,0.1355186422,0.01322276415,B,0,0,0,0,False,attachment1_123_only,any_primary_feature_outside_reference_quantile_interval,245,272,27,0,0,1,0.01322276415,True,True,PASS,0.03967396465,0.05887114526,0.7607015825,False,False,False,True,rating_entropy,1,False,repeated_fold_model_instability_5th_to_95th_percentile; not an external confidence interval,historical invoice behavior relative default tendency; 302 firms have no observed default labels
E234,***机电设备商贸有限公司,0.05769963741,0.06888058976,0.01154319086,0.0508130315,0.05684972232,0.06711759071,0.08311622003,0.08776682369,0.0401435405,0.09742813337,50,0.2905587666,123,302,True,0.4119967773,0.4406922007,0.1342354337,0.01307558836,B,0,0,0,0,False,attachment1_123_only,any_primary_feature_outside_reference_quantile_interval,246,83,-163,0,0,1,0.01307558836,True,True,PASS,0.03695379218,0.2328591292,0.7593741281,False,False,True,True,label_spreading_disagreement|rating_entropy,1,False,repeated_fold_model_instability_5th_to_95th_percentile; not an external confidence interval,historical invoice behavior relative default tendency; 302 firms have no observed default labels
E167,***体育文化股份有限公司,0.05747336053,0.08168691266,0.03179152535,0.03767421183,0.04785905563,0.07779709737,0.1280194999,0.1375687567,0.03040855178,0.1719696555,50,7.568999747e-05,123,302,True,0.8922289188,0.09336052666,0.01329052186,0.001120032717,A,0,0,0,0,False,attachment1_123_only,any_primary_feature_outside_reference_quantile_interval,247,297,50,0,0,1,0.001120032717,True,True,PASS,0.09989454482,0.05739767054,0.2799997424,False,False,False,False,none,0,False,repeated_fold_model_instability_5th_to_95th_percentile; not an external confidence interval,historical invoice behavior relative default tendency; 302 firms have no observed default labels
E212,***建电管理咨询有限公司,0.054977759,0.06383641726,0.0125408699,0.04276797559,0.04597571117,0.06284443313,0.0793632645,0.08607397523,0.03727613804,0.09321426707,50,0.00338845132,123,302,True,0.5213045365,0.378660431,0.09158277153,0.008452260958,A,0,0,0,0,False,attachment1_123_only,any_primary_feature_outside_reference_quantile_interval,248,217,-31,0,0,1,0.008452260958,True,True,PASS,0.04330599964,0.05158930768,0.6972449436,False,False,False,False,none,0,False,repeated_fold_model_instability_5th_to_95th_percentile; not an external confidence interval,historical invoice behavior relative default tendency; 302 firms have no observed default labels
E246,***物业服务有限公司,0.05366797291,0.06191321302,0.01116089415,0.04436790503,0.04772690578,0.06154508124,0.07459581088,0.07571981656,0.03174673164,0.08834866853,50,0.5270570697,123,302,True,0.3184485554,0.475788107,0.1862825317,0.01948080594,B,0,0,0,0,False,attachment1_123_only,any_primary_feature_outside_reference_quantile_interval,249,36,-213,0,1,1,0.01948080594,True,True,PASS,0.03135191152,0.4733890968,0.7989456685,False,False,True,True,label_spreading_disagreement|rating_entropy,1,False,repeated_fold_model_instability_5th_to_95th_percentile; not an external confidence interval,historical invoice behavior relative default tendency; 302 firms have no observed default labels
E258,***国际货运有限公司,0.05331872098,0.05956085809,0.00914541896,0.04526943137,0.04893550531,0.06063014375,0.07236834755,0.07381826944,0.03995217072,0.07876258202,50,0.01032964764,123,302,True,0.3677762096,0.4599784305,0.1565380105,0.01570734943,B,0,0,0,0,False,attachment1_123_only,any_primary_feature_outside_reference_quantile_interval,250,178,-72,0,0,1,0.01570734943,True,True,PASS,0.02854883807,0.04298907334,0.7795046291,False,False,False,True,rating_entropy,1,False,repeated_fold_model_instability_5th_to_95th_percentile; not an external confidence interval,historical invoice behavior relative default tendency; 302 firms have no observed default labels
E213,***科技有限公司,0.05214613302,0.06015382815,0.01099151679,0.03985049886,0.04859350989,0.05890033295,0.07310147333,0.07653785756,0.0355972824,0.0856137553,50,8.925010069e-05,123,302,True,0.2945391869,0.4806985397,0.203011692,0.02175058142,B,0,0,0,0,False,attachment1_123_only,any_primary_feature_outside_reference_quantile_interval,251,295,44,0,0,1,0.02175058142,True,True,PASS,0.0366873587,0.05205688292,0.8072679616,False,False,False,True,rating_entropy,1,False,repeated_fold_model_instability_5th_to_95th_percentile; not an external confidence interval,historical invoice behavior relative default tendency; 302 firms have no observed default labels
E273,个体经营E273,0.05108800842,0.06242561525,0.01230950535,0.03923449282,0.05044644735,0.06326307036,0.07345487004,0.0795156602,0.0274529032,0.09009872446,50,0.0001382644579,123,302,True,0.3666187237,0.4604245293,0.1571721966,0.0157845505,B,2,0.1333333333,0,0.6684161456,True,attachment1_123_only,any_primary_feature_outside_reference_quantile_interval,252,291,39,0,0,1,0.0157845505,True,True,PASS,0.04028116738,0.05094974396,0.7799964739,True,False,False,True,OOD|rating_entropy,1,False,repeated_fold_model_instability_5th_to_95th_percentile; not an external confidence interval,historical invoice behavior relative default tendency; 302 firms have no observed default labels
E209,***工程检测有限公司,0.05019038873,0.0568748942,0.01061578916,0.03725117169,0.04283396714,0.05598742579,0.06988001748,0.07543265916,0.03544798104,0.07878138165,50,0.01367634408,123,302,True,0.2567394933,0.4837628146,0.2333265615,0.02617113054,B,0,0,0,0,False,attachment1_123_only,any_primary_feature_outside_reference_quantile_interval,253,166,-87,0,0,1,0.02617113054,True,True,PASS,0.03818148746,0.03651404465,0.8189345812,False,False,False,True,rating_entropy,1,False,repeated_fold_model_instability_5th_to_95th_percentile; not an external confidence interval,historical invoice behavior relative default tendency; 302 firms have no observed default labels
E289,***运业有限公司***分公司,0.04872417748,0.05800871544,0.01084666311,0.03917179934,0.04174545193,0.05777665807,0.0690377741,0.07425520241,0.02921267147,0.08522587484,50,0.0005035072845,123,302,True,0.4419299495,0.4254780269,0.121005177,0.01158684664,A,1,0.06666666667,0,0.01276083314,True,attachment1_123_only,any_primary_feature_outside_reference_quantile_interval,254,271,17,0,0,1,0.01158684664,True,True,PASS,0.03508340307,0.0482206702,0.7441975496,True,False,False,False,OOD,1,False,repeated_fold_model_instability_5th_to_95th_percentile; not an external confidence interval,historical invoice behavior relative default tendency; 302 firms have no observed default labels
E150,***建设工程有限公司,0.04809596502,0.05549579611,0.01079649625,0.03735733199,0.04434593036,0.05530543661,0.07076132332,0.07321330356,0.03176494463,0.07648292462,50,0.0049084182,123,302,True,0.3739612452,0.4575401498,0.1531958785,0.01530272657,B,0,0,0,0,False,attachment1_123_only,any_primary_feature_outside_reference_quantile_interval,255,207,-48,0,0,1,0.01530272657,True,True,PASS,0.03585597157,0.04318754682,0.7768467429,False,False,False,True,rating_entropy,1,False,repeated_fold_model_instability_5th_to_95th_percentile; not an external confidence interval,historical invoice behavior relative default tendency; 302 firms have no observed default labels
E250,***塑料厂,0.04804275462,0.05783874899,0.01274562381,0.0386872561,0.04278069422,0.0583577095,0.07106800177,0.07450212885,0.02627659872,0.09424644239,50,0.1271229226,123,302,True,0.4418844138,0.425502326,0.1210242989,0.01158896138,A,0,0,0,0,False,attachment1_123_only,any_primary_feature_outside_reference_quantile_interval,256,104,-152,0,0,1,0.01158896138,True,True,PASS,0.03581487276,0.07908016799,0.7442216328,False,False,False,False,none,0,False,repeated_fold_model_instability_5th_to_95th_percentile; not an external confidence interval,historical invoice behavior relative default tendency; 302 firms have no observed default labels
E190,***劳务有限公司,0.04801111119,0.05820663562,0.01332608482,0.03644815209,0.04104801096,0.06016741347,0.07257927492,0.07890625495,0.02491233111,0.08771951854,50,0.004326090062,123,302,True,0.4921144882,0.3968316134,0.1015642493,0.00948964907,A,0,0,0,0,False,attachment1_123_only,any_primary_feature_outside_reference_quantile_interval,257,211,-46,0,0,1,0.00948964907,True,True,PASS,0.04245810285,0.04368502113,0.7157081418,False,False,False,False,none,0,False,repeated_fold_model_instability_5th_to_95th_percentile; not an external confidence interval,historical invoice behavior relative default tendency; 302 firms have no observed default labels
E228,***文化发展有限公司,0.04793081534,0.05461330916,0.01204974879,0.03542593452,0.03988219574,0.05367373955,0.06959537772,0.07267731321,0.02077521063,0.07882362801,50,0.01746764026,123,302,True,0.2148193071,0.4784501253,0.2739137474,0.03281682014,B,0,0,0,0,False,attachment1_123_only,any_primary_feature_outside_reference_quantile_interval,258,157,-101,0,0,1,0.03281682014,True,True,PASS,0.03725137869,0.03046317508,0.8294987834,False,False,False,True,rating_entropy,1,False,repeated_fold_model_instability_5th_to_95th_percentile; not an external confidence interval,historical invoice behavior relative default tendency; 302 firms have no observed default labels
E160,***钢结构工程有限公司,0.04763865975,0.05525560826,0.01185420373,0.03611670857,0.04085981706,0.05680541951,0.06823085468,0.07530537182,0.03235167025,0.08479370044,50,0.3354895388,123,302,True,0.2912373696,0.4812102203,0.2054600054,0.02209240478,B,0,0,0,0,False,attachment1_123_only,any_primary_feature_outside_reference_quantile_interval,259,70,-189,0,0,1,0.02209240478,True,True,PASS,0.03918866326,0.287850879,0.8083607953,False,False,True,True,label_spreading_disagreement|rating_entropy,1,False,repeated_fold_model_instability_5th_to_95th_percentile; not an external confidence interval,historical invoice behavior relative default tendency; 302 firms have no observed default labels
E235,个体经营E235,0.04719287347,0.06070231431,0.01154331889,0.04310358889,0.04668251578,0.06076707048,0.07338004269,0.08057227766,0.03226886323,0.08816798535,50,0.0003928529264,123,302,True,0.4673128181,0.4114355015,0.1107807668,0.01047091366,A,0,0,0,0,False,attachment1_123_only,any_primary_feature_outside_reference_quantile_interval,260,275,15,0,0,1,0.01047091366,True,True,PASS,0.03746868878,0.04680002054,0.7302827864,False,False,False,False,none,0,False,repeated_fold_model_instability_5th_to_95th_percentile; not an external confidence interval,historical invoice behavior relative default tendency; 302 firms have no observed default labels
E168,***建材有限公司,0.04702682686,0.06010088706,0.01242805658,0.04206608303,0.0458409065,0.06001055291,0.07734382118,0.08161174188,0.03671157403,0.09099783803,50,0.3699075841,123,302,True,0.4974991226,0.3935557836,0.09965579733,0.009289296422,A,0,0,0,0,False,attachment1_123_only,any_primary_feature_outside_reference_quantile_interval,261,66,-195,0,0,1,0.009289296422,True,True,PASS,0.03954565885,0.3228807573,0.7124110715,False,False,True,False,label_spreading_disagreement,1,False,repeated_fold_model_instability_5th_to_95th_percentile; not an external confidence interval,historical invoice behavior relative default tendency; 302 firms have no observed default labels
E174,***工程技术有限公司,0.04645413672,0.0572880996,0.01110961438,0.03896873292,0.04660795576,0.05679323467,0.0721865749,0.07543808175,0.03009130251,0.07891231211,50,0.003480383514,123,302,True,0.3862271997,0.4524429674,0.1467921145,0.01453771835,B,0,0,0,0,False,attachment1_123_only,any_primary_feature_outside_reference_quantile_interval,262,215,-47,0,0,1,0.01453771835,True,True,PASS,0.03646934882,0.04297375321,0.7714261566,False,False,False,True,rating_entropy,1,False,repeated_fold_model_instability_5th_to_95th_percentile; not an external confidence interval,historical invoice behavior relative default tendency; 302 firms have no observed default labels
E169,***建筑设计有限公司,0.04621654357,0.053349685,0.0104699571,0.03576164831,0.0425744159,0.05222748973,0.06873966231,0.07006832717,0.03063395412,0.07518271593,50,0.4718926654,123,302,True,0.3595800156,0.4630659719,0.1610895708,0.01626444168,B,0,0,0,0,False,attachment1_123_only,any_primary_feature_outside_reference_quantile_interval,263,46,-217,0,1,1,0.01626444168,True,True,PASS,0.03430667886,0.4256761218,0.7829499149,False,False,True,True,label_spreading_disagreement|rating_entropy,1,False,repeated_fold_model_instability_5th_to_95th_percentile; not an external confidence interval,historical invoice behavior relative default tendency; 302 firms have no observed default labels
E161,***建筑劳务有限责任公司,0.04601752607,0.05510287764,0.01222136454,0.03545026725,0.03818983204,0.05437951554,0.07024531504,0.07553553062,0.03080233196,0.08772741323,50,0.04170115019,123,302,True,0.516587352,0.3816635416,0.09313700154,0.008612104943,A,0,0,0,0,False,attachment1_123_only,any_primary_feature_outside_reference_quantile_interval,264,126,-138,0,0,1,0.008612104943,True,True,PASS,0.04008526337,0.004316375876,0.7003279729,False,False,False,False,none,0,False,repeated_fold_model_instability_5th_to_95th_percentile; not an external confidence interval,historical invoice behavior relative default tendency; 302 firms have no observed default labels
E204,***科技发展有限公司,0.04546017552,0.05286783405,0.01057997299,0.03417911034,0.04164528642,0.05060051466,0.06585224095,0.06854821727,0.03004877719,0.0761763315,50,0.0002475136665,123,302,True,0.2869632324,0.4818081498,0.2086824171,0.02254620073,B,0,0,0,0,False,attachment1_123_only,any_primary_feature_outside_reference_quantile_interval,265,280,15,0,0,1,0.02254620073,True,True,PASS,0.03436910693,0.04521266186,0.8097548991,False,False,False,True,rating_entropy,1,False,repeated_fold_model_instability_5th_to_95th_percentile; not an external confidence interval,historical invoice behavior relative default tendency; 302 firms have no observed default labels
E142,***运业有限公司,0.04497248243,0.05356558654,0.009967163119,0.03749982508,0.04064863199,0.05450709522,0.06552620457,0.06788439029,0.03151777226,0.07575497149,50,0.003432708911,123,302,True,0.34772238,0.4672274759,0.1679344817,0.01711566234,B,0,0,0,0,False,attachment1_123_only,any_primary_feature_outside_reference_quantile_interval,266,216,-50,0,0,1,0.01711566234,True,True,PASS,0.03038456521,0.04153977352,0.7877810803,False,False,False,True,rating_entropy,1,False,repeated_fold_model_instability_5th_to_95th_percentile; not an external confidence interval,historical invoice behavior relative default tendency; 302 firms have no observed default labels
E211,个体经营E211,0.04497149201,0.05776158109,0.01182812417,0.04041519942,0.04239825179,0.05596413526,0.07084636875,0.07729031091,0.03018093324,0.09168111311,50,0.00607471354,123,302,True,0.5149548833,0.3826970524,0.09367997251,0.008668091797,A,0,0,0,0,False,attachment1_123_only,any_primary_feature_outside_reference_quantile_interval,267,196,-71,0,0,1,0.008668091797,True,True,PASS,0.03687511149,0.03889677847,0.7013858471,False,False,False,False,none,0,False,repeated_fold_model_instability_5th_to_95th_percentile; not an external confidence interval,historical invoice behavior relative default tendency; 302 firms have no observed default labels
E225,***物业服务有限责任公司***分公司,0.04395071825,0.05267752183,0.009982079765,0.03550581291,0.04259145905,0.05108849598,0.06577160739,0.06803365179,0.02899618228,0.07739166181,50,0.06281064439,123,302,True,0.4043519769,0.444317237,0.1378404448,0.01349034129,B,0,0,0,0,False,attachment1_123_only,any_primary_feature_outside_reference_quantile_interval,268,114,-154,0,0,1,0.01349034129,True,True,PASS,0.03252783889,0.01885992614,0.7630450196,False,False,False,True,rating_entropy,1,False,repeated_fold_model_instability_5th_to_95th_percentile; not an external confidence interval,historical invoice behavior relative default tendency; 302 firms have no observed default labels
E159,个体经营E159,0.04388393826,0.05198324733,0.009991329348,0.03398788013,0.04170512083,0.05023198511,0.06515744781,0.0694504916,0.02953057429,0.07274786358,50,0.3094959037,123,302,True,0.3608457827,0.462600119,0.1603773009,0.01617679742,B,0,0,0,0,False,attachment1_123_only,any_primary_feature_outside_reference_quantile_interval,269,81,-188,0,0,1,0.01617679742,True,True,PASS,0.03546261148,0.2656119654,0.7824235316,False,False,True,True,label_spreading_disagreement|rating_entropy,1,False,repeated_fold_model_instability_5th_to_95th_percentile; not an external confidence interval,historical invoice behavior relative default tendency; 302 firms have no observed default labels
E185,***生态魔芋有限公司,0.04370184396,0.05783905811,0.01626502519,0.03339600359,0.04469317189,0.05867259542,0.0789789551,0.08162169416,0.01106015934,0.1017639944,50,0.2758440606,123,302,True,0.6614648458,0.2801972528,0.0536093294,0.004728571965,A,1,0.06666666667,0,0.1650201981,True,attachment1_123_only,any_primary_feature_outside_reference_quantile_interval,270,85,-185,0,0,1,0.004728571965,True,True,PASS,0.04822569057,0.2321422167,0.5857677819,True,False,True,False,OOD|label_spreading_disagreement,1,False,repeated_fold_model_instability_5th_to_95th_percentile; not an external confidence interval,historical invoice behavior relative default tendency; 302 firms have no observed default labels
E194,***文化传播有限公司,0.04221497419,0.05007581683,0.008542233336,0.03622582502,0.0382801055,0.05078422901,0.06029065238,0.06258547137,0.02963354385,0.07001775507,50,0.01112890098,123,302,True,0.327176318,0.473508747,0.1805823274,0.01873260766,B,1,0.06666666667,0,0.004374784032,True,attachment1_123_only,any_primary_feature_outside_reference_quantile_interval,271,175,-96,0,0,1,0.01873260766,True,True,PASS,0.02635964635,0.03108607321,0.795729618,True,False,False,True,OOD|rating_entropy,1,False,repeated_fold_model_instability_5th_to_95th_percentile; not an external confidence interval,historical invoice behavior relative default tendency; 302 firms have no observed default labels
E256,***物资有限公司,0.04190990739,0.0507575548,0.009972729905,0.03377236144,0.03586566248,0.05142190808,0.06201665527,0.06633046433,0.02518020191,0.07404797972,50,0.0001918833235,123,302,True,0.5590709459,0.3537804229,0.07988045918,0.007268172073,A,1,0.06666666667,0,0.001216079568,True,attachment1_123_only,any_primary_feature_outside_reference_quantile_interval,272,284,12,0,0,1,0.007268172073,True,True,PASS,0.0325581029,0.04171802407,0.6711127503,True,False,False,False,OOD,1,False,repeated_fold_model_instability_5th_to_95th_percentile; not an external confidence interval,historical invoice behavior relative default tendency; 302 firms have no observed default labels
E164,个体经营E164,0.04031919601,0.04917072456,0.00954714516,0.03354108484,0.03866392788,0.04830291654,0.06303568444,0.06500478009,0.02591793429,0.0674259455,50,0.0002254238516,123,302,True,0.4563941105,0.4175948042,0.1150750485,0.01093603676,A,0,0,0,0,False,attachment1_123_only,any_primary_feature_outside_reference_quantile_interval,273,282,9,0,0,1,0.01093603676,True,True,PASS,0.03146369525,0.04009377215,0.7363894836,False,False,False,False,none,0,False,repeated_fold_model_instability_5th_to_95th_percentile; not an external confidence interval,historical invoice behavior relative default tendency; 302 firms have no observed default labels
E238,个体经营E238,0.03986630127,0.04752158809,0.009388113221,0.03028230538,0.03604773485,0.04834836366,0.05802371787,0.06178430598,0.02659681306,0.07174913334,50,0.005338199678,123,302,True,0.3152984087,0.476549781,0.1883910744,0.0197607359,B,1,0.06666666667,0,0.002035675579,True,attachment1_123_only,any_primary_feature_outside_reference_quantile_interval,274,204,-70,0,0,1,0.0197607359,True,True,PASS,0.0315020006,0.0345281016,0.8000830698,True,False,False,True,OOD|rating_entropy,1,False,repeated_fold_model_instability_5th_to_95th_percentile; not an external confidence interval,historical invoice behavior relative default tendency; 302 firms have no observed default labels
E171,***质量检验测试站,0.03962366515,0.04713194201,0.009763729673,0.03041183839,0.03727159446,0.04560209742,0.06014474302,0.06286686289,0.02557089833,0.06803259359,50,0.3816150415,123,302,True,0.4483065632,0.4220426992,0.1183558745,0.01129486312,A,0,0,0,0,False,attachment1_123_only,any_primary_feature_outside_reference_quantile_interval,275,64,-211,0,0,1,0.01129486312,True,True,PASS,0.0324550245,0.3419913764,0.7407943547,False,False,True,False,label_spreading_disagreement,1,False,repeated_fold_model_instability_5th_to_95th_percentile; not an external confidence interval,historical invoice behavior relative default tendency; 302 firms have no observed default labels
E182,***新材料科技有限公司,0.03941105035,0.04980191659,0.009887455992,0.03312580948,0.03981000714,0.04963225974,0.05845051675,0.0654374715,0.02840529263,0.07862099225,50,4.016551567e-05,123,302,True,0.5477846364,0.361364454,0.08324569628,0.007605213329,A,0,0,0,0,False,attachment1_123_only,any_primary_feature_outside_reference_quantile_interval,276,302,26,0,0,1,0.007605213329,True,True,PASS,0.03231166203,0.03937088484,0.679198349,False,False,False,False,none,0,False,repeated_fold_model_instability_5th_to_95th_percentile; not an external confidence interval,historical invoice behavior relative default tendency; 302 firms have no observed default labels
E196,***地质制图印刷厂,0.03882241812,0.04705227843,0.009388180341,0.03134467245,0.03722125436,0.04604769424,0.05759835032,0.06240231304,0.02616857729,0.07155811971,50,0.4724026121,123,302,True,0.4509587937,0.4205950769,0.1172703292,0.01117580017,A,0,0,0,0,False,attachment1_123_only,any_primary_feature_outside_reference_quantile_interval,277,45,-232,0,1,1,0.01117580017,True,True,PASS,0.03105764059,0.433580194,0.7393608006,False,False,True,False,label_spreading_disagreement,1,False,repeated_fold_model_instability_5th_to_95th_percentile; not an external confidence interval,historical invoice behavior relative default tendency; 302 firms have no observed default labels
E147,***装饰工程有限责任公司,0.03881957715,0.04646254439,0.009922559383,0.02973038507,0.03631230372,0.04570721012,0.06080445071,0.06254517117,0.02481803766,0.06392851871,50,0.0002118694738,123,302,True,0.392953943,0.4495069292,0.1434011406,0.01413798724,B,0,0,0,0,False,attachment1_123_only,any_primary_feature_outside_reference_quantile_interval,278,283,5,0,0,1,0.01413798724,True,True,PASS,0.0328147861,0.03860770767,0.7683678838,False,False,False,True,rating_entropy,1,False,repeated_fold_model_instability_5th_to_95th_percentile; not an external confidence interval,historical invoice behavior relative default tendency; 302 firms have no observed default labels
E135,***建设工程有限公司,0.03864400783,0.04509795812,0.008630302581,0.03232420412,0.0337331239,0.04538288003,0.05628925684,0.05795029244,0.02838530356,0.06835264554,50,0.003713906253,123,302,True,0.432668112,0.4303506058,0.1249553347,0.01202594757,A,0,0,0,0,False,attachment1_123_only,any_primary_feature_outside_reference_quantile_interval,279,214,-65,0,0,1,0.01202594757,True,True,PASS,0.02562608832,0.03493010157,0.7490326852,False,False,False,False,none,0,False,repeated_fold_model_instability_5th_to_95th_percentile; not an external confidence interval,historical invoice behavior relative default tendency; 302 firms have no observed default labels
E188,***硬质合金有限公司,0.03765325996,0.04757121392,0.01009181234,0.03155220548,0.03621908674,0.04819626213,0.05845571905,0.06326107803,0.02439829467,0.07298471764,50,6.488460218e-05,123,302,True,0.5387798254,0.3673267933,0.08600930441,0.0078840769,A,0,0,0,0,False,attachment1_123_only,any_primary_feature_outside_reference_quantile_interval,280,301,21,0,0,1,0.0078840769,True,True,PASS,0.03170887255,0.03758837536,0.6854784908,False,False,False,False,none,0,False,repeated_fold_model_instability_5th_to_95th_percentile; not an external confidence interval,historical invoice behavior relative default tendency; 302 firms have no observed default labels
E146,***基础建设工程有限公司,0.03763527991,0.04917515914,0.01074905939,0.03272733766,0.03709804393,0.04958757494,0.06276894061,0.06386369505,0.0257552347,0.07772349,50,0.004851618597,123,302,True,0.529304326,0.3735120889,0.08899600113,0.008187583934,A,0,0,0,0,False,attachment1_123_only,any_primary_feature_outside_reference_quantile_interval,281,208,-73,0,0,1,0.008187583934,True,True,PASS,0.03113635739,0.03278366131,0.6919265954,False,False,False,False,none,0,False,repeated_fold_model_instability_5th_to_95th_percentile; not an external confidence interval,historical invoice behavior relative default tendency; 302 firms have no observed default labels
E152,***运贸有限责任公司,0.03685676442,0.04478602449,0.01335778323,0.02589239589,0.02876218666,0.04129564955,0.06254409645,0.0680011058,0.02354045732,0.078721581,50,0.004166180556,123,302,True,0.3294828544,0.4728661188,0.179109711,0.0185413158,B,0,0,0,0,False,attachment1_123_only,any_primary_feature_outside_reference_quantile_interval,282,213,-69,0,0,1,0.0185413158,True,True,PASS,0.04210870991,0.03269058386,0.7948637694,False,False,False,True,rating_entropy,1,False,repeated_fold_model_instability_5th_to_95th_percentile; not an external confidence interval,historical invoice behavior relative default tendency; 302 firms have no observed default labels
E165,***文化传媒股份有限公司,0.03651589074,0.04416707153,0.009493177067,0.02731936618,0.0330217892,0.0428001085,0.05596112318,0.05811728455,0.02439863499,0.06630312251,50,0.0001288789269,123,302,True,0.3469513529,0.4674850329,0.1683906407,0.01717297353,B,0,0,0,0,False,attachment1_123_only,any_primary_feature_outside_reference_quantile_interval,283,292,9,0,0,1,0.01717297353,True,True,PASS,0.03079791837,0.03638701181,0.788089,False,False,False,True,rating_entropy,1,False,repeated_fold_model_instability_5th_to_95th_percentile; not an external confidence interval,historical invoice behavior relative default tendency; 302 firms have no observed default labels
E134,***工程咨询有限公司,0.03620846997,0.04380092292,0.008881285139,0.02947181092,0.03444522618,0.0427941133,0.05590205054,0.05821147205,0.02344692929,0.06208412914,50,0.02628999617,123,302,True,0.4867322585,0.4000696362,0.1035038468,0.009694258535,A,0,0,0,0,False,attachment1_123_only,any_primary_feature_outside_reference_quantile_interval,284,143,-141,0,0,1,0.009694258535,True,True,PASS,0.02873966114,0.009918473801,0.7189557471,False,False,False,False,none,0,False,repeated_fold_model_instability_5th_to_95th_percentile; not an external confidence interval,historical invoice behavior relative default tendency; 302 firms have no observed default labels
E145,***工贸有限公司,0.03599533112,0.045523684,0.01013158034,0.02937944999,0.03487323271,0.04522628083,0.05807718767,0.05953086171,0.02330875785,0.0732200141,50,0.0002302970362,123,302,True,0.4348416127,0.4292198963,0.1240172327,0.01192125825,A,0,0,0,0,False,attachment1_123_only,any_primary_feature_outside_reference_quantile_interval,285,281,-4,0,0,1,0.01192125825,True,True,PASS,0.03015141172,0.03576503408,0.7479093849,False,False,False,False,none,0,False,repeated_fold_model_instability_5th_to_95th_percentile; not an external confidence interval,historical invoice behavior relative default tendency; 302 firms have no observed default labels
E197,***医疗设备有限公司,0.03592617365,0.04436599098,0.009643314351,0.02853797845,0.0347038095,0.04316027842,0.05779302789,0.0602196963,0.02235584752,0.06645083344,50,0.3979446067,123,302,True,0.3800714929,0.4550434587,0.149969432,0.01491561642,B,0,0,0,0,False,attachment1_123_only,any_primary_feature_outside_reference_quantile_interval,286,58,-228,0,1,1,0.01491561642,True,True,PASS,0.03168171785,0.362018433,0.7741715111,False,False,True,True,label_spreading_disagreement|rating_entropy,1,False,repeated_fold_model_instability_5th_to_95th_percentile; not an external confidence interval,historical invoice behavior relative default tendency; 302 firms have no observed default labels
E140,***建筑工程有限公司,0.03574723554,0.04417599289,0.01152587591,0.02645588447,0.03424735717,0.04369714413,0.05760462537,0.05939930781,0.009743667796,0.06832896894,50,0.2541680235,123,302,True,0.6007538006,0.3247901457,0.0683245829,0.00613147079,A,0,0,0,0,False,attachment1_123_only,any_primary_feature_outside_reference_quantile_interval,287,94,-193,0,0,1,0.00613147079,True,True,PASS,0.03294342334,0.2184207879,0.6390858307,False,False,True,False,label_spreading_disagreement,1,False,repeated_fold_model_instability_5th_to_95th_percentile; not an external confidence interval,historical invoice behavior relative default tendency; 302 firms have no observed default labels
E180,***电气有限公司,0.03328246558,0.04668258811,0.01196048962,0.02966321733,0.03090854545,0.04566582985,0.0609878737,0.06564344594,0.02012919622,0.07444586994,50,0.0009536246517,123,302,True,0.5749954224,0.3428802571,0.07530955468,0.00681476581,A,0,0,0,0,False,attachment1_123_only,any_primary_feature_outside_reference_quantile_interval,288,250,-38,0,0,1,0.00681476581,True,True,PASS,0.03598022861,0.03232884093,0.6592877686,False,False,False,False,none,0,False,repeated_fold_model_instability_5th_to_95th_percentile; not an external confidence interval,historical invoice behavior relative default tendency; 302 firms have no observed default labels
E195,***医药有限公司,0.03274305492,0.04051796101,0.008090006925,0.02645612958,0.03230449118,0.03937473737,0.04907034401,0.05294963067,0.0217785961,0.05947447465,50,0.0004329354453,123,302,True,0.4782204196,0.4051139819,0.1066385354,0.01002706307,A,0,0,0,0,False,attachment1_123_only,any_primary_feature_outside_reference_quantile_interval,289,274,-15,0,0,1,0.01002706307,True,True,PASS,0.02649350108,0.03231011948,0.7239951149,False,False,False,False,none,0,False,repeated_fold_model_instability_5th_to_95th_percentile; not an external confidence interval,historical invoice behavior relative default tendency; 302 firms have no observed default labels
E173,***贸易有限责任公司,0.03266440506,0.04361476353,0.009758210247,0.02791362604,0.03313542017,0.04343734213,0.0547491319,0.05775724992,0.02239232731,0.07268031816,50,0.000161590766,123,302,True,0.6390523179,0.296952865,0.05877893046,0.005215886651,A,0,0,0,0,False,attachment1_123_only,any_primary_feature_outside_reference_quantile_interval,290,289,-1,0,0,1,0.005215886651,True,True,PASS,0.02984362389,0.03250281429,0.6064335002,False,False,False,False,none,0,False,repeated_fold_model_instability_5th_to_95th_percentile; not an external confidence interval,historical invoice behavior relative default tendency; 302 firms have no observed default labels
E138,个体经营E138,0.03248384417,0.04088013413,0.008054122781,0.02731473653,0.03236216722,0.04095874843,0.05242417754,0.0554634644,0.02167608375,0.05816566322,50,8.069757206e-05,123,302,True,0.6855925399,0.2618151359,0.04835322782,0.00423909638,A,0,0,0,0,False,attachment1_123_only,any_primary_feature_outside_reference_quantile_interval,291,296,5,0,0,1,0.00423909638,True,True,PASS,0.02814872787,0.0324031466,0.5621369149,False,False,False,False,none,0,False,repeated_fold_model_instability_5th_to_95th_percentile; not an external confidence interval,historical invoice behavior relative default tendency; 302 firms have no observed default labels
E205,个体经营E205,0.03184472117,0.04171469362,0.007800499281,0.02753959678,0.03299971626,0.04187083837,0.05060377805,0.05222574587,0.02198763907,0.06327873374,50,9.404150198e-05,123,302,True,0.7086132077,0.2439710321,0.04361301328,0.003802746898,A,0,0,0,0,False,attachment1_123_only,any_primary_feature_outside_reference_quantile_interval,292,294,2,0,0,1,0.003802746898,True,True,PASS,0.02468614909,0.03175067967,0.5381630163,False,False,False,False,none,0,False,repeated_fold_model_instability_5th_to_95th_percentile; not an external confidence interval,historical invoice behavior relative default tendency; 302 firms have no observed default labels
E176,***科技有限公司,0.03166893663,0.03882689266,0.007892367225,0.0266848921,0.02925104397,0.03905561054,0.04811169155,0.05027374648,0.01972033663,0.05622268163,50,0.008164453893,123,302,True,0.5538546789,0.3573006024,0.08142245285,0.007422265812,A,0,0,0,0,False,attachment1_123_only,any_primary_feature_outside_reference_quantile_interval,293,185,-108,0,0,1,0.007422265812,True,True,PASS,0.02358885438,0.02350448274,0.6748796834,False,False,False,False,none,0,False,repeated_fold_model_instability_5th_to_95th_percentile; not an external confidence interval,historical invoice behavior relative default tendency; 302 firms have no observed default labels
E132,个体经营E132,0.03086132384,0.038728394,0.008264100798,0.02534791321,0.03089789555,0.03794666679,0.05012848358,0.05140682055,0.01954370875,0.05811202159,50,0.005988650859,123,302,True,0.5603655453,0.352902841,0.07950124842,0.007230365358,A,0,0,0,0,False,attachment1_123_only,any_primary_feature_outside_reference_quantile_interval,294,198,-96,0,0,1,0.007230365358,True,True,PASS,0.02605890734,0.02487267298,0.6701698034,False,False,False,False,none,0,False,repeated_fold_model_instability_5th_to_95th_percentile; not an external confidence interval,historical invoice behavior relative default tendency; 302 firms have no observed default labels
E193,个体经营E193,0.02959403557,0.03739243495,0.007945711167,0.02410908419,0.02925429783,0.03597433565,0.04726617672,0.04990301006,0.01886338776,0.05623376307,50,0.006413605009,123,302,True,0.574514004,0.3432130772,0.0754448084,0.006828110355,A,1,0.06666666667,0,0.06534282882,True,attachment1_123_only,any_primary_feature_outside_reference_quantile_interval,295,194,-101,0,0,1,0.006828110355,True,True,PASS,0.02579392587,0.02318043056,0.6596525456,True,False,False,False,OOD,1,False,repeated_fold_model_instability_5th_to_95th_percentile; not an external confidence interval,historical invoice behavior relative default tendency; 302 firms have no observed default labels
E141,***食品有限公司,0.02914031602,0.03630031381,0.007734347439,0.02263503052,0.02849043295,0.03476463872,0.04578289438,0.04928520083,0.01915311521,0.0528752177,50,0.2101876626,123,302,True,0.5899080569,0.332473286,0.07120663964,0.006412017521,A,0,0,0,0,False,attachment1_123_only,any_primary_feature_outside_reference_quantile_interval,296,95,-201,0,0,1,0.006412017521,True,True,PASS,0.0266501703,0.1810473466,0.6477577462,False,False,False,False,none,0,False,repeated_fold_model_instability_5th_to_95th_percentile; not an external confidence interval,historical invoice behavior relative default tendency; 302 firms have no observed default labels
E125,个体经营E125,0.02831263609,0.03764471569,0.01196537427,0.02143338921,0.02167661176,0.03685142582,0.05262467367,0.05715021194,0.01689750703,0.06755275249,50,0.0005868989266,123,302,True,0.5292933119,0.3735192242,0.08899952099,0.008187942937,A,2,0.1333333333,0,2.315698234,True,attachment1_123_only,any_primary_feature_outside_reference_quantile_interval,297,263,-34,0,0,1,0.008187942937,True,True,PASS,0.03571682273,0.02772573717,0.6919339962,True,False,False,False,OOD,1,False,repeated_fold_model_instability_5th_to_95th_percentile; not an external confidence interval,historical invoice behavior relative default tendency; 302 firms have no observed default labels
E131,个体经营E131,0.02622812822,0.0335655986,0.007909945603,0.01995789235,0.02465748124,0.03217059698,0.0434845407,0.0448379775,0.01612194294,0.05212928277,50,0.0005942326176,123,302,True,0.5121652897,0.3844561711,0.09461396482,0.008764574391,A,0,0,0,0,False,attachment1_123_only,any_primary_feature_outside_reference_quantile_interval,298,261,-37,0,0,1,0.008764574391,True,True,PASS,0.02488008515,0.0256338956,0.7031828453,False,False,False,False,none,0,False,repeated_fold_model_instability_5th_to_95th_percentile; not an external confidence interval,historical invoice behavior relative default tendency; 302 firms have no observed default labels
E139,个体经营E139,0.02561175391,0.03283240224,0.006723473441,0.0219483646,0.02578677291,0.03277426037,0.04064996402,0.0452123121,0.0179049297,0.04557835879,50,0.03915657675,123,302,True,0.7158168363,0.2383298942,0.04218137434,0.003671895207,A,0,0,0,0,False,attachment1_123_only,any_primary_feature_outside_reference_quantile_interval,299,130,-169,0,0,1,0.003671895207,True,True,PASS,0.02326394749,0.01354482284,0.5303590759,False,False,False,False,none,0,False,repeated_fold_model_instability_5th_to_95th_percentile; not an external confidence interval,historical invoice behavior relative default tendency; 302 firms have no observed default labels
E129,个体经营E129,0.02513629344,0.03205887348,0.007831630184,0.01884465545,0.02318689021,0.0303640367,0.04290608642,0.04407384275,0.01508127479,0.04707512814,50,0.0008024106675,123,302,True,0.5392539656,0.3670148704,0.08586199873,0.007869165276,A,0,0,0,0,False,attachment1_123_only,any_primary_feature_outside_reference_quantile_interval,300,255,-45,0,0,1,0.007869165276,True,True,PASS,0.02522918729,0.02433388278,0.6851515454,False,False,False,False,none,0,False,repeated_fold_model_instability_5th_to_95th_percentile; not an external confidence interval,historical invoice behavior relative default tendency; 302 firms have no observed default labels
E126,个体经营E126,0.02426786817,0.03322433959,0.01034751452,0.01867904724,0.0193242927,0.03226296625,0.04809930642,0.05073330419,0.01430079907,0.06109477273,50,0.03223072645,123,302,True,0.673036306,0.2714240034,0.05105018686,0.004489503801,A,0,0,0,0,False,attachment1_123_only,any_primary_feature_outside_reference_quantile_interval,301,136,-165,0,0,1,0.004489503801,True,True,PASS,0.03205425695,0.007962858284,0.5746192134,False,False,False,False,none,0,False,repeated_fold_model_instability_5th_to_95th_percentile; not an external confidence interval,historical invoice behavior relative default tendency; 302 firms have no observed default labels
E127,个体经营E127,0.02157733009,0.02837513855,0.007630236097,0.01713456205,0.01944821733,0.02781120383,0.03666216241,0.04259815783,0.01384881909,0.05014358009,50,0.03831741332,123,302,True,0.745264882,0.2150040932,0.03656806419,0.003162960672,A,1,0.06666666667,0,0.128121032,True,attachment1_123_only,any_primary_feature_outside_reference_quantile_interval,302,131,-171,0,0,1,0.003162960672,True,True,PASS,0.02546359578,0.01674008324,0.4968620365,True,False,False,False,OOD,1,False,repeated_fold_model_instability_5th_to_95th_percentile; not an external confidence interval,historical invoice behavior relative default tendency; 302 firms have no observed default labels
