enterprise_id,enterprise_name,industry_code,mapping_status,confidence,mapping_confidence,q2_main_risk,q2_risk_interpretation,growth_yoy_pct,growth_source,d_h_pp,S_h,identity_multiplier,identity_risk,light_multiplier,light_risk,medium_multiplier,medium_risk,severe_multiplier,severe_risk,robust_risk,unknown_industry_flag,industry_high_uncertainty_flag,high_uncertainty_flag,unknown_policy,growth_source_url,source_release_date,source_period,source_standard,source_status,source_interpretation,risk_override_only
E124,个体经营E124,unknown,generic_unknown,0.0,0.0,0.06693188597,historical invoice behavior relative default tendency; 302 firms have no observed default labels,,https://www.stats.gov.cn/sj/zxfb/202302/t20230203_1900688.html,35.3,0.8825,1.0,0.06693188597,1.1103125,0.07431530964106561,1.220625,0.08169873331213125,1.25,0.08366485746249999,0.08366485746249999,1,1,1,max_known_S,https://www.stats.gov.cn/sj/zxfb/202302/t20230203_1900688.html,2020-04-18,2020Q1,GB/T4754-2017,derived_policy_max_known_S,retrospective_external_stress_marker; includes 2020-03; after Q2 invoice window; not Q2 training input or ex_ante validation,True
E125,个体经营E125,unknown,generic_unknown,0.0,0.0,0.02831263609,historical invoice behavior relative default tendency; 302 firms have no observed default labels,,https://www.stats.gov.cn/sj/zxfb/202302/t20230203_1900688.html,35.3,0.8825,1.0,0.02831263609,1.1103125,0.03143587375867812,1.220625,0.03455911142735625,1.25,0.0353907951125,0.0353907951125,1,1,1,max_known_S,https://www.stats.gov.cn/sj/zxfb/202302/t20230203_1900688.html,2020-04-18,2020Q1,GB/T4754-2017,derived_policy_max_known_S,retrospective_external_stress_marker; includes 2020-03; after Q2 invoice window; not Q2 training input or ex_ante validation,True
E126,个体经营E126,unknown,generic_unknown,0.0,0.0,0.02426786817,historical invoice behavior relative default tendency; 302 firms have no observed default labels,,https://www.stats.gov.cn/sj/zxfb/202302/t20230203_1900688.html,35.3,0.8825,1.0,0.02426786817,1.1103125,0.026944917377503128,1.220625,0.029621966585006255,1.25,0.0303348352125,0.0303348352125,1,1,0,max_known_S,https://www.stats.gov.cn/sj/zxfb/202302/t20230203_1900688.html,2020-04-18,2020Q1,GB/T4754-2017,derived_policy_max_known_S,retrospective_external_stress_marker; includes 2020-03; after Q2 invoice window; not Q2 training input or ex_ante validation,True
E127,个体经营E127,unknown,generic_unknown,0.0,0.0,0.02157733009,historical invoice behavior relative default tendency; 302 firms have no observed default labels,,https://www.stats.gov.cn/sj/zxfb/202302/t20230203_1900688.html,35.3,0.8825,1.0,0.02157733009,1.1103125,0.023957579315553125,1.220625,0.02633782854110625,1.25,0.0269716626125,0.0269716626125,1,1,1,max_known_S,https://www.stats.gov.cn/sj/zxfb/202302/t20230203_1900688.html,2020-04-18,2020Q1,GB/T4754-2017,derived_policy_max_known_S,retrospective_external_stress_marker; includes 2020-03; after Q2 invoice window; not Q2 training input or ex_ante validation,True
E128,个体经营E128,unknown,generic_unknown,0.0,0.0,0.08646573004,historical invoice behavior relative default tendency; 302 firms have no observed default labels,,https://www.stats.gov.cn/sj/zxfb/202302/t20230203_1900688.html,35.3,0.8825,1.0,0.08646573004,1.1103125,0.09600398088503749,1.220625,0.105542231730075,1.25,0.10808216255,0.10808216255,1,1,1,max_known_S,https://www.stats.gov.cn/sj/zxfb/202302/t20230203_1900688.html,2020-04-18,2020Q1,GB/T4754-2017,derived_policy_max_known_S,retrospective_external_stress_marker; includes 2020-03; after Q2 invoice window; not Q2 training input or ex_ante validation,True
E129,个体经营E129,unknown,generic_unknown,0.0,0.0,0.02513629344,historical invoice behavior relative default tendency; 302 firms have no observed default labels,,https://www.stats.gov.cn/sj/zxfb/202302/t20230203_1900688.html,35.3,0.8825,1.0,0.02513629344,1.1103125,0.0279091408101,1.220625,0.0306819881802,1.25,0.0314203668,0.0314203668,1,1,0,max_known_S,https://www.stats.gov.cn/sj/zxfb/202302/t20230203_1900688.html,2020-04-18,2020Q1,GB/T4754-2017,derived_policy_max_known_S,retrospective_external_stress_marker; includes 2020-03; after Q2 invoice window; not Q2 training input or ex_ante validation,True
E130,个体经营E130,unknown,generic_unknown,0.0,0.0,0.1468784157,historical invoice behavior relative default tendency; 302 firms have no observed default labels,,https://www.stats.gov.cn/sj/zxfb/202302/t20230203_1900688.html,35.3,0.8825,1.0,0.1468784157,1.1103125,0.16308094093190625,1.220625,0.1792834661638125,1.25,0.183598019625,0.183598019625,1,1,1,max_known_S,https://www.stats.gov.cn/sj/zxfb/202302/t20230203_1900688.html,2020-04-18,2020Q1,GB/T4754-2017,derived_policy_max_known_S,retrospective_external_stress_marker; includes 2020-03; after Q2 invoice window; not Q2 training input or ex_ante validation,True
E131,个体经营E131,unknown,generic_unknown,0.0,0.0,0.02622812822,historical invoice behavior relative default tendency; 302 firms have no observed default labels,,https://www.stats.gov.cn/sj/zxfb/202302/t20230203_1900688.html,35.3,0.8825,1.0,0.02622812822,1.1103125,0.02912141861426875,1.220625,0.0320147090085375,1.25,0.032785160275,0.032785160275,1,1,0,max_known_S,https://www.stats.gov.cn/sj/zxfb/202302/t20230203_1900688.html,2020-04-18,2020Q1,GB/T4754-2017,derived_policy_max_known_S,retrospective_external_stress_marker; includes 2020-03; after Q2 invoice window; not Q2 training input or ex_ante validation,True
E132,个体经营E132,unknown,generic_unknown,0.0,0.0,0.03086132384,historical invoice behavior relative default tendency; 302 firms have no observed default labels,,https://www.stats.gov.cn/sj/zxfb/202302/t20230203_1900688.html,35.3,0.8825,1.0,0.03086132384,1.1103125,0.0342657136261,1.220625,0.0376701034122,1.25,0.0385766548,0.0385766548,1,1,0,max_known_S,https://www.stats.gov.cn/sj/zxfb/202302/t20230203_1900688.html,2020-04-18,2020Q1,GB/T4754-2017,derived_policy_max_known_S,retrospective_external_stress_marker; includes 2020-03; after Q2 invoice window; not Q2 training input or ex_ante validation,True
E133,个体经营E133,unknown,generic_unknown,0.0,0.0,0.1043128943,historical invoice behavior relative default tendency; 302 firms have no observed default labels,,https://www.stats.gov.cn/sj/zxfb/202302/t20230203_1900688.html,35.3,0.8825,1.0,0.1043128943,1.1103125,0.11581991045246876,1.220625,0.1273269266049375,1.25,0.130391117875,0.130391117875,1,1,1,max_known_S,https://www.stats.gov.cn/sj/zxfb/202302/t20230203_1900688.html,2020-04-18,2020Q1,GB/T4754-2017,derived_policy_max_known_S,retrospective_external_stress_marker; includes 2020-03; after Q2 invoice window; not Q2 training input or ex_ante validation,True
E134,***工程咨询有限公司,other_services,high_specific_rule,1.0,1.0,0.03620846997,historical invoice behavior relative default tendency; 302 firms have no observed default labels,-1.8,https://www.stats.gov.cn/sj/zxfb/202302/t20230203_1900688.html,1.8,0.045,1.0,0.03620846997,1.005625,0.03641214261358125,1.01125,0.036615815257162496,1.016875,0.03681948790074375,0.03681948790074375,0,0,0,not_applicable,https://www.stats.gov.cn/sj/zxfb/202302/t20230203_1900688.html,2020-04-18,2020Q1,GB/T4754-2017,official_primary_preliminary,retrospective_external_stress_marker; includes 2020-03; after Q2 invoice window; not Q2 training input or ex_ante validation,True
E135,***建设工程有限公司,construction,high_specific_rule,1.0,1.0,0.03864400783,historical invoice behavior relative default tendency; 302 firms have no observed default labels,-17.5,https://www.stats.gov.cn/sj/zxfb/202302/t20230203_1900688.html,17.5,0.4375,1.0,0.03864400783,1.0546875,0.04075735200820312,1.109375,0.04287069618640625,1.1640625,0.04498404036460937,0.04498404036460937,0,0,0,not_applicable,https://www.stats.gov.cn/sj/zxfb/202302/t20230203_1900688.html,2020-04-18,2020Q1,GB/T4754-2017,official_primary_preliminary,retrospective_external_stress_marker; includes 2020-03; after Q2 invoice window; not Q2 training input or ex_ante validation,True
E136,***机械有限责任公司,unknown,low_specific_or_unmatched_unknown,0.0,0.0,0.06222333221,historical invoice behavior relative default tendency; 302 firms have no observed default labels,,https://www.stats.gov.cn/sj/zxfb/202302/t20230203_1900688.html,35.3,0.8825,1.0,0.06222333221,1.1103125,0.06908734354441563,1.220625,0.07595135487883126,1.25,0.0777791652625,0.0777791652625,1,1,1,max_known_S,https://www.stats.gov.cn/sj/zxfb/202302/t20230203_1900688.html,2020-04-18,2020Q1,GB/T4754-2017,derived_policy_max_known_S,retrospective_external_stress_marker; includes 2020-03; after Q2 invoice window; not Q2 training input or ex_ante validation,True
E137,***建设工程有限公司,construction,high_specific_rule,1.0,1.0,0.06292225318,historical invoice behavior relative default tendency; 302 firms have no observed default labels,-17.5,https://www.stats.gov.cn/sj/zxfb/202302/t20230203_1900688.html,17.5,0.4375,1.0,0.06292225318,1.0546875,0.06636331390078125,1.109375,0.0698043746215625,1.1640625,0.07324543534234375,0.07324543534234375,0,0,1,not_applicable,https://www.stats.gov.cn/sj/zxfb/202302/t20230203_1900688.html,2020-04-18,2020Q1,GB/T4754-2017,official_primary_preliminary,retrospective_external_stress_marker; includes 2020-03; after Q2 invoice window; not Q2 training input or ex_ante validation,True
E138,个体经营E138,unknown,generic_unknown,0.0,0.0,0.03248384417,historical invoice behavior relative default tendency; 302 firms have no observed default labels,,https://www.stats.gov.cn/sj/zxfb/202302/t20230203_1900688.html,35.3,0.8825,1.0,0.03248384417,1.1103125,0.036067218230003126,1.220625,0.03965059229000625,1.25,0.0406048052125,0.0406048052125,1,1,0,max_known_S,https://www.stats.gov.cn/sj/zxfb/202302/t20230203_1900688.html,2020-04-18,2020Q1,GB/T4754-2017,derived_policy_max_known_S,retrospective_external_stress_marker; includes 2020-03; after Q2 invoice window; not Q2 training input or ex_ante validation,True
E139,个体经营E139,unknown,generic_unknown,0.0,0.0,0.02561175391,historical invoice behavior relative default tendency; 302 firms have no observed default labels,,https://www.stats.gov.cn/sj/zxfb/202302/t20230203_1900688.html,35.3,0.8825,1.0,0.02561175391,1.1103125,0.028437050513196876,1.220625,0.03126234711639375,1.25,0.0320146923875,0.0320146923875,1,1,0,max_known_S,https://www.stats.gov.cn/sj/zxfb/202302/t20230203_1900688.html,2020-04-18,2020Q1,GB/T4754-2017,derived_policy_max_known_S,retrospective_external_stress_marker; includes 2020-03; after Q2 invoice window; not Q2 training input or ex_ante validation,True
E140,***建筑工程有限公司,construction,high_specific_rule,1.0,1.0,0.03574723554,historical invoice behavior relative default tendency; 302 firms have no observed default labels,-17.5,https://www.stats.gov.cn/sj/zxfb/202302/t20230203_1900688.html,17.5,0.4375,1.0,0.03574723554,1.0546875,0.037702162483593746,1.109375,0.0396570894271875,1.1640625,0.04161201637078125,0.04161201637078125,0,0,1,not_applicable,https://www.stats.gov.cn/sj/zxfb/202302/t20230203_1900688.html,2020-04-18,2020Q1,GB/T4754-2017,official_primary_preliminary,retrospective_external_stress_marker; includes 2020-03; after Q2 invoice window; not Q2 training input or ex_ante validation,True
E141,***食品有限公司,unknown,low_specific_or_unmatched_unknown,0.0,0.0,0.02914031602,historical invoice behavior relative default tendency; 302 firms have no observed default labels,,https://www.stats.gov.cn/sj/zxfb/202302/t20230203_1900688.html,35.3,0.8825,1.0,0.02914031602,1.1103125,0.032354857130956254,1.220625,0.035569398241912506,1.25,0.036425395025,0.036425395025,1,1,0,max_known_S,https://www.stats.gov.cn/sj/zxfb/202302/t20230203_1900688.html,2020-04-18,2020Q1,GB/T4754-2017,derived_policy_max_known_S,retrospective_external_stress_marker; includes 2020-03; after Q2 invoice window; not Q2 training input or ex_ante validation,True
E142,***运业有限公司,transport_storage_post,high_specific_rule,1.0,1.0,0.04497248243,historical invoice behavior relative default tendency; 302 firms have no observed default labels,-14.0,https://www.stats.gov.cn/sj/zxfb/202302/t20230203_1900688.html,14.0,0.35,1.0,0.04497248243,1.04375,0.0469400285363125,1.0875,0.048907574642625,1.13125,0.050875120748937505,0.050875120748937505,0,0,1,not_applicable,https://www.stats.gov.cn/sj/zxfb/202302/t20230203_1900688.html,2020-04-18,2020Q1,GB/T4754-2017,official_primary_preliminary,retrospective_external_stress_marker; includes 2020-03; after Q2 invoice window; not Q2 training input or ex_ante validation,True
E143,***电子科技有限公司,unknown,low_specific_or_unmatched_unknown,0.0,0.0,0.07225716502,historical invoice behavior relative default tendency; 302 firms have no observed default labels,,https://www.stats.gov.cn/sj/zxfb/202302/t20230203_1900688.html,35.3,0.8825,1.0,0.07225716502,1.1103125,0.08022803353626876,1.220625,0.08819890205253751,1.25,0.090321456275,0.090321456275,1,1,1,max_known_S,https://www.stats.gov.cn/sj/zxfb/202302/t20230203_1900688.html,2020-04-18,2020Q1,GB/T4754-2017,derived_policy_max_known_S,retrospective_external_stress_marker; includes 2020-03; after Q2 invoice window; not Q2 training input or ex_ante validation,True
E144,***劳务有限公司,unknown,low_specific_or_unmatched_unknown,0.0,0.0,0.05989639601,historical invoice behavior relative default tendency; 302 firms have no observed default labels,,https://www.stats.gov.cn/sj/zxfb/202302/t20230203_1900688.html,35.3,0.8825,1.0,0.05989639601,1.1103125,0.06650371719485312,1.220625,0.07311103837970626,1.25,0.0748704950125,0.0748704950125,1,1,1,max_known_S,https://www.stats.gov.cn/sj/zxfb/202302/t20230203_1900688.html,2020-04-18,2020Q1,GB/T4754-2017,derived_policy_max_known_S,retrospective_external_stress_marker; includes 2020-03; after Q2 invoice window; not Q2 training input or ex_ante validation,True
E145,***工贸有限公司,unknown,low_specific_or_unmatched_unknown,0.0,0.0,0.03599533112,historical invoice behavior relative default tendency; 302 firms have no observed default labels,,https://www.stats.gov.cn/sj/zxfb/202302/t20230203_1900688.html,35.3,0.8825,1.0,0.03599533112,1.1103125,0.039966066084175,1.220625,0.04393680104835,1.25,0.0449941639,0.0449941639,1,1,0,max_known_S,https://www.stats.gov.cn/sj/zxfb/202302/t20230203_1900688.html,2020-04-18,2020Q1,GB/T4754-2017,derived_policy_max_known_S,retrospective_external_stress_marker; includes 2020-03; after Q2 invoice window; not Q2 training input or ex_ante validation,True
E146,***基础建设工程有限公司,construction,high_specific_rule,1.0,1.0,0.03763527991,historical invoice behavior relative default tendency; 302 firms have no observed default labels,-17.5,https://www.stats.gov.cn/sj/zxfb/202302/t20230203_1900688.html,17.5,0.4375,1.0,0.03763527991,1.0546875,0.03969345928007813,1.109375,0.04175163865015625,1.1640625,0.04380981802023438,0.04380981802023438,0,0,0,not_applicable,https://www.stats.gov.cn/sj/zxfb/202302/t20230203_1900688.html,2020-04-18,2020Q1,GB/T4754-2017,official_primary_preliminary,retrospective_external_stress_marker; includes 2020-03; after Q2 invoice window; not Q2 training input or ex_ante validation,True
E147,***装饰工程有限责任公司,construction,high_specific_rule,1.0,1.0,0.03881957715,historical invoice behavior relative default tendency; 302 firms have no observed default labels,-17.5,https://www.stats.gov.cn/sj/zxfb/202302/t20230203_1900688.html,17.5,0.4375,1.0,0.03881957715,1.0546875,0.04094252277539062,1.109375,0.04306546840078125,1.1640625,0.04518841402617187,0.04518841402617187,0,0,1,not_applicable,https://www.stats.gov.cn/sj/zxfb/202302/t20230203_1900688.html,2020-04-18,2020Q1,GB/T4754-2017,official_primary_preliminary,retrospective_external_stress_marker; includes 2020-03; after Q2 invoice window; not Q2 training input or ex_ante validation,True
E148,***商贸有限公司,wholesale_retail,high_specific_rule,1.0,1.0,0.07220733777,historical invoice behavior relative default tendency; 302 firms have no observed default labels,-17.8,https://www.stats.gov.cn/sj/zxfb/202302/t20230203_1900688.html,17.8,0.445,1.0,0.07220733777,1.055625,0.07622387093345626,1.11125,0.08024040409691251,1.166875,0.08425693726036876,0.08425693726036876,0,0,1,not_applicable,https://www.stats.gov.cn/sj/zxfb/202302/t20230203_1900688.html,2020-04-18,2020Q1,GB/T4754-2017,official_primary_preliminary,retrospective_external_stress_marker; includes 2020-03; after Q2 invoice window; not Q2 training input or ex_ante validation,True
E149,***建筑劳务有限公司,construction,high_specific_rule,1.0,1.0,0.05966215737,historical invoice behavior relative default tendency; 302 firms have no observed default labels,-17.5,https://www.stats.gov.cn/sj/zxfb/202302/t20230203_1900688.html,17.5,0.4375,1.0,0.05966215737,1.0546875,0.06292493160117188,1.109375,0.06618770583234375,1.1640625,0.06945048006351563,0.06945048006351563,0,0,1,not_applicable,https://www.stats.gov.cn/sj/zxfb/202302/t20230203_1900688.html,2020-04-18,2020Q1,GB/T4754-2017,official_primary_preliminary,retrospective_external_stress_marker; includes 2020-03; after Q2 invoice window; not Q2 training input or ex_ante validation,True
E150,***建设工程有限公司,construction,high_specific_rule,1.0,1.0,0.04809596502,historical invoice behavior relative default tendency; 302 firms have no observed default labels,-17.5,https://www.stats.gov.cn/sj/zxfb/202302/t20230203_1900688.html,17.5,0.4375,1.0,0.04809596502,1.0546875,0.05072621310703125,1.109375,0.053356461194062496,1.1640625,0.05598670928109375,0.05598670928109375,0,0,1,not_applicable,https://www.stats.gov.cn/sj/zxfb/202302/t20230203_1900688.html,2020-04-18,2020Q1,GB/T4754-2017,official_primary_preliminary,retrospective_external_stress_marker; includes 2020-03; after Q2 invoice window; not Q2 training input or ex_ante validation,True
E151,***路桥工程有限公司,construction,high_specific_rule,1.0,1.0,0.06143754113,historical invoice behavior relative default tendency; 302 firms have no observed default labels,-17.5,https://www.stats.gov.cn/sj/zxfb/202302/t20230203_1900688.html,17.5,0.4375,1.0,0.06143754113,1.0546875,0.06479740666054688,1.109375,0.06815727219109376,1.1640625,0.07151713772164063,0.07151713772164063,0,0,1,not_applicable,https://www.stats.gov.cn/sj/zxfb/202302/t20230203_1900688.html,2020-04-18,2020Q1,GB/T4754-2017,official_primary_preliminary,retrospective_external_stress_marker; includes 2020-03; after Q2 invoice window; not Q2 training input or ex_ante validation,True
E152,***运贸有限责任公司,unknown,low_specific_or_unmatched_unknown,0.0,0.0,0.03685676442,historical invoice behavior relative default tendency; 302 firms have no observed default labels,,https://www.stats.gov.cn/sj/zxfb/202302/t20230203_1900688.html,35.3,0.8825,1.0,0.03685676442,1.1103125,0.040922526245081255,1.220625,0.0449882880701625,1.25,0.046070955525,0.046070955525,1,1,1,max_known_S,https://www.stats.gov.cn/sj/zxfb/202302/t20230203_1900688.html,2020-04-18,2020Q1,GB/T4754-2017,derived_policy_max_known_S,retrospective_external_stress_marker; includes 2020-03; after Q2 invoice window; not Q2 training input or ex_ante validation,True
E153,个体经营E153,unknown,generic_unknown,0.0,0.0,0.0656927255,historical invoice behavior relative default tendency; 302 firms have no observed default labels,,https://www.stats.gov.cn/sj/zxfb/202302/t20230203_1900688.html,35.3,0.8825,1.0,0.0656927255,1.1103125,0.07293945428171875,1.220625,0.0801861830634375,1.25,0.08211590687499999,0.08211590687499999,1,1,1,max_known_S,https://www.stats.gov.cn/sj/zxfb/202302/t20230203_1900688.html,2020-04-18,2020Q1,GB/T4754-2017,derived_policy_max_known_S,retrospective_external_stress_marker; includes 2020-03; after Q2 invoice window; not Q2 training input or ex_ante validation,True
E154,***汽车销售服务有限公司,wholesale_retail,high_specific_rule,1.0,1.0,0.104624478,historical invoice behavior relative default tendency; 302 firms have no observed default labels,-17.8,https://www.stats.gov.cn/sj/zxfb/202302/t20230203_1900688.html,17.8,0.445,1.0,0.104624478,1.055625,0.11044421458875,1.11125,0.11626395117750002,1.166875,0.12208368776625002,0.12208368776625002,0,0,1,not_applicable,https://www.stats.gov.cn/sj/zxfb/202302/t20230203_1900688.html,2020-04-18,2020Q1,GB/T4754-2017,official_primary_preliminary,retrospective_external_stress_marker; includes 2020-03; after Q2 invoice window; not Q2 training input or ex_ante validation,True
E155,个体经营E155,unknown,generic_unknown,0.0,0.0,0.06077081477,historical invoice behavior relative default tendency; 302 firms have no observed default labels,,https://www.stats.gov.cn/sj/zxfb/202302/t20230203_1900688.html,35.3,0.8825,1.0,0.06077081477,1.1103125,0.06747459527431562,1.220625,0.07417837577863126,1.25,0.0759635184625,0.0759635184625,1,1,1,max_known_S,https://www.stats.gov.cn/sj/zxfb/202302/t20230203_1900688.html,2020-04-18,2020Q1,GB/T4754-2017,derived_policy_max_known_S,retrospective_external_stress_marker; includes 2020-03; after Q2 invoice window; not Q2 training input or ex_ante validation,True
E156,个体经营E156,unknown,generic_unknown,0.0,0.0,0.06116067527,historical invoice behavior relative default tendency; 302 firms have no observed default labels,,https://www.stats.gov.cn/sj/zxfb/202302/t20230203_1900688.html,35.3,0.8825,1.0,0.06116067527,1.1103125,0.06790746226072188,1.220625,0.07465424925144375,1.25,0.0764508440875,0.0764508440875,1,1,1,max_known_S,https://www.stats.gov.cn/sj/zxfb/202302/t20230203_1900688.html,2020-04-18,2020Q1,GB/T4754-2017,derived_policy_max_known_S,retrospective_external_stress_marker; includes 2020-03; after Q2 invoice window; not Q2 training input or ex_ante validation,True
E157,***环境设备工程有限公司,construction,high_specific_rule,1.0,1.0,0.1040462037,historical invoice behavior relative default tendency; 302 firms have no observed default labels,-17.5,https://www.stats.gov.cn/sj/zxfb/202302/t20230203_1900688.html,17.5,0.4375,1.0,0.1040462037,1.0546875,0.10973623046484375,1.109375,0.11542625722968751,1.1640625,0.12111628399453125,0.12111628399453125,0,0,1,not_applicable,https://www.stats.gov.cn/sj/zxfb/202302/t20230203_1900688.html,2020-04-18,2020Q1,GB/T4754-2017,official_primary_preliminary,retrospective_external_stress_marker; includes 2020-03; after Q2 invoice window; not Q2 training input or ex_ante validation,True
E158,***装饰工程有限公司,construction,high_specific_rule,1.0,1.0,0.08635403357,historical invoice behavior relative default tendency; 302 firms have no observed default labels,-17.5,https://www.stats.gov.cn/sj/zxfb/202302/t20230203_1900688.html,17.5,0.4375,1.0,0.08635403357,1.0546875,0.09107651978085937,1.109375,0.09579900599171876,1.1640625,0.10052149220257812,0.10052149220257812,0,0,1,not_applicable,https://www.stats.gov.cn/sj/zxfb/202302/t20230203_1900688.html,2020-04-18,2020Q1,GB/T4754-2017,official_primary_preliminary,retrospective_external_stress_marker; includes 2020-03; after Q2 invoice window; not Q2 training input or ex_ante validation,True
E159,个体经营E159,unknown,generic_unknown,0.0,0.0,0.04388393826,historical invoice behavior relative default tendency; 302 firms have no observed default labels,,https://www.stats.gov.cn/sj/zxfb/202302/t20230203_1900688.html,35.3,0.8825,1.0,0.04388393826,1.1103125,0.04872488519930625,1.220625,0.053565832138612504,1.25,0.054854922825,0.054854922825,1,1,1,max_known_S,https://www.stats.gov.cn/sj/zxfb/202302/t20230203_1900688.html,2020-04-18,2020Q1,GB/T4754-2017,derived_policy_max_known_S,retrospective_external_stress_marker; includes 2020-03; after Q2 invoice window; not Q2 training input or ex_ante validation,True
E160,***钢结构工程有限公司,construction,high_specific_rule,1.0,1.0,0.04763865975,historical invoice behavior relative default tendency; 302 firms have no observed default labels,-17.5,https://www.stats.gov.cn/sj/zxfb/202302/t20230203_1900688.html,17.5,0.4375,1.0,0.04763865975,1.0546875,0.05024389895507812,1.109375,0.052849138160156246,1.1640625,0.05545437736523438,0.05545437736523438,0,0,1,not_applicable,https://www.stats.gov.cn/sj/zxfb/202302/t20230203_1900688.html,2020-04-18,2020Q1,GB/T4754-2017,official_primary_preliminary,retrospective_external_stress_marker; includes 2020-03; after Q2 invoice window; not Q2 training input or ex_ante validation,True
E161,***建筑劳务有限责任公司,construction,high_specific_rule,1.0,1.0,0.04601752607,historical invoice behavior relative default tendency; 302 firms have no observed default labels,-17.5,https://www.stats.gov.cn/sj/zxfb/202302/t20230203_1900688.html,17.5,0.4375,1.0,0.04601752607,1.0546875,0.048534109526953126,1.109375,0.05105069298390625,1.1640625,0.053567276440859374,0.053567276440859374,0,0,0,not_applicable,https://www.stats.gov.cn/sj/zxfb/202302/t20230203_1900688.html,2020-04-18,2020Q1,GB/T4754-2017,official_primary_preliminary,retrospective_external_stress_marker; includes 2020-03; after Q2 invoice window; not Q2 training input or ex_ante validation,True
E162,***网络信息安全有限公司,information_software_it,high_specific_rule,1.0,1.0,0.07254758922,historical invoice behavior relative default tendency; 302 firms have no observed default labels,13.2,https://www.stats.gov.cn/sj/zxfb/202302/t20230203_1900688.html,0.0,0.0,1.0,0.07254758922,1.0,0.07254758922,1.0,0.07254758922,1.0,0.07254758922,0.07254758922,0,0,1,not_applicable,https://www.stats.gov.cn/sj/zxfb/202302/t20230203_1900688.html,2020-04-18,2020Q1,GB/T4754-2017,official_primary_preliminary,retrospective_external_stress_marker; includes 2020-03; after Q2 invoice window; not Q2 training input or ex_ante validation,True
E163,***物流有限公司,transport_storage_post,high_specific_rule,1.0,1.0,0.06342247812,historical invoice behavior relative default tendency; 302 firms have no observed default labels,-14.0,https://www.stats.gov.cn/sj/zxfb/202302/t20230203_1900688.html,14.0,0.35,1.0,0.06342247812,1.04375,0.06619721153775,1.0875,0.06897194495549999,1.13125,0.07174667837325001,0.07174667837325001,0,0,1,not_applicable,https://www.stats.gov.cn/sj/zxfb/202302/t20230203_1900688.html,2020-04-18,2020Q1,GB/T4754-2017,official_primary_preliminary,retrospective_external_stress_marker; includes 2020-03; after Q2 invoice window; not Q2 training input or ex_ante validation,True
E164,个体经营E164,unknown,generic_unknown,0.0,0.0,0.04031919601,historical invoice behavior relative default tendency; 302 firms have no observed default labels,,https://www.stats.gov.cn/sj/zxfb/202302/t20230203_1900688.html,35.3,0.8825,1.0,0.04031919601,1.1103125,0.04476690731985313,1.220625,0.049214618629706254,1.25,0.0503989950125,0.0503989950125,1,1,0,max_known_S,https://www.stats.gov.cn/sj/zxfb/202302/t20230203_1900688.html,2020-04-18,2020Q1,GB/T4754-2017,derived_policy_max_known_S,retrospective_external_stress_marker; includes 2020-03; after Q2 invoice window; not Q2 training input or ex_ante validation,True
E165,***文化传媒股份有限公司,other_services,high_specific_rule,1.0,1.0,0.03651589074,historical invoice behavior relative default tendency; 302 firms have no observed default labels,-1.8,https://www.stats.gov.cn/sj/zxfb/202302/t20230203_1900688.html,1.8,0.045,1.0,0.03651589074,1.005625,0.0367212926254125,1.01125,0.036926694510825,1.016875,0.0371320963962375,0.0371320963962375,0,0,1,not_applicable,https://www.stats.gov.cn/sj/zxfb/202302/t20230203_1900688.html,2020-04-18,2020Q1,GB/T4754-2017,official_primary_preliminary,retrospective_external_stress_marker; includes 2020-03; after Q2 invoice window; not Q2 training input or ex_ante validation,True
E166,***建筑工程有限公司,construction,high_specific_rule,1.0,1.0,0.09217207109,historical invoice behavior relative default tendency; 302 firms have no observed default labels,-17.5,https://www.stats.gov.cn/sj/zxfb/202302/t20230203_1900688.html,17.5,0.4375,1.0,0.09217207109,1.0546875,0.09721273122773438,1.109375,0.10225339136546875,1.1640625,0.10729405150320313,0.10729405150320313,0,0,1,not_applicable,https://www.stats.gov.cn/sj/zxfb/202302/t20230203_1900688.html,2020-04-18,2020Q1,GB/T4754-2017,official_primary_preliminary,retrospective_external_stress_marker; includes 2020-03; after Q2 invoice window; not Q2 training input or ex_ante validation,True
E167,***体育文化股份有限公司,unknown,low_specific_or_unmatched_unknown,0.0,0.0,0.05747336053,historical invoice behavior relative default tendency; 302 firms have no observed default labels,,https://www.stats.gov.cn/sj/zxfb/202302/t20230203_1900688.html,35.3,0.8825,1.0,0.05747336053,1.1103125,0.06381339061346564,1.220625,0.07015342069693126,1.25,0.07184170066250001,0.07184170066250001,1,1,0,max_known_S,https://www.stats.gov.cn/sj/zxfb/202302/t20230203_1900688.html,2020-04-18,2020Q1,GB/T4754-2017,derived_policy_max_known_S,retrospective_external_stress_marker; includes 2020-03; after Q2 invoice window; not Q2 training input or ex_ante validation,True
E168,***建材有限公司,unknown,low_specific_or_unmatched_unknown,0.0,0.0,0.04702682686,historical invoice behavior relative default tendency; 302 firms have no observed default labels,,https://www.stats.gov.cn/sj/zxfb/202302/t20230203_1900688.html,35.3,0.8825,1.0,0.04702682686,1.1103125,0.05221447369799376,1.220625,0.057402120535987505,1.25,0.058783533575000005,0.058783533575000005,1,1,1,max_known_S,https://www.stats.gov.cn/sj/zxfb/202302/t20230203_1900688.html,2020-04-18,2020Q1,GB/T4754-2017,derived_policy_max_known_S,retrospective_external_stress_marker; includes 2020-03; after Q2 invoice window; not Q2 training input or ex_ante validation,True
E169,***建筑设计有限公司,unknown,low_specific_or_unmatched_unknown,0.0,0.0,0.04621654357,historical invoice behavior relative default tendency; 302 firms have no observed default labels,,https://www.stats.gov.cn/sj/zxfb/202302/t20230203_1900688.html,35.3,0.8825,1.0,0.04621654357,1.1103125,0.05131480603256562,1.220625,0.05641306849513125,1.25,0.057770679462499995,0.057770679462499995,1,1,1,max_known_S,https://www.stats.gov.cn/sj/zxfb/202302/t20230203_1900688.html,2020-04-18,2020Q1,GB/T4754-2017,derived_policy_max_known_S,retrospective_external_stress_marker; includes 2020-03; after Q2 invoice window; not Q2 training input or ex_ante validation,True
E170,***建筑劳务有限公司,construction,high_specific_rule,1.0,1.0,0.06550885325,historical invoice behavior relative default tendency; 302 firms have no observed default labels,-17.5,https://www.stats.gov.cn/sj/zxfb/202302/t20230203_1900688.html,17.5,0.4375,1.0,0.06550885325,1.0546875,0.06909136866210937,1.109375,0.07267388407421875,1.1640625,0.07625639948632812,0.07625639948632812,0,0,1,not_applicable,https://www.stats.gov.cn/sj/zxfb/202302/t20230203_1900688.html,2020-04-18,2020Q1,GB/T4754-2017,official_primary_preliminary,retrospective_external_stress_marker; includes 2020-03; after Q2 invoice window; not Q2 training input or ex_ante validation,True
E171,***质量检验测试站,other_services,high_specific_rule,1.0,1.0,0.03962366515,historical invoice behavior relative default tendency; 302 firms have no observed default labels,-1.8,https://www.stats.gov.cn/sj/zxfb/202302/t20230203_1900688.html,1.8,0.045,1.0,0.03962366515,1.005625,0.03984654826646875,1.01125,0.0400694313829375,1.016875,0.04029231449940625,0.04029231449940625,0,0,1,not_applicable,https://www.stats.gov.cn/sj/zxfb/202302/t20230203_1900688.html,2020-04-18,2020Q1,GB/T4754-2017,official_primary_preliminary,retrospective_external_stress_marker; includes 2020-03; after Q2 invoice window; not Q2 training input or ex_ante validation,True
E172,***物流有限公司,transport_storage_post,high_specific_rule,1.0,1.0,0.05935152676,historical invoice behavior relative default tendency; 302 firms have no observed default labels,-14.0,https://www.stats.gov.cn/sj/zxfb/202302/t20230203_1900688.html,14.0,0.35,1.0,0.05935152676,1.04375,0.06194815605575,1.0875,0.0645447853515,1.13125,0.06714141464725001,0.06714141464725001,0,0,1,not_applicable,https://www.stats.gov.cn/sj/zxfb/202302/t20230203_1900688.html,2020-04-18,2020Q1,GB/T4754-2017,official_primary_preliminary,retrospective_external_stress_marker; includes 2020-03; after Q2 invoice window; not Q2 training input or ex_ante validation,True
E173,***贸易有限责任公司,wholesale_retail,high_specific_rule,1.0,1.0,0.03266440506,historical invoice behavior relative default tendency; 302 firms have no observed default labels,-17.8,https://www.stats.gov.cn/sj/zxfb/202302/t20230203_1900688.html,17.8,0.445,1.0,0.03266440506,1.055625,0.0344813625914625,1.11125,0.036298320122925,1.166875,0.0381152776543875,0.0381152776543875,0,0,0,not_applicable,https://www.stats.gov.cn/sj/zxfb/202302/t20230203_1900688.html,2020-04-18,2020Q1,GB/T4754-2017,official_primary_preliminary,retrospective_external_stress_marker; includes 2020-03; after Q2 invoice window; not Q2 training input or ex_ante validation,True
E174,***工程技术有限公司,other_services,high_specific_rule,1.0,1.0,0.04645413672,historical invoice behavior relative default tendency; 302 firms have no observed default labels,-1.8,https://www.stats.gov.cn/sj/zxfb/202302/t20230203_1900688.html,1.8,0.045,1.0,0.04645413672,1.005625,0.04671544123905,1.01125,0.0469767457581,1.016875,0.047238050277149994,0.047238050277149994,0,0,1,not_applicable,https://www.stats.gov.cn/sj/zxfb/202302/t20230203_1900688.html,2020-04-18,2020Q1,GB/T4754-2017,official_primary_preliminary,retrospective_external_stress_marker; includes 2020-03; after Q2 invoice window; not Q2 training input or ex_ante validation,True
E175,***食品集团有限公司,unknown,low_specific_or_unmatched_unknown,0.0,0.0,0.1170926019,historical invoice behavior relative default tendency; 302 firms have no observed default labels,,https://www.stats.gov.cn/sj/zxfb/202302/t20230203_1900688.html,35.3,0.8825,1.0,0.1170926019,1.1103125,0.13000937954709374,1.220625,0.1429261571941875,1.25,0.146365752375,0.146365752375,1,1,0,max_known_S,https://www.stats.gov.cn/sj/zxfb/202302/t20230203_1900688.html,2020-04-18,2020Q1,GB/T4754-2017,derived_policy_max_known_S,retrospective_external_stress_marker; includes 2020-03; after Q2 invoice window; not Q2 training input or ex_ante validation,True
E176,***科技有限公司,unknown,low_specific_or_unmatched_unknown,0.0,0.0,0.03166893663,historical invoice behavior relative default tendency; 302 firms have no observed default labels,,https://www.stats.gov.cn/sj/zxfb/202302/t20230203_1900688.html,35.3,0.8825,1.0,0.03166893663,1.1103125,0.03516241620199687,1.220625,0.038655895773993754,1.25,0.0395861707875,0.0395861707875,1,1,0,max_known_S,https://www.stats.gov.cn/sj/zxfb/202302/t20230203_1900688.html,2020-04-18,2020Q1,GB/T4754-2017,derived_policy_max_known_S,retrospective_external_stress_marker; includes 2020-03; after Q2 invoice window; not Q2 training input or ex_ante validation,True
E177,***电力工程有限公司,construction,high_specific_rule,1.0,1.0,0.08746342911,historical invoice behavior relative default tendency; 302 firms have no observed default labels,-17.5,https://www.stats.gov.cn/sj/zxfb/202302/t20230203_1900688.html,17.5,0.4375,1.0,0.08746342911,1.0546875,0.09224658538945313,1.109375,0.09702974166890625,1.1640625,0.10181289794835938,0.10181289794835938,0,0,1,not_applicable,https://www.stats.gov.cn/sj/zxfb/202302/t20230203_1900688.html,2020-04-18,2020Q1,GB/T4754-2017,official_primary_preliminary,retrospective_external_stress_marker; includes 2020-03; after Q2 invoice window; not Q2 training input or ex_ante validation,True
E178,***贸易有限公司,wholesale_retail,high_specific_rule,1.0,1.0,0.07076990542,historical invoice behavior relative default tendency; 302 firms have no observed default labels,-17.8,https://www.stats.gov.cn/sj/zxfb/202302/t20230203_1900688.html,17.8,0.445,1.0,0.07076990542,1.055625,0.0747064814089875,1.11125,0.078643057397975,1.166875,0.0825796333869625,0.0825796333869625,0,0,0,not_applicable,https://www.stats.gov.cn/sj/zxfb/202302/t20230203_1900688.html,2020-04-18,2020Q1,GB/T4754-2017,official_primary_preliminary,retrospective_external_stress_marker; includes 2020-03; after Q2 invoice window; not Q2 training input or ex_ante validation,True
E179,***园林有限公司,unknown,low_specific_or_unmatched_unknown,0.0,0.0,0.07597864058,historical invoice behavior relative default tendency; 302 firms have no observed default labels,,https://www.stats.gov.cn/sj/zxfb/202302/t20230203_1900688.html,35.3,0.8825,1.0,0.07597864058,1.1103125,0.08436003436898126,1.220625,0.09274142815796252,1.25,0.09497330072500001,0.09497330072500001,1,1,1,max_known_S,https://www.stats.gov.cn/sj/zxfb/202302/t20230203_1900688.html,2020-04-18,2020Q1,GB/T4754-2017,derived_policy_max_known_S,retrospective_external_stress_marker; includes 2020-03; after Q2 invoice window; not Q2 training input or ex_ante validation,True
E180,***电气有限公司,unknown,low_specific_or_unmatched_unknown,0.0,0.0,0.03328246558,historical invoice behavior relative default tendency; 302 firms have no observed default labels,,https://www.stats.gov.cn/sj/zxfb/202302/t20230203_1900688.html,35.3,0.8825,1.0,0.03328246558,1.1103125,0.03695393756429375,1.220625,0.040625409548587496,1.25,0.041603081975,0.041603081975,1,1,0,max_known_S,https://www.stats.gov.cn/sj/zxfb/202302/t20230203_1900688.html,2020-04-18,2020Q1,GB/T4754-2017,derived_policy_max_known_S,retrospective_external_stress_marker; includes 2020-03; after Q2 invoice window; not Q2 training input or ex_ante validation,True
E181,***食品有限公司,unknown,low_specific_or_unmatched_unknown,0.0,0.0,0.08976755602,historical invoice behavior relative default tendency; 302 firms have no observed default labels,,https://www.stats.gov.cn/sj/zxfb/202302/t20230203_1900688.html,35.3,0.8825,1.0,0.08976755602,1.1103125,0.09967003954345625,1.220625,0.10957252306691251,1.25,0.112209445025,0.112209445025,1,1,0,max_known_S,https://www.stats.gov.cn/sj/zxfb/202302/t20230203_1900688.html,2020-04-18,2020Q1,GB/T4754-2017,derived_policy_max_known_S,retrospective_external_stress_marker; includes 2020-03; after Q2 invoice window; not Q2 training input or ex_ante validation,True
E182,***新材料科技有限公司,unknown,low_specific_or_unmatched_unknown,0.0,0.0,0.03941105035,historical invoice behavior relative default tendency; 302 firms have no observed default labels,,https://www.stats.gov.cn/sj/zxfb/202302/t20230203_1900688.html,35.3,0.8825,1.0,0.03941105035,1.1103125,0.043758581841734374,1.220625,0.04810611333346875,1.25,0.0492638129375,0.0492638129375,1,1,0,max_known_S,https://www.stats.gov.cn/sj/zxfb/202302/t20230203_1900688.html,2020-04-18,2020Q1,GB/T4754-2017,derived_policy_max_known_S,retrospective_external_stress_marker; includes 2020-03; after Q2 invoice window; not Q2 training input or ex_ante validation,True
E183,***建设工程有限公司,construction,high_specific_rule,1.0,1.0,0.1000379791,historical invoice behavior relative default tendency; 302 firms have no observed default labels,-17.5,https://www.stats.gov.cn/sj/zxfb/202302/t20230203_1900688.html,17.5,0.4375,1.0,0.1000379791,1.0546875,0.10550880608203124,1.109375,0.1109796330640625,1.1640625,0.11645046004609375,0.11645046004609375,0,0,1,not_applicable,https://www.stats.gov.cn/sj/zxfb/202302/t20230203_1900688.html,2020-04-18,2020Q1,GB/T4754-2017,official_primary_preliminary,retrospective_external_stress_marker; includes 2020-03; after Q2 invoice window; not Q2 training input or ex_ante validation,True
E184,***建筑装饰工程有限公司,construction,high_specific_rule,1.0,1.0,0.1026369757,historical invoice behavior relative default tendency; 302 firms have no observed default labels,-17.5,https://www.stats.gov.cn/sj/zxfb/202302/t20230203_1900688.html,17.5,0.4375,1.0,0.1026369757,1.0546875,0.10824993530859374,1.109375,0.1138628949171875,1.1640625,0.11947585452578124,0.11947585452578124,0,0,1,not_applicable,https://www.stats.gov.cn/sj/zxfb/202302/t20230203_1900688.html,2020-04-18,2020Q1,GB/T4754-2017,official_primary_preliminary,retrospective_external_stress_marker; includes 2020-03; after Q2 invoice window; not Q2 training input or ex_ante validation,True
E185,***生态魔芋有限公司,unknown,low_specific_or_unmatched_unknown,0.0,0.0,0.04370184396,historical invoice behavior relative default tendency; 302 firms have no observed default labels,,https://www.stats.gov.cn/sj/zxfb/202302/t20230203_1900688.html,35.3,0.8825,1.0,0.04370184396,1.1103125,0.0485227036218375,1.220625,0.053343563283675004,1.25,0.05462730495,0.05462730495,1,1,1,max_known_S,https://www.stats.gov.cn/sj/zxfb/202302/t20230203_1900688.html,2020-04-18,2020Q1,GB/T4754-2017,derived_policy_max_known_S,retrospective_external_stress_marker; includes 2020-03; after Q2 invoice window; not Q2 training input or ex_ante validation,True
E186,***建筑劳务有限公司,construction,high_specific_rule,1.0,1.0,0.09599836002,historical invoice behavior relative default tendency; 302 firms have no observed default labels,-17.5,https://www.stats.gov.cn/sj/zxfb/202302/t20230203_1900688.html,17.5,0.4375,1.0,0.09599836002,1.0546875,0.10124827033359375,1.109375,0.10649818064718751,1.1640625,0.11174809096078125,0.11174809096078125,0,0,1,not_applicable,https://www.stats.gov.cn/sj/zxfb/202302/t20230203_1900688.html,2020-04-18,2020Q1,GB/T4754-2017,official_primary_preliminary,retrospective_external_stress_marker; includes 2020-03; after Q2 invoice window; not Q2 training input or ex_ante validation,True
E187,个体经营E187,unknown,generic_unknown,0.0,0.0,0.6080938535,historical invoice behavior relative default tendency; 302 firms have no observed default labels,,https://www.stats.gov.cn/sj/zxfb/202302/t20230203_1900688.html,35.3,0.8825,1.0,0.6080938535,1.1103125,0.6751742067142188,1.220625,0.7422545599284376,1.25,0.760117316875,0.760117316875,1,1,1,max_known_S,https://www.stats.gov.cn/sj/zxfb/202302/t20230203_1900688.html,2020-04-18,2020Q1,GB/T4754-2017,derived_policy_max_known_S,retrospective_external_stress_marker; includes 2020-03; after Q2 invoice window; not Q2 training input or ex_ante validation,True
E188,***硬质合金有限公司,unknown,low_specific_or_unmatched_unknown,0.0,0.0,0.03765325996,historical invoice behavior relative default tendency; 302 firms have no observed default labels,,https://www.stats.gov.cn/sj/zxfb/202302/t20230203_1900688.html,35.3,0.8825,1.0,0.03765325996,1.1103125,0.0418068851993375,1.220625,0.045960510438675,1.25,0.047066574949999995,0.047066574949999995,1,1,0,max_known_S,https://www.stats.gov.cn/sj/zxfb/202302/t20230203_1900688.html,2020-04-18,2020Q1,GB/T4754-2017,derived_policy_max_known_S,retrospective_external_stress_marker; includes 2020-03; after Q2 invoice window; not Q2 training input or ex_ante validation,True
E189,***石油工程技术服务有限公司,other_services,high_specific_rule,1.0,1.0,0.08558044961,historical invoice behavior relative default tendency; 302 firms have no observed default labels,-1.8,https://www.stats.gov.cn/sj/zxfb/202302/t20230203_1900688.html,1.8,0.045,1.0,0.08558044961,1.005625,0.08606183963905625,1.01125,0.0865432296681125,1.016875,0.08702461969716875,0.08702461969716875,0,0,1,not_applicable,https://www.stats.gov.cn/sj/zxfb/202302/t20230203_1900688.html,2020-04-18,2020Q1,GB/T4754-2017,official_primary_preliminary,retrospective_external_stress_marker; includes 2020-03; after Q2 invoice window; not Q2 training input or ex_ante validation,True
E190,***劳务有限公司,unknown,low_specific_or_unmatched_unknown,0.0,0.0,0.04801111119,historical invoice behavior relative default tendency; 302 firms have no observed default labels,,https://www.stats.gov.cn/sj/zxfb/202302/t20230203_1900688.html,35.3,0.8825,1.0,0.04801111119,1.1103125,0.05330733689314687,1.220625,0.05860356259629375,1.25,0.0600138889875,0.0600138889875,1,1,0,max_known_S,https://www.stats.gov.cn/sj/zxfb/202302/t20230203_1900688.html,2020-04-18,2020Q1,GB/T4754-2017,derived_policy_max_known_S,retrospective_external_stress_marker; includes 2020-03; after Q2 invoice window; not Q2 training input or ex_ante validation,True
E191,***商贸有限责任公司,wholesale_retail,high_specific_rule,1.0,1.0,0.08893492673,historical invoice behavior relative default tendency; 302 firms have no observed default labels,-17.8,https://www.stats.gov.cn/sj/zxfb/202302/t20230203_1900688.html,17.8,0.445,1.0,0.08893492673,1.055625,0.09388193202935625,1.11125,0.09882893732871251,1.166875,0.10377594262806876,0.10377594262806876,0,0,1,not_applicable,https://www.stats.gov.cn/sj/zxfb/202302/t20230203_1900688.html,2020-04-18,2020Q1,GB/T4754-2017,official_primary_preliminary,retrospective_external_stress_marker; includes 2020-03; after Q2 invoice window; not Q2 training input or ex_ante validation,True
E192,***建设工程有限公司,construction,high_specific_rule,1.0,1.0,0.1622654,historical invoice behavior relative default tendency; 302 firms have no observed default labels,-17.5,https://www.stats.gov.cn/sj/zxfb/202302/t20230203_1900688.html,17.5,0.4375,1.0,0.1622654,1.0546875,0.1711392890625,1.109375,0.180013178125,1.1640625,0.1888870671875,0.1888870671875,0,0,1,not_applicable,https://www.stats.gov.cn/sj/zxfb/202302/t20230203_1900688.html,2020-04-18,2020Q1,GB/T4754-2017,official_primary_preliminary,retrospective_external_stress_marker; includes 2020-03; after Q2 invoice window; not Q2 training input or ex_ante validation,True
E193,个体经营E193,unknown,generic_unknown,0.0,0.0,0.02959403557,historical invoice behavior relative default tendency; 302 firms have no observed default labels,,https://www.stats.gov.cn/sj/zxfb/202302/t20230203_1900688.html,35.3,0.8825,1.0,0.02959403557,1.1103125,0.032858627618815625,1.220625,0.036123219667631254,1.25,0.0369925444625,0.0369925444625,1,1,1,max_known_S,https://www.stats.gov.cn/sj/zxfb/202302/t20230203_1900688.html,2020-04-18,2020Q1,GB/T4754-2017,derived_policy_max_known_S,retrospective_external_stress_marker; includes 2020-03; after Q2 invoice window; not Q2 training input or ex_ante validation,True
E194,***文化传播有限公司,other_services,high_specific_rule,1.0,1.0,0.04221497419,historical invoice behavior relative default tendency; 302 firms have no observed default labels,-1.8,https://www.stats.gov.cn/sj/zxfb/202302/t20230203_1900688.html,1.8,0.045,1.0,0.04221497419,1.005625,0.04245243341981875,1.01125,0.0426898926496375,1.016875,0.042927351879456246,0.042927351879456246,0,0,1,not_applicable,https://www.stats.gov.cn/sj/zxfb/202302/t20230203_1900688.html,2020-04-18,2020Q1,GB/T4754-2017,official_primary_preliminary,retrospective_external_stress_marker; includes 2020-03; after Q2 invoice window; not Q2 training input or ex_ante validation,True
E195,***医药有限公司,unknown,low_specific_or_unmatched_unknown,0.0,0.0,0.03274305492,historical invoice behavior relative default tendency; 302 firms have no observed default labels,,https://www.stats.gov.cn/sj/zxfb/202302/t20230203_1900688.html,35.3,0.8825,1.0,0.03274305492,1.1103125,0.036355023165862504,1.220625,0.039966991411725,1.25,0.040928818650000004,0.040928818650000004,1,1,0,max_known_S,https://www.stats.gov.cn/sj/zxfb/202302/t20230203_1900688.html,2020-04-18,2020Q1,GB/T4754-2017,derived_policy_max_known_S,retrospective_external_stress_marker; includes 2020-03; after Q2 invoice window; not Q2 training input or ex_ante validation,True
E196,***地质制图印刷厂,unknown,low_specific_or_unmatched_unknown,0.0,0.0,0.03882241812,historical invoice behavior relative default tendency; 302 firms have no observed default labels,,https://www.stats.gov.cn/sj/zxfb/202302/t20230203_1900688.html,35.3,0.8825,1.0,0.03882241812,1.1103125,0.0431050161188625,1.220625,0.047387614117725005,1.25,0.04852802265,0.04852802265,1,1,1,max_known_S,https://www.stats.gov.cn/sj/zxfb/202302/t20230203_1900688.html,2020-04-18,2020Q1,GB/T4754-2017,derived_policy_max_known_S,retrospective_external_stress_marker; includes 2020-03; after Q2 invoice window; not Q2 training input or ex_ante validation,True
E197,***医疗设备有限公司,unknown,low_specific_or_unmatched_unknown,0.0,0.0,0.03592617365,historical invoice behavior relative default tendency; 302 firms have no observed default labels,,https://www.stats.gov.cn/sj/zxfb/202302/t20230203_1900688.html,35.3,0.8825,1.0,0.03592617365,1.1103125,0.039889279680765624,1.220625,0.04385238571153125,1.25,0.0449077170625,0.0449077170625,1,1,1,max_known_S,https://www.stats.gov.cn/sj/zxfb/202302/t20230203_1900688.html,2020-04-18,2020Q1,GB/T4754-2017,derived_policy_max_known_S,retrospective_external_stress_marker; includes 2020-03; after Q2 invoice window; not Q2 training input or ex_ante validation,True
E198,***商贸有限公司,wholesale_retail,high_specific_rule,1.0,1.0,0.1107815779,historical invoice behavior relative default tendency; 302 firms have no observed default labels,-17.8,https://www.stats.gov.cn/sj/zxfb/202302/t20230203_1900688.html,17.8,0.445,1.0,0.1107815779,1.055625,0.1169438031706875,1.11125,0.123106028441375,1.166875,0.12926825371206252,0.12926825371206252,0,0,0,not_applicable,https://www.stats.gov.cn/sj/zxfb/202302/t20230203_1900688.html,2020-04-18,2020Q1,GB/T4754-2017,official_primary_preliminary,retrospective_external_stress_marker; includes 2020-03; after Q2 invoice window; not Q2 training input or ex_ante validation,True
E199,***建筑劳务有限公司,construction,high_specific_rule,1.0,1.0,0.1077748206,historical invoice behavior relative default tendency; 302 firms have no observed default labels,-17.5,https://www.stats.gov.cn/sj/zxfb/202302/t20230203_1900688.html,17.5,0.4375,1.0,0.1077748206,1.0546875,0.1136687561015625,1.109375,0.11956269160312501,1.1640625,0.1254566271046875,0.1254566271046875,0,0,1,not_applicable,https://www.stats.gov.cn/sj/zxfb/202302/t20230203_1900688.html,2020-04-18,2020Q1,GB/T4754-2017,official_primary_preliminary,retrospective_external_stress_marker; includes 2020-03; after Q2 invoice window; not Q2 training input or ex_ante validation,True
E200,个体经营E200,unknown,generic_unknown,0.0,0.0,0.09616659389,historical invoice behavior relative default tendency; 302 firms have no observed default labels,,https://www.stats.gov.cn/sj/zxfb/202302/t20230203_1900688.html,35.3,0.8825,1.0,0.09616659389,1.1103125,0.10677497127849063,1.220625,0.11738334866698126,1.25,0.1202082423625,0.1202082423625,1,1,0,max_known_S,https://www.stats.gov.cn/sj/zxfb/202302/t20230203_1900688.html,2020-04-18,2020Q1,GB/T4754-2017,derived_policy_max_known_S,retrospective_external_stress_marker; includes 2020-03; after Q2 invoice window; not Q2 training input or ex_ante validation,True
E201,***物流有限责任公司,transport_storage_post,high_specific_rule,1.0,1.0,0.09619321977,historical invoice behavior relative default tendency; 302 firms have no observed default labels,-14.0,https://www.stats.gov.cn/sj/zxfb/202302/t20230203_1900688.html,14.0,0.35,1.0,0.09619321977,1.04375,0.1004016731349375,1.0875,0.104610126499875,1.13125,0.10881857986481251,0.10881857986481251,0,0,1,not_applicable,https://www.stats.gov.cn/sj/zxfb/202302/t20230203_1900688.html,2020-04-18,2020Q1,GB/T4754-2017,official_primary_preliminary,retrospective_external_stress_marker; includes 2020-03; after Q2 invoice window; not Q2 training input or ex_ante validation,True
E202,个体经营E202,unknown,generic_unknown,0.0,0.0,0.09030216428,historical invoice behavior relative default tendency; 302 firms have no observed default labels,,https://www.stats.gov.cn/sj/zxfb/202302/t20230203_1900688.html,35.3,0.8825,1.0,0.09030216428,1.1103125,0.1002636217771375,1.220625,0.11022507927427501,1.25,0.11287770535,0.11287770535,1,1,1,max_known_S,https://www.stats.gov.cn/sj/zxfb/202302/t20230203_1900688.html,2020-04-18,2020Q1,GB/T4754-2017,derived_policy_max_known_S,retrospective_external_stress_marker; includes 2020-03; after Q2 invoice window; not Q2 training input or ex_ante validation,True
E203,***建设工程有限公司,construction,high_specific_rule,1.0,1.0,0.1189196725,historical invoice behavior relative default tendency; 302 firms have no observed default labels,-17.5,https://www.stats.gov.cn/sj/zxfb/202302/t20230203_1900688.html,17.5,0.4375,1.0,0.1189196725,1.0546875,0.12542309208984376,1.109375,0.1319265116796875,1.1640625,0.13842993126953126,0.13842993126953126,0,0,1,not_applicable,https://www.stats.gov.cn/sj/zxfb/202302/t20230203_1900688.html,2020-04-18,2020Q1,GB/T4754-2017,official_primary_preliminary,retrospective_external_stress_marker; includes 2020-03; after Q2 invoice window; not Q2 training input or ex_ante validation,True
E204,***科技发展有限公司,unknown,low_specific_or_unmatched_unknown,0.0,0.0,0.04546017552,historical invoice behavior relative default tendency; 302 firms have no observed default labels,,https://www.stats.gov.cn/sj/zxfb/202302/t20230203_1900688.html,35.3,0.8825,1.0,0.04546017552,1.1103125,0.05047500113205,1.220625,0.0554898267441,1.25,0.0568252194,0.0568252194,1,1,1,max_known_S,https://www.stats.gov.cn/sj/zxfb/202302/t20230203_1900688.html,2020-04-18,2020Q1,GB/T4754-2017,derived_policy_max_known_S,retrospective_external_stress_marker; includes 2020-03; after Q2 invoice window; not Q2 training input or ex_ante validation,True
E205,个体经营E205,unknown,generic_unknown,0.0,0.0,0.03184472117,historical invoice behavior relative default tendency; 302 firms have no observed default labels,,https://www.stats.gov.cn/sj/zxfb/202302/t20230203_1900688.html,35.3,0.8825,1.0,0.03184472117,1.1103125,0.03535759197406563,1.220625,0.03887046277813125,1.25,0.0398059014625,0.0398059014625,1,1,0,max_known_S,https://www.stats.gov.cn/sj/zxfb/202302/t20230203_1900688.html,2020-04-18,2020Q1,GB/T4754-2017,derived_policy_max_known_S,retrospective_external_stress_marker; includes 2020-03; after Q2 invoice window; not Q2 training input or ex_ante validation,True
E206,***建设工程有限公司,construction,high_specific_rule,1.0,1.0,0.06257196707,historical invoice behavior relative default tendency; 302 firms have no observed default labels,-17.5,https://www.stats.gov.cn/sj/zxfb/202302/t20230203_1900688.html,17.5,0.4375,1.0,0.06257196707,1.0546875,0.06599387151914063,1.109375,0.06941577596828125,1.1640625,0.07283768041742188,0.07283768041742188,0,0,1,not_applicable,https://www.stats.gov.cn/sj/zxfb/202302/t20230203_1900688.html,2020-04-18,2020Q1,GB/T4754-2017,official_primary_preliminary,retrospective_external_stress_marker; includes 2020-03; after Q2 invoice window; not Q2 training input or ex_ante validation,True
E207,个体经营E207,unknown,generic_unknown,0.0,0.0,0.08437957589,historical invoice behavior relative default tendency; 302 firms have no observed default labels,,https://www.stats.gov.cn/sj/zxfb/202302/t20230203_1900688.html,35.3,0.8825,1.0,0.08437957589,1.1103125,0.09368769785536563,1.220625,0.10299581982073126,1.25,0.1054744698625,0.1054744698625,1,1,1,max_known_S,https://www.stats.gov.cn/sj/zxfb/202302/t20230203_1900688.html,2020-04-18,2020Q1,GB/T4754-2017,derived_policy_max_known_S,retrospective_external_stress_marker; includes 2020-03; after Q2 invoice window; not Q2 training input or ex_ante validation,True
E208,个体经营E208,unknown,generic_unknown,0.0,0.0,0.06634981274,historical invoice behavior relative default tendency; 302 firms have no observed default labels,,https://www.stats.gov.cn/sj/zxfb/202302/t20230203_1900688.html,35.3,0.8825,1.0,0.06634981274,1.1103125,0.07366902645788125,1.220625,0.0809882401757625,1.25,0.082937265925,0.082937265925,1,1,0,max_known_S,https://www.stats.gov.cn/sj/zxfb/202302/t20230203_1900688.html,2020-04-18,2020Q1,GB/T4754-2017,derived_policy_max_known_S,retrospective_external_stress_marker; includes 2020-03; after Q2 invoice window; not Q2 training input or ex_ante validation,True
E209,***工程检测有限公司,other_services,high_specific_rule,1.0,1.0,0.05019038873,historical invoice behavior relative default tendency; 302 firms have no observed default labels,-1.8,https://www.stats.gov.cn/sj/zxfb/202302/t20230203_1900688.html,1.8,0.045,1.0,0.05019038873,1.005625,0.05047270966660625,1.01125,0.0507550306032125,1.016875,0.05103735153981875,0.05103735153981875,0,0,1,not_applicable,https://www.stats.gov.cn/sj/zxfb/202302/t20230203_1900688.html,2020-04-18,2020Q1,GB/T4754-2017,official_primary_preliminary,retrospective_external_stress_marker; includes 2020-03; after Q2 invoice window; not Q2 training input or ex_ante validation,True
E210,***建筑工程有限公司,construction,high_specific_rule,1.0,1.0,0.1435127899,historical invoice behavior relative default tendency; 302 firms have no observed default labels,-17.5,https://www.stats.gov.cn/sj/zxfb/202302/t20230203_1900688.html,17.5,0.4375,1.0,0.1435127899,1.0546875,0.15136114559765623,1.109375,0.1592095012953125,1.1640625,0.16705785699296874,0.16705785699296874,0,0,1,not_applicable,https://www.stats.gov.cn/sj/zxfb/202302/t20230203_1900688.html,2020-04-18,2020Q1,GB/T4754-2017,official_primary_preliminary,retrospective_external_stress_marker; includes 2020-03; after Q2 invoice window; not Q2 training input or ex_ante validation,True
E211,个体经营E211,unknown,generic_unknown,0.0,0.0,0.04497149201,historical invoice behavior relative default tendency; 302 firms have no observed default labels,,https://www.stats.gov.cn/sj/zxfb/202302/t20230203_1900688.html,35.3,0.8825,1.0,0.04497149201,1.1103125,0.04993240972235313,1.220625,0.054893327434706256,1.25,0.0562143650125,0.0562143650125,1,1,0,max_known_S,https://www.stats.gov.cn/sj/zxfb/202302/t20230203_1900688.html,2020-04-18,2020Q1,GB/T4754-2017,derived_policy_max_known_S,retrospective_external_stress_marker; includes 2020-03; after Q2 invoice window; not Q2 training input or ex_ante validation,True
E212,***建电管理咨询有限公司,leasing_business_services,high_specific_rule,1.0,1.0,0.054977759,historical invoice behavior relative default tendency; 302 firms have no observed default labels,-9.4,https://www.stats.gov.cn/sj/zxfb/202302/t20230203_1900688.html,9.4,0.23500000000000001,1.0,0.054977759,1.029375,0.056592730670624994,1.05875,0.05820770234125001,1.088125,0.059822674011875,0.059822674011875,0,0,0,not_applicable,https://www.stats.gov.cn/sj/zxfb/202302/t20230203_1900688.html,2020-04-18,2020Q1,GB/T4754-2017,official_primary_preliminary,retrospective_external_stress_marker; includes 2020-03; after Q2 invoice window; not Q2 training input or ex_ante validation,True
E213,***科技有限公司,unknown,low_specific_or_unmatched_unknown,0.0,0.0,0.05214613302,historical invoice behavior relative default tendency; 302 firms have no observed default labels,,https://www.stats.gov.cn/sj/zxfb/202302/t20230203_1900688.html,35.3,0.8825,1.0,0.05214613302,1.1103125,0.05789850331876875,1.220625,0.0636508736175375,1.25,0.065182666275,0.065182666275,1,1,1,max_known_S,https://www.stats.gov.cn/sj/zxfb/202302/t20230203_1900688.html,2020-04-18,2020Q1,GB/T4754-2017,derived_policy_max_known_S,retrospective_external_stress_marker; includes 2020-03; after Q2 invoice window; not Q2 training input or ex_ante validation,True
E214,***建筑工程有限公司,construction,high_specific_rule,1.0,1.0,0.07228598426,historical invoice behavior relative default tendency; 302 firms have no observed default labels,-17.5,https://www.stats.gov.cn/sj/zxfb/202302/t20230203_1900688.html,17.5,0.4375,1.0,0.07228598426,1.0546875,0.07623912402421876,1.109375,0.08019226378843751,1.1640625,0.08414540355265626,0.08414540355265626,0,0,1,not_applicable,https://www.stats.gov.cn/sj/zxfb/202302/t20230203_1900688.html,2020-04-18,2020Q1,GB/T4754-2017,official_primary_preliminary,retrospective_external_stress_marker; includes 2020-03; after Q2 invoice window; not Q2 training input or ex_ante validation,True
E215,***建筑工程有限公司,construction,high_specific_rule,1.0,1.0,0.1017355454,historical invoice behavior relative default tendency; 302 firms have no observed default labels,-17.5,https://www.stats.gov.cn/sj/zxfb/202302/t20230203_1900688.html,17.5,0.4375,1.0,0.1017355454,1.0546875,0.1072992080390625,1.109375,0.112862870678125,1.1640625,0.1184265333171875,0.1184265333171875,0,0,1,not_applicable,https://www.stats.gov.cn/sj/zxfb/202302/t20230203_1900688.html,2020-04-18,2020Q1,GB/T4754-2017,official_primary_preliminary,retrospective_external_stress_marker; includes 2020-03; after Q2 invoice window; not Q2 training input or ex_ante validation,True
E216,***建设工程有限公司,construction,high_specific_rule,1.0,1.0,0.07391707793,historical invoice behavior relative default tendency; 302 firms have no observed default labels,-17.5,https://www.stats.gov.cn/sj/zxfb/202302/t20230203_1900688.html,17.5,0.4375,1.0,0.07391707793,1.0546875,0.07795941812929688,1.109375,0.08200175832859376,1.1640625,0.08604409852789063,0.08604409852789063,0,0,1,not_applicable,https://www.stats.gov.cn/sj/zxfb/202302/t20230203_1900688.html,2020-04-18,2020Q1,GB/T4754-2017,official_primary_preliminary,retrospective_external_stress_marker; includes 2020-03; after Q2 invoice window; not Q2 training input or ex_ante validation,True
E217,个体经营E217,unknown,generic_unknown,0.0,0.0,0.9142122803,historical invoice behavior relative default tendency; 302 firms have no observed default labels,,https://www.stats.gov.cn/sj/zxfb/202302/t20230203_1900688.html,35.3,0.8825,1.0,0.9142122803,1.1103125,0.999999,1.220625,0.999999,1.25,0.999999,0.999999,1,1,1,max_known_S,https://www.stats.gov.cn/sj/zxfb/202302/t20230203_1900688.html,2020-04-18,2020Q1,GB/T4754-2017,derived_policy_max_known_S,retrospective_external_stress_marker; includes 2020-03; after Q2 invoice window; not Q2 training input or ex_ante validation,True
E218,***建设工程有限公司,construction,high_specific_rule,1.0,1.0,0.3408718045,historical invoice behavior relative default tendency; 302 firms have no observed default labels,-17.5,https://www.stats.gov.cn/sj/zxfb/202302/t20230203_1900688.html,17.5,0.4375,1.0,0.3408718045,1.0546875,0.35951323130859375,1.109375,0.37815465811718746,1.1640625,0.3967960849257812,0.3967960849257812,0,0,1,not_applicable,https://www.stats.gov.cn/sj/zxfb/202302/t20230203_1900688.html,2020-04-18,2020Q1,GB/T4754-2017,official_primary_preliminary,retrospective_external_stress_marker; includes 2020-03; after Q2 invoice window; not Q2 training input or ex_ante validation,True
E219,***品牌营销策划有限公司,leasing_business_services,high_specific_rule,1.0,1.0,0.137299131,historical invoice behavior relative default tendency; 302 firms have no observed default labels,-9.4,https://www.stats.gov.cn/sj/zxfb/202302/t20230203_1900688.html,9.4,0.23500000000000001,1.0,0.137299131,1.029375,0.14133229297312497,1.05875,0.14536545494625,1.088125,0.149398616919375,0.149398616919375,0,0,1,not_applicable,https://www.stats.gov.cn/sj/zxfb/202302/t20230203_1900688.html,2020-04-18,2020Q1,GB/T4754-2017,official_primary_preliminary,retrospective_external_stress_marker; includes 2020-03; after Q2 invoice window; not Q2 training input or ex_ante validation,True
E220,***文化传播有限公司,other_services,high_specific_rule,1.0,1.0,0.05955429,historical invoice behavior relative default tendency; 302 firms have no observed default labels,-1.8,https://www.stats.gov.cn/sj/zxfb/202302/t20230203_1900688.html,1.8,0.045,1.0,0.05955429,1.005625,0.059889282881250006,1.01125,0.0602242757625,1.016875,0.060559268643750004,0.060559268643750004,0,0,1,not_applicable,https://www.stats.gov.cn/sj/zxfb/202302/t20230203_1900688.html,2020-04-18,2020Q1,GB/T4754-2017,official_primary_preliminary,retrospective_external_stress_marker; includes 2020-03; after Q2 invoice window; not Q2 training input or ex_ante validation,True
E221,***测绘服务有限公司,other_services,high_specific_rule,1.0,1.0,0.07115552158,historical invoice behavior relative default tendency; 302 firms have no observed default labels,-1.8,https://www.stats.gov.cn/sj/zxfb/202302/t20230203_1900688.html,1.8,0.045,1.0,0.07115552158,1.005625,0.07155577138888751,1.01125,0.071956021197775,1.016875,0.0723562710066625,0.0723562710066625,0,0,1,not_applicable,https://www.stats.gov.cn/sj/zxfb/202302/t20230203_1900688.html,2020-04-18,2020Q1,GB/T4754-2017,official_primary_preliminary,retrospective_external_stress_marker; includes 2020-03; after Q2 invoice window; not Q2 training input or ex_ante validation,True
E222,***数码科技有限公司,unknown,low_specific_or_unmatched_unknown,0.0,0.0,0.08882951254,historical invoice behavior relative default tendency; 302 firms have no observed default labels,,https://www.stats.gov.cn/sj/zxfb/202302/t20230203_1900688.html,35.3,0.8825,1.0,0.08882951254,1.1103125,0.09862851814206876,1.220625,0.10842752374413751,1.25,0.111036890675,0.111036890675,1,1,1,max_known_S,https://www.stats.gov.cn/sj/zxfb/202302/t20230203_1900688.html,2020-04-18,2020Q1,GB/T4754-2017,derived_policy_max_known_S,retrospective_external_stress_marker; includes 2020-03; after Q2 invoice window; not Q2 training input or ex_ante validation,True
E223,***科技有限公司,unknown,low_specific_or_unmatched_unknown,0.0,0.0,0.1842149147,historical invoice behavior relative default tendency; 302 firms have no observed default labels,,https://www.stats.gov.cn/sj/zxfb/202302/t20230203_1900688.html,35.3,0.8825,1.0,0.1842149147,1.1103125,0.20453612247784378,1.220625,0.22485733025568752,1.25,0.23026864337500003,0.23026864337500003,1,1,1,max_known_S,https://www.stats.gov.cn/sj/zxfb/202302/t20230203_1900688.html,2020-04-18,2020Q1,GB/T4754-2017,derived_policy_max_known_S,retrospective_external_stress_marker; includes 2020-03; after Q2 invoice window; not Q2 training input or ex_ante validation,True
E224,***纸业有限公司,unknown,low_specific_or_unmatched_unknown,0.0,0.0,0.06354587666,historical invoice behavior relative default tendency; 302 firms have no observed default labels,,https://www.stats.gov.cn/sj/zxfb/202302/t20230203_1900688.html,35.3,0.8825,1.0,0.06354587666,1.1103125,0.07055578117905625,1.220625,0.07756568569811251,1.25,0.079432345825,0.079432345825,1,1,0,max_known_S,https://www.stats.gov.cn/sj/zxfb/202302/t20230203_1900688.html,2020-04-18,2020Q1,GB/T4754-2017,derived_policy_max_known_S,retrospective_external_stress_marker; includes 2020-03; after Q2 invoice window; not Q2 training input or ex_ante validation,True
E225,***物业服务有限责任公司***分公司,real_estate,high_specific_rule,1.0,1.0,0.04395071825,historical invoice behavior relative default tendency; 302 firms have no observed default labels,-6.1,https://www.stats.gov.cn/sj/zxfb/202302/t20230203_1900688.html,6.1,0.1525,1.0,0.04395071825,1.0190625,0.044788528816640624,1.038125,0.04562633938328125,1.0571875,0.046464149949921874,0.046464149949921874,0,0,1,not_applicable,https://www.stats.gov.cn/sj/zxfb/202302/t20230203_1900688.html,2020-04-18,2020Q1,GB/T4754-2017,official_primary_preliminary,retrospective_external_stress_marker; includes 2020-03; after Q2 invoice window; not Q2 training input or ex_ante validation,True
E226,***建设工程有限公司,construction,high_specific_rule,1.0,1.0,0.1712671043,historical invoice behavior relative default tendency; 302 firms have no observed default labels,-17.5,https://www.stats.gov.cn/sj/zxfb/202302/t20230203_1900688.html,17.5,0.4375,1.0,0.1712671043,1.0546875,0.18063327406640625,1.109375,0.1899994438328125,1.1640625,0.19936561359921876,0.19936561359921876,0,0,1,not_applicable,https://www.stats.gov.cn/sj/zxfb/202302/t20230203_1900688.html,2020-04-18,2020Q1,GB/T4754-2017,official_primary_preliminary,retrospective_external_stress_marker; includes 2020-03; after Q2 invoice window; not Q2 training input or ex_ante validation,True
E227,***安全技术有限公司,unknown,low_specific_or_unmatched_unknown,0.0,0.0,0.06788151278,historical invoice behavior relative default tendency; 302 firms have no observed default labels,,https://www.stats.gov.cn/sj/zxfb/202302/t20230203_1900688.html,35.3,0.8825,1.0,0.06788151278,1.1103125,0.07536969215854375,1.220625,0.0828578715370875,1.25,0.084851890975,0.084851890975,1,1,1,max_known_S,https://www.stats.gov.cn/sj/zxfb/202302/t20230203_1900688.html,2020-04-18,2020Q1,GB/T4754-2017,derived_policy_max_known_S,retrospective_external_stress_marker; includes 2020-03; after Q2 invoice window; not Q2 training input or ex_ante validation,True
E228,***文化发展有限公司,unknown,low_specific_or_unmatched_unknown,0.0,0.0,0.04793081534,historical invoice behavior relative default tendency; 302 firms have no observed default labels,,https://www.stats.gov.cn/sj/zxfb/202302/t20230203_1900688.html,35.3,0.8825,1.0,0.04793081534,1.1103125,0.05321818340719375,1.220625,0.058505551474387504,1.25,0.059913519175,0.059913519175,1,1,1,max_known_S,https://www.stats.gov.cn/sj/zxfb/202302/t20230203_1900688.html,2020-04-18,2020Q1,GB/T4754-2017,derived_policy_max_known_S,retrospective_external_stress_marker; includes 2020-03; after Q2 invoice window; not Q2 training input or ex_ante validation,True
E229,***家贸易有限公司,wholesale_retail,high_specific_rule,1.0,1.0,0.09451816872,historical invoice behavior relative default tendency; 302 firms have no observed default labels,-17.8,https://www.stats.gov.cn/sj/zxfb/202302/t20230203_1900688.html,17.8,0.445,1.0,0.09451816872,1.055625,0.09977574185505,1.11125,0.1050333149901,1.166875,0.11029088812515002,0.11029088812515002,0,0,1,not_applicable,https://www.stats.gov.cn/sj/zxfb/202302/t20230203_1900688.html,2020-04-18,2020Q1,GB/T4754-2017,official_primary_preliminary,retrospective_external_stress_marker; includes 2020-03; after Q2 invoice window; not Q2 training input or ex_ante validation,True
E230,***建筑劳务有限公司,construction,high_specific_rule,1.0,1.0,0.06582158636,historical invoice behavior relative default tendency; 302 firms have no observed default labels,-17.5,https://www.stats.gov.cn/sj/zxfb/202302/t20230203_1900688.html,17.5,0.4375,1.0,0.06582158636,1.0546875,0.0694212043640625,1.109375,0.073020822368125,1.1640625,0.0766204403721875,0.0766204403721875,0,0,0,not_applicable,https://www.stats.gov.cn/sj/zxfb/202302/t20230203_1900688.html,2020-04-18,2020Q1,GB/T4754-2017,official_primary_preliminary,retrospective_external_stress_marker; includes 2020-03; after Q2 invoice window; not Q2 training input or ex_ante validation,True
E231,***建筑科技有限公司,unknown,low_specific_or_unmatched_unknown,0.0,0.0,0.1729792696,historical invoice behavior relative default tendency; 302 firms have no observed default labels,,https://www.stats.gov.cn/sj/zxfb/202302/t20230203_1900688.html,35.3,0.8825,1.0,0.1729792696,1.1103125,0.19206104527775003,1.220625,0.21114282095550002,1.25,0.216224087,0.216224087,1,1,0,max_known_S,https://www.stats.gov.cn/sj/zxfb/202302/t20230203_1900688.html,2020-04-18,2020Q1,GB/T4754-2017,derived_policy_max_known_S,retrospective_external_stress_marker; includes 2020-03; after Q2 invoice window; not Q2 training input or ex_ante validation,True
E232,***投资发展有限责任公司,unknown,low_specific_or_unmatched_unknown,0.0,0.0,0.2006365526,historical invoice behavior relative default tendency; 302 firms have no observed default labels,,https://www.stats.gov.cn/sj/zxfb/202302/t20230203_1900688.html,35.3,0.8825,1.0,0.2006365526,1.1103125,0.22276927230868748,1.220625,0.244901992017375,1.25,0.25079569074999997,0.25079569074999997,1,1,1,max_known_S,https://www.stats.gov.cn/sj/zxfb/202302/t20230203_1900688.html,2020-04-18,2020Q1,GB/T4754-2017,derived_policy_max_known_S,retrospective_external_stress_marker; includes 2020-03; after Q2 invoice window; not Q2 training input or ex_ante validation,True
E233,***劳务有限公司,unknown,low_specific_or_unmatched_unknown,0.0,0.0,0.3317632959,historical invoice behavior relative default tendency; 302 firms have no observed default labels,,https://www.stats.gov.cn/sj/zxfb/202302/t20230203_1900688.html,35.3,0.8825,1.0,0.3317632959,1.1103125,0.3683609344789687,1.220625,0.4049585730579375,1.25,0.414704119875,0.414704119875,1,1,1,max_known_S,https://www.stats.gov.cn/sj/zxfb/202302/t20230203_1900688.html,2020-04-18,2020Q1,GB/T4754-2017,derived_policy_max_known_S,retrospective_external_stress_marker; includes 2020-03; after Q2 invoice window; not Q2 training input or ex_ante validation,True
E234,***机电设备商贸有限公司,wholesale_retail,high_specific_rule,1.0,1.0,0.05769963741,historical invoice behavior relative default tendency; 302 firms have no observed default labels,-17.8,https://www.stats.gov.cn/sj/zxfb/202302/t20230203_1900688.html,17.8,0.445,1.0,0.05769963741,1.055625,0.06090917974093125,1.11125,0.0641187220718625,1.166875,0.06732826440279376,0.06732826440279376,0,0,1,not_applicable,https://www.stats.gov.cn/sj/zxfb/202302/t20230203_1900688.html,2020-04-18,2020Q1,GB/T4754-2017,official_primary_preliminary,retrospective_external_stress_marker; includes 2020-03; after Q2 invoice window; not Q2 training input or ex_ante validation,True
E235,个体经营E235,unknown,generic_unknown,0.0,0.0,0.04719287347,historical invoice behavior relative default tendency; 302 firms have no observed default labels,,https://www.stats.gov.cn/sj/zxfb/202302/t20230203_1900688.html,35.3,0.8825,1.0,0.04719287347,1.1103125,0.05239883732465938,1.220625,0.05760480117931875,1.25,0.0589910918375,0.0589910918375,1,1,0,max_known_S,https://www.stats.gov.cn/sj/zxfb/202302/t20230203_1900688.html,2020-04-18,2020Q1,GB/T4754-2017,derived_policy_max_known_S,retrospective_external_stress_marker; includes 2020-03; after Q2 invoice window; not Q2 training input or ex_ante validation,True
E236,个体经营E236,unknown,generic_unknown,0.0,0.0,0.1133525056,historical invoice behavior relative default tendency; 302 firms have no observed default labels,,https://www.stats.gov.cn/sj/zxfb/202302/t20230203_1900688.html,35.3,0.8825,1.0,0.1133525056,1.1103125,0.125856703874,1.220625,0.138360902148,1.25,0.141690632,0.141690632,1,1,1,max_known_S,https://www.stats.gov.cn/sj/zxfb/202302/t20230203_1900688.html,2020-04-18,2020Q1,GB/T4754-2017,derived_policy_max_known_S,retrospective_external_stress_marker; includes 2020-03; after Q2 invoice window; not Q2 training input or ex_ante validation,True
E237,个体经营E237,unknown,generic_unknown,0.0,0.0,0.1939082061,historical invoice behavior relative default tendency; 302 firms have no observed default labels,,https://www.stats.gov.cn/sj/zxfb/202302/t20230203_1900688.html,35.3,0.8825,1.0,0.1939082061,1.1103125,0.21529870508540627,1.220625,0.23668920407081254,1.25,0.24238525762500002,0.24238525762500002,1,1,1,max_known_S,https://www.stats.gov.cn/sj/zxfb/202302/t20230203_1900688.html,2020-04-18,2020Q1,GB/T4754-2017,derived_policy_max_known_S,retrospective_external_stress_marker; includes 2020-03; after Q2 invoice window; not Q2 training input or ex_ante validation,True
E238,个体经营E238,unknown,generic_unknown,0.0,0.0,0.03986630127,historical invoice behavior relative default tendency; 302 firms have no observed default labels,,https://www.stats.gov.cn/sj/zxfb/202302/t20230203_1900688.html,35.3,0.8825,1.0,0.03986630127,1.1103125,0.044264052628846876,1.220625,0.04866180398769376,1.25,0.049832876587500005,0.049832876587500005,1,1,1,max_known_S,https://www.stats.gov.cn/sj/zxfb/202302/t20230203_1900688.html,2020-04-18,2020Q1,GB/T4754-2017,derived_policy_max_known_S,retrospective_external_stress_marker; includes 2020-03; after Q2 invoice window; not Q2 training input or ex_ante validation,True
E239,个体经营E239,unknown,generic_unknown,0.0,0.0,0.1275079889,historical invoice behavior relative default tendency; 302 firms have no observed default labels,,https://www.stats.gov.cn/sj/zxfb/202302/t20230203_1900688.html,35.3,0.8825,1.0,0.1275079889,1.1103125,0.14157371392553125,1.220625,0.15563943895106253,1.25,0.15938498612500002,0.15938498612500002,1,1,1,max_known_S,https://www.stats.gov.cn/sj/zxfb/202302/t20230203_1900688.html,2020-04-18,2020Q1,GB/T4754-2017,derived_policy_max_known_S,retrospective_external_stress_marker; includes 2020-03; after Q2 invoice window; not Q2 training input or ex_ante validation,True
E240,个体经营E240,unknown,generic_unknown,0.0,0.0,0.6356687049,historical invoice behavior relative default tendency; 302 firms have no observed default labels,,https://www.stats.gov.cn/sj/zxfb/202302/t20230203_1900688.html,35.3,0.8825,1.0,0.6356687049,1.1103125,0.7057909089092813,1.220625,0.7759131129185626,1.25,0.7945858811250001,0.7945858811250001,1,1,1,max_known_S,https://www.stats.gov.cn/sj/zxfb/202302/t20230203_1900688.html,2020-04-18,2020Q1,GB/T4754-2017,derived_policy_max_known_S,retrospective_external_stress_marker; includes 2020-03; after Q2 invoice window; not Q2 training input or ex_ante validation,True
E241,个体经营E241,unknown,generic_unknown,0.0,0.0,0.06738691305,historical invoice behavior relative default tendency; 302 firms have no observed default labels,,https://www.stats.gov.cn/sj/zxfb/202302/t20230203_1900688.html,35.3,0.8825,1.0,0.06738691305,1.1103125,0.07482053189582813,1.220625,0.08225415074165625,1.25,0.0842336413125,0.0842336413125,1,1,1,max_known_S,https://www.stats.gov.cn/sj/zxfb/202302/t20230203_1900688.html,2020-04-18,2020Q1,GB/T4754-2017,derived_policy_max_known_S,retrospective_external_stress_marker; includes 2020-03; after Q2 invoice window; not Q2 training input or ex_ante validation,True
E242,个体经营E242,unknown,generic_unknown,0.0,0.0,0.7586645487,historical invoice behavior relative default tendency; 302 firms have no observed default labels,,https://www.stats.gov.cn/sj/zxfb/202302/t20230203_1900688.html,35.3,0.8825,1.0,0.7586645487,1.1103125,0.8423547317284688,1.220625,0.9260449147569375,1.25,0.948330685875,0.948330685875,1,1,1,max_known_S,https://www.stats.gov.cn/sj/zxfb/202302/t20230203_1900688.html,2020-04-18,2020Q1,GB/T4754-2017,derived_policy_max_known_S,retrospective_external_stress_marker; includes 2020-03; after Q2 invoice window; not Q2 training input or ex_ante validation,True
E243,***科技有限公司,unknown,low_specific_or_unmatched_unknown,0.0,0.0,0.06860574324,historical invoice behavior relative default tendency; 302 firms have no observed default labels,,https://www.stats.gov.cn/sj/zxfb/202302/t20230203_1900688.html,35.3,0.8825,1.0,0.06860574324,1.1103125,0.0761738142911625,1.220625,0.083741885342325,1.25,0.08575717905000001,0.08575717905000001,1,1,1,max_known_S,https://www.stats.gov.cn/sj/zxfb/202302/t20230203_1900688.html,2020-04-18,2020Q1,GB/T4754-2017,derived_policy_max_known_S,retrospective_external_stress_marker; includes 2020-03; after Q2 invoice window; not Q2 training input or ex_ante validation,True
E244,个体经营E244,unknown,generic_unknown,0.0,0.0,0.0927428833,historical invoice behavior relative default tendency; 302 firms have no observed default labels,,https://www.stats.gov.cn/sj/zxfb/202302/t20230203_1900688.html,35.3,0.8825,1.0,0.0927428833,1.1103125,0.10297358261403125,1.220625,0.1132042819280625,1.25,0.115928604125,0.115928604125,1,1,1,max_known_S,https://www.stats.gov.cn/sj/zxfb/202302/t20230203_1900688.html,2020-04-18,2020Q1,GB/T4754-2017,derived_policy_max_known_S,retrospective_external_stress_marker; includes 2020-03; after Q2 invoice window; not Q2 training input or ex_ante validation,True
E245,***建筑劳务有限公司,construction,high_specific_rule,1.0,1.0,0.1151160159,historical invoice behavior relative default tendency; 302 firms have no observed default labels,-17.5,https://www.stats.gov.cn/sj/zxfb/202302/t20230203_1900688.html,17.5,0.4375,1.0,0.1151160159,1.0546875,0.12141142301953124,1.109375,0.1277068301390625,1.1640625,0.13400223725859375,0.13400223725859375,0,0,1,not_applicable,https://www.stats.gov.cn/sj/zxfb/202302/t20230203_1900688.html,2020-04-18,2020Q1,GB/T4754-2017,official_primary_preliminary,retrospective_external_stress_marker; includes 2020-03; after Q2 invoice window; not Q2 training input or ex_ante validation,True
E246,***物业服务有限公司,real_estate,high_specific_rule,1.0,1.0,0.05366797291,historical invoice behavior relative default tendency; 302 firms have no observed default labels,-6.1,https://www.stats.gov.cn/sj/zxfb/202302/t20230203_1900688.html,6.1,0.1525,1.0,0.05366797291,1.0190625,0.05469101864359687,1.038125,0.05571406437719375,1.0571875,0.05673711011079062,0.05673711011079062,0,0,1,not_applicable,https://www.stats.gov.cn/sj/zxfb/202302/t20230203_1900688.html,2020-04-18,2020Q1,GB/T4754-2017,official_primary_preliminary,retrospective_external_stress_marker; includes 2020-03; after Q2 invoice window; not Q2 training input or ex_ante validation,True
E247,***石化有限公司,unknown,low_specific_or_unmatched_unknown,0.0,0.0,0.1248915399,historical invoice behavior relative default tendency; 302 firms have no observed default labels,,https://www.stats.gov.cn/sj/zxfb/202302/t20230203_1900688.html,35.3,0.8825,1.0,0.1248915399,1.1103125,0.13866863789521874,1.220625,0.1524457358904375,1.25,0.156114424875,0.156114424875,1,1,1,max_known_S,https://www.stats.gov.cn/sj/zxfb/202302/t20230203_1900688.html,2020-04-18,2020Q1,GB/T4754-2017,derived_policy_max_known_S,retrospective_external_stress_marker; includes 2020-03; after Q2 invoice window; not Q2 training input or ex_ante validation,True
E248,***智能科技有限公司,unknown,low_specific_or_unmatched_unknown,0.0,0.0,0.1381627205,historical invoice behavior relative default tendency; 302 firms have no observed default labels,,https://www.stats.gov.cn/sj/zxfb/202302/t20230203_1900688.html,35.3,0.8825,1.0,0.1381627205,1.1103125,0.15340379560515627,1.220625,0.1686448707103125,1.25,0.172703400625,0.172703400625,1,1,1,max_known_S,https://www.stats.gov.cn/sj/zxfb/202302/t20230203_1900688.html,2020-04-18,2020Q1,GB/T4754-2017,derived_policy_max_known_S,retrospective_external_stress_marker; includes 2020-03; after Q2 invoice window; not Q2 training input or ex_ante validation,True
E249,***建筑工程有限公司,construction,high_specific_rule,1.0,1.0,0.2185132356,historical invoice behavior relative default tendency; 302 firms have no observed default labels,-17.5,https://www.stats.gov.cn/sj/zxfb/202302/t20230203_1900688.html,17.5,0.4375,1.0,0.2185132356,1.0546875,0.230463178171875,1.109375,0.24241312074375,1.1640625,0.25436306331562497,0.25436306331562497,0,0,1,not_applicable,https://www.stats.gov.cn/sj/zxfb/202302/t20230203_1900688.html,2020-04-18,2020Q1,GB/T4754-2017,official_primary_preliminary,retrospective_external_stress_marker; includes 2020-03; after Q2 invoice window; not Q2 training input or ex_ante validation,True
E250,***塑料厂,manufacturing_industry,high_specific_rule,1.0,1.0,0.04804275462,historical invoice behavior relative default tendency; 302 firms have no observed default labels,-10.2,https://www.stats.gov.cn/sj/zxfb/202302/t20230203_1900688.html,10.2,0.255,1.0,0.04804275462,1.031875,0.04957411742351251,1.06375,0.051105480227025005,1.095625,0.052636843030537506,0.052636843030537506,0,0,0,not_applicable,https://www.stats.gov.cn/sj/zxfb/202302/t20230203_1900688.html,2020-04-18,2020Q1,GB/T4754-2017,official_primary_preliminary,retrospective_external_stress_marker; includes 2020-03; after Q2 invoice window; not Q2 training input or ex_ante validation,True
E251,***医疗器械有限责任公司,unknown,low_specific_or_unmatched_unknown,0.0,0.0,0.2002959646,historical invoice behavior relative default tendency; 302 firms have no observed default labels,,https://www.stats.gov.cn/sj/zxfb/202302/t20230203_1900688.html,35.3,0.8825,1.0,0.2002959646,1.1103125,0.22239111319493748,1.220625,0.244486261789875,1.25,0.25036995575,0.25036995575,1,1,1,max_known_S,https://www.stats.gov.cn/sj/zxfb/202302/t20230203_1900688.html,2020-04-18,2020Q1,GB/T4754-2017,derived_policy_max_known_S,retrospective_external_stress_marker; includes 2020-03; after Q2 invoice window; not Q2 training input or ex_ante validation,True
E252,***印务有限公司,manufacturing_industry,high_specific_rule,1.0,1.0,0.08761255549,historical invoice behavior relative default tendency; 302 firms have no observed default labels,-10.2,https://www.stats.gov.cn/sj/zxfb/202302/t20230203_1900688.html,10.2,0.255,1.0,0.08761255549,1.031875,0.09040520569624375,1.06375,0.0931978559024875,1.095625,0.09599050610873125,0.09599050610873125,0,0,1,not_applicable,https://www.stats.gov.cn/sj/zxfb/202302/t20230203_1900688.html,2020-04-18,2020Q1,GB/T4754-2017,official_primary_preliminary,retrospective_external_stress_marker; includes 2020-03; after Q2 invoice window; not Q2 training input or ex_ante validation,True
E253,***钢结构工程有限公司,construction,high_specific_rule,1.0,1.0,0.09195874466,historical invoice behavior relative default tendency; 302 firms have no observed default labels,-17.5,https://www.stats.gov.cn/sj/zxfb/202302/t20230203_1900688.html,17.5,0.4375,1.0,0.09195874466,1.0546875,0.09698773850859374,1.109375,0.10201673235718749,1.1640625,0.10704572620578125,0.10704572620578125,0,0,1,not_applicable,https://www.stats.gov.cn/sj/zxfb/202302/t20230203_1900688.html,2020-04-18,2020Q1,GB/T4754-2017,official_primary_preliminary,retrospective_external_stress_marker; includes 2020-03; after Q2 invoice window; not Q2 training input or ex_ante validation,True
E254,***设备安装工程有限公司,construction,high_specific_rule,1.0,1.0,0.0727954086,historical invoice behavior relative default tendency; 302 firms have no observed default labels,-17.5,https://www.stats.gov.cn/sj/zxfb/202302/t20230203_1900688.html,17.5,0.4375,1.0,0.0727954086,1.0546875,0.0767764075078125,1.109375,0.080757406415625,1.1640625,0.0847384053234375,0.0847384053234375,0,0,1,not_applicable,https://www.stats.gov.cn/sj/zxfb/202302/t20230203_1900688.html,2020-04-18,2020Q1,GB/T4754-2017,official_primary_preliminary,retrospective_external_stress_marker; includes 2020-03; after Q2 invoice window; not Q2 training input or ex_ante validation,True
E255,个体经营E255,unknown,generic_unknown,0.0,0.0,0.085103501,historical invoice behavior relative default tendency; 302 firms have no observed default labels,,https://www.stats.gov.cn/sj/zxfb/202302/t20230203_1900688.html,35.3,0.8825,1.0,0.085103501,1.1103125,0.0944914809540625,1.220625,0.103879460908125,1.25,0.10637937624999999,0.10637937624999999,1,1,1,max_known_S,https://www.stats.gov.cn/sj/zxfb/202302/t20230203_1900688.html,2020-04-18,2020Q1,GB/T4754-2017,derived_policy_max_known_S,retrospective_external_stress_marker; includes 2020-03; after Q2 invoice window; not Q2 training input or ex_ante validation,True
E256,***物资有限公司,unknown,low_specific_or_unmatched_unknown,0.0,0.0,0.04190990739,historical invoice behavior relative default tendency; 302 firms have no observed default labels,,https://www.stats.gov.cn/sj/zxfb/202302/t20230203_1900688.html,35.3,0.8825,1.0,0.04190990739,1.1103125,0.046533094048959375,1.220625,0.05115628070791876,1.25,0.0523873842375,0.0523873842375,1,1,1,max_known_S,https://www.stats.gov.cn/sj/zxfb/202302/t20230203_1900688.html,2020-04-18,2020Q1,GB/T4754-2017,derived_policy_max_known_S,retrospective_external_stress_marker; includes 2020-03; after Q2 invoice window; not Q2 training input or ex_ante validation,True
E257,***门窗安装有限公司,construction,high_specific_rule,1.0,1.0,0.1029904499,historical invoice behavior relative default tendency; 302 firms have no observed default labels,-17.5,https://www.stats.gov.cn/sj/zxfb/202302/t20230203_1900688.html,17.5,0.4375,1.0,0.1029904499,1.0546875,0.10862274012890626,1.109375,0.11425503035781251,1.1640625,0.11988732058671875,0.11988732058671875,0,0,1,not_applicable,https://www.stats.gov.cn/sj/zxfb/202302/t20230203_1900688.html,2020-04-18,2020Q1,GB/T4754-2017,official_primary_preliminary,retrospective_external_stress_marker; includes 2020-03; after Q2 invoice window; not Q2 training input or ex_ante validation,True
E258,***国际货运有限公司,transport_storage_post,high_specific_rule,1.0,1.0,0.05331872098,historical invoice behavior relative default tendency; 302 firms have no observed default labels,-14.0,https://www.stats.gov.cn/sj/zxfb/202302/t20230203_1900688.html,14.0,0.35,1.0,0.05331872098,1.04375,0.055651415022874996,1.0875,0.057984109065749995,1.13125,0.060316803108625,0.060316803108625,0,0,1,not_applicable,https://www.stats.gov.cn/sj/zxfb/202302/t20230203_1900688.html,2020-04-18,2020Q1,GB/T4754-2017,official_primary_preliminary,retrospective_external_stress_marker; includes 2020-03; after Q2 invoice window; not Q2 training input or ex_ante validation,True
E259,***文化传媒有限公司,other_services,high_specific_rule,1.0,1.0,0.06085732094,historical invoice behavior relative default tendency; 302 firms have no observed default labels,-1.8,https://www.stats.gov.cn/sj/zxfb/202302/t20230203_1900688.html,1.8,0.045,1.0,0.06085732094,1.005625,0.0611996433702875,1.01125,0.061541965800575,1.016875,0.0618842882308625,0.0618842882308625,0,0,1,not_applicable,https://www.stats.gov.cn/sj/zxfb/202302/t20230203_1900688.html,2020-04-18,2020Q1,GB/T4754-2017,official_primary_preliminary,retrospective_external_stress_marker; includes 2020-03; after Q2 invoice window; not Q2 training input or ex_ante validation,True
E260,***广告有限公司,leasing_business_services,high_specific_rule,1.0,1.0,0.09531751593,historical invoice behavior relative default tendency; 302 firms have no observed default labels,-9.4,https://www.stats.gov.cn/sj/zxfb/202302/t20230203_1900688.html,9.4,0.23500000000000001,1.0,0.09531751593,1.029375,0.09811746796044374,1.05875,0.1009174199908875,1.088125,0.10371737202133124,0.10371737202133124,0,0,1,not_applicable,https://www.stats.gov.cn/sj/zxfb/202302/t20230203_1900688.html,2020-04-18,2020Q1,GB/T4754-2017,official_primary_preliminary,retrospective_external_stress_marker; includes 2020-03; after Q2 invoice window; not Q2 training input or ex_ante validation,True
E261,***医疗器械有限公司,unknown,low_specific_or_unmatched_unknown,0.0,0.0,0.06533010708,historical invoice behavior relative default tendency; 302 firms have no observed default labels,,https://www.stats.gov.cn/sj/zxfb/202302/t20230203_1900688.html,35.3,0.8825,1.0,0.06533010708,1.1103125,0.0725368345172625,1.220625,0.079743561954525,1.25,0.08166263385,0.08166263385,1,1,1,max_known_S,https://www.stats.gov.cn/sj/zxfb/202302/t20230203_1900688.html,2020-04-18,2020Q1,GB/T4754-2017,derived_policy_max_known_S,retrospective_external_stress_marker; includes 2020-03; after Q2 invoice window; not Q2 training input or ex_ante validation,True
E262,个体经营E262,unknown,generic_unknown,0.0,0.0,0.1149894534,historical invoice behavior relative default tendency; 302 firms have no observed default labels,,https://www.stats.gov.cn/sj/zxfb/202302/t20230203_1900688.html,35.3,0.8825,1.0,0.1149894534,1.1103125,0.1276742274781875,1.220625,0.140359001556375,1.25,0.14373681675,0.14373681675,1,1,1,max_known_S,https://www.stats.gov.cn/sj/zxfb/202302/t20230203_1900688.html,2020-04-18,2020Q1,GB/T4754-2017,derived_policy_max_known_S,retrospective_external_stress_marker; includes 2020-03; after Q2 invoice window; not Q2 training input or ex_ante validation,True
E263,***通信工程有限公司,unknown,low_specific_or_unmatched_unknown,0.0,0.0,0.1057377901,historical invoice behavior relative default tendency; 302 firms have no observed default labels,,https://www.stats.gov.cn/sj/zxfb/202302/t20230203_1900688.html,35.3,0.8825,1.0,0.1057377901,1.1103125,0.11740199007040626,1.220625,0.12906619004081252,1.25,0.13217223762500002,0.13217223762500002,1,1,1,max_known_S,https://www.stats.gov.cn/sj/zxfb/202302/t20230203_1900688.html,2020-04-18,2020Q1,GB/T4754-2017,derived_policy_max_known_S,retrospective_external_stress_marker; includes 2020-03; after Q2 invoice window; not Q2 training input or ex_ante validation,True
E264,个体经营E264,unknown,generic_unknown,0.0,0.0,0.7450622148,historical invoice behavior relative default tendency; 302 firms have no observed default labels,,https://www.stats.gov.cn/sj/zxfb/202302/t20230203_1900688.html,35.3,0.8825,1.0,0.7450622148,1.1103125,0.827251890370125,1.220625,0.90944156594025,1.25,0.9313277685,0.9313277685,1,1,1,max_known_S,https://www.stats.gov.cn/sj/zxfb/202302/t20230203_1900688.html,2020-04-18,2020Q1,GB/T4754-2017,derived_policy_max_known_S,retrospective_external_stress_marker; includes 2020-03; after Q2 invoice window; not Q2 training input or ex_ante validation,True
E265,***净化工程有限公司,construction,high_specific_rule,1.0,1.0,0.09913207024,historical invoice behavior relative default tendency; 302 firms have no observed default labels,-17.5,https://www.stats.gov.cn/sj/zxfb/202302/t20230203_1900688.html,17.5,0.4375,1.0,0.09913207024,1.0546875,0.10455335533125,1.109375,0.10997464042249999,1.1640625,0.11539592551375,0.11539592551375,0,0,1,not_applicable,https://www.stats.gov.cn/sj/zxfb/202302/t20230203_1900688.html,2020-04-18,2020Q1,GB/T4754-2017,official_primary_preliminary,retrospective_external_stress_marker; includes 2020-03; after Q2 invoice window; not Q2 training input or ex_ante validation,True
E266,***煤矿机械有限公司,unknown,low_specific_or_unmatched_unknown,0.0,0.0,0.09670787284,historical invoice behavior relative default tendency; 302 firms have no observed default labels,,https://www.stats.gov.cn/sj/zxfb/202302/t20230203_1900688.html,35.3,0.8825,1.0,0.09670787284,1.1103125,0.1073759600626625,1.220625,0.11804404728532501,1.25,0.12088484105,0.12088484105,1,1,1,max_known_S,https://www.stats.gov.cn/sj/zxfb/202302/t20230203_1900688.html,2020-04-18,2020Q1,GB/T4754-2017,derived_policy_max_known_S,retrospective_external_stress_marker; includes 2020-03; after Q2 invoice window; not Q2 training input or ex_ante validation,True
E267,***林园艺场,agriculture,high_specific_rule,1.0,1.0,0.1493498218,historical invoice behavior relative default tendency; 302 firms have no observed default labels,-2.8,https://www.stats.gov.cn/sj/zxfb/202302/t20230203_1900688.html,2.8,0.06999999999999999,1.0,0.1493498218,1.00875,0.15065663274075,1.0175,0.15196344368150003,1.02625,0.15327025462225002,0.15327025462225002,0,0,1,not_applicable,https://www.stats.gov.cn/sj/zxfb/202302/t20230203_1900688.html,2020-04-18,2020Q1,GB/T4754-2017,official_primary_preliminary,retrospective_external_stress_marker; includes 2020-03; after Q2 invoice window; not Q2 training input or ex_ante validation,True
E268,***建筑劳务有限公司,construction,high_specific_rule,1.0,1.0,0.1112176214,historical invoice behavior relative default tendency; 302 firms have no observed default labels,-17.5,https://www.stats.gov.cn/sj/zxfb/202302/t20230203_1900688.html,17.5,0.4375,1.0,0.1112176214,1.0546875,0.1172998350703125,1.109375,0.123382048740625,1.1640625,0.1294642624109375,0.1294642624109375,0,0,1,not_applicable,https://www.stats.gov.cn/sj/zxfb/202302/t20230203_1900688.html,2020-04-18,2020Q1,GB/T4754-2017,official_primary_preliminary,retrospective_external_stress_marker; includes 2020-03; after Q2 invoice window; not Q2 training input or ex_ante validation,True
E269,***节能服务有限公司,other_services,high_specific_rule,1.0,1.0,0.1790853489,historical invoice behavior relative default tendency; 302 firms have no observed default labels,-1.8,https://www.stats.gov.cn/sj/zxfb/202302/t20230203_1900688.html,1.8,0.045,1.0,0.1790853489,1.005625,0.1800927039875625,1.01125,0.181100059075125,1.016875,0.1821074141626875,0.1821074141626875,0,0,1,not_applicable,https://www.stats.gov.cn/sj/zxfb/202302/t20230203_1900688.html,2020-04-18,2020Q1,GB/T4754-2017,official_primary_preliminary,retrospective_external_stress_marker; includes 2020-03; after Q2 invoice window; not Q2 training input or ex_ante validation,True
E270,个体经营E270,unknown,generic_unknown,0.0,0.0,0.09289703563,historical invoice behavior relative default tendency; 302 firms have no observed default labels,,https://www.stats.gov.cn/sj/zxfb/202302/t20230203_1900688.html,35.3,0.8825,1.0,0.09289703563,1.1103125,0.10314473987293438,1.220625,0.11339244411586875,1.25,0.1161212945375,0.1161212945375,1,1,1,max_known_S,https://www.stats.gov.cn/sj/zxfb/202302/t20230203_1900688.html,2020-04-18,2020Q1,GB/T4754-2017,derived_policy_max_known_S,retrospective_external_stress_marker; includes 2020-03; after Q2 invoice window; not Q2 training input or ex_ante validation,True
E271,***科技有限公司,unknown,low_specific_or_unmatched_unknown,0.0,0.0,0.1124653432,historical invoice behavior relative default tendency; 302 firms have no observed default labels,,https://www.stats.gov.cn/sj/zxfb/202302/t20230203_1900688.html,35.3,0.8825,1.0,0.1124653432,1.1103125,0.12487167637175,1.220625,0.1372780095435,1.25,0.140581679,0.140581679,1,1,1,max_known_S,https://www.stats.gov.cn/sj/zxfb/202302/t20230203_1900688.html,2020-04-18,2020Q1,GB/T4754-2017,derived_policy_max_known_S,retrospective_external_stress_marker; includes 2020-03; after Q2 invoice window; not Q2 training input or ex_ante validation,True
E272,个体经营E272,unknown,generic_unknown,0.0,0.0,0.1034142538,historical invoice behavior relative default tendency; 302 firms have no observed default labels,,https://www.stats.gov.cn/sj/zxfb/202302/t20230203_1900688.html,35.3,0.8825,1.0,0.1034142538,1.1103125,0.1148221386723125,1.220625,0.126230023544625,1.25,0.12926781725,0.12926781725,1,1,1,max_known_S,https://www.stats.gov.cn/sj/zxfb/202302/t20230203_1900688.html,2020-04-18,2020Q1,GB/T4754-2017,derived_policy_max_known_S,retrospective_external_stress_marker; includes 2020-03; after Q2 invoice window; not Q2 training input or ex_ante validation,True
E273,个体经营E273,unknown,generic_unknown,0.0,0.0,0.05108800842,historical invoice behavior relative default tendency; 302 firms have no observed default labels,,https://www.stats.gov.cn/sj/zxfb/202302/t20230203_1900688.html,35.3,0.8825,1.0,0.05108800842,1.1103125,0.05672365434883125,1.220625,0.062359300277662504,1.25,0.063860010525,0.063860010525,1,1,1,max_known_S,https://www.stats.gov.cn/sj/zxfb/202302/t20230203_1900688.html,2020-04-18,2020Q1,GB/T4754-2017,derived_policy_max_known_S,retrospective_external_stress_marker; includes 2020-03; after Q2 invoice window; not Q2 training input or ex_ante validation,True
E274,***建筑劳务有限公司,construction,high_specific_rule,1.0,1.0,0.1799588263,historical invoice behavior relative default tendency; 302 firms have no observed default labels,-17.5,https://www.stats.gov.cn/sj/zxfb/202302/t20230203_1900688.html,17.5,0.4375,1.0,0.1799588263,1.0546875,0.18980032461328125,1.109375,0.19964182292656252,1.1640625,0.20948332123984376,0.20948332123984376,0,0,1,not_applicable,https://www.stats.gov.cn/sj/zxfb/202302/t20230203_1900688.html,2020-04-18,2020Q1,GB/T4754-2017,official_primary_preliminary,retrospective_external_stress_marker; includes 2020-03; after Q2 invoice window; not Q2 training input or ex_ante validation,True
E275,***网络工程有限公司,information_software_it,high_specific_rule,1.0,1.0,0.09458359975,historical invoice behavior relative default tendency; 302 firms have no observed default labels,13.2,https://www.stats.gov.cn/sj/zxfb/202302/t20230203_1900688.html,0.0,0.0,1.0,0.09458359975,1.0,0.09458359975,1.0,0.09458359975,1.0,0.09458359975,0.09458359975,0,0,1,not_applicable,https://www.stats.gov.cn/sj/zxfb/202302/t20230203_1900688.html,2020-04-18,2020Q1,GB/T4754-2017,official_primary_preliminary,retrospective_external_stress_marker; includes 2020-03; after Q2 invoice window; not Q2 training input or ex_ante validation,True
E276,***体育设施工程有限公司,construction,high_specific_rule,1.0,1.0,0.1564236075,historical invoice behavior relative default tendency; 302 firms have no observed default labels,-17.5,https://www.stats.gov.cn/sj/zxfb/202302/t20230203_1900688.html,17.5,0.4375,1.0,0.1564236075,1.0546875,0.16497802353515625,1.109375,0.1735324395703125,1.1640625,0.18208685560546875,0.18208685560546875,0,0,1,not_applicable,https://www.stats.gov.cn/sj/zxfb/202302/t20230203_1900688.html,2020-04-18,2020Q1,GB/T4754-2017,official_primary_preliminary,retrospective_external_stress_marker; includes 2020-03; after Q2 invoice window; not Q2 training input or ex_ante validation,True
E277,***消防设备制造有限公司,manufacturing_industry,high_specific_rule,1.0,1.0,0.1156124505,historical invoice behavior relative default tendency; 302 firms have no observed default labels,-10.2,https://www.stats.gov.cn/sj/zxfb/202302/t20230203_1900688.html,10.2,0.255,1.0,0.1156124505,1.031875,0.11929759735968752,1.06375,0.12298274421937501,1.095625,0.1266678910790625,0.1266678910790625,0,0,1,not_applicable,https://www.stats.gov.cn/sj/zxfb/202302/t20230203_1900688.html,2020-04-18,2020Q1,GB/T4754-2017,official_primary_preliminary,retrospective_external_stress_marker; includes 2020-03; after Q2 invoice window; not Q2 training input or ex_ante validation,True
E278,***贸易有限公司,wholesale_retail,high_specific_rule,1.0,1.0,0.1297228562,historical invoice behavior relative default tendency; 302 firms have no observed default labels,-17.8,https://www.stats.gov.cn/sj/zxfb/202302/t20230203_1900688.html,17.8,0.445,1.0,0.1297228562,1.055625,0.136938690076125,1.11125,0.14415452395225,1.166875,0.151370357828375,0.151370357828375,0,0,1,not_applicable,https://www.stats.gov.cn/sj/zxfb/202302/t20230203_1900688.html,2020-04-18,2020Q1,GB/T4754-2017,official_primary_preliminary,retrospective_external_stress_marker; includes 2020-03; after Q2 invoice window; not Q2 training input or ex_ante validation,True
E279,***环保包装有限公司,unknown,low_specific_or_unmatched_unknown,0.0,0.0,0.1428469075,historical invoice behavior relative default tendency; 302 firms have no observed default labels,,https://www.stats.gov.cn/sj/zxfb/202302/t20230203_1900688.html,35.3,0.8825,1.0,0.1428469075,1.1103125,0.15860470698359377,1.220625,0.1743625064671875,1.25,0.17855863437500002,0.17855863437500002,1,1,1,max_known_S,https://www.stats.gov.cn/sj/zxfb/202302/t20230203_1900688.html,2020-04-18,2020Q1,GB/T4754-2017,derived_policy_max_known_S,retrospective_external_stress_marker; includes 2020-03; after Q2 invoice window; not Q2 training input or ex_ante validation,True
E280,个体经营E280,unknown,generic_unknown,0.0,0.0,0.07072952854,historical invoice behavior relative default tendency; 302 firms have no observed default labels,,https://www.stats.gov.cn/sj/zxfb/202302/t20230203_1900688.html,35.3,0.8825,1.0,0.07072952854,1.1103125,0.07853187965706876,1.220625,0.0863342307741375,1.25,0.08841191067500001,0.08841191067500001,1,1,1,max_known_S,https://www.stats.gov.cn/sj/zxfb/202302/t20230203_1900688.html,2020-04-18,2020Q1,GB/T4754-2017,derived_policy_max_known_S,retrospective_external_stress_marker; includes 2020-03; after Q2 invoice window; not Q2 training input or ex_ante validation,True
E281,***商业管理有限责任公司,unknown,low_specific_or_unmatched_unknown,0.0,0.0,0.1359964619,historical invoice behavior relative default tendency; 302 firms have no observed default labels,,https://www.stats.gov.cn/sj/zxfb/202302/t20230203_1900688.html,35.3,0.8825,1.0,0.1359964619,1.1103125,0.15099857160334376,1.220625,0.16600068130668752,1.25,0.169995577375,0.169995577375,1,1,0,max_known_S,https://www.stats.gov.cn/sj/zxfb/202302/t20230203_1900688.html,2020-04-18,2020Q1,GB/T4754-2017,derived_policy_max_known_S,retrospective_external_stress_marker; includes 2020-03; after Q2 invoice window; not Q2 training input or ex_ante validation,True
E282,***影城有限公司***分公司,other_services,high_specific_rule,1.0,1.0,0.08176700158,historical invoice behavior relative default tendency; 302 firms have no observed default labels,-1.8,https://www.stats.gov.cn/sj/zxfb/202302/t20230203_1900688.html,1.8,0.045,1.0,0.08176700158,1.005625,0.0822269409638875,1.01125,0.082686880347775,1.016875,0.08314681973166249,0.08314681973166249,0,0,1,not_applicable,https://www.stats.gov.cn/sj/zxfb/202302/t20230203_1900688.html,2020-04-18,2020Q1,GB/T4754-2017,official_primary_preliminary,retrospective_external_stress_marker; includes 2020-03; after Q2 invoice window; not Q2 training input or ex_ante validation,True
E283,***机械铸造有限责任公司,manufacturing_industry,high_specific_rule,1.0,1.0,0.06941266714,historical invoice behavior relative default tendency; 302 firms have no observed default labels,-10.2,https://www.stats.gov.cn/sj/zxfb/202302/t20230203_1900688.html,10.2,0.255,1.0,0.06941266714,1.031875,0.07162519590508751,1.06375,0.07383772467017499,1.095625,0.0760502534352625,0.0760502534352625,0,0,1,not_applicable,https://www.stats.gov.cn/sj/zxfb/202302/t20230203_1900688.html,2020-04-18,2020Q1,GB/T4754-2017,official_primary_preliminary,retrospective_external_stress_marker; includes 2020-03; after Q2 invoice window; not Q2 training input or ex_ante validation,True
E284,***成焊科技有限公司,unknown,low_specific_or_unmatched_unknown,0.0,0.0,0.08499485351,historical invoice behavior relative default tendency; 302 firms have no observed default labels,,https://www.stats.gov.cn/sj/zxfb/202302/t20230203_1900688.html,35.3,0.8825,1.0,0.08499485351,1.1103125,0.09437084828782187,1.220625,0.10374684306564375,1.25,0.1062435668875,0.1062435668875,1,1,1,max_known_S,https://www.stats.gov.cn/sj/zxfb/202302/t20230203_1900688.html,2020-04-18,2020Q1,GB/T4754-2017,derived_policy_max_known_S,retrospective_external_stress_marker; includes 2020-03; after Q2 invoice window; not Q2 training input or ex_ante validation,True
E285,个体经营E285,unknown,generic_unknown,0.0,0.0,0.1197623134,historical invoice behavior relative default tendency; 302 firms have no observed default labels,,https://www.stats.gov.cn/sj/zxfb/202302/t20230203_1900688.html,35.3,0.8825,1.0,0.1197623134,1.1103125,0.1329735935969375,1.220625,0.14618487379387501,1.25,0.14970289175,0.14970289175,1,1,1,max_known_S,https://www.stats.gov.cn/sj/zxfb/202302/t20230203_1900688.html,2020-04-18,2020Q1,GB/T4754-2017,derived_policy_max_known_S,retrospective_external_stress_marker; includes 2020-03; after Q2 invoice window; not Q2 training input or ex_ante validation,True
E286,***印务有限公司,manufacturing_industry,high_specific_rule,1.0,1.0,0.1983096873,historical invoice behavior relative default tendency; 302 firms have no observed default labels,-10.2,https://www.stats.gov.cn/sj/zxfb/202302/t20230203_1900688.html,10.2,0.255,1.0,0.1983096873,1.031875,0.20463080858268753,1.06375,0.210951929865375,1.095625,0.21727305114806253,0.21727305114806253,0,0,1,not_applicable,https://www.stats.gov.cn/sj/zxfb/202302/t20230203_1900688.html,2020-04-18,2020Q1,GB/T4754-2017,official_primary_preliminary,retrospective_external_stress_marker; includes 2020-03; after Q2 invoice window; not Q2 training input or ex_ante validation,True
E287,***鞋材有限公司,unknown,low_specific_or_unmatched_unknown,0.0,0.0,0.09186857894,historical invoice behavior relative default tendency; 302 firms have no observed default labels,,https://www.stats.gov.cn/sj/zxfb/202302/t20230203_1900688.html,35.3,0.8825,1.0,0.09186857894,1.1103125,0.10200283155431876,1.220625,0.1121370841686375,1.25,0.114835723675,0.114835723675,1,1,1,max_known_S,https://www.stats.gov.cn/sj/zxfb/202302/t20230203_1900688.html,2020-04-18,2020Q1,GB/T4754-2017,derived_policy_max_known_S,retrospective_external_stress_marker; includes 2020-03; after Q2 invoice window; not Q2 training input or ex_ante validation,True
E288,个体经营E288,unknown,generic_unknown,0.0,0.0,0.1071769949,historical invoice behavior relative default tendency; 302 firms have no observed default labels,,https://www.stats.gov.cn/sj/zxfb/202302/t20230203_1900688.html,35.3,0.8825,1.0,0.1071769949,1.1103125,0.11899995714990626,1.220625,0.1308229193998125,1.25,0.133971243625,0.133971243625,1,1,1,max_known_S,https://www.stats.gov.cn/sj/zxfb/202302/t20230203_1900688.html,2020-04-18,2020Q1,GB/T4754-2017,derived_policy_max_known_S,retrospective_external_stress_marker; includes 2020-03; after Q2 invoice window; not Q2 training input or ex_ante validation,True
E289,***运业有限公司***分公司,transport_storage_post,high_specific_rule,1.0,1.0,0.04872417748,historical invoice behavior relative default tendency; 302 firms have no observed default labels,-14.0,https://www.stats.gov.cn/sj/zxfb/202302/t20230203_1900688.html,14.0,0.35,1.0,0.04872417748,1.04375,0.050855860244749994,1.0875,0.052987543009499996,1.13125,0.055119225774250005,0.055119225774250005,0,0,1,not_applicable,https://www.stats.gov.cn/sj/zxfb/202302/t20230203_1900688.html,2020-04-18,2020Q1,GB/T4754-2017,official_primary_preliminary,retrospective_external_stress_marker; includes 2020-03; after Q2 invoice window; not Q2 training input or ex_ante validation,True
E290,***机电有限公司,unknown,low_specific_or_unmatched_unknown,0.0,0.0,0.0929357457,historical invoice behavior relative default tendency; 302 firms have no observed default labels,,https://www.stats.gov.cn/sj/zxfb/202302/t20230203_1900688.html,35.3,0.8825,1.0,0.0929357457,1.1103125,0.10318772014753126,1.220625,0.1134396945950625,1.25,0.116169682125,0.116169682125,1,1,1,max_known_S,https://www.stats.gov.cn/sj/zxfb/202302/t20230203_1900688.html,2020-04-18,2020Q1,GB/T4754-2017,derived_policy_max_known_S,retrospective_external_stress_marker; includes 2020-03; after Q2 invoice window; not Q2 training input or ex_ante validation,True
E291,***文业建设工程有限公司,construction,high_specific_rule,1.0,1.0,0.5696332623,historical invoice behavior relative default tendency; 302 firms have no observed default labels,-17.5,https://www.stats.gov.cn/sj/zxfb/202302/t20230203_1900688.html,17.5,0.4375,1.0,0.5696332623,1.0546875,0.6007850813320312,1.109375,0.6319369003640625,1.1640625,0.6630887193960937,0.6630887193960937,0,0,1,not_applicable,https://www.stats.gov.cn/sj/zxfb/202302/t20230203_1900688.html,2020-04-18,2020Q1,GB/T4754-2017,official_primary_preliminary,retrospective_external_stress_marker; includes 2020-03; after Q2 invoice window; not Q2 training input or ex_ante validation,True
E292,***物流有限公司,transport_storage_post,high_specific_rule,1.0,1.0,0.1048759192,historical invoice behavior relative default tendency; 302 firms have no observed default labels,-14.0,https://www.stats.gov.cn/sj/zxfb/202302/t20230203_1900688.html,14.0,0.35,1.0,0.1048759192,1.04375,0.10946424066499999,1.0875,0.11405256213,1.13125,0.11864088359500001,0.11864088359500001,0,0,1,not_applicable,https://www.stats.gov.cn/sj/zxfb/202302/t20230203_1900688.html,2020-04-18,2020Q1,GB/T4754-2017,official_primary_preliminary,retrospective_external_stress_marker; includes 2020-03; after Q2 invoice window; not Q2 training input or ex_ante validation,True
E293,***物资有限公司,unknown,low_specific_or_unmatched_unknown,0.0,0.0,0.2451386735,historical invoice behavior relative default tendency; 302 firms have no observed default labels,,https://www.stats.gov.cn/sj/zxfb/202302/t20230203_1900688.html,35.3,0.8825,1.0,0.2451386735,1.1103125,0.2721805334204687,1.220625,0.2992223933409375,1.25,0.306423341875,0.306423341875,1,1,1,max_known_S,https://www.stats.gov.cn/sj/zxfb/202302/t20230203_1900688.html,2020-04-18,2020Q1,GB/T4754-2017,derived_policy_max_known_S,retrospective_external_stress_marker; includes 2020-03; after Q2 invoice window; not Q2 training input or ex_ante validation,True
E294,个体经营E294,unknown,generic_unknown,0.0,0.0,0.06629335685,historical invoice behavior relative default tendency; 302 firms have no observed default labels,,https://www.stats.gov.cn/sj/zxfb/202302/t20230203_1900688.html,35.3,0.8825,1.0,0.06629335685,1.1103125,0.07360634277751563,1.220625,0.08091932870503125,1.25,0.0828666960625,0.0828666960625,1,1,1,max_known_S,https://www.stats.gov.cn/sj/zxfb/202302/t20230203_1900688.html,2020-04-18,2020Q1,GB/T4754-2017,derived_policy_max_known_S,retrospective_external_stress_marker; includes 2020-03; after Q2 invoice window; not Q2 training input or ex_ante validation,True
E295,***电器设备制造有限公司,manufacturing_industry,high_specific_rule,1.0,1.0,0.1194089265,historical invoice behavior relative default tendency; 302 firms have no observed default labels,-10.2,https://www.stats.gov.cn/sj/zxfb/202302/t20230203_1900688.html,10.2,0.255,1.0,0.1194089265,1.031875,0.1232150860321875,1.06375,0.127021245564375,1.095625,0.13082740509656252,0.13082740509656252,0,0,1,not_applicable,https://www.stats.gov.cn/sj/zxfb/202302/t20230203_1900688.html,2020-04-18,2020Q1,GB/T4754-2017,official_primary_preliminary,retrospective_external_stress_marker; includes 2020-03; after Q2 invoice window; not Q2 training input or ex_ante validation,True
E296,***装饰设计工程有限公司,construction,high_specific_rule,1.0,1.0,0.2079787941,historical invoice behavior relative default tendency; 302 firms have no observed default labels,-17.5,https://www.stats.gov.cn/sj/zxfb/202302/t20230203_1900688.html,17.5,0.4375,1.0,0.2079787941,1.0546875,0.21935263440234376,1.109375,0.2307264747046875,1.1640625,0.24210031500703125,0.24210031500703125,0,0,0,not_applicable,https://www.stats.gov.cn/sj/zxfb/202302/t20230203_1900688.html,2020-04-18,2020Q1,GB/T4754-2017,official_primary_preliminary,retrospective_external_stress_marker; includes 2020-03; after Q2 invoice window; not Q2 training input or ex_ante validation,True
E297,***建筑机械租赁有限公司,leasing_business_services,high_specific_rule,1.0,1.0,0.1875573746,historical invoice behavior relative default tendency; 302 firms have no observed default labels,-9.4,https://www.stats.gov.cn/sj/zxfb/202302/t20230203_1900688.html,9.4,0.23500000000000001,1.0,0.1875573746,1.029375,0.19306687247887497,1.05875,0.19857637035775,1.088125,0.204085868236625,0.204085868236625,0,0,1,not_applicable,https://www.stats.gov.cn/sj/zxfb/202302/t20230203_1900688.html,2020-04-18,2020Q1,GB/T4754-2017,official_primary_preliminary,retrospective_external_stress_marker; includes 2020-03; after Q2 invoice window; not Q2 training input or ex_ante validation,True
E298,***电器维护服务有限公司,other_services,high_specific_rule,1.0,1.0,0.09015498086,historical invoice behavior relative default tendency; 302 firms have no observed default labels,-1.8,https://www.stats.gov.cn/sj/zxfb/202302/t20230203_1900688.html,1.8,0.045,1.0,0.09015498086,1.005625,0.0906621026273375,1.01125,0.091169224394675,1.016875,0.09167634616201249,0.09167634616201249,0,0,1,not_applicable,https://www.stats.gov.cn/sj/zxfb/202302/t20230203_1900688.html,2020-04-18,2020Q1,GB/T4754-2017,official_primary_preliminary,retrospective_external_stress_marker; includes 2020-03; after Q2 invoice window; not Q2 training input or ex_ante validation,True
E299,***压缩天然气有限责任公司,unknown,low_specific_or_unmatched_unknown,0.0,0.0,0.1349061069,historical invoice behavior relative default tendency; 302 firms have no observed default labels,,https://www.stats.gov.cn/sj/zxfb/202302/t20230203_1900688.html,35.3,0.8825,1.0,0.1349061069,1.1103125,0.14978793681740624,1.220625,0.16466976673481248,1.25,0.16863263362499997,0.16863263362499997,1,1,0,max_known_S,https://www.stats.gov.cn/sj/zxfb/202302/t20230203_1900688.html,2020-04-18,2020Q1,GB/T4754-2017,derived_policy_max_known_S,retrospective_external_stress_marker; includes 2020-03; after Q2 invoice window; not Q2 training input or ex_ante validation,True
E300,***建设工程有限公司,construction,high_specific_rule,1.0,1.0,0.1780836434,historical invoice behavior relative default tendency; 302 firms have no observed default labels,-17.5,https://www.stats.gov.cn/sj/zxfb/202302/t20230203_1900688.html,17.5,0.4375,1.0,0.1780836434,1.0546875,0.18782259264843748,1.109375,0.197561541896875,1.1640625,0.2073004911453125,0.2073004911453125,0,0,1,not_applicable,https://www.stats.gov.cn/sj/zxfb/202302/t20230203_1900688.html,2020-04-18,2020Q1,GB/T4754-2017,official_primary_preliminary,retrospective_external_stress_marker; includes 2020-03; after Q2 invoice window; not Q2 training input or ex_ante validation,True
E301,***企业管理咨询有限公司,leasing_business_services,high_specific_rule,1.0,1.0,0.1094155271,historical invoice behavior relative default tendency; 302 firms have no observed default labels,-9.4,https://www.stats.gov.cn/sj/zxfb/202302/t20230203_1900688.html,9.4,0.23500000000000001,1.0,0.1094155271,1.029375,0.11262960820856249,1.05875,0.11584368931712502,1.088125,0.1190577704256875,0.1190577704256875,0,0,1,not_applicable,https://www.stats.gov.cn/sj/zxfb/202302/t20230203_1900688.html,2020-04-18,2020Q1,GB/T4754-2017,official_primary_preliminary,retrospective_external_stress_marker; includes 2020-03; after Q2 invoice window; not Q2 training input or ex_ante validation,True
E302,***机电设备有限公司,unknown,low_specific_or_unmatched_unknown,0.0,0.0,0.1098135803,historical invoice behavior relative default tendency; 302 firms have no observed default labels,,https://www.stats.gov.cn/sj/zxfb/202302/t20230203_1900688.html,35.3,0.8825,1.0,0.1098135803,1.1103125,0.12192739087684376,1.220625,0.1340412014536875,1.25,0.13726697537500002,0.13726697537500002,1,1,1,max_known_S,https://www.stats.gov.cn/sj/zxfb/202302/t20230203_1900688.html,2020-04-18,2020Q1,GB/T4754-2017,derived_policy_max_known_S,retrospective_external_stress_marker; includes 2020-03; after Q2 invoice window; not Q2 training input or ex_ante validation,True
E303,***图书发行有限公司,unknown,low_specific_or_unmatched_unknown,0.0,0.0,0.06817375068,historical invoice behavior relative default tendency; 302 firms have no observed default labels,,https://www.stats.gov.cn/sj/zxfb/202302/t20230203_1900688.html,35.3,0.8825,1.0,0.06817375068,1.1103125,0.07569416755188751,1.220625,0.08321458442377501,1.25,0.08521718835,0.08521718835,1,1,0,max_known_S,https://www.stats.gov.cn/sj/zxfb/202302/t20230203_1900688.html,2020-04-18,2020Q1,GB/T4754-2017,derived_policy_max_known_S,retrospective_external_stress_marker; includes 2020-03; after Q2 invoice window; not Q2 training input or ex_ante validation,True
E304,***环保科技有限公司,unknown,low_specific_or_unmatched_unknown,0.0,0.0,0.1525397498,historical invoice behavior relative default tendency; 302 firms have no observed default labels,,https://www.stats.gov.cn/sj/zxfb/202302/t20230203_1900688.html,35.3,0.8825,1.0,0.1525397498,1.1103125,0.16936679094981252,1.220625,0.18619383209962503,1.25,0.19067468725000003,0.19067468725000003,1,1,0,max_known_S,https://www.stats.gov.cn/sj/zxfb/202302/t20230203_1900688.html,2020-04-18,2020Q1,GB/T4754-2017,derived_policy_max_known_S,retrospective_external_stress_marker; includes 2020-03; after Q2 invoice window; not Q2 training input or ex_ante validation,True
E305,***劳务有限公司,unknown,low_specific_or_unmatched_unknown,0.0,0.0,0.08583723883,historical invoice behavior relative default tendency; 302 firms have no observed default labels,,https://www.stats.gov.cn/sj/zxfb/202302/t20230203_1900688.html,35.3,0.8825,1.0,0.08583723883,1.1103125,0.09530615923843437,1.220625,0.10477507964686875,1.25,0.1072965485375,0.1072965485375,1,1,1,max_known_S,https://www.stats.gov.cn/sj/zxfb/202302/t20230203_1900688.html,2020-04-18,2020Q1,GB/T4754-2017,derived_policy_max_known_S,retrospective_external_stress_marker; includes 2020-03; after Q2 invoice window; not Q2 training input or ex_ante validation,True
E306,个体经营E306,unknown,generic_unknown,0.0,0.0,0.1041160638,historical invoice behavior relative default tendency; 302 firms have no observed default labels,,https://www.stats.gov.cn/sj/zxfb/202302/t20230203_1900688.html,35.3,0.8825,1.0,0.1041160638,1.1103125,0.11560136708793751,1.220625,0.127086670375875,1.25,0.13014507975,0.13014507975,1,1,1,max_known_S,https://www.stats.gov.cn/sj/zxfb/202302/t20230203_1900688.html,2020-04-18,2020Q1,GB/T4754-2017,derived_policy_max_known_S,retrospective_external_stress_marker; includes 2020-03; after Q2 invoice window; not Q2 training input or ex_ante validation,True
E307,***通信工程有限公司,unknown,low_specific_or_unmatched_unknown,0.0,0.0,0.3397089766,historical invoice behavior relative default tendency; 302 firms have no observed default labels,,https://www.stats.gov.cn/sj/zxfb/202302/t20230203_1900688.html,35.3,0.8825,1.0,0.3397089766,1.1103125,0.3771831230811875,1.220625,0.41465726956237503,1.25,0.42463622074999996,0.42463622074999996,1,1,1,max_known_S,https://www.stats.gov.cn/sj/zxfb/202302/t20230203_1900688.html,2020-04-18,2020Q1,GB/T4754-2017,derived_policy_max_known_S,retrospective_external_stress_marker; includes 2020-03; after Q2 invoice window; not Q2 training input or ex_ante validation,True
E308,***餐饮文化服务有限公司,accommodation_catering,high_specific_rule,1.0,1.0,0.1023082722,historical invoice behavior relative default tendency; 302 firms have no observed default labels,-35.3,https://www.stats.gov.cn/sj/zxfb/202302/t20230203_1900688.html,35.3,0.8825,1.0,0.1023082722,1.1103125,0.1135941534770625,1.220625,0.124880034754125,1.25,0.12788534024999998,0.12788534024999998,0,0,1,not_applicable,https://www.stats.gov.cn/sj/zxfb/202302/t20230203_1900688.html,2020-04-18,2020Q1,GB/T4754-2017,official_primary_preliminary,retrospective_external_stress_marker; includes 2020-03; after Q2 invoice window; not Q2 training input or ex_ante validation,True
E309,个体经营E309,unknown,generic_unknown,0.0,0.0,0.1265243135,historical invoice behavior relative default tendency; 302 firms have no observed default labels,,https://www.stats.gov.cn/sj/zxfb/202302/t20230203_1900688.html,35.3,0.8825,1.0,0.1265243135,1.1103125,0.14048152683296877,1.220625,0.15443874016593753,1.25,0.15815539187500002,0.15815539187500002,1,1,1,max_known_S,https://www.stats.gov.cn/sj/zxfb/202302/t20230203_1900688.html,2020-04-18,2020Q1,GB/T4754-2017,derived_policy_max_known_S,retrospective_external_stress_marker; includes 2020-03; after Q2 invoice window; not Q2 training input or ex_ante validation,True
E310,***律师事务所,leasing_business_services,high_specific_rule,1.0,1.0,0.08900555614,historical invoice behavior relative default tendency; 302 firms have no observed default labels,-9.4,https://www.stats.gov.cn/sj/zxfb/202302/t20230203_1900688.html,9.4,0.23500000000000001,1.0,0.08900555614,1.029375,0.09162009435161249,1.05875,0.09423463256322501,1.088125,0.0968491707748375,0.0968491707748375,0,0,1,not_applicable,https://www.stats.gov.cn/sj/zxfb/202302/t20230203_1900688.html,2020-04-18,2020Q1,GB/T4754-2017,official_primary_preliminary,retrospective_external_stress_marker; includes 2020-03; after Q2 invoice window; not Q2 training input or ex_ante validation,True
E311,***律师事务所,leasing_business_services,high_specific_rule,1.0,1.0,0.104171339,historical invoice behavior relative default tendency; 302 firms have no observed default labels,-9.4,https://www.stats.gov.cn/sj/zxfb/202302/t20230203_1900688.html,9.4,0.23500000000000001,1.0,0.104171339,1.029375,0.107231372083125,1.05875,0.11029140516625001,1.088125,0.113351438249375,0.113351438249375,0,0,1,not_applicable,https://www.stats.gov.cn/sj/zxfb/202302/t20230203_1900688.html,2020-04-18,2020Q1,GB/T4754-2017,official_primary_preliminary,retrospective_external_stress_marker; includes 2020-03; after Q2 invoice window; not Q2 training input or ex_ante validation,True
E312,***家居用品有限公司,unknown,low_specific_or_unmatched_unknown,0.0,0.0,0.1752603788,historical invoice behavior relative default tendency; 302 firms have no observed default labels,,https://www.stats.gov.cn/sj/zxfb/202302/t20230203_1900688.html,35.3,0.8825,1.0,0.1752603788,1.1103125,0.194593789336375,1.220625,0.21392719987275002,1.25,0.2190754735,0.2190754735,1,1,1,max_known_S,https://www.stats.gov.cn/sj/zxfb/202302/t20230203_1900688.html,2020-04-18,2020Q1,GB/T4754-2017,derived_policy_max_known_S,retrospective_external_stress_marker; includes 2020-03; after Q2 invoice window; not Q2 training input or ex_ante validation,True
E313,***物流有限公司,transport_storage_post,high_specific_rule,1.0,1.0,0.08328447589,historical invoice behavior relative default tendency; 302 firms have no observed default labels,-14.0,https://www.stats.gov.cn/sj/zxfb/202302/t20230203_1900688.html,14.0,0.35,1.0,0.08328447589,1.04375,0.08692817171018749,1.0875,0.090571867530375,1.13125,0.09421556335056251,0.09421556335056251,0,0,1,not_applicable,https://www.stats.gov.cn/sj/zxfb/202302/t20230203_1900688.html,2020-04-18,2020Q1,GB/T4754-2017,official_primary_preliminary,retrospective_external_stress_marker; includes 2020-03; after Q2 invoice window; not Q2 training input or ex_ante validation,True
E314,***房地产营销策划有限公司,unknown,ambiguous_unknown,0.0,0.0,0.1395367699,historical invoice behavior relative default tendency; 302 firms have no observed default labels,,https://www.stats.gov.cn/sj/zxfb/202302/t20230203_1900688.html,35.3,0.8825,1.0,0.1395367699,1.1103125,0.15492941982959374,1.220625,0.1703220697591875,1.25,0.174420962375,0.174420962375,1,1,1,max_known_S,https://www.stats.gov.cn/sj/zxfb/202302/t20230203_1900688.html,2020-04-18,2020Q1,GB/T4754-2017,derived_policy_max_known_S,retrospective_external_stress_marker; includes 2020-03; after Q2 invoice window; not Q2 training input or ex_ante validation,True
E315,***轮胎有限公司,unknown,low_specific_or_unmatched_unknown,0.0,0.0,0.06839807256,historical invoice behavior relative default tendency; 302 firms have no observed default labels,,https://www.stats.gov.cn/sj/zxfb/202302/t20230203_1900688.html,35.3,0.8825,1.0,0.06839807256,1.1103125,0.075943234939275,1.220625,0.08348839731855,1.25,0.08549759069999999,0.08549759069999999,1,1,1,max_known_S,https://www.stats.gov.cn/sj/zxfb/202302/t20230203_1900688.html,2020-04-18,2020Q1,GB/T4754-2017,derived_policy_max_known_S,retrospective_external_stress_marker; includes 2020-03; after Q2 invoice window; not Q2 training input or ex_ante validation,True
E316,个体经营E316,unknown,generic_unknown,0.0,0.0,0.16843868,historical invoice behavior relative default tendency; 302 firms have no observed default labels,,https://www.stats.gov.cn/sj/zxfb/202302/t20230203_1900688.html,35.3,0.8825,1.0,0.16843868,1.1103125,0.1870195718875,1.220625,0.20560046377500002,1.25,0.21054835,0.21054835,1,1,1,max_known_S,https://www.stats.gov.cn/sj/zxfb/202302/t20230203_1900688.html,2020-04-18,2020Q1,GB/T4754-2017,derived_policy_max_known_S,retrospective_external_stress_marker; includes 2020-03; after Q2 invoice window; not Q2 training input or ex_ante validation,True
E317,***科技有限公司,unknown,low_specific_or_unmatched_unknown,0.0,0.0,0.1858004502,historical invoice behavior relative default tendency; 302 firms have no observed default labels,,https://www.stats.gov.cn/sj/zxfb/202302/t20230203_1900688.html,35.3,0.8825,1.0,0.1858004502,1.1103125,0.2062965623626875,1.220625,0.226792674525375,1.25,0.23225056275,0.23225056275,1,1,1,max_known_S,https://www.stats.gov.cn/sj/zxfb/202302/t20230203_1900688.html,2020-04-18,2020Q1,GB/T4754-2017,derived_policy_max_known_S,retrospective_external_stress_marker; includes 2020-03; after Q2 invoice window; not Q2 training input or ex_ante validation,True
E318,***商贸有限公司,wholesale_retail,high_specific_rule,1.0,1.0,0.06690050473,historical invoice behavior relative default tendency; 302 firms have no observed default labels,-17.8,https://www.stats.gov.cn/sj/zxfb/202302/t20230203_1900688.html,17.8,0.445,1.0,0.06690050473,1.055625,0.07062184530560625,1.11125,0.07434318588121251,1.166875,0.07806452645681876,0.07806452645681876,0,0,1,not_applicable,https://www.stats.gov.cn/sj/zxfb/202302/t20230203_1900688.html,2020-04-18,2020Q1,GB/T4754-2017,official_primary_preliminary,retrospective_external_stress_marker; includes 2020-03; after Q2 invoice window; not Q2 training input or ex_ante validation,True
E319,个体经营E319,unknown,generic_unknown,0.0,0.0,0.07307378605,historical invoice behavior relative default tendency; 302 firms have no observed default labels,,https://www.stats.gov.cn/sj/zxfb/202302/t20230203_1900688.html,35.3,0.8825,1.0,0.07307378605,1.1103125,0.08113473807364063,1.220625,0.08919569009728126,1.25,0.09134223256250001,0.09134223256250001,1,1,1,max_known_S,https://www.stats.gov.cn/sj/zxfb/202302/t20230203_1900688.html,2020-04-18,2020Q1,GB/T4754-2017,derived_policy_max_known_S,retrospective_external_stress_marker; includes 2020-03; after Q2 invoice window; not Q2 training input or ex_ante validation,True
E320,***建筑设计有限公司,unknown,low_specific_or_unmatched_unknown,0.0,0.0,0.3296155041,historical invoice behavior relative default tendency; 302 firms have no observed default labels,,https://www.stats.gov.cn/sj/zxfb/202302/t20230203_1900688.html,35.3,0.8825,1.0,0.3296155041,1.1103125,0.3659762143960313,1.220625,0.40233692469206256,1.25,0.412019380125,0.412019380125,1,1,1,max_known_S,https://www.stats.gov.cn/sj/zxfb/202302/t20230203_1900688.html,2020-04-18,2020Q1,GB/T4754-2017,derived_policy_max_known_S,retrospective_external_stress_marker; includes 2020-03; after Q2 invoice window; not Q2 training input or ex_ante validation,True
E321,***生物流有限公司,transport_storage_post,high_specific_rule,1.0,1.0,0.09003869815,historical invoice behavior relative default tendency; 302 firms have no observed default labels,-14.0,https://www.stats.gov.cn/sj/zxfb/202302/t20230203_1900688.html,14.0,0.35,1.0,0.09003869815,1.04375,0.0939778911940625,1.0875,0.097917084238125,1.13125,0.1018562772821875,0.1018562772821875,0,0,1,not_applicable,https://www.stats.gov.cn/sj/zxfb/202302/t20230203_1900688.html,2020-04-18,2020Q1,GB/T4754-2017,official_primary_preliminary,retrospective_external_stress_marker; includes 2020-03; after Q2 invoice window; not Q2 training input or ex_ante validation,True
E322,***装饰工程设计有限公司,construction,high_specific_rule,1.0,1.0,0.1548339118,historical invoice behavior relative default tendency; 302 firms have no observed default labels,-17.5,https://www.stats.gov.cn/sj/zxfb/202302/t20230203_1900688.html,17.5,0.4375,1.0,0.1548339118,1.0546875,0.1633013913515625,1.109375,0.171768870903125,1.1640625,0.1802363504546875,0.1802363504546875,0,0,1,not_applicable,https://www.stats.gov.cn/sj/zxfb/202302/t20230203_1900688.html,2020-04-18,2020Q1,GB/T4754-2017,official_primary_preliminary,retrospective_external_stress_marker; includes 2020-03; after Q2 invoice window; not Q2 training input or ex_ante validation,True
E323,***建筑装饰工程有限公司,construction,high_specific_rule,1.0,1.0,0.3496810751,historical invoice behavior relative default tendency; 302 firms have no observed default labels,-17.5,https://www.stats.gov.cn/sj/zxfb/202302/t20230203_1900688.html,17.5,0.4375,1.0,0.3496810751,1.0546875,0.3688042588945313,1.109375,0.38792744268906254,1.1640625,0.40705062648359375,0.40705062648359375,0,0,1,not_applicable,https://www.stats.gov.cn/sj/zxfb/202302/t20230203_1900688.html,2020-04-18,2020Q1,GB/T4754-2017,official_primary_preliminary,retrospective_external_stress_marker; includes 2020-03; after Q2 invoice window; not Q2 training input or ex_ante validation,True
E324,***汽贸有限公司,wholesale_retail,high_specific_rule,1.0,1.0,0.2157617112,historical invoice behavior relative default tendency; 302 firms have no observed default labels,-17.8,https://www.stats.gov.cn/sj/zxfb/202302/t20230203_1900688.html,17.8,0.445,1.0,0.2157617112,1.055625,0.22776345638550002,1.11125,0.23976520157100004,1.166875,0.2517669467565,0.2517669467565,0,0,1,not_applicable,https://www.stats.gov.cn/sj/zxfb/202302/t20230203_1900688.html,2020-04-18,2020Q1,GB/T4754-2017,official_primary_preliminary,retrospective_external_stress_marker; includes 2020-03; after Q2 invoice window; not Q2 training input or ex_ante validation,True
E325,***通讯器材有限公司,unknown,low_specific_or_unmatched_unknown,0.0,0.0,0.1158806937,historical invoice behavior relative default tendency; 302 firms have no observed default labels,,https://www.stats.gov.cn/sj/zxfb/202302/t20230203_1900688.html,35.3,0.8825,1.0,0.1158806937,1.1103125,0.12866378272378126,1.220625,0.1414468717475625,1.25,0.144850867125,0.144850867125,1,1,0,max_known_S,https://www.stats.gov.cn/sj/zxfb/202302/t20230203_1900688.html,2020-04-18,2020Q1,GB/T4754-2017,derived_policy_max_known_S,retrospective_external_stress_marker; includes 2020-03; after Q2 invoice window; not Q2 training input or ex_ante validation,True
E326,***包装材料有限公司,unknown,low_specific_or_unmatched_unknown,0.0,0.0,0.1107702056,historical invoice behavior relative default tendency; 302 firms have no observed default labels,,https://www.stats.gov.cn/sj/zxfb/202302/t20230203_1900688.html,35.3,0.8825,1.0,0.1107702056,1.1103125,0.12298954390525,1.220625,0.1352088822105,1.25,0.138462757,0.138462757,1,1,1,max_known_S,https://www.stats.gov.cn/sj/zxfb/202302/t20230203_1900688.html,2020-04-18,2020Q1,GB/T4754-2017,derived_policy_max_known_S,retrospective_external_stress_marker; includes 2020-03; after Q2 invoice window; not Q2 training input or ex_ante validation,True
E327,个体经营E327,unknown,generic_unknown,0.0,0.0,0.1165845069,historical invoice behavior relative default tendency; 302 firms have no observed default labels,,https://www.stats.gov.cn/sj/zxfb/202302/t20230203_1900688.html,35.3,0.8825,1.0,0.1165845069,1.1103125,0.12944523531740626,1.220625,0.1423059637348125,1.25,0.145730633625,0.145730633625,1,1,1,max_known_S,https://www.stats.gov.cn/sj/zxfb/202302/t20230203_1900688.html,2020-04-18,2020Q1,GB/T4754-2017,derived_policy_max_known_S,retrospective_external_stress_marker; includes 2020-03; after Q2 invoice window; not Q2 training input or ex_ante validation,True
E328,***科技有限公司,unknown,low_specific_or_unmatched_unknown,0.0,0.0,0.1641671289,historical invoice behavior relative default tendency; 302 firms have no observed default labels,,https://www.stats.gov.cn/sj/zxfb/202302/t20230203_1900688.html,35.3,0.8825,1.0,0.1641671289,1.1103125,0.18227681530678125,1.220625,0.2003865017135625,1.25,0.20520891112499998,0.20520891112499998,1,1,1,max_known_S,https://www.stats.gov.cn/sj/zxfb/202302/t20230203_1900688.html,2020-04-18,2020Q1,GB/T4754-2017,derived_policy_max_known_S,retrospective_external_stress_marker; includes 2020-03; after Q2 invoice window; not Q2 training input or ex_ante validation,True
E329,***园艺有限责任公司,unknown,low_specific_or_unmatched_unknown,0.0,0.0,0.1341729487,historical invoice behavior relative default tendency; 302 firms have no observed default labels,,https://www.stats.gov.cn/sj/zxfb/202302/t20230203_1900688.html,35.3,0.8825,1.0,0.1341729487,1.1103125,0.14897390210346875,1.220625,0.1637748555069375,1.25,0.16771618587499998,0.16771618587499998,1,1,1,max_known_S,https://www.stats.gov.cn/sj/zxfb/202302/t20230203_1900688.html,2020-04-18,2020Q1,GB/T4754-2017,derived_policy_max_known_S,retrospective_external_stress_marker; includes 2020-03; after Q2 invoice window; not Q2 training input or ex_ante validation,True
E330,***酒店管理有限公司,accommodation_catering,high_specific_rule,1.0,1.0,0.08639627604,historical invoice behavior relative default tendency; 302 firms have no observed default labels,-35.3,https://www.stats.gov.cn/sj/zxfb/202302/t20230203_1900688.html,35.3,0.8825,1.0,0.08639627604,1.1103125,0.0959268652406625,1.220625,0.105457454441325,1.25,0.10799534505,0.10799534505,0,0,1,not_applicable,https://www.stats.gov.cn/sj/zxfb/202302/t20230203_1900688.html,2020-04-18,2020Q1,GB/T4754-2017,official_primary_preliminary,retrospective_external_stress_marker; includes 2020-03; after Q2 invoice window; not Q2 training input or ex_ante validation,True
E331,***广告有限公司,leasing_business_services,high_specific_rule,1.0,1.0,0.2517745902,historical invoice behavior relative default tendency; 302 firms have no observed default labels,-9.4,https://www.stats.gov.cn/sj/zxfb/202302/t20230203_1900688.html,9.4,0.23500000000000001,1.0,0.2517745902,1.029375,0.25917046878712496,1.05875,0.26656634737425,1.088125,0.273962225961375,0.273962225961375,0,0,1,not_applicable,https://www.stats.gov.cn/sj/zxfb/202302/t20230203_1900688.html,2020-04-18,2020Q1,GB/T4754-2017,official_primary_preliminary,retrospective_external_stress_marker; includes 2020-03; after Q2 invoice window; not Q2 training input or ex_ante validation,True
E332,***商贸有限公司,wholesale_retail,high_specific_rule,1.0,1.0,0.1623294325,historical invoice behavior relative default tendency; 302 firms have no observed default labels,-17.8,https://www.stats.gov.cn/sj/zxfb/202302/t20230203_1900688.html,17.8,0.445,1.0,0.1623294325,1.055625,0.17135900718281252,1.11125,0.180388581865625,1.166875,0.18941815654843752,0.18941815654843752,0,0,1,not_applicable,https://www.stats.gov.cn/sj/zxfb/202302/t20230203_1900688.html,2020-04-18,2020Q1,GB/T4754-2017,official_primary_preliminary,retrospective_external_stress_marker; includes 2020-03; after Q2 invoice window; not Q2 training input or ex_ante validation,True
E333,***房地产营销策划有限公司,unknown,ambiguous_unknown,0.0,0.0,0.1590864705,historical invoice behavior relative default tendency; 302 firms have no observed default labels,,https://www.stats.gov.cn/sj/zxfb/202302/t20230203_1900688.html,35.3,0.8825,1.0,0.1590864705,1.1103125,0.17663569677703125,1.220625,0.1941849230540625,1.25,0.198858088125,0.198858088125,1,1,1,max_known_S,https://www.stats.gov.cn/sj/zxfb/202302/t20230203_1900688.html,2020-04-18,2020Q1,GB/T4754-2017,derived_policy_max_known_S,retrospective_external_stress_marker; includes 2020-03; after Q2 invoice window; not Q2 training input or ex_ante validation,True
E334,***机械科技有限公司,unknown,low_specific_or_unmatched_unknown,0.0,0.0,0.1477545204,historical invoice behavior relative default tendency; 302 firms have no observed default labels,,https://www.stats.gov.cn/sj/zxfb/202302/t20230203_1900688.html,35.3,0.8825,1.0,0.1477545204,1.1103125,0.164053690931625,1.220625,0.18035286146325002,1.25,0.18469315050000001,0.18469315050000001,1,1,1,max_known_S,https://www.stats.gov.cn/sj/zxfb/202302/t20230203_1900688.html,2020-04-18,2020Q1,GB/T4754-2017,derived_policy_max_known_S,retrospective_external_stress_marker; includes 2020-03; after Q2 invoice window; not Q2 training input or ex_ante validation,True
E335,***挖掘机租赁经营部,leasing_business_services,high_specific_rule,1.0,1.0,0.2561140492,historical invoice behavior relative default tendency; 302 firms have no observed default labels,-9.4,https://www.stats.gov.cn/sj/zxfb/202302/t20230203_1900688.html,9.4,0.23500000000000001,1.0,0.2561140492,1.029375,0.26363739939525,1.05875,0.27116074959050007,1.088125,0.27868409978575004,0.27868409978575004,0,0,1,not_applicable,https://www.stats.gov.cn/sj/zxfb/202302/t20230203_1900688.html,2020-04-18,2020Q1,GB/T4754-2017,official_primary_preliminary,retrospective_external_stress_marker; includes 2020-03; after Q2 invoice window; not Q2 training input or ex_ante validation,True
E336,***猕猴桃专业合作社,agriculture,high_specific_rule,1.0,1.0,0.4179705012,historical invoice behavior relative default tendency; 302 firms have no observed default labels,-2.8,https://www.stats.gov.cn/sj/zxfb/202302/t20230203_1900688.html,2.8,0.06999999999999999,1.0,0.4179705012,1.00875,0.42162774308550005,1.0175,0.42528498497100004,1.02625,0.4289422268565001,0.4289422268565001,0,0,1,not_applicable,https://www.stats.gov.cn/sj/zxfb/202302/t20230203_1900688.html,2020-04-18,2020Q1,GB/T4754-2017,official_primary_preliminary,retrospective_external_stress_marker; includes 2020-03; after Q2 invoice window; not Q2 training input or ex_ante validation,True
E337,个体经营E337,unknown,generic_unknown,0.0,0.0,0.07840154705,historical invoice behavior relative default tendency; 302 firms have no observed default labels,,https://www.stats.gov.cn/sj/zxfb/202302/t20230203_1900688.html,35.3,0.8825,1.0,0.07840154705,1.1103125,0.08705021770895313,1.220625,0.09569888836790626,1.25,0.09800193381250001,0.09800193381250001,1,1,1,max_known_S,https://www.stats.gov.cn/sj/zxfb/202302/t20230203_1900688.html,2020-04-18,2020Q1,GB/T4754-2017,derived_policy_max_known_S,retrospective_external_stress_marker; includes 2020-03; after Q2 invoice window; not Q2 training input or ex_ante validation,True
E338,***商贸有限公司,wholesale_retail,high_specific_rule,1.0,1.0,0.1607342933,historical invoice behavior relative default tendency; 302 firms have no observed default labels,-17.8,https://www.stats.gov.cn/sj/zxfb/202302/t20230203_1900688.html,17.8,0.445,1.0,0.1607342933,1.055625,0.16967513836481252,1.11125,0.178615983429625,1.166875,0.18755682849443753,0.18755682849443753,0,0,1,not_applicable,https://www.stats.gov.cn/sj/zxfb/202302/t20230203_1900688.html,2020-04-18,2020Q1,GB/T4754-2017,official_primary_preliminary,retrospective_external_stress_marker; includes 2020-03; after Q2 invoice window; not Q2 training input or ex_ante validation,True
E339,***居益卫浴家俬厂,unknown,low_specific_or_unmatched_unknown,0.0,0.0,0.1863596331,historical invoice behavior relative default tendency; 302 firms have no observed default labels,,https://www.stats.gov.cn/sj/zxfb/202302/t20230203_1900688.html,35.3,0.8825,1.0,0.1863596331,1.1103125,0.20691743012634375,1.220625,0.22747522715268753,1.25,0.232949541375,0.232949541375,1,1,1,max_known_S,https://www.stats.gov.cn/sj/zxfb/202302/t20230203_1900688.html,2020-04-18,2020Q1,GB/T4754-2017,derived_policy_max_known_S,retrospective_external_stress_marker; includes 2020-03; after Q2 invoice window; not Q2 training input or ex_ante validation,True
E340,***物流有限公司,transport_storage_post,high_specific_rule,1.0,1.0,0.1454453977,historical invoice behavior relative default tendency; 302 firms have no observed default labels,-14.0,https://www.stats.gov.cn/sj/zxfb/202302/t20230203_1900688.html,14.0,0.35,1.0,0.1454453977,1.04375,0.151808633849375,1.0875,0.15817186999875,1.13125,0.16453510614812503,0.16453510614812503,0,0,1,not_applicable,https://www.stats.gov.cn/sj/zxfb/202302/t20230203_1900688.html,2020-04-18,2020Q1,GB/T4754-2017,official_primary_preliminary,retrospective_external_stress_marker; includes 2020-03; after Q2 invoice window; not Q2 training input or ex_ante validation,True
E341,***纺织品有限公司,unknown,low_specific_or_unmatched_unknown,0.0,0.0,0.1642112517,historical invoice behavior relative default tendency; 302 firms have no observed default labels,,https://www.stats.gov.cn/sj/zxfb/202302/t20230203_1900688.html,35.3,0.8825,1.0,0.1642112517,1.1103125,0.18232580540315627,1.220625,0.20044035910631253,1.25,0.20526406462500002,0.20526406462500002,1,1,1,max_known_S,https://www.stats.gov.cn/sj/zxfb/202302/t20230203_1900688.html,2020-04-18,2020Q1,GB/T4754-2017,derived_policy_max_known_S,retrospective_external_stress_marker; includes 2020-03; after Q2 invoice window; not Q2 training input or ex_ante validation,True
E342,***裕华机械厂,manufacturing_industry,high_specific_rule,1.0,1.0,0.1478845965,historical invoice behavior relative default tendency; 302 firms have no observed default labels,-10.2,https://www.stats.gov.cn/sj/zxfb/202302/t20230203_1900688.html,10.2,0.255,1.0,0.1478845965,1.031875,0.15259841801343751,1.06375,0.15731223952687498,1.095625,0.1620260610403125,0.1620260610403125,0,0,1,not_applicable,https://www.stats.gov.cn/sj/zxfb/202302/t20230203_1900688.html,2020-04-18,2020Q1,GB/T4754-2017,official_primary_preliminary,retrospective_external_stress_marker; includes 2020-03; after Q2 invoice window; not Q2 training input or ex_ante validation,True
E343,***五金工具经营部,wholesale_retail,high_specific_rule,1.0,1.0,0.1193691909,historical invoice behavior relative default tendency; 302 firms have no observed default labels,-17.8,https://www.stats.gov.cn/sj/zxfb/202302/t20230203_1900688.html,17.8,0.445,1.0,0.1193691909,1.055625,0.1260091021438125,1.11125,0.13264901338762503,1.166875,0.13928892463143752,0.13928892463143752,0,0,1,not_applicable,https://www.stats.gov.cn/sj/zxfb/202302/t20230203_1900688.html,2020-04-18,2020Q1,GB/T4754-2017,official_primary_preliminary,retrospective_external_stress_marker; includes 2020-03; after Q2 invoice window; not Q2 training input or ex_ante validation,True
E344,***机械有限公司,unknown,low_specific_or_unmatched_unknown,0.0,0.0,0.1851283952,historical invoice behavior relative default tendency; 302 firms have no observed default labels,,https://www.stats.gov.cn/sj/zxfb/202302/t20230203_1900688.html,35.3,0.8825,1.0,0.1851283952,1.1103125,0.2055503712955,1.220625,0.225972347391,1.25,0.231410494,0.231410494,1,1,1,max_known_S,https://www.stats.gov.cn/sj/zxfb/202302/t20230203_1900688.html,2020-04-18,2020Q1,GB/T4754-2017,derived_policy_max_known_S,retrospective_external_stress_marker; includes 2020-03; after Q2 invoice window; not Q2 training input or ex_ante validation,True
E345,***科技有限公司,unknown,low_specific_or_unmatched_unknown,0.0,0.0,0.2238034406,historical invoice behavior relative default tendency; 302 firms have no observed default labels,,https://www.stats.gov.cn/sj/zxfb/202302/t20230203_1900688.html,35.3,0.8825,1.0,0.2238034406,1.1103125,0.2484917576411875,1.220625,0.273180074682375,1.25,0.27975430074999996,0.27975430074999996,1,1,1,max_known_S,https://www.stats.gov.cn/sj/zxfb/202302/t20230203_1900688.html,2020-04-18,2020Q1,GB/T4754-2017,derived_policy_max_known_S,retrospective_external_stress_marker; includes 2020-03; after Q2 invoice window; not Q2 training input or ex_ante validation,True
E346,个体经营E346,unknown,generic_unknown,0.0,0.0,0.1694293505,historical invoice behavior relative default tendency; 302 firms have no observed default labels,,https://www.stats.gov.cn/sj/zxfb/202302/t20230203_1900688.html,35.3,0.8825,1.0,0.1694293505,1.1103125,0.18811952572703125,1.220625,0.2068097009540625,1.25,0.21178668812499998,0.21178668812499998,1,1,1,max_known_S,https://www.stats.gov.cn/sj/zxfb/202302/t20230203_1900688.html,2020-04-18,2020Q1,GB/T4754-2017,derived_policy_max_known_S,retrospective_external_stress_marker; includes 2020-03; after Q2 invoice window; not Q2 training input or ex_ante validation,True
E347,***不锈钢材料有限公司,unknown,low_specific_or_unmatched_unknown,0.0,0.0,0.2223898224,historical invoice behavior relative default tendency; 302 firms have no observed default labels,,https://www.stats.gov.cn/sj/zxfb/202302/t20230203_1900688.html,35.3,0.8825,1.0,0.2223898224,1.1103125,0.2469221996835,1.220625,0.271454576967,1.25,0.277987278,0.277987278,1,1,1,max_known_S,https://www.stats.gov.cn/sj/zxfb/202302/t20230203_1900688.html,2020-04-18,2020Q1,GB/T4754-2017,derived_policy_max_known_S,retrospective_external_stress_marker; includes 2020-03; after Q2 invoice window; not Q2 training input or ex_ante validation,True
E348,***酒店管理有限公司,accommodation_catering,high_specific_rule,1.0,1.0,0.1280317091,historical invoice behavior relative default tendency; 302 firms have no observed default labels,-35.3,https://www.stats.gov.cn/sj/zxfb/202302/t20230203_1900688.html,35.3,0.8825,1.0,0.1280317091,1.1103125,0.14215520701009376,1.220625,0.1562787049201875,1.25,0.16003963637500002,0.16003963637500002,0,0,1,not_applicable,https://www.stats.gov.cn/sj/zxfb/202302/t20230203_1900688.html,2020-04-18,2020Q1,GB/T4754-2017,official_primary_preliminary,retrospective_external_stress_marker; includes 2020-03; after Q2 invoice window; not Q2 training input or ex_ante validation,True
E349,***营销策划广告有限公司,leasing_business_services,high_specific_rule,1.0,1.0,0.3179922689,historical invoice behavior relative default tendency; 302 firms have no observed default labels,-9.4,https://www.stats.gov.cn/sj/zxfb/202302/t20230203_1900688.html,9.4,0.23500000000000001,1.0,0.3179922689,1.029375,0.32733329179893744,1.05875,0.336674314697875,1.088125,0.34601533759681247,0.34601533759681247,0,0,1,not_applicable,https://www.stats.gov.cn/sj/zxfb/202302/t20230203_1900688.html,2020-04-18,2020Q1,GB/T4754-2017,official_primary_preliminary,retrospective_external_stress_marker; includes 2020-03; after Q2 invoice window; not Q2 training input or ex_ante validation,True
E350,***演艺设备有限公司,unknown,low_specific_or_unmatched_unknown,0.0,0.0,0.2928482373,historical invoice behavior relative default tendency; 302 firms have no observed default labels,,https://www.stats.gov.cn/sj/zxfb/202302/t20230203_1900688.html,35.3,0.8825,1.0,0.2928482373,1.1103125,0.32515305847715625,1.220625,0.35745787965431247,1.25,0.36606029662499995,0.36606029662499995,1,1,1,max_known_S,https://www.stats.gov.cn/sj/zxfb/202302/t20230203_1900688.html,2020-04-18,2020Q1,GB/T4754-2017,derived_policy_max_known_S,retrospective_external_stress_marker; includes 2020-03; after Q2 invoice window; not Q2 training input or ex_ante validation,True
E351,***文化传播有限公司,other_services,high_specific_rule,1.0,1.0,0.3054408309,historical invoice behavior relative default tendency; 302 firms have no observed default labels,-1.8,https://www.stats.gov.cn/sj/zxfb/202302/t20230203_1900688.html,1.8,0.045,1.0,0.3054408309,1.005625,0.3071589355738125,1.01125,0.308877040247625,1.016875,0.3105951449214375,0.3105951449214375,0,0,1,not_applicable,https://www.stats.gov.cn/sj/zxfb/202302/t20230203_1900688.html,2020-04-18,2020Q1,GB/T4754-2017,official_primary_preliminary,retrospective_external_stress_marker; includes 2020-03; after Q2 invoice window; not Q2 training input or ex_ante validation,True
E352,***居装饰工程有限公司,construction,high_specific_rule,1.0,1.0,0.3100317271,historical invoice behavior relative default tendency; 302 firms have no observed default labels,-17.5,https://www.stats.gov.cn/sj/zxfb/202302/t20230203_1900688.html,17.5,0.4375,1.0,0.3100317271,1.0546875,0.3269865871757812,1.109375,0.3439414472515625,1.1640625,0.36089630732734373,0.36089630732734373,0,0,1,not_applicable,https://www.stats.gov.cn/sj/zxfb/202302/t20230203_1900688.html,2020-04-18,2020Q1,GB/T4754-2017,official_primary_preliminary,retrospective_external_stress_marker; includes 2020-03; after Q2 invoice window; not Q2 training input or ex_ante validation,True
E353,***税务师事务所有限公司,leasing_business_services,high_specific_rule,1.0,1.0,0.2094910807,historical invoice behavior relative default tendency; 302 firms have no observed default labels,-9.4,https://www.stats.gov.cn/sj/zxfb/202302/t20230203_1900688.html,9.4,0.23500000000000001,1.0,0.2094910807,1.029375,0.2156448811955625,1.05875,0.22179868169112502,1.088125,0.2279524821866875,0.2279524821866875,0,0,1,not_applicable,https://www.stats.gov.cn/sj/zxfb/202302/t20230203_1900688.html,2020-04-18,2020Q1,GB/T4754-2017,official_primary_preliminary,retrospective_external_stress_marker; includes 2020-03; after Q2 invoice window; not Q2 training input or ex_ante validation,True
E354,***广告有限公司,leasing_business_services,high_specific_rule,1.0,1.0,0.2071532718,historical invoice behavior relative default tendency; 302 firms have no observed default labels,-9.4,https://www.stats.gov.cn/sj/zxfb/202302/t20230203_1900688.html,9.4,0.23500000000000001,1.0,0.2071532718,1.029375,0.21323839915912499,1.05875,0.21932352651825002,1.088125,0.22540865387737502,0.22540865387737502,0,0,1,not_applicable,https://www.stats.gov.cn/sj/zxfb/202302/t20230203_1900688.html,2020-04-18,2020Q1,GB/T4754-2017,official_primary_preliminary,retrospective_external_stress_marker; includes 2020-03; after Q2 invoice window; not Q2 training input or ex_ante validation,True
E355,***地毯经营部,wholesale_retail,high_specific_rule,1.0,1.0,0.1524745622,historical invoice behavior relative default tendency; 302 firms have no observed default labels,-17.8,https://www.stats.gov.cn/sj/zxfb/202302/t20230203_1900688.html,17.8,0.445,1.0,0.1524745622,1.055625,0.160955959722375,1.11125,0.16943735724475,1.166875,0.17791875476712501,0.17791875476712501,0,0,1,not_applicable,https://www.stats.gov.cn/sj/zxfb/202302/t20230203_1900688.html,2020-04-18,2020Q1,GB/T4754-2017,official_primary_preliminary,retrospective_external_stress_marker; includes 2020-03; after Q2 invoice window; not Q2 training input or ex_ante validation,True
E356,***建材装饰部,wholesale_retail,high_specific_rule,1.0,1.0,0.2057589781,historical invoice behavior relative default tendency; 302 firms have no observed default labels,-17.8,https://www.stats.gov.cn/sj/zxfb/202302/t20230203_1900688.html,17.8,0.445,1.0,0.2057589781,1.055625,0.2172043212568125,1.11125,0.228649664413625,1.166875,0.2400950075704375,0.2400950075704375,0,0,1,not_applicable,https://www.stats.gov.cn/sj/zxfb/202302/t20230203_1900688.html,2020-04-18,2020Q1,GB/T4754-2017,official_primary_preliminary,retrospective_external_stress_marker; includes 2020-03; after Q2 invoice window; not Q2 training input or ex_ante validation,True
E357,***家居经营部,wholesale_retail,high_specific_rule,1.0,1.0,0.1918285315,historical invoice behavior relative default tendency; 302 firms have no observed default labels,-17.8,https://www.stats.gov.cn/sj/zxfb/202302/t20230203_1900688.html,17.8,0.445,1.0,0.1918285315,1.055625,0.2024989935646875,1.11125,0.21316945562937503,1.166875,0.22383991769406253,0.22383991769406253,0,0,1,not_applicable,https://www.stats.gov.cn/sj/zxfb/202302/t20230203_1900688.html,2020-04-18,2020Q1,GB/T4754-2017,official_primary_preliminary,retrospective_external_stress_marker; includes 2020-03; after Q2 invoice window; not Q2 training input or ex_ante validation,True
E358,***五金经营部,wholesale_retail,high_specific_rule,1.0,1.0,0.1521510173,historical invoice behavior relative default tendency; 302 firms have no observed default labels,-17.8,https://www.stats.gov.cn/sj/zxfb/202302/t20230203_1900688.html,17.8,0.445,1.0,0.1521510173,1.055625,0.1606144176373125,1.11125,0.169077817974625,1.166875,0.1775412183119375,0.1775412183119375,0,0,1,not_applicable,https://www.stats.gov.cn/sj/zxfb/202302/t20230203_1900688.html,2020-04-18,2020Q1,GB/T4754-2017,official_primary_preliminary,retrospective_external_stress_marker; includes 2020-03; after Q2 invoice window; not Q2 training input or ex_ante validation,True
E359,***厨房用品经营部,wholesale_retail,high_specific_rule,1.0,1.0,0.1679190052,historical invoice behavior relative default tendency; 302 firms have no observed default labels,-17.8,https://www.stats.gov.cn/sj/zxfb/202302/t20230203_1900688.html,17.8,0.445,1.0,0.1679190052,1.055625,0.17725949986425,1.11125,0.1865999945285,1.166875,0.19594048919275,0.19594048919275,0,0,1,not_applicable,https://www.stats.gov.cn/sj/zxfb/202302/t20230203_1900688.html,2020-04-18,2020Q1,GB/T4754-2017,official_primary_preliminary,retrospective_external_stress_marker; includes 2020-03; after Q2 invoice window; not Q2 training input or ex_ante validation,True
E360,***建筑劳务有限公司,construction,high_specific_rule,1.0,1.0,0.4716604114,historical invoice behavior relative default tendency; 302 firms have no observed default labels,-17.5,https://www.stats.gov.cn/sj/zxfb/202302/t20230203_1900688.html,17.5,0.4375,1.0,0.4716604114,1.0546875,0.4974543401484375,1.109375,0.5232482688968749,1.1640625,0.5490421976453125,0.5490421976453125,0,0,1,not_applicable,https://www.stats.gov.cn/sj/zxfb/202302/t20230203_1900688.html,2020-04-18,2020Q1,GB/T4754-2017,official_primary_preliminary,retrospective_external_stress_marker; includes 2020-03; after Q2 invoice window; not Q2 training input or ex_ante validation,True
E361,***勘察设计工程有限公司,construction,high_specific_rule,1.0,1.0,0.2546519942,historical invoice behavior relative default tendency; 302 firms have no observed default labels,-17.5,https://www.stats.gov.cn/sj/zxfb/202302/t20230203_1900688.html,17.5,0.4375,1.0,0.2546519942,1.0546875,0.2685782751328125,1.109375,0.282504556065625,1.1640625,0.29643083699843753,0.29643083699843753,0,0,1,not_applicable,https://www.stats.gov.cn/sj/zxfb/202302/t20230203_1900688.html,2020-04-18,2020Q1,GB/T4754-2017,official_primary_preliminary,retrospective_external_stress_marker; includes 2020-03; after Q2 invoice window; not Q2 training input or ex_ante validation,True
E362,***建材有限公司,unknown,low_specific_or_unmatched_unknown,0.0,0.0,0.3261795751,historical invoice behavior relative default tendency; 302 firms have no observed default labels,,https://www.stats.gov.cn/sj/zxfb/202302/t20230203_1900688.html,35.3,0.8825,1.0,0.3261795751,1.1103125,0.36216125947821876,1.220625,0.39814294385643756,1.25,0.407724468875,0.407724468875,1,1,1,max_known_S,https://www.stats.gov.cn/sj/zxfb/202302/t20230203_1900688.html,2020-04-18,2020Q1,GB/T4754-2017,derived_policy_max_known_S,retrospective_external_stress_marker; includes 2020-03; after Q2 invoice window; not Q2 training input or ex_ante validation,True
E363,***建筑工程设计有限公司,construction,high_specific_rule,1.0,1.0,0.4117872774,historical invoice behavior relative default tendency; 302 firms have no observed default labels,-17.5,https://www.stats.gov.cn/sj/zxfb/202302/t20230203_1900688.html,17.5,0.4375,1.0,0.4117872774,1.0546875,0.4343068941328125,1.109375,0.456826510865625,1.1640625,0.4793461275984375,0.4793461275984375,0,0,0,not_applicable,https://www.stats.gov.cn/sj/zxfb/202302/t20230203_1900688.html,2020-04-18,2020Q1,GB/T4754-2017,official_primary_preliminary,retrospective_external_stress_marker; includes 2020-03; after Q2 invoice window; not Q2 training input or ex_ante validation,True
E364,***电子有限公司,unknown,low_specific_or_unmatched_unknown,0.0,0.0,0.1677352428,historical invoice behavior relative default tendency; 302 firms have no observed default labels,,https://www.stats.gov.cn/sj/zxfb/202302/t20230203_1900688.html,35.3,0.8825,1.0,0.1677352428,1.1103125,0.186238536771375,1.220625,0.20474183074275,1.25,0.20966905349999998,0.20966905349999998,1,1,1,max_known_S,https://www.stats.gov.cn/sj/zxfb/202302/t20230203_1900688.html,2020-04-18,2020Q1,GB/T4754-2017,derived_policy_max_known_S,retrospective_external_stress_marker; includes 2020-03; after Q2 invoice window; not Q2 training input or ex_ante validation,True
E365,***信息技术有限公司,information_software_it,high_specific_rule,1.0,1.0,0.3554073179,historical invoice behavior relative default tendency; 302 firms have no observed default labels,13.2,https://www.stats.gov.cn/sj/zxfb/202302/t20230203_1900688.html,0.0,0.0,1.0,0.3554073179,1.0,0.3554073179,1.0,0.3554073179,1.0,0.3554073179,0.3554073179,0,0,1,not_applicable,https://www.stats.gov.cn/sj/zxfb/202302/t20230203_1900688.html,2020-04-18,2020Q1,GB/T4754-2017,official_primary_preliminary,retrospective_external_stress_marker; includes 2020-03; after Q2 invoice window; not Q2 training input or ex_ante validation,True
E366,***房地产经纪有限公司,real_estate,high_specific_rule,1.0,1.0,0.1999291094,historical invoice behavior relative default tendency; 302 firms have no observed default labels,-6.1,https://www.stats.gov.cn/sj/zxfb/202302/t20230203_1900688.html,6.1,0.1525,1.0,0.1999291094,1.0190625,0.2037402580479375,1.038125,0.207551406695875,1.0571875,0.21136255534381249,0.21136255534381249,0,0,1,not_applicable,https://www.stats.gov.cn/sj/zxfb/202302/t20230203_1900688.html,2020-04-18,2020Q1,GB/T4754-2017,official_primary_preliminary,retrospective_external_stress_marker; includes 2020-03; after Q2 invoice window; not Q2 training input or ex_ante validation,True
E367,***电子商务有限公司,wholesale_retail,high_specific_rule,1.0,1.0,0.1966396481,historical invoice behavior relative default tendency; 302 firms have no observed default labels,-17.8,https://www.stats.gov.cn/sj/zxfb/202302/t20230203_1900688.html,17.8,0.445,1.0,0.1966396481,1.055625,0.20757772852556253,1.11125,0.21851580895112502,1.166875,0.22945388937668754,0.22945388937668754,0,0,1,not_applicable,https://www.stats.gov.cn/sj/zxfb/202302/t20230203_1900688.html,2020-04-18,2020Q1,GB/T4754-2017,official_primary_preliminary,retrospective_external_stress_marker; includes 2020-03; after Q2 invoice window; not Q2 training input or ex_ante validation,True
E368,***通信科技有限责任公司,information_software_it,high_specific_rule,1.0,1.0,0.5434393237,historical invoice behavior relative default tendency; 302 firms have no observed default labels,13.2,https://www.stats.gov.cn/sj/zxfb/202302/t20230203_1900688.html,0.0,0.0,1.0,0.5434393237,1.0,0.5434393237,1.0,0.5434393237,1.0,0.5434393237,0.5434393237,0,0,1,not_applicable,https://www.stats.gov.cn/sj/zxfb/202302/t20230203_1900688.html,2020-04-18,2020Q1,GB/T4754-2017,official_primary_preliminary,retrospective_external_stress_marker; includes 2020-03; after Q2 invoice window; not Q2 training input or ex_ante validation,True
E369,***网络技术有限公司,information_software_it,high_specific_rule,1.0,1.0,0.2283153679,historical invoice behavior relative default tendency; 302 firms have no observed default labels,13.2,https://www.stats.gov.cn/sj/zxfb/202302/t20230203_1900688.html,0.0,0.0,1.0,0.2283153679,1.0,0.2283153679,1.0,0.2283153679,1.0,0.2283153679,0.2283153679,0,0,1,not_applicable,https://www.stats.gov.cn/sj/zxfb/202302/t20230203_1900688.html,2020-04-18,2020Q1,GB/T4754-2017,official_primary_preliminary,retrospective_external_stress_marker; includes 2020-03; after Q2 invoice window; not Q2 training input or ex_ante validation,True
E370,***设计服务部,other_services,high_specific_rule,1.0,1.0,0.1604663878,historical invoice behavior relative default tendency; 302 firms have no observed default labels,-1.8,https://www.stats.gov.cn/sj/zxfb/202302/t20230203_1900688.html,1.8,0.045,1.0,0.1604663878,1.005625,0.161369011231375,1.01125,0.16227163466275,1.016875,0.163174258094125,0.163174258094125,0,0,1,not_applicable,https://www.stats.gov.cn/sj/zxfb/202302/t20230203_1900688.html,2020-04-18,2020Q1,GB/T4754-2017,official_primary_preliminary,retrospective_external_stress_marker; includes 2020-03; after Q2 invoice window; not Q2 training input or ex_ante validation,True
E371,***自动化科技有限公司,unknown,low_specific_or_unmatched_unknown,0.0,0.0,0.3928105039,historical invoice behavior relative default tendency; 302 firms have no observed default labels,,https://www.stats.gov.cn/sj/zxfb/202302/t20230203_1900688.html,35.3,0.8825,1.0,0.3928105039,1.1103125,0.43614241261146874,1.220625,0.47947432132293755,1.25,0.491013129875,0.491013129875,1,1,1,max_known_S,https://www.stats.gov.cn/sj/zxfb/202302/t20230203_1900688.html,2020-04-18,2020Q1,GB/T4754-2017,derived_policy_max_known_S,retrospective_external_stress_marker; includes 2020-03; after Q2 invoice window; not Q2 training input or ex_ante validation,True
E372,***汽车维修有限责任公司,other_services,high_specific_rule,1.0,1.0,0.142314924,historical invoice behavior relative default tendency; 302 firms have no observed default labels,-1.8,https://www.stats.gov.cn/sj/zxfb/202302/t20230203_1900688.html,1.8,0.045,1.0,0.142314924,1.005625,0.14311544544750002,1.01125,0.143915966895,1.016875,0.1447164883425,0.1447164883425,0,0,1,not_applicable,https://www.stats.gov.cn/sj/zxfb/202302/t20230203_1900688.html,2020-04-18,2020Q1,GB/T4754-2017,official_primary_preliminary,retrospective_external_stress_marker; includes 2020-03; after Q2 invoice window; not Q2 training input or ex_ante validation,True
E373,个体经营E373,unknown,generic_unknown,0.0,0.0,0.6735708518,historical invoice behavior relative default tendency; 302 firms have no observed default labels,,https://www.stats.gov.cn/sj/zxfb/202302/t20230203_1900688.html,35.3,0.8825,1.0,0.6735708518,1.1103125,0.7478741363891875,1.220625,0.822177420978375,1.25,0.84196356475,0.84196356475,1,1,1,max_known_S,https://www.stats.gov.cn/sj/zxfb/202302/t20230203_1900688.html,2020-04-18,2020Q1,GB/T4754-2017,derived_policy_max_known_S,retrospective_external_stress_marker; includes 2020-03; after Q2 invoice window; not Q2 training input or ex_ante validation,True
E374,***建材经营部,wholesale_retail,high_specific_rule,1.0,1.0,0.258621491,historical invoice behavior relative default tendency; 302 firms have no observed default labels,-17.8,https://www.stats.gov.cn/sj/zxfb/202302/t20230203_1900688.html,17.8,0.445,1.0,0.258621491,1.055625,0.273007311436875,1.11125,0.28739313187375,1.166875,0.301778952310625,0.301778952310625,0,0,1,not_applicable,https://www.stats.gov.cn/sj/zxfb/202302/t20230203_1900688.html,2020-04-18,2020Q1,GB/T4754-2017,official_primary_preliminary,retrospective_external_stress_marker; includes 2020-03; after Q2 invoice window; not Q2 training input or ex_ante validation,True
E375,***电器经营部,wholesale_retail,high_specific_rule,1.0,1.0,0.1440779626,historical invoice behavior relative default tendency; 302 firms have no observed default labels,-17.8,https://www.stats.gov.cn/sj/zxfb/202302/t20230203_1900688.html,17.8,0.445,1.0,0.1440779626,1.055625,0.152092299269625,1.11125,0.16010663593925,1.166875,0.168120972608875,0.168120972608875,0,0,1,not_applicable,https://www.stats.gov.cn/sj/zxfb/202302/t20230203_1900688.html,2020-04-18,2020Q1,GB/T4754-2017,official_primary_preliminary,retrospective_external_stress_marker; includes 2020-03; after Q2 invoice window; not Q2 training input or ex_ante validation,True
E376,***建筑装饰设计有限责任公司,construction,high_specific_rule,1.0,1.0,0.4865881656,historical invoice behavior relative default tendency; 302 firms have no observed default labels,-17.5,https://www.stats.gov.cn/sj/zxfb/202302/t20230203_1900688.html,17.5,0.4375,1.0,0.4865881656,1.0546875,0.51319845590625,1.109375,0.5398087462125,1.1640625,0.56641903651875,0.56641903651875,0,0,1,not_applicable,https://www.stats.gov.cn/sj/zxfb/202302/t20230203_1900688.html,2020-04-18,2020Q1,GB/T4754-2017,official_primary_preliminary,retrospective_external_stress_marker; includes 2020-03; after Q2 invoice window; not Q2 training input or ex_ante validation,True
E377,***文化传播有限公司,other_services,high_specific_rule,1.0,1.0,0.4139336005,historical invoice behavior relative default tendency; 302 firms have no observed default labels,-1.8,https://www.stats.gov.cn/sj/zxfb/202302/t20230203_1900688.html,1.8,0.045,1.0,0.4139336005,1.005625,0.4162619770028125,1.01125,0.418590353505625,1.016875,0.4209187300084375,0.4209187300084375,0,0,1,not_applicable,https://www.stats.gov.cn/sj/zxfb/202302/t20230203_1900688.html,2020-04-18,2020Q1,GB/T4754-2017,official_primary_preliminary,retrospective_external_stress_marker; includes 2020-03; after Q2 invoice window; not Q2 training input or ex_ante validation,True
E378,***商贸有限公司,wholesale_retail,high_specific_rule,1.0,1.0,0.4576221214,historical invoice behavior relative default tendency; 302 firms have no observed default labels,-17.8,https://www.stats.gov.cn/sj/zxfb/202302/t20230203_1900688.html,17.8,0.445,1.0,0.4576221214,1.055625,0.48307735190287504,1.11125,0.50853258240575,1.166875,0.5339878129086251,0.5339878129086251,0,0,1,not_applicable,https://www.stats.gov.cn/sj/zxfb/202302/t20230203_1900688.html,2020-04-18,2020Q1,GB/T4754-2017,official_primary_preliminary,retrospective_external_stress_marker; includes 2020-03; after Q2 invoice window; not Q2 training input or ex_ante validation,True
E379,***药业有限公司,unknown,low_specific_or_unmatched_unknown,0.0,0.0,0.2543452203,historical invoice behavior relative default tendency; 302 firms have no observed default labels,,https://www.stats.gov.cn/sj/zxfb/202302/t20230203_1900688.html,35.3,0.8825,1.0,0.2543452203,1.1103125,0.2824026774143438,1.220625,0.31046013452868754,1.25,0.317931525375,0.317931525375,1,1,1,max_known_S,https://www.stats.gov.cn/sj/zxfb/202302/t20230203_1900688.html,2020-04-18,2020Q1,GB/T4754-2017,derived_policy_max_known_S,retrospective_external_stress_marker; includes 2020-03; after Q2 invoice window; not Q2 training input or ex_ante validation,True
E380,***建材有限公司,unknown,low_specific_or_unmatched_unknown,0.0,0.0,0.4551323812,historical invoice behavior relative default tendency; 302 firms have no observed default labels,,https://www.stats.gov.cn/sj/zxfb/202302/t20230203_1900688.html,35.3,0.8825,1.0,0.4551323812,1.1103125,0.505339172001125,1.220625,0.55554596280225,1.25,0.5689154765,0.5689154765,1,1,1,max_known_S,https://www.stats.gov.cn/sj/zxfb/202302/t20230203_1900688.html,2020-04-18,2020Q1,GB/T4754-2017,derived_policy_max_known_S,retrospective_external_stress_marker; includes 2020-03; after Q2 invoice window; not Q2 training input or ex_ante validation,True
E381,***通信网络工程有限公司,information_software_it,high_specific_rule,1.0,1.0,0.532733148,historical invoice behavior relative default tendency; 302 firms have no observed default labels,13.2,https://www.stats.gov.cn/sj/zxfb/202302/t20230203_1900688.html,0.0,0.0,1.0,0.532733148,1.0,0.532733148,1.0,0.532733148,1.0,0.532733148,0.532733148,0,0,1,not_applicable,https://www.stats.gov.cn/sj/zxfb/202302/t20230203_1900688.html,2020-04-18,2020Q1,GB/T4754-2017,official_primary_preliminary,retrospective_external_stress_marker; includes 2020-03; after Q2 invoice window; not Q2 training input or ex_ante validation,True
E382,***教育信息咨询有限公司***分公司,other_services,high_specific_rule,1.0,1.0,0.2280354915,historical invoice behavior relative default tendency; 302 firms have no observed default labels,-1.8,https://www.stats.gov.cn/sj/zxfb/202302/t20230203_1900688.html,1.8,0.045,1.0,0.2280354915,1.005625,0.2293181911396875,1.01125,0.23060089077937498,1.016875,0.23188359041906248,0.23188359041906248,0,0,1,not_applicable,https://www.stats.gov.cn/sj/zxfb/202302/t20230203_1900688.html,2020-04-18,2020Q1,GB/T4754-2017,official_primary_preliminary,retrospective_external_stress_marker; includes 2020-03; after Q2 invoice window; not Q2 training input or ex_ante validation,True
E383,***通讯器材经营部,wholesale_retail,high_specific_rule,1.0,1.0,0.4224271149,historical invoice behavior relative default tendency; 302 firms have no observed default labels,-17.8,https://www.stats.gov.cn/sj/zxfb/202302/t20230203_1900688.html,17.8,0.445,1.0,0.4224271149,1.055625,0.44592462316631254,1.11125,0.46942213143262507,1.166875,0.49291963969893754,0.49291963969893754,0,0,0,not_applicable,https://www.stats.gov.cn/sj/zxfb/202302/t20230203_1900688.html,2020-04-18,2020Q1,GB/T4754-2017,official_primary_preliminary,retrospective_external_stress_marker; includes 2020-03; after Q2 invoice window; not Q2 training input or ex_ante validation,True
E384,个体经营E384,unknown,generic_unknown,0.0,0.0,0.5678905916,historical invoice behavior relative default tendency; 302 firms have no observed default labels,,https://www.stats.gov.cn/sj/zxfb/202302/t20230203_1900688.html,35.3,0.8825,1.0,0.5678905916,1.1103125,0.630536022485875,1.220625,0.6931814533717501,1.25,0.7098632395,0.7098632395,1,1,1,max_known_S,https://www.stats.gov.cn/sj/zxfb/202302/t20230203_1900688.html,2020-04-18,2020Q1,GB/T4754-2017,derived_policy_max_known_S,retrospective_external_stress_marker; includes 2020-03; after Q2 invoice window; not Q2 training input or ex_ante validation,True
E385,***装饰工程有限公司,construction,high_specific_rule,1.0,1.0,0.6017593881,historical invoice behavior relative default tendency; 302 firms have no observed default labels,-17.5,https://www.stats.gov.cn/sj/zxfb/202302/t20230203_1900688.html,17.5,0.4375,1.0,0.6017593881,1.0546875,0.6346681046367187,1.109375,0.6675768211734374,1.1640625,0.7004855377101562,0.7004855377101562,0,0,1,not_applicable,https://www.stats.gov.cn/sj/zxfb/202302/t20230203_1900688.html,2020-04-18,2020Q1,GB/T4754-2017,official_primary_preliminary,retrospective_external_stress_marker; includes 2020-03; after Q2 invoice window; not Q2 training input or ex_ante validation,True
E386,个体经营E386,unknown,generic_unknown,0.0,0.0,0.2530818125,historical invoice behavior relative default tendency; 302 firms have no observed default labels,,https://www.stats.gov.cn/sj/zxfb/202302/t20230203_1900688.html,35.3,0.8825,1.0,0.2530818125,1.1103125,0.2809998999414063,1.220625,0.3089179873828125,1.25,0.316352265625,0.316352265625,1,1,1,max_known_S,https://www.stats.gov.cn/sj/zxfb/202302/t20230203_1900688.html,2020-04-18,2020Q1,GB/T4754-2017,derived_policy_max_known_S,retrospective_external_stress_marker; includes 2020-03; after Q2 invoice window; not Q2 training input or ex_ante validation,True
E387,***农副产品经营部,unknown,ambiguous_unknown,0.0,0.0,0.1821964253,historical invoice behavior relative default tendency; 302 firms have no observed default labels,,https://www.stats.gov.cn/sj/zxfb/202302/t20230203_1900688.html,35.3,0.8825,1.0,0.1821964253,1.1103125,0.20229496846590625,1.220625,0.2223935116318125,1.25,0.227745531625,0.227745531625,1,1,1,max_known_S,https://www.stats.gov.cn/sj/zxfb/202302/t20230203_1900688.html,2020-04-18,2020Q1,GB/T4754-2017,derived_policy_max_known_S,retrospective_external_stress_marker; includes 2020-03; after Q2 invoice window; not Q2 training input or ex_ante validation,True
E388,***商贸有限公司,wholesale_retail,high_specific_rule,1.0,1.0,0.1790204903,historical invoice behavior relative default tendency; 302 firms have no observed default labels,-17.8,https://www.stats.gov.cn/sj/zxfb/202302/t20230203_1900688.html,17.8,0.445,1.0,0.1790204903,1.055625,0.1889785050729375,1.11125,0.19893651984587502,1.166875,0.20889453461881252,0.20889453461881252,0,0,1,not_applicable,https://www.stats.gov.cn/sj/zxfb/202302/t20230203_1900688.html,2020-04-18,2020Q1,GB/T4754-2017,official_primary_preliminary,retrospective_external_stress_marker; includes 2020-03; after Q2 invoice window; not Q2 training input or ex_ante validation,True
E389,***清洁服务有限公司,leasing_business_services,high_specific_rule,1.0,1.0,0.4730465972,historical invoice behavior relative default tendency; 302 firms have no observed default labels,-9.4,https://www.stats.gov.cn/sj/zxfb/202302/t20230203_1900688.html,9.4,0.23500000000000001,1.0,0.4730465972,1.029375,0.48694234099274997,1.05875,0.5008380847855,1.088125,0.51473382857825,0.51473382857825,0,0,1,not_applicable,https://www.stats.gov.cn/sj/zxfb/202302/t20230203_1900688.html,2020-04-18,2020Q1,GB/T4754-2017,official_primary_preliminary,retrospective_external_stress_marker; includes 2020-03; after Q2 invoice window; not Q2 training input or ex_ante validation,True
E390,***建筑工程有限公司,construction,high_specific_rule,1.0,1.0,0.5828931716,historical invoice behavior relative default tendency; 302 firms have no observed default labels,-17.5,https://www.stats.gov.cn/sj/zxfb/202302/t20230203_1900688.html,17.5,0.4375,1.0,0.5828931716,1.0546875,0.614770141921875,1.109375,0.6466471122437499,1.1640625,0.678524082565625,0.678524082565625,0,0,1,not_applicable,https://www.stats.gov.cn/sj/zxfb/202302/t20230203_1900688.html,2020-04-18,2020Q1,GB/T4754-2017,official_primary_preliminary,retrospective_external_stress_marker; includes 2020-03; after Q2 invoice window; not Q2 training input or ex_ante validation,True
E391,***五金店,wholesale_retail,high_specific_rule,1.0,1.0,0.1448750785,historical invoice behavior relative default tendency; 302 firms have no observed default labels,-17.8,https://www.stats.gov.cn/sj/zxfb/202302/t20230203_1900688.html,17.8,0.445,1.0,0.1448750785,1.055625,0.1529337547415625,1.11125,0.16099243098312502,1.166875,0.16905110722468752,0.16905110722468752,0,0,1,not_applicable,https://www.stats.gov.cn/sj/zxfb/202302/t20230203_1900688.html,2020-04-18,2020Q1,GB/T4754-2017,official_primary_preliminary,retrospective_external_stress_marker; includes 2020-03; after Q2 invoice window; not Q2 training input or ex_ante validation,True
E392,***科技有限公司,unknown,low_specific_or_unmatched_unknown,0.0,0.0,0.2586628925,historical invoice behavior relative default tendency; 302 firms have no observed default labels,,https://www.stats.gov.cn/sj/zxfb/202302/t20230203_1900688.html,35.3,0.8825,1.0,0.2586628925,1.1103125,0.2871966428289063,1.220625,0.31573039315781254,1.25,0.32332861562500004,0.32332861562500004,1,1,1,max_known_S,https://www.stats.gov.cn/sj/zxfb/202302/t20230203_1900688.html,2020-04-18,2020Q1,GB/T4754-2017,derived_policy_max_known_S,retrospective_external_stress_marker; includes 2020-03; after Q2 invoice window; not Q2 training input or ex_ante validation,True
E393,***商贸有限责任公司,wholesale_retail,high_specific_rule,1.0,1.0,0.150808229,historical invoice behavior relative default tendency; 302 firms have no observed default labels,-17.8,https://www.stats.gov.cn/sj/zxfb/202302/t20230203_1900688.html,17.8,0.445,1.0,0.150808229,1.055625,0.159196936738125,1.11125,0.16758564447625,1.166875,0.175974352214375,0.175974352214375,0,0,1,not_applicable,https://www.stats.gov.cn/sj/zxfb/202302/t20230203_1900688.html,2020-04-18,2020Q1,GB/T4754-2017,official_primary_preliminary,retrospective_external_stress_marker; includes 2020-03; after Q2 invoice window; not Q2 training input or ex_ante validation,True
E394,***环保设计研究院（有限合伙）,unknown,low_specific_or_unmatched_unknown,0.0,0.0,0.5030424038,historical invoice behavior relative default tendency; 302 firms have no observed default labels,,https://www.stats.gov.cn/sj/zxfb/202302/t20230203_1900688.html,35.3,0.8825,1.0,0.5030424038,1.1103125,0.5585342689691875,1.220625,0.614026134138375,1.25,0.62880300475,0.62880300475,1,1,1,max_known_S,https://www.stats.gov.cn/sj/zxfb/202302/t20230203_1900688.html,2020-04-18,2020Q1,GB/T4754-2017,derived_policy_max_known_S,retrospective_external_stress_marker; includes 2020-03; after Q2 invoice window; not Q2 training input or ex_ante validation,True
E395,***网络科技有限公司,information_software_it,high_specific_rule,1.0,1.0,0.320971453,historical invoice behavior relative default tendency; 302 firms have no observed default labels,13.2,https://www.stats.gov.cn/sj/zxfb/202302/t20230203_1900688.html,0.0,0.0,1.0,0.320971453,1.0,0.320971453,1.0,0.320971453,1.0,0.320971453,0.320971453,0,0,1,not_applicable,https://www.stats.gov.cn/sj/zxfb/202302/t20230203_1900688.html,2020-04-18,2020Q1,GB/T4754-2017,official_primary_preliminary,retrospective_external_stress_marker; includes 2020-03; after Q2 invoice window; not Q2 training input or ex_ante validation,True
E396,***文化传播有限公司,other_services,high_specific_rule,1.0,1.0,0.4926184178,historical invoice behavior relative default tendency; 302 firms have no observed default labels,-1.8,https://www.stats.gov.cn/sj/zxfb/202302/t20230203_1900688.html,1.8,0.045,1.0,0.4926184178,1.005625,0.49538939640012497,1.01125,0.49816037500024996,1.016875,0.500931353600375,0.500931353600375,0,0,0,not_applicable,https://www.stats.gov.cn/sj/zxfb/202302/t20230203_1900688.html,2020-04-18,2020Q1,GB/T4754-2017,official_primary_preliminary,retrospective_external_stress_marker; includes 2020-03; after Q2 invoice window; not Q2 training input or ex_ante validation,True
E397,***大闸蟹经营部,unknown,ambiguous_unknown,0.0,0.0,0.4160276284,historical invoice behavior relative default tendency; 302 firms have no observed default labels,,https://www.stats.gov.cn/sj/zxfb/202302/t20230203_1900688.html,35.3,0.8825,1.0,0.4160276284,1.1103125,0.461920676157875,1.220625,0.5078137239157501,1.25,0.5200345355,0.5200345355,1,1,1,max_known_S,https://www.stats.gov.cn/sj/zxfb/202302/t20230203_1900688.html,2020-04-18,2020Q1,GB/T4754-2017,derived_policy_max_known_S,retrospective_external_stress_marker; includes 2020-03; after Q2 invoice window; not Q2 training input or ex_ante validation,True
E398,***医疗管理咨询有限公司,leasing_business_services,high_specific_rule,1.0,1.0,0.5216074509,historical invoice behavior relative default tendency; 302 firms have no observed default labels,-9.4,https://www.stats.gov.cn/sj/zxfb/202302/t20230203_1900688.html,9.4,0.23500000000000001,1.0,0.5216074509,1.029375,0.5369296697701875,1.05875,0.5522518886403751,1.088125,0.5675741075105626,0.5675741075105626,0,0,1,not_applicable,https://www.stats.gov.cn/sj/zxfb/202302/t20230203_1900688.html,2020-04-18,2020Q1,GB/T4754-2017,official_primary_preliminary,retrospective_external_stress_marker; includes 2020-03; after Q2 invoice window; not Q2 training input or ex_ante validation,True
E399,***装饰工程有限公司,construction,high_specific_rule,1.0,1.0,0.5323221386,historical invoice behavior relative default tendency; 302 firms have no observed default labels,-17.5,https://www.stats.gov.cn/sj/zxfb/202302/t20230203_1900688.html,17.5,0.4375,1.0,0.5323221386,1.0546875,0.5614335055546875,1.109375,0.590544872509375,1.1640625,0.6196562394640625,0.6196562394640625,0,0,1,not_applicable,https://www.stats.gov.cn/sj/zxfb/202302/t20230203_1900688.html,2020-04-18,2020Q1,GB/T4754-2017,official_primary_preliminary,retrospective_external_stress_marker; includes 2020-03; after Q2 invoice window; not Q2 training input or ex_ante validation,True
E400,***办公用品经营部,wholesale_retail,high_specific_rule,1.0,1.0,0.2455641334,historical invoice behavior relative default tendency; 302 firms have no observed default labels,-17.8,https://www.stats.gov.cn/sj/zxfb/202302/t20230203_1900688.html,17.8,0.445,1.0,0.2455641334,1.055625,0.259223638320375,1.11125,0.27288314324075,1.166875,0.286542648161125,0.286542648161125,0,0,1,not_applicable,https://www.stats.gov.cn/sj/zxfb/202302/t20230203_1900688.html,2020-04-18,2020Q1,GB/T4754-2017,official_primary_preliminary,retrospective_external_stress_marker; includes 2020-03; after Q2 invoice window; not Q2 training input or ex_ante validation,True
E401,***遮阳技术发展中心,unknown,low_specific_or_unmatched_unknown,0.0,0.0,0.7449814988,historical invoice behavior relative default tendency; 302 firms have no observed default labels,,https://www.stats.gov.cn/sj/zxfb/202302/t20230203_1900688.html,35.3,0.8825,1.0,0.7449814988,1.1103125,0.827162270386375,1.220625,0.9093430419727501,1.25,0.9312268735,0.9312268735,1,1,0,max_known_S,https://www.stats.gov.cn/sj/zxfb/202302/t20230203_1900688.html,2020-04-18,2020Q1,GB/T4754-2017,derived_policy_max_known_S,retrospective_external_stress_marker; includes 2020-03; after Q2 invoice window; not Q2 training input or ex_ante validation,True
E402,***商贸有限公司,wholesale_retail,high_specific_rule,1.0,1.0,0.3767019362,historical invoice behavior relative default tendency; 302 firms have no observed default labels,-17.8,https://www.stats.gov.cn/sj/zxfb/202302/t20230203_1900688.html,17.8,0.445,1.0,0.3767019362,1.055625,0.397655981401125,1.11125,0.41861002660225,1.166875,0.43956407180337503,0.43956407180337503,0,0,1,not_applicable,https://www.stats.gov.cn/sj/zxfb/202302/t20230203_1900688.html,2020-04-18,2020Q1,GB/T4754-2017,official_primary_preliminary,retrospective_external_stress_marker; includes 2020-03; after Q2 invoice window; not Q2 training input or ex_ante validation,True
E403,***机械有限公司,unknown,low_specific_or_unmatched_unknown,0.0,0.0,0.2860351962,historical invoice behavior relative default tendency; 302 firms have no observed default labels,,https://www.stats.gov.cn/sj/zxfb/202302/t20230203_1900688.html,35.3,0.8825,1.0,0.2860351962,1.1103125,0.3175884537808125,1.220625,0.34914171136162503,1.25,0.35754399525,0.35754399525,1,1,1,max_known_S,https://www.stats.gov.cn/sj/zxfb/202302/t20230203_1900688.html,2020-04-18,2020Q1,GB/T4754-2017,derived_policy_max_known_S,retrospective_external_stress_marker; includes 2020-03; after Q2 invoice window; not Q2 training input or ex_ante validation,True
E404,个体经营E404,unknown,generic_unknown,0.0,0.0,0.7412520883,historical invoice behavior relative default tendency; 302 firms have no observed default labels,,https://www.stats.gov.cn/sj/zxfb/202302/t20230203_1900688.html,35.3,0.8825,1.0,0.7412520883,1.1103125,0.8230214592905938,1.220625,0.9047908302811876,1.25,0.926565110375,0.926565110375,1,1,1,max_known_S,https://www.stats.gov.cn/sj/zxfb/202302/t20230203_1900688.html,2020-04-18,2020Q1,GB/T4754-2017,derived_policy_max_known_S,retrospective_external_stress_marker; includes 2020-03; after Q2 invoice window; not Q2 training input or ex_ante validation,True
E405,***职业技能服务有限公司,other_services,high_specific_rule,1.0,1.0,0.6412903625,historical invoice behavior relative default tendency; 302 firms have no observed default labels,-1.8,https://www.stats.gov.cn/sj/zxfb/202302/t20230203_1900688.html,1.8,0.045,1.0,0.6412903625,1.005625,0.6448976207890625,1.01125,0.648504879078125,1.016875,0.6521121373671875,0.6521121373671875,0,0,1,not_applicable,https://www.stats.gov.cn/sj/zxfb/202302/t20230203_1900688.html,2020-04-18,2020Q1,GB/T4754-2017,official_primary_preliminary,retrospective_external_stress_marker; includes 2020-03; after Q2 invoice window; not Q2 training input or ex_ante validation,True
E406,***招投标代理有限公司,leasing_business_services,high_specific_rule,1.0,1.0,0.5213655072,historical invoice behavior relative default tendency; 302 firms have no observed default labels,-9.4,https://www.stats.gov.cn/sj/zxfb/202302/t20230203_1900688.html,9.4,0.23500000000000001,1.0,0.5213655072,1.029375,0.5366806189739999,1.05875,0.551995730748,1.088125,0.5673108425219999,0.5673108425219999,0,0,1,not_applicable,https://www.stats.gov.cn/sj/zxfb/202302/t20230203_1900688.html,2020-04-18,2020Q1,GB/T4754-2017,official_primary_preliminary,retrospective_external_stress_marker; includes 2020-03; after Q2 invoice window; not Q2 training input or ex_ante validation,True
E407,***装饰工程有限公司,construction,high_specific_rule,1.0,1.0,0.3602830575,historical invoice behavior relative default tendency; 302 firms have no observed default labels,-17.5,https://www.stats.gov.cn/sj/zxfb/202302/t20230203_1900688.html,17.5,0.4375,1.0,0.3602830575,1.0546875,0.3799860372070313,1.109375,0.3996890169140625,1.1640625,0.4193919966210938,0.4193919966210938,0,0,1,not_applicable,https://www.stats.gov.cn/sj/zxfb/202302/t20230203_1900688.html,2020-04-18,2020Q1,GB/T4754-2017,official_primary_preliminary,retrospective_external_stress_marker; includes 2020-03; after Q2 invoice window; not Q2 training input or ex_ante validation,True
E408,***空调制冷有限责任公司,unknown,low_specific_or_unmatched_unknown,0.0,0.0,0.4055329222,historical invoice behavior relative default tendency; 302 firms have no observed default labels,,https://www.stats.gov.cn/sj/zxfb/202302/t20230203_1900688.html,35.3,0.8825,1.0,0.4055329222,1.1103125,0.4502682726801875,1.220625,0.495003623160375,1.25,0.50691615275,0.50691615275,1,1,1,max_known_S,https://www.stats.gov.cn/sj/zxfb/202302/t20230203_1900688.html,2020-04-18,2020Q1,GB/T4754-2017,derived_policy_max_known_S,retrospective_external_stress_marker; includes 2020-03; after Q2 invoice window; not Q2 training input or ex_ante validation,True
E409,***塑胶有限公司,unknown,low_specific_or_unmatched_unknown,0.0,0.0,0.4283230313,historical invoice behavior relative default tendency; 302 firms have no observed default labels,,https://www.stats.gov.cn/sj/zxfb/202302/t20230203_1900688.html,35.3,0.8825,1.0,0.4283230313,1.1103125,0.47557241569028125,1.220625,0.5228218000805626,1.25,0.535403789125,0.535403789125,1,1,1,max_known_S,https://www.stats.gov.cn/sj/zxfb/202302/t20230203_1900688.html,2020-04-18,2020Q1,GB/T4754-2017,derived_policy_max_known_S,retrospective_external_stress_marker; includes 2020-03; after Q2 invoice window; not Q2 training input or ex_ante validation,True
E410,***网络科技有限公司,information_software_it,high_specific_rule,1.0,1.0,0.3099265539,historical invoice behavior relative default tendency; 302 firms have no observed default labels,13.2,https://www.stats.gov.cn/sj/zxfb/202302/t20230203_1900688.html,0.0,0.0,1.0,0.3099265539,1.0,0.3099265539,1.0,0.3099265539,1.0,0.3099265539,0.3099265539,0,0,1,not_applicable,https://www.stats.gov.cn/sj/zxfb/202302/t20230203_1900688.html,2020-04-18,2020Q1,GB/T4754-2017,official_primary_preliminary,retrospective_external_stress_marker; includes 2020-03; after Q2 invoice window; not Q2 training input or ex_ante validation,True
E411,***机电设备有限公司,unknown,low_specific_or_unmatched_unknown,0.0,0.0,0.4592589483,historical invoice behavior relative default tendency; 302 firms have no observed default labels,,https://www.stats.gov.cn/sj/zxfb/202302/t20230203_1900688.html,35.3,0.8825,1.0,0.4592589483,1.1103125,0.5099209510343438,1.220625,0.5605829537686876,1.25,0.574073685375,0.574073685375,1,1,1,max_known_S,https://www.stats.gov.cn/sj/zxfb/202302/t20230203_1900688.html,2020-04-18,2020Q1,GB/T4754-2017,derived_policy_max_known_S,retrospective_external_stress_marker; includes 2020-03; after Q2 invoice window; not Q2 training input or ex_ante validation,True
E412,***汽车贸易有限公司,wholesale_retail,high_specific_rule,1.0,1.0,0.3308102786,historical invoice behavior relative default tendency; 302 firms have no observed default labels,-17.8,https://www.stats.gov.cn/sj/zxfb/202302/t20230203_1900688.html,17.8,0.445,1.0,0.3308102786,1.055625,0.349211600347125,1.11125,0.36761292209425,1.166875,0.38601424384137506,0.38601424384137506,0,0,1,not_applicable,https://www.stats.gov.cn/sj/zxfb/202302/t20230203_1900688.html,2020-04-18,2020Q1,GB/T4754-2017,official_primary_preliminary,retrospective_external_stress_marker; includes 2020-03; after Q2 invoice window; not Q2 training input or ex_ante validation,True
E413,***石材工艺品有限公司,unknown,low_specific_or_unmatched_unknown,0.0,0.0,0.6861537667,historical invoice behavior relative default tendency; 302 firms have no observed default labels,,https://www.stats.gov.cn/sj/zxfb/202302/t20230203_1900688.html,35.3,0.8825,1.0,0.6861537667,1.1103125,0.7618451040890937,1.220625,0.8375364414781875,1.25,0.8576922083749999,0.8576922083749999,1,1,1,max_known_S,https://www.stats.gov.cn/sj/zxfb/202302/t20230203_1900688.html,2020-04-18,2020Q1,GB/T4754-2017,derived_policy_max_known_S,retrospective_external_stress_marker; includes 2020-03; after Q2 invoice window; not Q2 training input or ex_ante validation,True
E414,***物流有限责任公司***分公司,transport_storage_post,high_specific_rule,1.0,1.0,0.6543010827,historical invoice behavior relative default tendency; 302 firms have no observed default labels,-14.0,https://www.stats.gov.cn/sj/zxfb/202302/t20230203_1900688.html,14.0,0.35,1.0,0.6543010827,1.04375,0.682926755068125,1.0875,0.7115524274362499,1.13125,0.740178099804375,0.740178099804375,0,0,1,not_applicable,https://www.stats.gov.cn/sj/zxfb/202302/t20230203_1900688.html,2020-04-18,2020Q1,GB/T4754-2017,official_primary_preliminary,retrospective_external_stress_marker; includes 2020-03; after Q2 invoice window; not Q2 training input or ex_ante validation,True
E415,***广告设计服务部,unknown,ambiguous_unknown,0.0,0.0,0.3241322296,historical invoice behavior relative default tendency; 302 firms have no observed default labels,,https://www.stats.gov.cn/sj/zxfb/202302/t20230203_1900688.html,35.3,0.8825,1.0,0.3241322296,1.1103125,0.35988806617775,1.220625,0.3956439027555,1.25,0.405165287,0.405165287,1,1,1,max_known_S,https://www.stats.gov.cn/sj/zxfb/202302/t20230203_1900688.html,2020-04-18,2020Q1,GB/T4754-2017,derived_policy_max_known_S,retrospective_external_stress_marker; includes 2020-03; after Q2 invoice window; not Q2 training input or ex_ante validation,True
E416,***科技有限公司,unknown,low_specific_or_unmatched_unknown,0.0,0.0,0.5315217161,historical invoice behavior relative default tendency; 302 firms have no observed default labels,,https://www.stats.gov.cn/sj/zxfb/202302/t20230203_1900688.html,35.3,0.8825,1.0,0.5315217161,1.1103125,0.5901552054072813,1.220625,0.6487886947145626,1.25,0.664402145125,0.664402145125,1,1,1,max_known_S,https://www.stats.gov.cn/sj/zxfb/202302/t20230203_1900688.html,2020-04-18,2020Q1,GB/T4754-2017,derived_policy_max_known_S,retrospective_external_stress_marker; includes 2020-03; after Q2 invoice window; not Q2 training input or ex_ante validation,True
E417,***园林景观工程有限公司,construction,high_specific_rule,1.0,1.0,0.766386449,historical invoice behavior relative default tendency; 302 firms have no observed default labels,-17.5,https://www.stats.gov.cn/sj/zxfb/202302/t20230203_1900688.html,17.5,0.4375,1.0,0.766386449,1.0546875,0.8082982079296874,1.109375,0.850209966859375,1.1640625,0.8921217257890625,0.8921217257890625,0,0,1,not_applicable,https://www.stats.gov.cn/sj/zxfb/202302/t20230203_1900688.html,2020-04-18,2020Q1,GB/T4754-2017,official_primary_preliminary,retrospective_external_stress_marker; includes 2020-03; after Q2 invoice window; not Q2 training input or ex_ante validation,True
E418,***营销策划有限公司,leasing_business_services,high_specific_rule,1.0,1.0,0.644426809,historical invoice behavior relative default tendency; 302 firms have no observed default labels,-9.4,https://www.stats.gov.cn/sj/zxfb/202302/t20230203_1900688.html,9.4,0.23500000000000001,1.0,0.644426809,1.029375,0.663356846514375,1.05875,0.6822868840287502,1.088125,0.7012169215431251,0.7012169215431251,0,0,1,not_applicable,https://www.stats.gov.cn/sj/zxfb/202302/t20230203_1900688.html,2020-04-18,2020Q1,GB/T4754-2017,official_primary_preliminary,retrospective_external_stress_marker; includes 2020-03; after Q2 invoice window; not Q2 training input or ex_ante validation,True
E419,***科技有限公司,unknown,low_specific_or_unmatched_unknown,0.0,0.0,0.8574557977,historical invoice behavior relative default tendency; 302 firms have no observed default labels,,https://www.stats.gov.cn/sj/zxfb/202302/t20230203_1900688.html,35.3,0.8825,1.0,0.8574557977,1.1103125,0.9520438903837813,1.220625,0.999999,1.25,0.999999,0.999999,1,1,1,max_known_S,https://www.stats.gov.cn/sj/zxfb/202302/t20230203_1900688.html,2020-04-18,2020Q1,GB/T4754-2017,derived_policy_max_known_S,retrospective_external_stress_marker; includes 2020-03; after Q2 invoice window; not Q2 training input or ex_ante validation,True
E420,***康药房,wholesale_retail,high_specific_rule,1.0,1.0,0.609311506,historical invoice behavior relative default tendency; 302 firms have no observed default labels,-17.8,https://www.stats.gov.cn/sj/zxfb/202302/t20230203_1900688.html,17.8,0.445,1.0,0.609311506,1.055625,0.64320445852125,1.11125,0.6770974110425,1.166875,0.71099036356375,0.71099036356375,0,0,1,not_applicable,https://www.stats.gov.cn/sj/zxfb/202302/t20230203_1900688.html,2020-04-18,2020Q1,GB/T4754-2017,official_primary_preliminary,retrospective_external_stress_marker; includes 2020-03; after Q2 invoice window; not Q2 training input or ex_ante validation,True
E421,***保温材料有限公司,unknown,low_specific_or_unmatched_unknown,0.0,0.0,0.6328973235,historical invoice behavior relative default tendency; 302 firms have no observed default labels,,https://www.stats.gov.cn/sj/zxfb/202302/t20230203_1900688.html,35.3,0.8825,1.0,0.6328973235,1.1103125,0.7027138094985939,1.220625,0.7725302954971877,1.25,0.791121654375,0.791121654375,1,1,1,max_known_S,https://www.stats.gov.cn/sj/zxfb/202302/t20230203_1900688.html,2020-04-18,2020Q1,GB/T4754-2017,derived_policy_max_known_S,retrospective_external_stress_marker; includes 2020-03; after Q2 invoice window; not Q2 training input or ex_ante validation,True
E422,***童装店,wholesale_retail,high_specific_rule,1.0,1.0,0.6685957767,historical invoice behavior relative default tendency; 302 firms have no observed default labels,-17.8,https://www.stats.gov.cn/sj/zxfb/202302/t20230203_1900688.html,17.8,0.445,1.0,0.6685957767,1.055625,0.7057864167789376,1.11125,0.7429770568578751,1.166875,0.7801676969368126,0.7801676969368126,0,0,1,not_applicable,https://www.stats.gov.cn/sj/zxfb/202302/t20230203_1900688.html,2020-04-18,2020Q1,GB/T4754-2017,official_primary_preliminary,retrospective_external_stress_marker; includes 2020-03; after Q2 invoice window; not Q2 training input or ex_ante validation,True
E423,***通风设备有限公司,unknown,low_specific_or_unmatched_unknown,0.0,0.0,0.7368590801,historical invoice behavior relative default tendency; 302 firms have no observed default labels,,https://www.stats.gov.cn/sj/zxfb/202302/t20230203_1900688.html,35.3,0.8825,1.0,0.7368590801,1.1103125,0.8181438473735313,1.220625,0.8994286146470626,1.25,0.921073850125,0.921073850125,1,1,1,max_known_S,https://www.stats.gov.cn/sj/zxfb/202302/t20230203_1900688.html,2020-04-18,2020Q1,GB/T4754-2017,derived_policy_max_known_S,retrospective_external_stress_marker; includes 2020-03; after Q2 invoice window; not Q2 training input or ex_ante validation,True
E424,***贸易有限公司,wholesale_retail,high_specific_rule,1.0,1.0,0.8644189454,historical invoice behavior relative default tendency; 302 firms have no observed default labels,-17.8,https://www.stats.gov.cn/sj/zxfb/202302/t20230203_1900688.html,17.8,0.445,1.0,0.8644189454,1.055625,0.912502249237875,1.11125,0.96058555307575,1.166875,0.999999,0.999999,0,0,1,not_applicable,https://www.stats.gov.cn/sj/zxfb/202302/t20230203_1900688.html,2020-04-18,2020Q1,GB/T4754-2017,official_primary_preliminary,retrospective_external_stress_marker; includes 2020-03; after Q2 invoice window; not Q2 training input or ex_ante validation,True
E425,***商贸有限公司,wholesale_retail,high_specific_rule,1.0,1.0,0.8657513532,historical invoice behavior relative default tendency; 302 firms have no observed default labels,-17.8,https://www.stats.gov.cn/sj/zxfb/202302/t20230203_1900688.html,17.8,0.445,1.0,0.8657513532,1.055625,0.91390877222175,1.11125,0.9620661912435,1.166875,0.999999,0.999999,0,0,1,not_applicable,https://www.stats.gov.cn/sj/zxfb/202302/t20230203_1900688.html,2020-04-18,2020Q1,GB/T4754-2017,official_primary_preliminary,retrospective_external_stress_marker; includes 2020-03; after Q2 invoice window; not Q2 training input or ex_ante validation,True
