firm,in_lines,in_unique_invoices,in_active_days,in_total_net,in_total_abs,in_mean_abs,in_median_abs,in_negative_lines,in_zero_lines,in_valid_lines,in_valid_total_net,in_valid_total_abs,in_valid_mean_abs,in_valid_median_abs,in_valid_negative_lines,in_valid_zero_lines,in_valid_active_months,in_valid_counterparties,in_void_lines,in_duplicate_lines,in_void_rate,in_duplicate_rate,in_negative_rate,in_zero_rate,in_valid_negative_rate,in_valid_zero_rate,in_valid_rate,in_date_span_days,in_monthly_abs_mean,in_monthly_abs_std,in_monthly_net_std,in_monthly_count,in_monthly_abs_cv,in_monthly_abs_trend,in_recent_to_initial_abs,in_top_counterparty_share,in_counterparty_hhi,out_lines,out_unique_invoices,out_active_days,out_total_net,out_total_abs,out_mean_abs,out_median_abs,out_negative_lines,out_zero_lines,out_valid_lines,out_valid_total_net,out_valid_total_abs,out_valid_mean_abs,out_valid_median_abs,out_valid_negative_lines,out_valid_zero_lines,out_valid_active_months,out_valid_counterparties,out_void_lines,out_duplicate_lines,out_void_rate,out_duplicate_rate,out_negative_rate,out_zero_rate,out_valid_negative_rate,out_valid_zero_rate,out_valid_rate,out_date_span_days,out_monthly_abs_mean,out_monthly_abs_std,out_monthly_net_std,out_monthly_count,out_monthly_abs_cv,out_monthly_abs_trend,out_recent_to_initial_abs,out_top_counterparty_share,out_counterparty_hhi,cross_out_to_in_abs,cross_out_to_in_count,cross_out_minus_in_net,cross_out_minus_in_void_rate,cross_out_minus_in_negative_rate
E1,3441,3441,753,6892693842.0,8040849454.1,2336776.941034583,1519.0,71,0,3249,6637942028.29,7786097640.39,2396459.723111727,1000.0,71,0,32,436,192,0,0.05579773321708806,0.0,0.02063353676256902,0.0,0.02185287780855648,0.0,0.944202266782912,941,243315551.2621875,123649807.51321632,103864139.81758001,32,0.5081870306759637,-0.020489824007360814,0.44016623051892817,0.9955206743736322,0.9910738843568303,8110,8110,321,4798811944.64,5099358026.16,628774.1092675709,643950.87,229,0,7886,4698633440.6,4999150122.12,633927.2282678164,654134.0,228,0,30,352,224,0,0.027620221948212082,0.0,0.028236744759556103,0.0,0.028911995942176007,0.0,0.9723797780517879,900,166638337.40399998,74959951.77552499,74126445.49236299,30,0.44983617181555996,-0.01727279199324871,0.5026826110273827,0.1823356465325447,0.07250266818859435,0.6420610622948206,2.4272083718067097,-1939308587.6899996,-0.028177511268875976,0.007059118133619528
E10,4097,4097,856,6478610.55,6831920.27,1667.5421698804003,393.0,34,0,3860,5417961.64,5771271.36,1495.1480207253887,380.0,34,0,35,881,237,0,0.05784720527215036,0.0,0.008298755186721992,0.0,0.008808290155440414,0.0,0.9421527947278496,1058,164893.46742857143,108752.6805019154,103342.984761317,35,0.6595329833125433,0.042782973729447386,9.196809153713298,0.07976257418608021,0.018854265468786713,568,568,195,380698550.89,382843308.97,674019.9101584507,827203.91,2,2,516,351461531.5,353606289.58,685283.5069379845,881816.4550000001,2,0,35,26,52,0,0.09154929577464789,0.0,0.0035211267605633804,0.0035211267605633804,0.003875968992248062,0.0,0.9084507042253521,1116,10103036.845142856,18159269.327205796,18176986.00493514,35,1.7974070178647383,-0.029451614920609482,0.12214404294232817,0.18974805527269945,0.10774589471101241,61.27008548424934,0.13367875647668392,346043569.86,0.033702090502497534,-0.004932321163192352
E100,58,58,54,23323.02,23323.02,402.1210344827586,217.5,0,0,58,23323.02,23323.02,402.1210344827586,217.5,0,0,27,21,0,0,0.0,0.0,0.0,0.0,0.0,0.0,1.0,986,863.8155555555555,1180.3350424262965,1180.3350424262965,27,1.3664202211167338,0.04793587368442599,1.8823529411764708,0.2389055962735529,0.12134763507256721,99,99,60,711489.21,968353.41,9781.347575757576,8160.0,15,0,98,691489.21,948353.41,9677.075612244898,7670.014999999999,15,0,29,13,1,0,0.010101010101010102,0.0,0.15151515151515152,0.0,0.15306122448979592,0.0,0.98989898989899,1110,32701.841724137932,60710.26120745175,44956.055028011564,29,1.8564783512679106,-0.032631796892197404,0.5599136281637784,0.25285169797617957,0.17043580339290926,40.661690038425554,1.6896551724137931,668166.19,0.010101010101010102,0.15306122448979592
E101,16,16,15,53158.0,53158.0,3322.375,244.5,0,0,16,53158.0,53158.0,3322.375,244.5,0,0,12,6,0,0,0.0,0.0,0.0,0.0,0.0,0.0,1.0,452,4429.833333333333,11835.933291413394,11835.933291413394,12,2.6718687591136,-0.12888928295828467,1.5059171597633134,0.7612212649083864,0.6109382119490051,63,63,5,725965.41,725965.41,11523.260476190477,11331.32,0,0,32,392378.0,392378.0,12261.8125,11074.0,0,0,4,2,31,0,0.49206349206349204,0.0,0.0,0.0,0.0,0.0,0.5079365079365079,370,98094.5,63015.75615404981,63015.75615404981,4,0.6423984642773022,-0.4842085947734074,0.5990636438441677,0.7451437134599799,0.6201908804978975,7.3813537002897025,2.0,339220.0,0.49206349206349204,0.0
E102,730,730,401,3708883.84,3753050.72,5141.165369863014,1028.0,7,0,710,3658317.08,3702483.96,5214.76614084507,1012.0,7,0,38,70,20,0,0.0273972602739726,0.0,0.009589041095890411,0.0,0.009859154929577466,0.0,0.9726027397260274,1141,97433.78842105262,40738.81626630106,39819.62303969049,38,0.4181179540125382,-0.0033851324691326103,0.9799428876128369,0.30715414902162064,0.1581436596137278,177,177,46,465011.01,527908.21,2982.5322598870052,974.2,3,20,151,438885.1,501782.3,3323.0615894039734,1107.7,3,0,22,100,26,0,0.14689265536723164,0.0,0.01694915254237288,0.11299435028248588,0.019867549668874173,0.0,0.8531073446327684,1139,22808.28636363636,20785.843888924923,18775.146952671537,22,0.9113286091525117,-0.05328414284751135,0.3283475923486932,0.5451950776262933,0.31606172060998833,0.1355258538378651,0.21267605633802816,-3219431.98,0.11949539509325904,0.010008394739296708
E103,172,172,127,769561.21,769561.21,4474.193081395349,300.0,0,0,169,738265.61,738265.61,4368.4355621301775,300.0,0,0,28,65,3,0,0.01744186046511628,0.0,0.0,0.0,0.0,0.0,0.9825581395348837,920,26366.628928571427,57890.39984985756,57890.39984985756,28,2.1955935287247255,0.09906269786172762,18.014128228560434,0.2760950764048186,0.11906687244407928,64,64,32,2085269.74,2114020.04,33031.563125,17420.035,2,0,54,1822451.77,1851202.07,34281.51981481482,16221.185,2,0,16,19,10,0,0.15625,0.0,0.03125,0.0,0.037037037037037035,0.0,0.84375,672,115700.129375,236695.09252520153,237501.30132069805,16,2.045763421387717,0.1072881357888842,2.230562564102564,0.4477882903404489,0.2672570027351948,2.5075014262143407,0.31952662721893493,1084186.1600000001,0.13880813953488372,0.037037037037037035
E104,1,1,1,280.0,280.0,280.0,280.0,0,0,1,280.0,280.0,280.0,280.0,0,0,1,1,0,0,0.0,0.0,0.0,0.0,0.0,0.0,1.0,0,280.0,0.0,0.0,1,0.0,0.0,0.0,1.0,1.0,21,21,13,290530.0,410930.0,19568.095238095237,10000.0,1,0,19,270530.0,390930.0,20575.263157894737,10000.0,1,0,10,10,2,0,0.09523809523809523,0.0,0.047619047619047616,0.0,0.05263157894736842,0.0,0.9047619047619048,431,39093.0,34349.11677661208,21308.77443162271,10,0.8786513385161557,0.16070613277274312,2.930572472594397,0.4619752896938071,0.27192333024164617,1396.1785714285713,19.0,270250.0,0.09523809523809523,0.05263157894736842
E105,6,6,6,8480.0,8480.0,1413.3333333333333,600.0,0,0,6,8480.0,8480.0,1413.3333333333333,600.0,0,0,5,4,0,0,0.0,0.0,0.0,0.0,0.0,0.0,1.0,561,1696.0,1810.1049693318894,1810.1049693318894,5,1.0672788734268215,-0.5966981132075473,0.15263157894736842,0.7924528301886793,0.6423549305802777,122,122,30,962958.89,1017001.47,8336.07762295082,9838.1,4,0,121,952563.89,1006606.47,8319.06173553719,9826.2,4,0,23,101,1,0,0.00819672131147541,0.0,0.03278688524590164,0.0,0.03305785123966942,0.0,0.9918032786885246,886,43765.498695652175,31439.80441250612,30179.706958159564,23,0.7183696141826316,-0.05037754950326049,0.5316261388042987,0.12551926076930542,0.026427401031680797,118.70359316037735,20.166666666666668,944083.89,0.00819672131147541,0.03305785123966942
E106,36,36,31,61461.1,61461.1,1707.2527777777777,285.0,0,0,35,52461.1,52461.1,1498.8885714285714,280.0,0,0,18,19,1,0,0.027777777777777776,0.0,0.0,0.0,0.0,0.0,0.9722222222222222,910,2914.5055555555555,4996.05179581216,4996.05179581216,18,1.7142021864699535,-0.0618248804998388,0.24318840579710144,0.5114265617762495,0.32406440910348433,153,153,71,659197.86,704397.86,4603.907581699346,3600.0,4,0,138,603677.86,648877.86,4702.013478260869,3600.0,4,0,31,103,15,0,0.09803921568627451,0.0,0.026143790849673203,0.0,0.028985507246376812,0.0,0.9019607843137255,974,20931.54387096774,18984.02548889455,16781.75970381373,31,0.9069577287715304,0.03451274173540149,3.4649610678531704,0.2034281151155319,0.056625397487288676,12.36874293524154,3.942857142857143,551216.76,0.07026143790849673,0.028985507246376812
E107,9,9,9,110910.0,110910.0,12323.333333333334,280.0,0,0,9,110910.0,110910.0,12323.333333333334,280.0,0,0,7,7,0,0,0.0,0.0,0.0,0.0,0.0,0.0,1.0,865,15844.285714285714,26032.281169823782,26032.281169823782,7,1.643007557377752,-0.031780272292850076,1.10840108401084,0.8060409340907042,0.6822643917056007,54,54,14,939500.0,939500.0,17398.14814814815,10000.0,0,8,34,834000.0,834000.0,24529.41176470588,10000.0,0,0,10,3,20,0,0.37037037037037035,0.0,0.0,0.14814814814814814,0.0,0.0,0.6296296296296297,679,83400.0,181912.34152745106,181912.34152745106,10,2.181203135820756,0.30248528449967294,9.862068965517242,0.7194244604316546,0.5662750375239377,7.519610494995943,3.7777777777777777,723090.0,0.37037037037037035,0.0
E108,218,218,149,106222.95,107228.01,491.87160550458714,180.0,4,0,218,106222.95,107228.01,491.87160550458714,180.0,4,0,25,70,0,0,0.0,0.0,0.01834862385321101,0.0,0.01834862385321101,0.0,1.0,801,4289.1204,6309.266421520068,6322.398785151356,25,1.4709930785622312,-0.01615421409731684,4.524694014794889,0.18824372475065052,0.07437748359220704,33,33,5,197215.26,197217.26,5976.280606060606,6300.0,1,0,33,197215.26,197217.26,5976.280606060606,6300.0,1,0,4,19,0,0,0.0,0.0,0.030303030303030304,0.0,0.030303030303030304,0.0,1.0,447,49304.315,27203.263032405383,27203.514228194246,4,0.551742033783562,-0.21034114356927985,0.8944096994666698,0.4257348469398672,0.2200411657691996,1.8392326781034174,0.15137614678899083,90992.31000000001,0.0,0.011954406449819294
E109,10,10,10,3371.0,3371.0,337.1,290.0,0,0,10,3371.0,3371.0,337.1,290.0,0,0,7,7,0,0,0.0,0.0,0.0,0.0,0.0,0.0,1.0,606,481.57142857142856,383.89315229755323,383.89315229755323,7,0.7971676256549608,0.27454761198457434,3.002906976744186,0.25304064075941857,0.17926481485995555,33,33,20,683043.0,683043.0,20698.272727272728,8400.0,0,0,23,456807.0,456807.0,19861.17391304348,10780.0,0,0,12,17,10,0,0.30303030303030304,0.0,0.0,0.0,0.0,0.0,0.696969696969697,734,38067.25,48592.43594920173,48592.43594920173,12,1.2764892643729644,0.1958625209976437,13.313282525857376,0.2914578804615516,0.15349648763854146,135.51082764758232,2.3,453436.0,0.30303030303030304,0.0
E11,2836,2836,640,155449568.75,156426865.57,55157.568959802535,9999.5,24,0,2715,144211948.08,145189244.9,53476.701620626154,9352.0,24,0,31,466,121,0,0.04266572637517631,0.0,0.00846262341325811,0.0,0.008839779005524863,0.0,0.9573342736248237,986,4683524.029032258,4725012.47113643,4693042.779763441,31,1.008858381391233,0.08522157329661131,13114.030970220943,0.1751129970233766,0.0819723506802937,1117,1117,73,166981799.71,167181799.71,149670.3667949866,100000.0,1,40,1051,162547045.13,162747045.13,154849.709923882,100000.0,1,0,21,4,66,0,0.05908683974932856,0.0,0.0008952551477170994,0.03581020590868397,0.0009514747859181732,0.0,0.9409131602506714,775,7749859.291904761,5097478.119192729,5102664.51213398,21,0.6577510542052525,0.014668602686750024,1.2333569048398831,0.4695194485955949,0.39679429663471744,1.120930446618777,0.3871086556169429,18335097.049999982,0.016421113374152252,-0.00788830421960669
E110,3,3,3,1040.0,1040.0,346.6666666666667,280.0,0,0,3,1040.0,1040.0,346.6666666666667,280.0,0,0,3,1,0,0,0.0,0.0,0.0,0.0,0.0,0.0,1.0,734,346.6666666666667,115.47005383792515,115.47005383792515,3,0.3330866937632456,-0.2884615384615385,1.0,1.0,1.0,83,83,46,275405.2,275405.2,3318.134939759036,930.0,0,0,62,202827.51,202827.51,3271.4114516129034,855.0,0,0,21,34,21,0,0.25301204819277107,0.0,0.0,0.0,0.0,0.0,0.7469879518072289,775,9658.452857142858,10111.875662558426,10111.875662558426,21,1.0469456974240177,-0.053879975963992084,0.05783457592506869,0.2800434221176408,0.15441171196620407,195.02645192307693,20.666666666666668,201787.51,0.25301204819277107,0.0
E111,278,278,208,653296.62,1253296.6199999999,4508.261223021583,778.5,4,0,264,529274.01,1129274.01,4277.553068181818,742.0,4,0,30,95,14,0,0.050359712230215826,0.0,0.014388489208633094,0.0,0.015151515151515152,0.0,0.9496402877697842,1105,37642.467,91594.93672443125,42359.592396945045,30,2.433287295554546,0.005390804817230485,13.38279876526965,0.29006246234250976,0.1625895170320415,250,250,132,1667595.2,5842791.6,23371.1664,7494.0,28,26,204,879141.8,5054338.2,24776.167647058825,8990.0,28,0,30,9,46,0,0.184,0.0,0.112,0.104,0.13725490196078433,0.0,0.816,900,168477.94,408285.4018196835,66424.50640378782,30,2.423376032611056,-0.005550370405712051,0.2538367894452877,0.5539795496866434,0.36465431430562395,4.475741188801467,0.7727272727272727,349867.79000000004,0.13364028776978418,0.12210338680926917
E112,106,106,77,988653.89,1002953.89,9461.829150943397,6213.0,2,0,102,920245.89,934545.89,9162.214607843138,5906.1900000000005,2,0,26,25,4,0,0.03773584905660377,0.0,0.018867924528301886,0.0,0.0196078431372549,0.0,0.9622641509433962,863,35944.072692307695,34874.82406372524,34606.243784320024,26,0.9702524352836821,-0.03477420656381275,0.031067351092146152,0.5366750904013927,0.3103819959976823,22,22,12,1678316.19,1876927.25,85314.875,99305.53,1,0,16,1094803.0,1293414.06,80838.37875,92492.505,1,0,10,2,6,0,0.2727272727272727,0.0,0.045454545454545456,0.0,0.0625,0.0,0.7272727272727273,612,129341.406,107430.44218146168,67980.5474819187,10,0.8305959050844219,-0.10486019340538821,0.4495823527271449,0.9962092572273414,0.9924472539162199,1.3840027267146828,0.1568627450980392,174557.11,0.23499142367066894,0.0428921568627451
E113,104,104,72,1357988.73,1357988.73,13057.583942307692,546.1,0,0,102,1357580.73,1357580.73,13309.615,546.1,0,0,22,35,2,0,0.019230769230769232,0.0,0.0,0.0,0.0,0.0,0.9807692307692307,888,61708.215,194588.3830466043,194588.3830466043,22,3.1533626932265713,-0.025841540024059063,7.242691188737208,0.6681053877363153,0.4882788118407224,47,47,6,340700.0,340700.0,7248.936170212766,8750.0,0,0,31,329500.0,329500.0,10629.032258064517,11200.0,0,0,4,3,16,0,0.3404255319148936,0.0,0.0,0.0,0.0,0.0,0.6595744680851063,593,82375.0,65796.87809209999,65796.87809209999,4,0.7987481407235203,-0.577238239757208,0.5456081081081081,0.5948406676783005,0.4562783082842676,0.24271116458761166,0.30392156862745096,-1028080.73,0.3211947626841244,0.0
E114,76,76,56,700442.0,700442.0,9216.342105263158,1200.0,0,0,69,644317.0,644317.0,9337.927536231884,1000.0,0,0,27,20,7,0,0.09210526315789473,0.0,0.0,0.0,0.0,0.0,0.9078947368421053,949,23863.59259259259,38424.56374834609,38424.56374834609,27,1.6101751485764686,0.015891706571915236,2.2852964246029153,0.2923995486693662,0.1838579503529983,75,75,48,261461.64,270909.64,3612.1285333333335,3338.0,1,0,66,226217.64,235665.64,3570.6915151515154,2628.0,1,0,24,23,9,0,0.12,0.0,0.013333333333333334,0.0,0.015151515151515152,0.0,0.88,1096,9819.401666666667,8912.49609298953,8753.567479457086,24,0.9076414628443447,-0.04961031400249955,0.47419688026981444,0.16363861952892242,0.08047287640443872,0.36576039434005314,0.9565217391304348,-418099.36,0.027894736842105264,0.015151515151515152
E115,2,2,2,560.0,560.0,280.0,280.0,0,0,2,560.0,560.0,280.0,280.0,0,0,2,2,0,0,0.0,0.0,0.0,0.0,0.0,0.0,1.0,422,280.0,0.0,0.0,2,0.0,-1.3086304736965764e-16,1.0,0.5,0.5,6,6,5,108200.0,108200.0,18033.333333333332,14500.0,0,0,4,57200.0,57200.0,14300.0,11000.0,0,0,3,3,2,0,0.3333333333333333,0.0,0.0,0.0,0.0,0.0,0.6666666666666666,422,19066.666666666668,13827.990936261614,13827.990936261614,3,0.7252442798738609,0.047202797202797374,1.0,0.6118881118881119,0.4502176145532789,102.14285714285714,2.0,56640.0,0.3333333333333333,0.0
E116,10,10,10,2806.25,2806.25,280.625,242.0,0,0,10,2806.25,2806.25,280.625,242.0,0,0,7,8,0,0,0.0,0.0,0.0,0.0,0.0,0.0,1.0,579,400.89285714285717,171.74131814197438,171.74131814197438,7,0.42839705193543715,0.13414253897550113,1.5889296956977963,0.23839643652561246,0.15307137563801768,47,47,24,265055.32,265055.32,5639.474893617022,6000.0,0,0,43,238370.32,238370.32,5543.495813953488,5690.08,0,0,15,25,4,0,0.0851063829787234,0.0,0.0,0.0,0.0,0.0,0.9148936170212766,791,15891.354666666668,14752.728833598338,14752.728833598338,15,0.928349353661039,0.04402736225118727,1.1074651353568499,0.1600414011274558,0.08963906870255182,84.94265300668151,4.3,235564.07,0.0851063829787234,0.0
E117,4,4,4,7120.0,7120.0,1780.0,1495.0,0,0,4,7120.0,7120.0,1780.0,1495.0,0,0,4,3,0,0,0.0,0.0,0.0,0.0,0.0,0.0,1.0,502,1780.0,1474.15512526102,1474.15512526102,4,0.8281770366634944,0.10000000000000021,1.273921200750469,0.702247191011236,0.5585035033455372,44,44,14,718944.0,718944.0,16339.636363636364,10000.0,0,0,26,525168.0,525168.0,20198.76923076923,10000.0,0,0,10,1,18,0,0.4090909090909091,0.0,0.0,0.0,0.0,0.0,0.5909090909090909,356,52516.8,46799.59736958808,46799.59736958808,10,0.8911357388414389,-0.23580102274919937,0.22470703580932816,1.0,1.0,73.75955056179775,6.5,518048.0,0.4090909090909091,0.0
E118,29,29,25,169142.79,169142.79,5832.51,1032.0,0,0,27,67712.79,67712.79,2507.881111111111,1032.0,0,0,14,9,2,0,0.06896551724137931,0.0,0.0,0.0,0.0,0.0,0.9310344827586207,938,4836.627857142857,9280.29464023818,9280.29464023818,14,1.9187530887936317,-0.11751408355110565,0.3638593622240392,0.49687806395217216,0.35150815697631627,144,144,106,322775.2,323809.2,2248.675,480.5,1,0,136,280941.2,281975.2,2073.3470588235296,480.5,1,0,30,117,8,0,0.05555555555555555,0.0,0.006944444444444444,0.0,0.007352941176470588,0.0,0.9444444444444444,1038,9399.173333333334,13856.726159581736,13876.54809494393,30,1.4742494545174614,-0.046992019882145186,0.16896098202542745,0.24674155741355977,0.10417633788542649,4.164282700506065,5.037037037037037,213228.41000000003,-0.013409961685823757,0.007352941176470588
E119,315,315,149,249797.33,249875.33,793.2550158730159,504.44,1,0,314,249734.83,249812.83,795.5822611464968,505.095,1,0,31,17,1,0,0.0031746031746031746,0.0,0.0031746031746031746,0.0,0.0031847133757961785,0.0,0.9968253968253968,961,8058.478387096775,6357.986106988122,6353.632993361467,31,0.7889809715402998,0.031024620512885577,2.522926799045878,0.24419318255191297,0.16407953489760185,21,21,14,37242.0,37242.0,1773.4285714285713,2400.0,0,2,18,36742.0,36742.0,2041.2222222222222,2400.0,0,0,9,14,3,0,0.14285714285714285,0.0,0.0,0.09523809523809523,0.0,0.0,0.8571428571428571,807,4082.4444444444443,2618.345618473195,2618.345618473195,9,0.6413671157329148,0.08525121114800494,1.9361277445109781,0.19596102552936695,0.09667370592028429,0.14707811444272098,0.05732484076433121,-212992.83,0.13968253968253969,-0.0031847133757961785
E12,1796,1796,626,111222714.63,111755814.89,62224.84125278397,903.0,13,0,1757,95447012.7,95980112.96,54627.26975526465,900.0,13,0,36,395,39,0,0.021714922048997772,0.0,0.007238307349665924,0.0,0.007398975526465566,0.0,0.9782850779510023,1106,2666114.248888889,3302270.980167075,3308626.1881930926,36,1.2386082035093982,0.041195145626077775,31.42488358545457,0.30694214031898137,0.13302058471424932,285,285,30,263582992.51,265582992.51,931870.1491578947,1000000.0,1,0,263,243003020.51,245003020.51,931570.4201901141,1000000.0,1,0,16,5,22,0,0.07719298245614035,0.0,0.0035087719298245615,0.0,0.0038022813688212928,0.0,0.9228070175438596,730,15312688.781875,13001876.702331845,12824134.647523249,16,0.8490916838668877,-0.037595949452580525,0.5378443835034259,0.7238217130174597,0.5637175730025612,2.552643594117312,0.14968696642003415,147556007.81,0.05547806040714258,-0.003596694157644273
E120,36,36,31,30196.34,30196.34,838.7872222222222,200.0,0,0,35,19446.34,19446.34,555.6097142857143,200.0,0,0,12,16,1,0,0.027777777777777776,0.0,0.0,0.0,0.0,0.0,0.9722222222222222,635,1620.5283333333334,2979.441574797756,2979.441574797756,12,1.838561852645437,-0.2719827387152962,0.1164917517674784,0.5528032524372195,0.34269541391307157,29,29,8,196393.41999999998,196393.41999999998,6772.186896551723,0.0,0,20,9,196393.41999999998,196393.41999999998,21821.49111111111,12250.0,0,0,6,6,20,0,0.6896551724137931,0.0,0.0,0.6896551724137931,0.0,0.0,0.3103448275862069,739,32732.236666666664,32726.026934904072,32726.026934904072,6,0.9998102869710424,-0.06463550269948663,0.6680345461188785,0.3971619823108127,0.30542091856442954,10.099248496118035,0.2571428571428571,176947.08,0.6618773946360154,0.0
E121,50,50,44,1251119.88,1255919.88,25118.397599999997,2400.0,1,0,50,1251119.88,1255919.88,25118.397599999997,2400.0,1,0,24,11,0,0,0.0,0.0,0.02,0.0,0.02,0.0,1.0,939,52329.994999999995,23937.153471413792,24388.26894334954,24,0.45742701621534254,-0.05300108450147041,0.06909212448363967,0.982448530076616,0.9653322090172383,186,186,106,117792.76,117792.76,633.2944086021505,716.63,0,15,163,114287.55,114287.55,701.1506134969326,783.0,0,0,24,116,23,0,0.12365591397849462,0.0,0.0,0.08064516129032258,0.0,0.0,0.8763440860215054,698,4761.98125,3872.4023817233438,3872.4023817233438,24,0.813191438274425,0.010837508661647545,1.4812384432462382,0.17826561160861354,0.0435382041350571,0.09099907710673392,3.26,-1136832.3299999998,0.12365591397849462,-0.02
E122,48,48,45,54708.259999999995,65884.26,1372.58875,290.0,1,0,47,53746.259999999995,64922.259999999995,1381.3246808510637,280.0,1,0,19,22,1,0,0.020833333333333332,0.0,0.020833333333333332,0.0,0.02127659574468085,0.0,0.9791666666666666,929,3416.9610526315787,4707.771430062206,4277.241515568797,19,1.3777656103034908,0.04153676515060731,2.546308671439936,0.3989540721472112,0.2732453471513963,118,118,70,87489.06,91589.06,776.1784745762711,288.0,8,0,102,60740.6,64840.6,635.692156862745,288.0,8,0,26,69,16,0,0.13559322033898305,0.0,0.06779661016949153,0.0,0.0784313725490196,0.0,0.864406779661017,1001,2493.869230769231,2824.32267919078,2894.644430085007,26,1.1325063256502914,-0.08370929462233363,0.12106585056140619,0.1480553850519582,0.0695326837347435,0.9987421879644979,2.1702127659574466,6994.340000000004,0.11475988700564972,0.05715477680433875
E123,3,3,3,840.0,840.0,280.0,280.0,0,0,3,840.0,840.0,280.0,280.0,0,0,3,2,0,0,0.0,0.0,0.0,0.0,0.0,0.0,1.0,733,280.0,0.0,0.0,3,0.0,8.50560596178171e-17,1.0,0.6666666666666666,0.5555555555555556,65,65,20,267168.2,267168.2,4110.28,1875.0,0,26,33,227559.7,227559.7,6895.7484848484855,7549.5,0,0,14,5,32,0,0.49230769230769234,0.0,0.0,0.4,0.0,0.0,0.5076923076923077,1008,16254.264285714287,34782.346677735324,34782.346677735324,14,2.1398905583382932,0.012884896037932345,1.6875643187616207,0.5888845872094225,0.42341615401921556,270.9044047619048,11.0,226719.7,0.49230769230769234,0.0
E13,13469,13466,1069,110124167.96,110969387.76,8238.873543692926,500.0,40,0,13255,103628502.97,104471922.77,7881.699190494152,500.0,39,0,38,722,214,3,0.01588833617937486,0.0002227336847575915,0.0029697824634345536,0.0,0.0029422859298377972,0.0,0.9841116638206251,1144,2749261.1255263155,1088887.4976372905,1094517.365759162,38,0.39606550557427866,-0.011945516811030645,0.5414069812895955,0.29128583683671394,0.10040959768665896,8005,8005,1075,275452694.64,284386379.1,35526.09357901312,2702.33,74,670,6808,243978023.32,252910519.78,37149.01876909518,3200.0,73,0,38,3182,1197,0,0.1495315427857589,0.0,0.00924422236102436,0.08369768894440974,0.01072267920094007,0.0,0.8504684572142411,1146,6655539.994210526,6171633.074386366,6101612.053106191,38,0.9272926133348912,0.006250891929856471,2.352705174609057,0.19591366085958387,0.062087031569517705,2.4208467985871645,0.5136175028291211,140349520.35,0.13364320660638404,0.0077803932711022735
E14,7077,7076,992,138371076.37,143405661.01,20263.62314681362,2680.0,130,0,6527,125103670.24,130138254.88,19938.448732955414,2111.0,130,0,36,906,550,1,0.07771654655927653,0.00014130281192595732,0.018369365550374453,0.0,0.019917266738164546,0.0,0.9222834534407235,1073,3614951.524444444,3983601.883066676,3985716.243495087,36,1.1019793366880313,0.007678997351349916,1.021305819623118,0.22253256758901455,0.06288906393385504,3336,3336,639,264977386.65,270191823.99,80992.75299460432,25570.0,43,0,3097,241760597.37,246959854.71,79741.63858895705,25000.0,42,0,36,820,239,0,0.07164268585131894,0.0,0.01288968824940048,0.0,0.013561511139812722,0.0,0.9283573141486811,1073,6859995.964166667,2639673.709528423,2592621.5510877823,36,0.3847923123157526,0.00622737641918565,1.4706955580418544,0.037357691236228376,0.009677191370718383,1.8976730165754934,0.47449057760073543,116656927.13000001,-0.006073860707957582,-0.006355755598351824
E15,92,92,56,4803944.44,4803944.44,52216.78739130435,51180.0,0,0,92,4803944.44,4803944.44,52216.78739130435,51180.0,0,0,20,33,0,0,0.0,0.0,0.0,0.0,0.0,0.0,1.0,904,240197.22199999998,345369.67387337727,345369.67387337727,20,1.4378587354077612,0.11529195611990621,124.86653919694074,0.464201871577016,0.26438601319738475,2412,2412,97,234179413.01,234179413.01,97089.30887645108,100000.0,0,0,2260,219600852.16,219600852.16,97168.51865486725,100000.0,0,0,29,2,152,0,0.06301824212271974,0.0,0.0,0.0,0.0,0.0,0.9369817578772802,1101,7572443.177931034,6501951.186804629,6501951.186804629,29,0.8586332091277721,0.01010534276308734,0.6541236450822887,0.8299089860417052,0.7176798781421321,45.712612812815955,24.565217391304348,214796907.72,0.06301824212271974,0.0
E16,290,290,226,293248.42,334248.42,1152.5807586206895,435.0,1,0,289,292748.42,333748.42,1154.8388235294117,435.0,1,0,26,77,1,0,0.0034482758620689655,0.0,0.0034482758620689655,0.0,0.0034602076124567475,0.0,0.996551724137931,999,12836.477692307692,13284.01711306766,10581.383144225045,26,1.0348646592536954,0.052230837960055204,2.4151719770047744,0.18427053527324563,0.08715522888898697,439,439,170,238024635.44,238024635.44,542197.3472437358,558346.32,0,11,390,213556685.94,213556685.94,547581.246,558346.32,0,0,36,53,49,0,0.11161731207289294,0.0,0.0,0.025056947608200455,0.0,0.0,0.8883826879271071,1124,5932130.165,5457429.192062874,5457429.192062874,36,0.9199779910869292,-0.0025909628515426875,0.6199318182579755,0.15142835583750208,0.06603363098644045,639.8732492576295,1.3494809688581315,213263937.52,0.10816903621082397,-0.0034602076124567475
E17,7568,7568,860,156248941.46,163124062.84,21554.448049682876,9900.0,91,0,7143,142782019.19,149657140.57,20951.580648187035,9800.0,91,0,37,869,425,0,0.05615750528541226,0.0,0.01202431289640592,0.0,0.012739745205095899,0.0,0.9438424947145877,1113,4044787.5829729727,2725396.2731770515,2602352.6614432666,37,0.6738045490077007,0.045076582701488725,23.384681204643844,0.06047283006698168,0.018960396021677192,676,676,301,201628870.88,208445175.84,308350.85183431953,180750.0,13,1,561,168088057.43,174904362.39,311772.4819786096,175696.06,13,0,37,182,115,0,0.17011834319526628,0.0,0.019230769230769232,0.0014792899408284023,0.023172905525846704,0.0,0.8298816568047337,1116,4727144.929459459,3122554.8068733574,3145580.585468976,37,0.6605582975494716,0.040199494075848365,6.5921067447987545,0.1061778261344371,0.041652093362084475,1.168700415655683,0.07853842923141537,25306038.24000001,0.11396083790985402,0.010433160320750805
E18,5765,5765,808,148426889.98,151722388.6,26317.847111882045,10070.0,31,0,5455,137752837.21,141048335.83,25856.706843263062,10039.2,31,0,37,642,310,0,0.053772766695576756,0.0,0.005377276669557675,0.0,0.0056828597616865265,0.0,0.9462272333044233,1125,3812117.184594594,3822870.4322471456,3833640.400337437,37,1.0028208072133793,0.03151652925243154,4.170183770491136,0.14024560703673775,0.04162940459864149,381,381,174,217474538.47,219614618.67,576416.3219685039,607608.51,2,0,345,197656390.77,199796470.97,579120.205710145,640747.48,2,0,37,46,36,0,0.09448818897637795,0.0,0.005249343832020997,0.0,0.005797101449275362,0.0,0.905511811023622,1119,5399904.6208108105,4818512.811936391,4851403.467402773,37,0.8923329485054641,0.005588986427738633,0.9632240980404176,0.2610754523178353,0.12751334341638562,1.4165106578131257,0.06324472960586618,59903553.56,0.040715422280801196,0.00011424168758883586
E19,1524,1524,487,221345740.28,221676960.28,145457.3230183727,95270.04000000001,3,0,1484,212140557.3,212471777.3,143175.05208894878,95000.0,3,0,37,167,40,0,0.026246719160104987,0.0,0.001968503937007874,0.0,0.0020215633423180594,0.0,0.973753280839895,1122,5742480.467567568,2749850.531959966,2747345.1764842854,37,0.47886110322718484,0.01526371770151149,1.657530503309534,0.36843485287681077,0.18799586805123353,3099,3099,451,230839653.54,240678359.56,77663.23315908358,89211.0,66,0,2821,209115169.14,218754375.16,77544.97524282169,88767.8,65,0,37,508,278,0,0.08970635688931913,0.0,0.021297192642787996,0.0,0.02304147465437788,0.0,0.9102936431106808,1117,5912280.409729729,2410528.6561271464,2270041.5461725113,37,0.4077155495128723,0.01595712359352582,1.4125534663779005,0.05638489210091646,0.014642931768548828,1.0295690935513249,1.900943396226415,-3025388.160000026,0.06345963772921415,0.02101991131205982
E2,32156,32152,1068,171736465.85,173811951.05,5405.272765580296,333.0,156,0,31435,162487956.62,164563441.82,5235.038709082233,330.0,156,0,38,3625,721,4,0.02242194302773977,0.00012439358129120537,0.00485134967035701,0.0,0.004962621282010498,0.0,0.9775780569722602,1143,4330616.89,3070954.7786837877,3049249.803950703,38,0.7091264031632657,0.020789157758922195,3.174122728661498,0.2476577841303198,0.06800115802162585,12707,10552,739,694708186.72,735189708.86,57857.063733375304,66233.0,360,6,11665,626295633.94,666655486.08,57150.06310158595,62705.5,358,0,37,1579,1042,2155,0.08200204611631384,0.16959156370504447,0.028330841268592116,0.00047218068780986857,0.030690098585512218,0.0,0.9179979538836861,1113,18017715.84,13375296.265637236,12749112.55439333,37,0.7423413924612786,0.038231206107417245,4.866338197461944,0.04445469214430738,0.008919232644221214,4.0510545884740905,0.37108318752982344,463807677.32000005,0.059580103088574074,0.02572747730350172
E20,1130,1130,256,224188361.31,224291073.83,198487.67595575223,113820.0,3,0,1041,204339817.17,204442529.69,196390.51843419787,113459.5,3,0,37,70,89,0,0.07876106194690266,0.0,0.002654867256637168,0.0,0.002881844380403458,0.0,0.9212389380530973,1118,5525473.775405405,3675937.693947322,3675726.2439656956,37,0.665271041609028,0.0061561508026437665,1.3757738179690011,0.1610654680311885,0.07297300558800633,777,777,102,237239059.56,237239059.56,305326.974980695,115340.9,0,1,737,222122058.8,222122058.8,301386.7826322931,115340.9,0,0,35,25,40,0,0.05148005148005148,0.0,0.0,0.001287001287001287,0.0,0.0,0.9485199485199485,1108,6346344.537142858,3091197.0903460886,3091197.0903460886,35,0.4870830873197052,0.0078109004900920485,1.2480730839983607,0.5381373311852268,0.3147606763061085,1.0864767675141167,0.7079731027857828,17782241.630000025,-0.027281010466851184,-0.002881844380403458
E21,2312,2312,623,139254206.27,141407123.75,61162.25075692042,40937.6,22,0,2146,123194760.08,125347677.56,58409.91498602051,33113.770000000004,22,0,37,480,166,0,0.07179930795847751,0.0,0.009515570934256055,0.0,0.010251630941286114,0.0,0.9282006920415224,1121,3387775.0691891895,3017736.286425608,2974887.1467544143,37,0.8907723283847933,0.058466219917480695,3.656911840087578,0.15875842606237753,0.05727775478834476,1466,1466,99,133099447.84,142078029.34,96915.43611186903,100000.0,46,0,1428,129722845.87,138701427.37,97129.85109943978,100000.0,46,0,34,325,38,0,0.02592087312414734,0.0,0.03137789904502047,0.0,0.03221288515406162,0.0,0.9740791268758526,1113,4079453.7461764705,4099246.441755923,3973465.5721106674,34,1.0048518004642175,0.07133100550082175,5.008756400176374,0.4657486316104953,0.24042596219453424,1.106533683510873,0.6654240447343895,6528085.790000007,-0.04587843483433017,0.021961254212775505
E22,1610,805,344,82470472.7,85157445.26,52892.823142857145,15779.42,22,0,1520,74890175.94,76775548.5,50510.22927631579,11314.5,18,0,37,80,90,805,0.055900621118012424,0.5,0.013664596273291925,0.0,0.011842105263157895,0.0,0.9440993788819876,1118,2075014.8243243243,2182403.932769759,2180878.653170323,37,1.0517534174631276,0.03469056837460227,4.77226794224316,0.24098297389565376,0.12512479978927213,1562,781,123,140815694.56,142122191.96,90987.31879641485,104000.0,12,0,1366,122886463.42,124192960.82,90917.24803806735,104000.0,12,0,36,45,196,781,0.12548015364916773,0.5,0.0076824583866837385,0.0,0.008784773060029283,0.0,0.8745198463508322,1105,3449804.467222222,2828167.603025968,2839956.1427803547,36,0.8198051889309556,0.059428773126738096,15.39784422524743,0.23571916722743613,0.09788154798211139,1.6176108571858656,0.8986842105263158,47996287.480000004,0.06957953253115531,-0.0030573322031286123
E23,4951,4951,950,202890429.89,205328044.60999998,41472.0348636639,500.0,75,0,4802,200994746.13,203232360.85,42322.44082673886,503.0,74,0,37,682,149,0,0.030094930317107655,0.0,0.015148454857604524,0.0,0.015410245730945439,0.0,0.9699050696828924,1122,5492766.509459459,1897514.1526497563,1909037.6492676472,37,0.34545691126355377,-0.0009163838519873582,0.8433664185996288,0.8176430942149339,0.671506261772495,3570,3570,543,215653328.36,218226545.38,61127.88385994398,70534.56,37,47,3441,212044592.53,214276359.81,62271.537288578904,72830.0,34,0,37,117,129,0,0.03613445378151261,0.0,0.010364145658263305,0.013165266106442577,0.00988084859052601,0.0,0.9638655462184874,1110,5791252.9678378375,1255173.8747727715,1223213.8573670536,37,0.21673615049169406,-0.003373159013502853,0.788050654944384,0.10890975780386064,0.05393545371104911,1.0543417343271984,0.7165764264889629,11049846.400000006,0.0060395234644049535,-0.00552939714041943
E24,2047,2047,623,88205844.08,90124172.24,44027.441250610646,1740.0,16,0,2004,86230669.41,88148997.57,43986.52573353293,1647.0,16,0,36,367,43,0,0.021006350757205666,0.0,0.007816316560820713,0.0,0.007984031936127744,0.0,0.9789936492427943,1116,2448583.265833333,1467142.1526377872,1514588.3922222706,36,0.5991800128301826,0.03231333416139088,2.721440842103076,0.1752114422825421,0.08275244545750948,1782,1782,229,167685615.31,172198775.77,96632.30963524131,100000.0,28,0,1638,154248452.83,158761613.29,96924.06183760683,100000.0,28,0,35,48,144,0,0.08080808080808081,0.0,0.015712682379349047,0.0,0.017094017094017096,0.0,0.9191919191919192,1113,4536046.094,2963967.5365493055,2837327.626855235,35,0.6534253566051408,0.039229204194366055,3.63212564137197,0.28852009469272133,0.141299980420656,1.8010597700095887,0.8173652694610778,68017783.42000002,0.05980173005087515,0.009109985157889352
E25,1410,1410,606,10304807.07,10463074.65,7420.620319148937,330.04499999999996,6,0,1391,10004188.87,10162456.45,7305.863731128684,330.0,6,0,34,368,19,0,0.01347517730496454,0.0,0.00425531914893617,0.0,0.004313443565780014,0.0,0.9865248226950355,1023,298895.7779411765,288820.58137021953,284615.0392109858,34,0.9662919408217945,0.02652812911500042,10.57132173964046,0.18859111568443673,0.06522865074641568,978,978,339,48570907.06,49729907.06,50848.57572597137,7217.75,23,27,814,43833796.03,44937716.03,55206.03934889435,7800.0,22,0,34,233,164,0,0.16768916155419222,0.0,0.023517382413087935,0.027607361963190184,0.02702702702702703,0.0,0.8323108384458078,1000,1321697.5302941178,1462897.3821004557,1462942.9752936976,34,1.1068321976624385,0.01837592111908143,2.2987742333163697,0.14672975359046078,0.04987679946136882,4.421934426100297,0.5851905104241553,33829607.160000004,0.1542139842492277,0.022713583461247015
E26,791,791,316,44375578.78,44534540.38,56301.568116308474,37700.0,1,0,758,42645410.52,42804372.12,56470.14791556728,37700.0,1,0,37,117,33,0,0.041719342604298354,0.0,0.0012642225031605564,0.0,0.0013192612137203166,0.0,0.9582806573957017,1104,1156874.9221621621,796172.2491199079,797181.6296406973,37,0.688209445868087,0.015082724455471793,1.344177354764893,0.1749263177838199,0.08615115252346814,504,504,116,46858830.27,46982374.27,93218.99656746033,100000.0,2,0,450,42429070.82,42552614.82,94561.36626666666,100000.0,2,0,36,42,54,0,0.10714285714285714,0.0,0.003968253968253968,0.0,0.0044444444444444444,0.0,0.8928571428571429,1080,1182017.0783333334,847943.2295568604,846718.7056454445,36,0.7173696938055045,0.015629476916675177,2.4193401824103957,0.18459766205267478,0.08039404388680076,0.9941184209105041,0.5936675461741425,-216339.70000000298,0.06542351453855878,0.003125183230724128
E27,2565,2565,757,51954384.08,52200200.32,20350.955290448343,1043.72,22,0,2475,48889674.19,49135490.43,19852.723406060606,970.76,22,0,37,403,90,0,0.03508771929824561,0.0,0.008576998050682261,0.0,0.008888888888888889,0.0,0.9649122807017544,1121,1327986.2278378378,730580.0812581461,727178.3660438522,37,0.5501413086547147,0.029102201629314702,2.555873020317026,0.6086261058613799,0.37782459608796853,1468,1468,328,50743782.93,51374386.05,34996.17578337874,17176.34,24,0,1389,48659766.5,49290369.62,35486.22722822174,18353.87,24,0,37,177,79,0,0.05381471389645776,0.0,0.01634877384196185,0.0,0.017278617710583154,0.0,0.9461852861035422,1121,1332172.1518918918,699570.3548374969,682953.637407986,37,0.5251350989765085,0.0289980404300452,2.6778565731432744,0.18051940102290515,0.06541551349666154,1.003152083934537,0.5612121212121212,-229907.68999999762,0.01872699459821215,0.008389728821694266
E28,169,169,114,1534338.47,1534338.47,9078.925857988166,888.0,0,0,156,1414753.47,1414753.47,9068.932499999999,759.5,0,0,25,61,13,0,0.07692307692307693,0.0,0.0,0.0,0.0,0.0,0.9230769230769231,1115,56590.1388,84185.13718367534,84185.13718367534,25,1.4876290987940701,0.000517722573737376,2.399089187046365,0.20264767401489392,0.1045463164667224,569,569,52,58784163.8,58784163.8,103311.35992970123,100000.0,0,0,525,53773528.75,53773528.75,102425.76904761905,100000.0,0,0,24,5,44,0,0.0773286467486819,0.0,0.0,0.0,0.0,0.0,0.9226713532513181,1101,2240563.6979166665,2142068.506116509,2142068.506116509,24,0.9560399948049945,0.07688102992513202,6.849135857467228,0.4701538780826244,0.3478789980520792,38.00911599813924,3.3653846153846154,52358775.28,0.0004055698256049678,0.0
E29,50,50,48,186918.44,186918.44,3738.3688,300.0,0,0,48,186618.44,186618.44,3887.8841666666667,300.0,0,0,18,17,2,0,0.04,0.0,0.0,0.0,0.0,0.0,0.96,1092,10367.691111111111,39054.96849309609,39054.96849309609,18,3.766988047246186,-0.28465770500549264,0.022388343346361292,0.8938023487925416,0.8013903272418441,475,475,38,47484378.78,47484378.78,99967.11322105264,100000.0,0,1,469,46976378.78,46976378.78,100162.85454157782,100000.0,0,0,15,3,6,0,0.01263157894736842,0.0,0.0,0.002105263157894737,0.0,0.0,0.9873684210526316,761,3131758.5853333334,2787142.576229066,2787142.576229066,15,0.889960863931794,-0.00439380097591616,0.9805442064917819,0.5310115561870475,0.39928039540457994,251.72420678256663,9.770833333333334,46789760.34,-0.02736842105263158,0.0
E3,4561,4561,986,57520838.33,58201409.07,12760.668509098881,396.0,26,0,4367,54179352.52,54859923.26,12562.382244103503,390.01,26,0,38,571,194,0,0.042534531900898925,0.0,0.005700504275378207,0.0,0.005953743989008472,0.0,0.957465468099101,1144,1443682.1910526315,927489.2303968881,948225.8115525852,38,0.6424469569169017,-0.007189677407733033,0.8275400015088555,0.6215724832204221,0.3991085620740338,24073,24073,619,682739787.96,1159428576.28,48163.02813442446,6972.0,4501,0,23688,661070278.7,1127455712.36,47596.0702617359,6890.0,4406,0,38,135,385,0,0.0159930212271009,0.0,0.186972957255016,0.0,0.18600135089496792,0.0,0.9840069787728991,1144,29669887.16736842,16649871.188999165,12653733.838442462,38,0.5611706945522547,-0.03612691130345379,0.18513689815784443,0.260365599785323,0.1412156820352551,20.551536447045333,5.424318754293566,606890926.1800001,-0.026541510673798025,0.18004760690595945
E30,754,754,331,25332074.36,25338824.36,33605.86785145888,1214.0,2,0,740,24220896.36,24227646.36,32740.062648648647,1115.0,2,0,32,169,14,0,0.01856763925729443,0.0,0.002652519893899204,0.0,0.002702702702702703,0.0,0.9814323607427056,1110,757113.94875,807754.4744289794,807749.0570568701,32,1.0668862669385333,0.05337376440535743,10.102795760709585,0.7999625597969146,0.643212941717669,800,800,58,83785026.3,83785026.3,104731.28287499999,109999.99,0,0,747,78108521.81,78108521.81,104562.94753681392,109999.99,0,0,24,7,53,0,0.06625,0.0,0.0,0.0,0.0,0.0,0.93375,850,3254521.7420833334,2521611.7721314803,2521611.7721314803,24,0.774802558399044,0.013643210323742185,3.0768192144249684,0.3578448882695608,0.2291978840566945,3.2239417997679576,1.0094594594594595,53887625.45,0.04768236074270557,-0.002702702702702703
E31,412,412,262,5106571.58,5117167.78,12420.310145631069,347.5,1,0,404,5059207.58,5069803.78,12549.019257425743,341.5,1,0,37,109,8,0,0.019417475728155338,0.0,0.0024271844660194173,0.0,0.0024752475247524753,0.0,0.9805825242718447,1112,137021.7237837838,131179.59818303472,131214.3835377088,37,0.9573635082129913,-0.03875382118295846,0.5855018336036378,0.8303993078801167,0.6927253653444796,2608,2608,658,56466238.15,56525704.15,21673.966315184047,9328.0,6,0,2501,54271848.95,54331314.95,21723.83644542183,9324.0,6,0,37,151,107,0,0.04102760736196319,0.0,0.0023006134969325155,0.0,0.0023990403838464614,0.0,0.9589723926380368,1112,1468413.9175675677,545285.7582803537,545891.8901528588,37,0.37134336017709596,0.015440518138009262,1.8711045270674906,0.20493678443540045,0.06589020615117999,10.716650447958758,6.1905940594059405,49212641.370000005,0.02161013163380785,-7.620714090601386e-05
E32,2826,2826,752,2607862.72,2668132.72,944.1375513092711,300.0,6,0,2811,2542575.72,2602845.72,925.9500960512274,300.0,6,0,31,272,15,0,0.005307855626326964,0.0,0.0021231422505307855,0.0,0.0021344717182497333,0.0,0.994692144373673,985,83962.76516129031,64180.77910093799,65293.009355336704,31,0.7643957291979172,0.046403430991676306,6.451244925983492,0.30481711378575294,0.11569811511960573,552,552,43,48727105.48,49127105.48,88998.37949275362,100000.0,2,49,468,45475253.28,45875253.28,98024.04547008548,100000.0,2,0,29,10,84,0,0.15217391304347827,0.0,0.0036231884057971015,0.08876811594202899,0.004273504273504274,0.0,0.8478260869565217,1074,1581905.2855172413,1442027.4061498991,1440899.6707102556,29,0.9115763246712929,0.03315949724729549,4.129429892141757,0.7334455418618672,0.5532064887170862,17.625037445554014,0.1664887940234792,42932677.56,0.1468660574171513,0.0021390325552545406
E33,1293,1293,390,84651745.75,85820708.27,66373.32426140757,64514.0,14,0,1133,69644756.16,70813718.68,62501.07562224184,50000.0,14,0,34,240,160,0,0.12374323279195669,0.0,0.01082753286929621,0.0,0.01235657546337158,0.0,0.8762567672080434,1011,2082756.4317647056,1506661.3650249501,1433476.3926089709,34,0.7233977732808469,-0.028596848151060787,0.6116434218268294,0.11713427757526712,0.045700541564437695,1073,1073,186,87446737.75,90082057.17,83953.45495806151,100000.0,14,4,912,74440396.16,77075715.58,84512.84603070175,100000.0,14,0,34,84,161,0,0.1500465983224604,0.0,0.0130475302889096,0.003727865796831314,0.015350877192982455,0.0,0.8499534016775396,1020,2266932.8111764705,1866554.3039366321,1797429.0432026226,34,0.8233831610421423,-0.031888371235908174,0.7513384604225988,0.10496172418409871,0.044669030356868804,1.0884291492768134,0.8049426301853486,4795640.0,0.026303365530503706,0.0029943017296108747
E34,2309,2309,584,63752740.57,70008707.89,30319.925461238632,2204.8,44,0,2071,52849851.65,59105818.97,28539.748416224047,1251.0,44,0,37,447,238,0,0.10307492420961455,0.0,0.019055868341273277,0.0,0.021245774987928536,0.0,0.8969250757903855,1119,1597454.5667567567,2901778.035269984,2533719.333777211,37,1.816501136030015,0.10231789178011227,84.28950121106593,0.14571864750527455,0.037384832583418265,707,707,96,100951985.3,101481514.14,143538.20953323905,100000.0,3,70,596,95568728.51,96098257.35,161238.68682885906,100000.0,3,0,35,64,111,0,0.157001414427157,0.0,0.004243281471004243,0.09900990099009901,0.0050335570469798654,0.0,0.842998585572843,1104,2745664.4957142854,3856736.463717255,3831660.296358812,35,1.4046641422275898,0.02948082818408662,14.73016881854408,0.5022757224847845,0.27835730383682344,1.625867960627972,0.2877836793819411,42718876.86000001,0.053926490217542464,-0.01621221794094867
E35,669,669,382,37695415.81,39728002.49,59384.15917787743,34800.0,12,0,633,33451922.23,35284508.91,55741.720236966816,31469.76,11,0,37,103,36,0,0.053811659192825115,0.0,0.017937219730941704,0.0,0.017377567140600316,0.0,0.9461883408071748,1113,953635.3759459459,634880.3045703567,650103.4924630362,37,0.6657474340657672,0.03850425772404047,3.4545931119583493,0.1235717453549221,0.04614236703533614,770,770,186,40232953.81,40272113.81,52301.44650649351,47108.81,2,7,737,38633260.75,38672420.75,52472.75542740841,46776.9,2,0,37,31,33,0,0.04285714285714286,0.0,0.0025974025974025974,0.00909090909090909,0.0027137042062415195,0.0,0.9571428571428572,1116,1045200.5608108108,762278.3384622018,762941.7521449318,37,0.729312982640257,0.048138631499210355,6.729065302811203,0.22456171611651696,0.15477430410905554,1.096016975853101,1.1642969984202212,5181338.52,-0.010954516335682257,-0.014663862934358797
E36,1636,1636,618,23711973.58,23851344.54,14579.061454767725,4774.65,6,0,1562,22400406.1,22539777.06,14430.074942381561,4554.5,6,0,32,417,74,0,0.04523227383863081,0.0,0.003667481662591687,0.0,0.0038412291933418692,0.0,0.9547677261613692,949,704368.033125,243915.69130224697,248928.56913570882,32,0.3462901208336931,0.013744006897391164,1.393108436454843,0.10926727418128243,0.05454773313092602,1547,1547,381,43420766.65,45437883.15,29371.611603102778,15800.0,36,5,1429,40171671.32,41944347.9,29352.237858642406,15800.0,33,0,32,198,118,0,0.07627666451195864,0.0,0.023270846800258566,0.003232062055591467,0.02309307207837649,0.0,0.9237233354880414,950,1310760.871875,470166.6042492038,477297.14602125186,32,0.3586974667443697,0.021348826925315402,1.7651715882850365,0.060591393292348694,0.029540918731962545,1.8609034059363496,0.9148527528809219,17771265.22,0.03104439067332783,0.01925184288503462
E37,618,618,208,52152650.68,52352650.68,84713.02699029126,96000.0,2,0,592,50078318.69,50278318.69,84929.59238175675,96735.5,2,0,37,79,26,0,0.042071197411003236,0.0,0.003236245954692557,0.0,0.0033783783783783786,0.0,0.9579288025889967,1111,1358873.478108108,942785.7432832516,941079.4684937268,37,0.6937995026555712,0.02139271157952472,2.0161215772206167,0.16641223847574926,0.06240465934362306,1273,1273,371,56016244.25,57164783.67,44905.56454831108,20000.0,14,0,1184,50089245.77,51237785.19,43275.15641047297,16784.0,14,0,37,276,89,0,0.06991358994501179,0.0,0.010997643362136685,0.0,0.011824324324324325,0.0,0.9300864100549883,1109,1384805.005135135,892495.0157090636,915851.4948613237,37,0.6444914716508916,0.022505489097330605,1.9017167491529012,0.08917506139378856,0.02446771520512429,1.0190831062970853,2.0,10927.080000005662,0.027842392534008553,0.008445945945945946
E38,991,991,468,15963852.31,15985334.17,16130.508748738648,550.0,4,0,958,13162533.92,13184015.78,13762.020647181627,514.5,4,0,31,236,33,0,0.033299697275479316,0.0,0.004036326942482341,0.0,0.0041753653444676405,0.0,0.9667003027245207,1023,425290.8316129032,1002478.8084064238,1002672.7911705397,31,2.357160639002143,0.05671921285996825,459.47719057423933,0.2996052239251795,0.12158443401780074,628,628,56,56481480.99,57281480.99,91212.54934713375,100000.0,4,0,552,50113398.94,50913398.94,92234.41836956522,100000.0,4,0,24,8,76,0,0.12101910828025478,0.0,0.006369426751592357,0.0,0.007246376811594203,0.0,0.8789808917197452,955,2121391.6225,2087795.6669635144,2109980.1179996803,24,0.9841632468139505,0.014092833687401404,1.6990991551923555,0.6267524397183765,0.420214441687965,3.86175197220524,0.5762004175365344,36950865.019999996,0.08771941100477545,0.0030710114671265625
E39,282,282,214,374123.46,374123.46,1326.6789361702129,345.0,0,0,279,373240.46,373240.46,1337.7794265232976,345.0,0,0,26,54,3,0,0.010638297872340425,0.0,0.0,0.0,0.0,0.0,0.9893617021276596,927,14355.402307692308,25224.06919575211,25224.06919575211,26,1.7571133608868525,0.09821850360667402,15.075246366536687,0.17771385235137693,0.09624242434509832,264,264,56,36447643.68,37260423.68,141137.96848484848,95723.0,6,0,236,32917476.68,33730256.68,142924.81644067797,97305.0,6,0,24,2,28,0,0.10606060606060606,0.0,0.022727272727272728,0.0,0.025423728813559324,0.0,0.8939393939393939,800,1405427.3616666666,1434405.0587033522,1438675.2680100575,24,1.0206184238524585,-0.006950061644179605,0.1948334420159861,0.9703530569160199,0.9424639963004893,90.37138331680332,0.8458781362007168,32544236.22,0.09542230818826564,0.025423728813559324
E4,558,558,327,380407448.31,389234886.11,697553.5593369176,1080.0,4,0,521,254584214.62,263411652.42,505588.58429942414,944.0,4,0,38,131,37,0,0.06630824372759857,0.0,0.007168458781362007,0.0,0.007677543186180422,0.0,0.9336917562724014,1133,6931885.590000001,12988030.515513206,12878868.629470356,38,1.873664870385318,-0.004138294991816674,6.2948856473924515,0.9383720087138885,0.8812883561874376,2231,2231,115,2345630675.63,2362454718.07,1058921.8816987898,1151000.0,9,0,2041,2146540584.71,2163364627.15,1059953.2715090641,1152345.0,9,0,35,26,190,0,0.08516360376512774,0.0,0.004034065441506051,0.0,0.004409603135717786,0.0,0.9148363962348722,1087,61810417.918571435,80974071.89016184,81030505.99458294,35,1.3100392234337657,-0.08435846353446115,0.10929493587197357,0.5520522699048421,0.3286993422320858,8.212866087262519,3.9174664107485606,1891956370.0900002,0.018855360037529176,-0.0032679400504626362
E40,3148,3148,831,4847020.63,4910748.71,1559.958294155019,241.75,34,0,3068,4486335.36,4550063.44,1483.0715254237289,238.0,34,0,34,796,80,0,0.025412960609911054,0.0,0.010800508259212199,0.0,0.01108213820078227,0.0,0.974587039390089,1015,133825.39529411762,142370.64195794775,141940.75390703752,34,1.063853700151975,0.0326251163871028,13.650645170047424,0.07736155872147575,0.02142782098188911,883,883,245,36044581.87,41601029.87,47113.284110985274,32345.0,42,52,800,34507751.31,40064199.31,50080.2491375,41800.0,42,0,35,483,83,0,0.09399773499433749,0.0,0.04756511891279728,0.05889014722536806,0.0525,0.0,0.9060022650056625,1030,1144691.408857143,1203989.185149786,1129789.4285508739,35,1.0518024122779481,0.05824159416515006,37.79112377734725,0.08142356658019531,0.013285559996180113,8.805195760083732,0.2607561929595828,30021415.950000003,0.06858477438442644,0.04141786179921773
E41,2033,2033,726,5888015.49,6171703.49,3035.7616773241516,580.0,13,0,1968,5388727.33,5672415.33,2882.324862804878,540.0,13,0,34,486,65,0,0.031972454500737824,0.0,0.006394490900147565,0.0,0.0066056910569105695,0.0,0.9680275454992622,1032,166835.745,133010.21901533453,132347.23003650765,34,0.7972525253226431,0.04826821559237308,20.401515625836698,0.09878236648796307,0.028753404953953555,663,663,140,36594329.95,38968792.01,58776.45853695324,68722.97,18,0,605,33332217.83,35706679.89,59019.30560330579,68900.0,18,0,38,13,58,0,0.08748114630467571,0.0,0.027149321266968326,0.0,0.02975206611570248,0.0,0.9125188536953243,1126,939649.4707894737,746971.6186510765,711528.0651068242,38,0.79494709662688,0.05608917325290347,15.676770710849718,0.5384763290575432,0.3352975614968736,6.294792925538476,0.3074186991869919,27943490.5,0.05550869180393789,0.02314637505879191
E42,47,47,40,11769.0,11769.0,250.40425531914894,200.0,0,0,47,11769.0,11769.0,250.40425531914894,200.0,0,0,7,7,0,0,0.0,0.0,0.0,0.0,0.0,0.0,1.0,800,1681.2857142857142,1382.3627978074007,1382.3627978074007,7,0.822205759593152,-0.05758773047837537,0.4952599388379205,0.7849434956240972,0.6314892103213153,327,327,37,29332112.4,30487312.4,93233.37125382262,99700.0,6,0,294,26235453.61,27390653.61,93165.48846938775,99538.75,6,0,19,28,33,0,0.10091743119266056,0.0,0.01834862385321101,0.0,0.02040816326530612,0.0,0.8990825688073395,832,1441613.3478947368,1218974.0588226507,1223901.0048216546,19,0.8455624114487994,0.08365939071628213,4.002659504739565,0.15369671859393064,0.0810005022865488,2327.3560718837625,6.25531914893617,26223684.61,0.10091743119266056,0.02040816326530612
E43,78,78,31,4896529.75,5025661.81,64431.56166666666,9600.0,10,0,68,3896529.75,4025661.81,59200.908970588236,8700.0,10,0,14,19,10,0,0.1282051282051282,0.0,0.1282051282051282,0.0,0.14705882352941177,0.0,0.8717948717948718,669,287547.27214285714,510802.2366078872,514518.4358507255,14,1.7764113455199608,-0.06262497743197167,0.112999312522859,0.3651573503637157,0.26669958706280933,245,245,35,22624031.58,23550404.18,96124.09869387755,102999.99,5,0,214,19715447.14,20641819.74,96457.10158878504,102999.99,5,0,13,5,31,0,0.12653061224489795,0.0,0.02040816326530612,0.0,0.02336448598130841,0.0,0.8734693877551021,450,1587832.287692308,673325.2115420483,572871.8089475248,13,0.42405310482798675,0.026552813749162227,1.6361268841929628,0.6055667648224506,0.4268106697989613,5.127559321730505,3.1470588235294117,15818917.39,-0.001674515960230244,-0.12369433754810336
E44,1248,1248,603,34889736.62,35095852.62,28121.67677884615,6517.5,2,0,1222,34381631.3,34587747.3,28304.21219312602,6930.5,2,0,37,211,26,0,0.020833333333333332,0.0,0.0016025641025641025,0.0,0.0016366612111292963,0.0,0.9791666666666666,1119,934803.981081081,701677.4043004437,703955.394635986,37,0.7506144801490562,0.03803703891406655,3.666905618838064,0.12394959442761976,0.05306251184683225,2435,2435,216,39980557.58,41007232.04,16840.75237782341,11596.94,57,55,2242,37740524.4,38757598.86,17287.064611953614,11598.259999999998,56,0,37,30,193,0,0.07926078028747434,0.0,0.023408624229979465,0.022587268993839837,0.024977698483496878,0.0,0.9207392197125257,1115,1047502.6718918919,713387.8628175909,728811.5697113359,37,0.6810367953803335,0.0331925748764763,2.751050232196088,0.5086051713679355,0.35187462095341265,1.1205586337795408,1.834697217675941,3358893.1000000015,0.05842744695414101,0.023341037272367582
E45,600,600,301,27164993.31,27164993.31,45274.988849999994,703.0,0,0,592,26918289.2,26918289.2,45470.083108108105,703.0,0,0,29,114,8,0,0.013333333333333334,0.0,0.0,0.0,0.0,0.0,0.9866666666666667,852,928216.8689655173,1141115.9734126693,1141115.9734126693,29,1.2293635372996665,0.09332726881787545,850.508342312474,0.6148577105709973,0.40889226860825034,325,325,74,29870246.62,31073884.62,95611.95267692309,111300.0,7,0,305,27925863.82,29129501.82,95506.5633442623,111300.0,7,0,22,63,20,0,0.06153846153846154,0.0,0.021538461538461538,0.0,0.022950819672131147,0.0,0.9384615384615385,755,1324068.2645454546,1217785.6573736717,1248504.432880357,22,0.9197302661670022,0.09863990151848924,4.290507876635606,0.2704036975528337,0.10662544988134066,1.0821453623434583,0.5152027027027027,1007574.620000001,0.048205128205128206,0.022950819672131147
E46,2544,2544,768,55139852.76,56053722.52,22033.695959119497,1088.9,17,0,2492,52703543.41,53617413.17,21515.8158788122,1000.0,17,0,37,437,52,0,0.020440251572327043,0.0,0.0066823899371069185,0.0,0.006821829855537721,0.0,0.9795597484276729,1122,1449119.274864865,797061.457994931,790580.4444085638,37,0.5500316446134219,0.0034862637148286063,2.9945550865713826,0.16544589668796958,0.07798738016697833,974,974,273,67723749.82,73317869.82,75275.02034907597,100000.0,38,0,889,62111842.82,67377862.82,75790.6218447694,100000.0,36,0,37,140,85,0,0.08726899383983573,0.0,0.039014373716632446,0.0,0.04049493813273341,0.0,0.9127310061601642,1120,1821023.3194594593,1140986.7053648888,981673.1301950566,37,0.6265634784422046,-0.004715890819892898,2.0450569878710305,0.1643716427988655,0.04885346017546,1.2566414311404943,0.35674157303370785,9408299.410000004,0.06682874226750869,0.03367310827719569
E47,2905,2905,821,50843810.67,51054929.83,17574.846757314972,3208.0,11,0,2811,47929854.87,48140974.03,17125.924592671647,3120.0,11,0,37,374,94,0,0.03235800344234079,0.0,0.0037865748709122204,0.0,0.003913198150124511,0.0,0.9676419965576593,1124,1301107.4062162163,435286.93547594576,433410.5832400737,37,0.3345511165306597,-0.01718446022155844,0.7988132653385206,0.3644926357132953,0.15584406218122826,3518,3518,628,61250922.33,62171247.09,17672.3272001137,5992.3,21,1,3356,57588277.63,58452972.39,17417.453036352803,5830.2,20,0,37,760,162,0,0.04604889141557703,0.0,0.005969300739056282,0.0002842524161455372,0.0059594755661501785,0.0,0.953951108584423,1124,1579810.0645945945,581715.004315876,580814.131309092,37,0.36821831772869085,-0.016802486483592345,0.734245909267413,0.06597450638215525,0.019772916894955465,1.214204190251196,1.1938811810743508,9658422.760000005,0.01369088797323624,0.002046277416025668
E48,1235,1235,553,14868845.45,15009463.45,12153.411700404858,333.0,5,0,1210,14377295.35,14517913.35,11998.275495867769,314.0,5,0,38,232,25,0,0.020242914979757085,0.0,0.004048582995951417,0.0,0.004132231404958678,0.0,0.979757085020243,1121,382050.35131578945,370520.38889247,371034.60751792515,38,0.9698208302031132,0.05546331461153785,8.014188578387058,0.33042429544463425,0.13827332047336144,1016,513,143,60729353.86,60895093.86,59936.11600393701,62082.5,6,0,960,57347499.5,57513239.5,59909.62447916667,61915.0,6,0,36,59,56,503,0.05511811023622047,0.4950787401574803,0.005905511811023622,0.0,0.00625,0.0,0.9448818897637795,1096,1597589.986111111,1130846.6999594602,1130388.7459782637,36,0.7078453857314118,0.05831449273566007,7.7921987333134455,0.16778333274028148,0.06365627549482465,3.961536214844539,0.7933884297520661,42970204.15,0.03487519525646339,0.0021177685950413225
E49,3615,3615,766,28621095.95,28819902.57,7972.310531120332,397.0,19,0,3518,24500732.04,24699538.66,7020.9035417851055,374.75,19,0,37,713,97,0,0.026832641770401105,0.0,0.0052558782849239285,0.0,0.005400795906765207,0.0,0.9731673582295989,1114,667555.0989189189,772839.5978669216,773699.8084137379,37,1.1577165676938235,0.04254696141136807,12.058191278721834,0.25999971450478904,0.08128554778186624,513,513,57,43889831.01,45620501.83,88928.85346978556,100000.0,13,0,461,39206169.22,40936840.04,88800.08685466378,100000.0,13,0,29,248,52,0,0.10136452241715399,0.0,0.025341130604288498,0.0,0.028199566160520606,0.0,0.898635477582846,1106,1411615.1737931033,1529684.8160914024,1549600.749128321,29,1.0836415224845155,0.004752581913536232,1.185191310761712,0.24495876892797902,0.07352066416003313,1.6573929012810151,0.13104036384309267,14705437.18,0.07453188064675288,0.022798770253755398
E5,2169,2169,530,232050213.73,234648781.09,108182.93272936837,91277.76,18,0,2084,227331978.97,229561996.33,110154.50879558543,91818.9,16,0,37,393,85,0,0.039188566159520516,0.0,0.008298755186721992,0.0,0.007677543186180422,0.0,0.9608114338404795,1108,6204378.27918919,6218582.578017777,6128747.8781007165,37,1.002289399225742,0.04732970654611225,28.744815597380306,0.27065430338340535,0.14180854425260564,1060,1060,138,242788172.59,245027619.79,231158.13187735848,115430.0,10,0,1005,233290699.99,235530147.19,234358.3554129353,115280.0,10,0,33,33,55,0,0.05188679245283019,0.0,0.009433962264150943,0.0,0.009950248756218905,0.0,0.9481132075471698,1107,7137277.1875757575,6293438.975463447,6297450.752877566,33,0.8817702899950103,0.03888557432610666,9.911009645623363,0.39403015065045693,0.20301033127709808,1.0259979916336877,0.4822456813819578,5958721.020000011,0.012698226293309675,0.0022727055700384833
E50,197,197,156,3001235.29,3024435.29,15352.46340101523,360.0,1,0,186,1879996.29,1903196.29,10232.23811827957,352.5,1,0,28,66,11,0,0.05583756345177665,0.0,0.005076142131979695,0.0,0.005376344086021506,0.0,0.9441624365482234,897,67971.29607142857,229418.76099076006,228905.62242702732,28,3.3752300493089344,0.17481419624446654,408.7093662897712,0.6850965435625139,0.4789118069886313,285,285,30,22398562.26,25793777.9,90504.48385964912,100000.0,18,0,255,20130478.71,23525694.35,92257.6249019608,100000.0,18,0,13,5,30,0,0.10526315789473684,0.0,0.06315789473684211,0.0,0.07058823529411765,0.0,0.8947368421052632,840,1809668.7961538462,1338753.7799771517,1058135.0338205162,13,0.7397783411099605,-0.004634973413957577,0.8174030163200309,0.41050655535699415,0.31535550122126255,12.361149752976873,1.3709677419354838,18250482.42,0.049425594442960186,0.06521189120809615
E51,453,453,219,22752291.9,22904825.38,50562.52843267108,35620.0,4,0,451,22559091.9,22711625.38,50358.3711308204,35600.0,4,0,37,61,2,0,0.004415011037527594,0.0,0.008830022075055188,0.0,0.008869179600886918,0.0,0.9955849889624724,1117,613827.7129729729,466487.5147935817,469546.1993279861,37,0.7599648972090665,0.03953831066195053,5.6572889442194265,0.4923773535753873,0.28063535588239086,895,895,261,32245280.85,32522818.85,36338.345083798886,20617.0,3,1,834,30453335.6,30730873.6,36847.57026378897,20983.0,3,0,37,129,61,0,0.06815642458100558,0.0,0.0033519553072625698,0.0011173184357541898,0.0035971223021582736,0.0,0.9318435754189944,1125,830564.1513513514,485961.99391935446,482425.4743288958,37,0.5850986863912685,0.047650934724153896,8.157308919543272,0.300466058016652,0.10985612840569732,1.3530900182539027,1.8492239467849223,7894243.700000003,0.063741413543478,-0.005272057298728644
E52,425,425,185,19219022.54,19260020.54,45317.69538823529,8380.0,2,0,409,18437416.54,18478414.54,45179.49765281173,8380.0,2,0,29,131,16,0,0.03764705882352941,0.0,0.004705882352941176,0.0,0.004889975550122249,0.0,0.9623529411764706,874,637186.708275862,1208986.7170564265,1209505.722392388,29,1.897382197955408,0.09289802619613703,283.29805768916486,0.2842235186699086,0.14027781877763273,379,379,65,24971677.53,25268913.73,66672.59559366755,91000.0,5,43,286,21270109.97,21567346.17,75410.3012937063,94875.1,5,0,24,11,93,0,0.24538258575197888,0.0,0.013192612137203167,0.11345646437994723,0.017482517482517484,0.0,0.7546174142480211,783,898639.4237500001,1361141.079925216,1365039.1953072848,24,1.5146687803270504,0.09608208538061086,4.019512898042271,0.6158045359551069,0.44453000429141487,1.1671643215554792,0.6992665036674817,2832693.4299999997,0.2077355269284495,0.012592541932395234
E53,630,630,118,37208090.95,37357570.35,59297.73071428572,68191.66500000001,1,0,599,34943306.95,35092786.35,58585.61994991653,65083.33,1,0,31,62,31,0,0.049206349206349205,0.0,0.0015873015873015873,0.0,0.001669449081803005,0.0,0.9507936507936507,951,1132025.3661290323,731948.6869406113,724252.7563026651,31,0.6465832911885309,0.03619867417923057,3.936982414981522,0.654652108865673,0.4537526915602675,454,454,100,42647832.98,43136342.98,95013.9713215859,100000.0,4,26,396,38127316.11,38615826.11,97514.7123989899,100000.0,4,0,30,43,58,0,0.1277533039647577,0.0,0.00881057268722467,0.05726872246696035,0.010101010101010102,0.0,0.8722466960352423,965,1287194.2036666668,1326508.680979362,1328167.520456321,30,1.0305427706252135,0.04867187948497023,8.02288110308912,0.1838624397099555,0.07731155982257257,1.1003921354338395,0.66110183639399,3184009.1599999964,0.0785469547584085,0.008431561019207097
E54,1644,1644,657,9505099.81,10113828.71,6151.963935523115,400.0,20,0,1555,8163925.74,8772654.64,5641.578546623795,394.0,20,0,38,458,89,0,0.054136253041362534,0.0,0.012165450121654502,0.0,0.012861736334405145,0.0,0.9458637469586375,1140,230859.33263157896,176278.63306346387,146139.92067735337,38,0.7635759449447137,-0.00933424236267492,2.300871233032674,0.107607108536533,0.036544589126179715,3501,3501,647,41471357.92,42105417.92,12026.683210511283,2696.0,37,0,3215,37510977.72,38145037.72,11864.708466562986,2500.0,37,0,38,1110,286,0,0.08169094544415881,0.0,0.010568409025992574,0.0,0.011508553654743391,0.0,0.9183090545558412,1141,1003816.7821052631,613402.5744381523,608684.8215882649,38,0.611070252433605,0.012195360987176518,2.4075009917317947,0.06297254226440441,0.016772998060125013,4.348175014900621,2.067524115755627,29347051.979999997,0.027554692402796274,-0.0013531826796617536
E55,823,823,321,12357893.48,13565626.62,16483.14291616039,2487.0,30,0,752,10860768.28,12068501.42,16048.539122340426,2393.925,30,0,38,137,71,0,0.08626974483596597,0.0,0.03645200486026731,0.0,0.0398936170212766,0.0,0.913730255164034,1142,317592.14263157896,396712.64005179686,356441.1307029128,38,1.249126117430434,0.07105934524398382,15.076062766814598,0.09111582223271594,0.055675724990841835,590,590,63,28408072.28,43901265.92,74408.9252881356,104895.0,74,104,443,25594813.79,40222827.43,90796.45018058691,104895.0,70,0,27,22,147,0,0.24915254237288137,0.0,0.12542372881355932,0.17627118644067796,0.1580135440180587,0.0,0.7508474576271187,1085,1489734.3492592592,2100164.160359928,1443720.4976405844,27,1.4097574922698082,0.008292848422192852,1.4300794875491711,0.32560860205048,0.15762342798766402,3.332876720165311,0.589095744680851,14734045.51,0.1628827975369154,0.1181199269967821
E56,1201,1201,474,31762735.35,32405565.35,26982.152664446297,1000.0,7,0,1152,28163715.35,28806545.35,25005.681727430558,815.5,7,0,36,162,49,0,0.04079933388842631,0.0,0.005828476269775187,0.0,0.006076388888888889,0.0,0.9592006661115737,1074,800181.8152777778,649048.7180821536,628993.663645796,36,0.8111265536031216,0.038981148297661465,4.615097512309817,0.22315551975759562,0.10025273314632935,495,495,199,32269154.13,33044145.13,66755.84874747475,79500.0,8,1,458,30141852.04,30916843.04,67504.0241048035,80550.0,8,0,35,37,37,0,0.07474747474747474,0.0,0.01616161616161616,0.00202020202020202,0.017467248908296942,0.0,0.9252525252525252,1049,883338.3725714285,532362.7713798481,528929.9557101396,35,0.6026713974058681,0.04972240534642461,7.355366614986776,0.3668485147505539,0.2102242984211568,1.0732575761640226,0.3975694444444444,1978136.6899999976,0.03394814085904843,0.011390860019408054
E57,130,130,91,33142670.55,33142670.55,254943.6196153846,9550.0,0,0,122,31823470.55,31823470.55,260848.11926229508,7650.0,0,0,30,41,8,0,0.06153846153846154,0.0,0.0,0.0,0.0,0.0,0.9384615384615385,1112,1060782.3516666668,1534828.994081915,1534828.994081915,30,1.446883983005978,0.08932066603083996,19.688895238849444,0.7862984950269668,0.644872637128591,438,438,53,41818121.84,43581621.84,99501.41972602741,106425.0,9,0,386,36787964.86,38551464.86,99874.26129533678,105245.0,9,0,28,25,52,0,0.1187214611872146,0.0,0.02054794520547945,0.0,0.023316062176165803,0.0,0.8812785388127854,1103,1376838.0307142858,1143802.742975546,1105697.8642474504,28,0.8307460408993467,0.06309895798485977,9.63854718318669,0.2543631749302094,0.12120966390744549,1.2114161087311075,3.1639344262295084,4964494.309999999,0.05718299964875306,0.023316062176165803
E58,1352,1352,572,8109028.68,8188580.46,6056.642352071006,300.0,10,0,1313,7112292.24,7188644.02,5474.976405178979,300.0,9,0,29,354,39,0,0.028846153846153848,0.0,0.0073964497041420114,0.0,0.006854531607006854,0.0,0.9711538461538461,892,247884.27655172415,524156.99694366596,521143.38930752856,29,2.114522971102179,0.07498846737599735,130.20653496437944,0.33385990366511425,0.16880937233991244,388,388,69,33111799.72,33961003.28,87528.35896907217,100000.0,6,0,284,24093807.51,24943011.07,87827.50376760564,100000.0,6,0,25,22,104,0,0.26804123711340205,0.0,0.015463917525773196,0.0,0.02112676056338028,0.0,0.7319587628865979,841,997720.4428,1111921.6868933465,1094583.6640559398,25,1.1144621671506023,0.06941235802512052,7.33257087461717,0.3708807659202952,0.21186651842774698,3.4697796970617,0.2162985529322163,16981515.270000003,0.2391950832672482,0.014272228956373426
E59,549,549,325,22368095.18,22380915.18,40766.69431693989,34413.2,1,0,532,21185926.36,21185926.36,39823.16984962406,31477.75,0,0,37,76,17,0,0.030965391621129327,0.0,0.0018214936247723133,0.0,0.0,0.0,0.9690346083788707,1119,572592.6043243243,308197.864364549,308197.864364549,37,0.5382498167754565,-0.0037686042202984406,0.8565327398330966,0.23623027924090265,0.14796138835705702,2149,2149,233,32660282.19,32707062.07,15219.665923685436,11599.5,2,0,2067,30932889.16,30979669.04,14987.745060474117,11599.5,2,0,37,185,82,0,0.03815728245695672,0.0,0.0009306654257794323,0.0,0.0009675858732462506,0.0,0.9618427175430433,1107,837288.3524324324,532714.9347215772,532929.8022314195,37,0.6362383200171966,0.003931287861237452,0.9116787181706343,0.08647817336398504,0.02591282671903705,1.4622758766164237,3.8853383458646618,9746962.8,0.007191890835827396,0.0009675858732462506
E6,11337,11335,1020,341136855.55,347297312.53,30633.969527211782,9570.0,80,0,10814,321178563.5,326939260.48,30232.962870353247,9000.0,78,0,37,1515,523,2,0.046132133721443064,0.00017641351327511687,0.007056540531004675,0.0,0.007212872202700203,0.0,0.9538678662785569,1125,8836196.22918919,6333077.177023598,6196819.145570516,37,0.7167198433306774,0.03538823968359062,6.665609377273126,0.3255820739721519,0.1136884645200179,1052,1052,370,442603619.82,446819606.9,424733.466634981,306689.88,23,0,913,395897438.24,400113425.32,438240.3344140197,341149.0,23,0,37,142,139,0,0.13212927756653992,0.0,0.021863117870722433,0.0,0.025191675794085433,0.0,0.8678707224334601,1125,10813876.36,7592526.096405082,7517354.803735509,37,0.7021095714104394,0.02819595479731805,2.1406825125154336,0.18028160110426159,0.07090492943715736,1.2238157776847247,0.08442759385981136,74718874.74000001,0.08599714384509685,0.01797880359138523
E60,538,538,281,5495527.57,5495527.57,10214.73526022305,510.0,0,0,530,5375422.57,5375422.57,10142.306735849057,508.5,0,0,28,128,8,0,0.01486988847583643,0.0,0.0,0.0,0.0,0.0,0.9851301115241635,842,191979.3775,491349.25654233847,491349.25654233847,28,2.5593856118339504,-0.07329462349784373,0.1907594109333387,0.45949875899709963,0.26706648718358794,513,513,45,12182169.0,12330617.0,24036.29044834308,10000.0,1,0,424,8208945.0,8357393.0,19710.83254716981,10000.0,1,0,21,8,89,0,0.17348927875243664,0.0,0.001949317738791423,0.0,0.0023584905660377358,0.0,0.8265107212475633,786,397971.09523809527,394050.8968281768,388991.360929171,21,0.9901495398614989,0.001765069779317779,2.6286501504444164,0.43728744119129015,0.24998610388333614,1.5547415837858491,0.8,2833522.4299999997,0.15861939027660021,0.0023584905660377358
E61,212,212,145,942920.8,1067964.0,5037.566037735849,1346.33,2,0,209,932031.18,1057074.38,5057.772153110047,1296.0,2,0,32,44,3,0,0.014150943396226415,0.0,0.009433962264150943,0.0,0.009569377990430622,0.0,0.9858490566037735,1104,33033.574375,30123.92066924513,31983.493750423215,32,0.9119182903816515,-0.012167206796408364,0.9959889927382537,0.19016258818040788,0.10107863523746081,1992,1332,154,19132125.8,19888189.8,9984.031024096386,10431.2,40,0,1955,18687803.8,19443867.8,9945.71242966752,10450.0,40,0,37,65,37,660,0.01857429718875502,0.3313253012048193,0.020080321285140562,0.0,0.020460358056265986,0.0,0.981425702811245,1096,525509.9405405406,222357.745250925,194729.3956354292,37,0.4231275720916095,-0.00863381799939379,0.856187084466499,0.32224775772236014,0.1530820665828989,18.394039405249803,9.354066985645932,17755772.62,0.004423353792528603,0.010890980065835365
E62,530,530,372,1299590.98,1299590.98,2452.058452830189,276.5,0,0,527,1238870.98,1238870.98,2350.798823529412,278.0,0,0,36,148,3,0,0.005660377358490566,0.0,0.0,0.0,0.0,0.0,0.9943396226415094,1084,34413.082777777774,63982.775877927896,63982.775877927896,36,1.859257314757187,0.036679580541867166,14.394352760533229,0.4035932781313515,0.20038940786433873,219,219,69,11910703.36,15241792.8,69597.22739726027,90000.0,24,3,191,10060112.14,13211201.58,69168.59465968587,90000.0,23,0,27,27,28,0,0.1278538812785388,0.0,0.1095890410958904,0.0136986301369863,0.12041884816753927,0.0,0.8721461187214612,1101,489303.7622222222,326278.60507734696,356430.22160523414,27,0.6668221875007049,0.017023963801521793,1.4018251020542507,0.2709904695890652,0.14781108071908625,10.663904307452581,0.36242884250474383,8821241.16,0.12219350392004824,0.12041884816753927
E63,1573,1572,559,40171682.31,44021840.27,27985.91244119517,800.0,28,0,1526,39440184.87,42464980.85,27827.641448230668,798.4449999999999,24,0,38,293,47,1,0.029879211697393517,0.0006357279084551812,0.017800381436745075,0.0,0.015727391874180863,0.0,0.9701207883026065,1114,1117499.4960526316,1290332.49487528,1352003.4471150173,38,1.1546604713766315,-0.05713693859156665,0.060083316025604065,0.8807482573019928,0.7767166322135034,673,673,98,58321581.68,58796599.68,87364.93265973254,103999.2,3,0,625,54978242.44,55453260.44,88725.21670399999,105000.0,3,0,23,42,48,0,0.0713224368499257,0.0,0.004457652303120356,0.0,0.0048,0.0,0.9286775631500743,840,2411011.3234782605,1837537.727524673,1782272.3510412565,23,0.7621439640829798,-0.039055686128479254,0.5858000738883745,0.322860754407248,0.18900861090349425,1.3058585999574281,0.40956749672346004,15538057.57,0.04144322515253218,-0.010927391874180865
E64,32,32,29,90634.05,90634.05,2832.3140625,342.0,0,0,32,90634.05,90634.05,2832.3140625,342.0,0,0,19,21,0,0,0.0,0.0,0.0,0.0,0.0,0.0,1.0,987,4770.213157894737,9169.152077722378,9169.152077722378,19,1.9221682080490186,-0.030232033840114882,0.3753648739120732,0.6146917190614344,0.4373038892686279,1375,1375,254,9419044.26,9419044.26,6850.214007272727,9337.06,0,24,1283,8944128.07,8944128.07,6971.261161340608,9492.0,0,0,34,162,92,0,0.0669090909090909,0.0,0.0,0.017454545454545455,0.0,0.0,0.9330909090909091,1099,263062.59029411763,198327.98714058235,198327.98714058235,34,0.7539193882293995,0.011738007578075197,2.77601123228645,0.22624514700179155,0.07897212531675013,98.68397219367336,40.09375,8853494.02,0.0669090909090909,0.0
E65,587,587,383,5199115.09,5199115.09,8857.095553662692,200.0,0,0,579,4839565.89,4839565.89,8358.490310880828,200.0,0,0,33,38,8,0,0.013628620102214651,0.0,0.0,0.0,0.0,0.0,0.9863713798977853,1035,146653.5118181818,142363.60929353474,142363.60929353474,33,0.970748040933615,-0.022788806837103954,0.02920563958670981,0.9077699322324961,0.8249755307226453,485,485,246,9027786.87,9163432.99,18893.67626804124,9480.0,7,0,455,8163565.5,8299211.62,18240.025538461538,9300.0,7,0,36,58,30,0,0.061855670103092786,0.0,0.01443298969072165,0.0,0.015384615384615385,0.0,0.9381443298969072,1062,230533.6561111111,111483.50598400632,111891.88685155286,36,0.4835888514702349,0.013228393509432317,3.590247231447684,0.3923944356536362,0.1812098472442812,1.7148669547301072,0.7858376511226253,3323999.6100000003,0.04822705000087814,0.015384615384615385
E66,577,577,383,5456558.3100000005,5459356.3100000005,9461.622720970538,400.0,1,0,575,5378108.3100000005,5380906.3100000005,9358.097930434784,400.0,1,0,32,30,2,0,0.0034662045060658577,0.0,0.0017331022530329288,0.0,0.0017391304347826088,0.0,0.9965337954939342,963,168153.32218750002,178348.1396025389,178428.2729202034,32,1.0606281058406393,0.03878733356312398,80.26042146515864,0.8964646812443756,0.8077734312257289,679,679,211,5501870.56,5539270.86,8157.983593519883,1797.0,6,13,628,5029933.5,5067333.8,8069.002866242038,1836.25,6,0,27,151,51,0,0.07511045655375552,0.0,0.008836524300441826,0.01914580265095729,0.009554140127388535,0.0,0.9248895434462445,792,187679.02962962963,213534.51496979874,212401.05638229576,27,1.1377643809816842,0.10396785407031135,19.246875761833632,0.3465382130539733,0.15818191089464267,0.9417249638007541,1.0921739130434782,-348174.8100000005,0.07164425204768966,0.007815009692605925
E67,647,647,379,1376410.55,1385612.15,2141.595285935085,350.0,2,0,627,1290298.95,1299500.55,2072.5686602870815,335.0,2,0,38,195,20,0,0.030911901081916538,0.0,0.0030911901081916537,0.0,0.003189792663476874,0.0,0.9690880989180835,1126,34197.382894736846,78109.4080472062,77970.32321545247,38,2.2840756056577547,0.08019038815606003,26.18977857142857,0.12481718457141092,0.05689628801496664,215,215,62,6468430.0,6698430.0,31155.488372093023,10000.0,3,0,192,5791410.0,6021410.0,31361.510416666668,10000.0,3,0,25,23,23,0,0.10697674418604651,0.0,0.013953488372093023,0.0,0.015625,0.0,0.8930232558139535,983,240856.4,276547.55424640205,275562.1691978055,25,1.148184371461178,0.0977386078624825,9.677203076111997,0.24520104095220221,0.1274734041128835,4.6336340527135595,0.3062200956937799,4501111.05,0.07606484310412998,0.012435207336523126
E68,3,3,3,740.0,740.0,246.66666666666666,280.0,0,0,3,740.0,740.0,246.66666666666666,280.0,0,0,3,2,0,0,0.0,0.0,0.0,0.0,0.0,0.0,1.0,410,246.66666666666666,57.735026918962575,57.735026918962575,3,0.23406091994174016,0.20270270270270271,1.0,0.7567567567567568,0.6318480642804968,73,73,17,6550478.19,6550478.19,89732.57794520548,99750.0,0,0,65,5957078.2,5957078.2,91647.35692307692,99750.0,0,0,11,7,8,0,0.1095890410958904,0.0,0.0,0.0,0.0,0.0,0.8904109589041096,678,541552.5636363636,601142.0713258842,601142.0713258842,11,1.1100345777876017,-0.12374959925824033,0.11911869225302062,0.600033452641263,0.47661169869236575,8050.105675675676,21.666666666666668,5956338.2,0.1095890410958904,0.0
E69,1,1,1,3250.0,3250.0,3250.0,3250.0,0,0,1,3250.0,3250.0,3250.0,3250.0,0,0,1,1,0,0,0.0,0.0,0.0,0.0,0.0,0.0,1.0,0,3250.0,0.0,0.0,1,0.0,0.0,0.0,1.0,1.0,587,587,112,4191376.85,4931628.09,8401.410715502556,9710.0,40,4,523,3748394.63,4468275.87,8543.548508604206,9805.5,39,0,19,18,64,0,0.10902896081771721,0.0,0.06814310051107325,0.0068143100511073255,0.0745697896749522,0.0,0.8909710391822828,544,235172.41421052633,179483.24801393237,164490.54016545883,19,0.7631985605814251,0.0683192124989961,4.4929049283725675,0.8578408566344853,0.7404283944631469,1374.854113846154,523.0,3745144.63,0.10902896081771721,0.0745697896749522
E7,13097,13096,1053,66653596.78,81571674.78,6228.271724822479,317.0,451,0,12643,63491942.06,78273474.06,6191.052286640829,300.0,450,0,38,1572,454,1,0.03466442696800794,7.635336336565625e-05,0.034435366877910975,0.0,0.03559281816024678,0.0,0.965335573031992,1128,2059828.2647368421,1262653.3622842832,1247259.3629970662,38,0.6129896282618474,0.010402448128708929,2.1122858585471227,0.2232797303286068,0.07571952041519017,8149,8149,562,611208630.11,1070136424.01,131321.1957307645,43150.0,1909,3,8032,596230696.76,1054333371.88,131266.60506474104,43025.0,1899,0,38,1211,117,0,0.014357589888329856,0.0,0.23426187262240766,0.00036814333046999634,0.2364292828685259,0.0,0.9856424101116702,1139,27745615.049473684,16149287.747587902,11221172.82700642,38,0.5820482883076057,-0.03946730899483976,0.05929832149689292,0.09798642858642094,0.03593026439834278,13.469868107193093,0.6352922565846714,532738754.7,-0.020306837079678085,0.20083646470827912
E70,1829,1829,591,6505617.19,6544801.35,3578.3495626025147,288.99,6,0,1787,6089341.94,6128526.1,3429.5053721320646,288.0,6,0,38,188,42,0,0.022963367960634227,0.0,0.0032804811372334607,0.0,0.003357582540570789,0.0,0.9770366320393657,1130,161277.00263157894,169615.3340293917,167245.49482367362,38,1.0517019244018369,0.029471523951281494,4.457831243458309,0.2191913076783666,0.07277149972031254,578,578,229,12669437.87,13117432.47,22694.51984429066,12329.75,14,0,469,10682038.48,11130033.08,23731.41381663113,13828.0,14,0,35,56,109,0,0.18858131487889274,0.0,0.02422145328719723,0.0,0.029850746268656716,0.0,0.8114186851211073,1127,318000.94514285715,342823.1132370182,332145.1133863865,35,1.078056900374966,-0.001954632713877415,1.2875034945663755,0.3276281610117191,0.1393211953194014,1.8161027461398918,0.26245103525461666,4592696.54,0.1656179469182585,0.026493163728085925
E71,1259,1259,548,11932230.11,14050775.51,11160.266489277205,276.0,14,0,1205,10004879.89,12123425.29,10060.933850622407,263.0,14,0,35,282,54,0,0.04289118347895155,0.0,0.011119936457505957,0.0,0.011618257261410789,0.0,0.9571088165210484,1045,346383.57971428573,903101.2899482165,873571.7797639493,35,2.607228930115969,-0.07216795525149222,0.5242758428531624,0.5779855389367439,0.3984773467366305,375,375,35,12758111.12,12832937.52,34221.16672,20066.0,1,0,359,12227309.62,12302136.02,34267.78835654596,20066.0,1,0,17,282,16,0,0.042666666666666665,0.0,0.0026666666666666666,0.0,0.002785515320334262,0.0,0.9573333333333334,991,723655.0599999999,1005876.7973180418,1004499.3538054803,17,1.3899948372060604,0.052115507708663224,15.772786715101194,0.3116529514685044,0.10104409320596129,1.0147409437287835,0.2979253112033195,2222429.7299999986,-0.00022451681228488618,-0.008832741941076527
E72,117,117,104,1548582.77,2481286.77,21207.57923076923,405.0,2,0,114,1547014.77,2479718.77,21751.919035087718,402.5,2,0,31,54,3,0,0.02564102564102564,0.0,0.017094017094017096,0.0,0.017543859649122806,0.0,0.9743589743589743,1023,79990.92806451613,153017.47360402578,104603.87669252578,31,1.912935345375798,0.010654907451460699,58.4888249780123,0.840478567656283,0.7231421382129443,248,248,26,4510610.75,4510610.75,18187.946572580644,8825.0,0,64,176,4441013.75,4441013.75,25233.032670454544,10000.0,0,0,18,28,72,0,0.2903225806451613,0.0,0.0,0.25806451612903225,0.0,0.0,0.7096774193548387,1001,246722.98611111112,242505.58629775103,242505.58629775103,18,0.9829063360498531,0.0697548616021835,20.579439201877936,0.2786261943007945,0.12430821850386252,1.7909344413277961,1.543859649122807,2893998.98,0.26468155500413565,-0.017543859649122806
E73,606,606,396,870778.46,899334.46,1484.0502640264026,340.0,2,0,600,855955.54,884511.54,1474.1859000000002,340.0,2,0,38,118,6,0,0.009900990099009901,0.0,0.0033003300330033004,0.0,0.0033333333333333335,0.0,0.9900990099009901,1140,23276.61947368421,17993.08139849283,16083.55063791501,38,0.7730109356659468,-0.005319734892646965,0.6464463101951972,0.16072147571980802,0.07880146706489694,236,236,136,7604741.18,8303641.18,35184.92025423729,15770.0,7,0,223,7130015.18,7803235.18,34992.08600896861,15760.0,6,0,37,58,13,0,0.05508474576271186,0.0,0.029661016949152543,0.0,0.026905829596412557,0.0,0.9449152542372882,1097,210898.2481081081,159463.2876764205,105753.87248066299,37,0.7561148046838131,-0.039989038992054686,0.17735147229214113,0.6558519693366464,0.43842712380794596,8.82208408496287,0.37166666666666665,6274059.64,0.04518375566370196,0.023572496263079223
E74,19,19,9,337315.0,337315.0,17753.42105263158,9990.0,0,0,19,337315.0,337315.0,17753.42105263158,9990.0,0,0,8,8,0,0,0.0,0.0,0.0,0.0,0.0,0.0,1.0,786,42164.375,65974.90457945246,65974.90457945246,8,1.5647072814301755,0.34853023491536456,229.32735426008966,0.5466700265330625,0.3927836849394585,555,555,97,4312434.4,4473870.2,8061.0273873873875,9000.0,14,2,512,3986839.75,4148275.55,8102.10068359375,9000.0,14,0,28,19,43,0,0.07747747747747748,0.0,0.025225225225225224,0.0036036036036036037,0.02734375,0.0,0.9225225225225225,833,148152.69821428572,62304.35664001367,65370.10667848061,28,0.42054149125180046,0.026606402574204758,2.8937857774662463,0.27767805829581405,0.14387270819334624,12.297927901219927,26.94736842105263,3649524.75,0.07747747747747748,0.02734375
E75,552,552,296,2758680.25,2770880.25,5019.710597826087,286.0,2,0,538,2721424.25,2733624.25,5081.085966542751,280.0,2,0,33,53,14,0,0.025362318840579712,0.0,0.0036231884057971015,0.0,0.0037174721189591076,0.0,0.9746376811594203,1010,82837.09848484848,84111.84468176319,84082.53438300404,33,1.0153885906222062,0.0020508505706082992,0.6377447049885017,0.29504770452632617,0.17890749724790922,8655,8317,1092,7299000.9,7310724.9,844.682253032929,285.0,12,63,8064,6644700.8,6656424.8,825.4495039682539,283.0,12,0,37,7484,591,338,0.0682842287694974,0.039052570768341996,0.0013864818024263432,0.007279029462738302,0.001488095238095238,0.0,0.9317157712305026,1116,179903.37297297298,73139.76351604484,72905.14914530714,37,0.4065502625514013,-0.024469803390605532,0.38160342360644456,0.06880630575139976,0.007297208173793152,2.4350181997397775,14.988847583643123,3923276.55,0.04292190992891769,-0.0022293768808638696
E76,350,350,248,937510.61,957458.61,2735.5960285714286,373.2,2,0,346,929316.61,949264.61,2743.5393352601154,373.2,2,0,34,102,4,0,0.011428571428571429,0.0,0.005714285714285714,0.0,0.005780346820809248,0.0,0.9885714285714285,1101,27919.547352941176,55009.04853797525,55086.82268836835,34,1.9702700707352385,-0.05459720240908182,0.171753725944147,0.2515631547667199,0.13528577590743332,245,245,89,4573117.8,4588717.8,18729.460408163264,4100.0,1,0,223,4296997.8,4312597.8,19339.003587443945,4500.0,1,0,36,73,22,0,0.08979591836734693,0.0,0.004081632653061225,0.0,0.004484304932735426,0.0,0.9102040816326531,1102,119794.38333333333,136054.84066524162,135542.09184451576,36,1.1357363916358485,0.016576430494723574,5.586624203821656,0.17577108628122012,0.09881435654280328,4.543093416281473,0.6445086705202312,3367681.19,0.0783673469387755,-0.0012960418880738223
E77,54,54,46,809775.0,809775.0,14995.833333333334,622.5,0,0,53,807881.0,807881.0,15243.037735849057,620.0,0,0,17,16,1,0,0.018518518518518517,0.0,0.0,0.0,0.0,0.0,0.9814814814814815,1059,47522.41176470588,59473.61663382641,59473.61663382641,17,1.251485655405993,-0.051111952131563894,0.7182895414734674,0.9605375049048065,0.9229216495907407,258,258,23,4724047.99,4837002.59,18748.072054263564,9815.0,6,0,252,4576822.99,4689777.59,18610.22853174603,9815.0,6,0,15,2,6,0,0.023255813953488372,0.0,0.023255813953488372,0.0,0.023809523809523808,0.0,0.9767441860465116,868,312651.8393333333,315433.1592523286,319055.98238548986,15,1.0088959013480487,0.1199141991568456,5.476967193071828,0.9926575196074491,0.9854228632515281,5.805035135125099,4.754716981132075,3768941.99,0.004737295434969854,0.023809523809523808
E78,52,52,34,3748968.62,3748968.62,72095.55038461539,70403.5,0,0,52,3748968.62,3748968.62,72095.55038461539,70403.5,0,0,22,16,0,0,0.0,0.0,0.0,0.0,0.0,0.0,1.0,887,170407.66454545455,112386.24434646516,112386.24434646516,22,0.6595140227186627,-0.05751372210175556,0.22607180282263642,0.6034866864263057,0.3970480264600911,268,268,112,10955349.65,10955349.65,40878.1703358209,32437.0,0,0,248,10039067.1,10039067.1,40480.10927419355,32437.0,0,0,32,37,20,0,0.07462686567164178,0.0,0.0,0.0,0.0,0.0,0.9253731343283582,933,313720.846875,215296.6085857111,215296.6085857111,32,0.6862680970369005,-0.05038996326707408,0.12786089241670293,0.39947788375674864,0.22671676002125712,2.6778210536208755,4.769230769230769,6290098.4799999995,0.07462686567164178,0.0
E79,154,154,130,3324452.58,3324452.58,21587.354415584417,2900.0,0,0,152,3318032.58,3318032.58,21829.161710526318,2900.0,0,0,38,46,2,0,0.012987012987012988,0.0,0.0,0.0,0.0,0.0,0.987012987012987,1121,87316.64684210527,56933.048836364185,56933.048836364185,38,0.6520297205104113,-0.017389806651984422,0.9298610556517768,0.7270677703833758,0.5436362144180595,86,86,36,3854546.09,3854546.09,44820.30337209302,28744.0,0,0,74,3497419.09,3497419.09,47262.42013513514,30800.0,0,0,24,15,12,0,0.13953488372093023,0.0,0.0,0.0,0.0,0.0,0.8604651162790697,1038,145725.79541666666,101184.8842287599,101184.8842287599,24,0.6943512227155589,0.01889457540830052,2.7380241993196006,0.4372270095889481,0.24051506152988106,1.0540641195271205,0.4868421052631579,179386.50999999978,0.12654787073391724,0.0
E8,22536,22535,1083,181067507.17,182446402.53,8095.775760117146,348.0,78,0,21777,170418693.94,171762629.3,7887.3411994305925,338.0,77,0,38,2598,759,1,0.03367944621938232,4.437344692935747e-05,0.003461128860489883,0.0,0.0035358405657344907,0.0,0.9663205537806177,1144,4520069.1921052635,2013945.0329616456,2015699.7459986166,38,0.4455562398202211,0.005013977296277002,2.4869471242002126,0.20154613713752692,0.07447282249585978,9425,9425,743,430366180.82,461548546.82,48970.66809761273,40000.0,248,117,8359,380793887.67,411376253.67,49213.57263667903,40000.0,245,0,38,2679,1066,0,0.11310344827586206,0.0,0.026312997347480105,0.012413793103448275,0.029309726043785143,0.0,0.886896551724138,1141,10825690.886052633,5076383.452401347,4796569.053627619,38,0.4689200445342059,0.011531379114044707,1.6369458737961446,0.022768849481316245,0.004025113886127124,2.395027692266469,0.3838453414152546,210375193.73000002,0.07942400205647974,0.02577388547805065
E80,395,395,279,2603035.73,2603035.73,6589.9638734177215,300.0,0,0,390,2600684.82,2600684.82,6668.422615384615,300.0,0,0,33,105,5,0,0.012658227848101266,0.0,0.0,0.0,0.0,0.0,0.9873417721518988,1004,78808.6309090909,245424.48231861801,245424.48231861801,33,3.1141827930207993,-0.04558784526958465,0.2577398904148318,0.4577255924460696,0.4000710846432575,48,48,12,3877455.52,3877455.52,80780.32333333333,89503.36,0,0,47,3779239.67,3779239.67,80409.35468085106,89006.72,0,0,8,38,1,0,0.020833333333333332,0.0,0.0,0.0,0.0,0.0,0.9791666666666666,1023,472404.95875,457141.38558729505,457141.38558729505,8,0.9676896423714668,0.1369791922042502,3.2780507162981185,0.2130678179507996,0.06307460513513058,1.45317096517678,0.12051282051282051,1178554.85,0.008175105485232067,0.0
E81,211,211,175,2358236.53,2517382.17,11930.721184834123,2940.0,3,0,205,2255424.53,2414570.17,11778.391073170731,2750.0,3,0,36,68,6,0,0.02843601895734597,0.0,0.014218009478672985,0.0,0.014634146341463415,0.0,0.9715639810426541,1091,67071.39361111111,48544.31787786356,53003.08823836885,36,0.7237708248516498,0.010017981082618237,1.402723693934398,0.6811643001453961,0.4703261574877649,649,649,257,4147436.89,4169961.89,6425.21092449923,7080.0,3,0,609,3910186.16,3932711.16,6457.653793103448,7150.0,3,0,37,119,40,0,0.061633281972265024,0.0,0.004622496147919877,0.0,0.0049261083743842365,0.0,0.938366718027735,1105,106289.49081081082,49478.559182268895,49531.80072618207,37,0.46550753799675154,0.0052184327202131125,1.2186081976729133,0.14199008706248337,0.047413501633771914,1.6287417151351622,2.970731707317073,1654761.6300000004,0.03319726301491906,-0.00970803796707918
E82,315,315,215,1777008.32,1777716.2,5643.543492063492,305.0,3,0,311,1693976.72,1694684.6,5449.146623794212,286.0,3,0,35,68,4,0,0.012698412698412698,0.0,0.009523809523809525,0.0,0.00964630225080386,0.0,0.9873015873015873,1106,48419.560000000005,47497.278567053596,47494.062748748634,35,0.9809522962838487,0.0012394258969439746,0.9547629586257473,0.1921694750751851,0.06818678898624386,343,343,49,3491321.21,3524016.47,10274.100495626823,11054.0,2,0,335,3401276.18,3433971.44,10250.661014925374,11051.5,2,0,26,8,8,0,0.023323615160349854,0.0,0.0058309037900874635,0.0,0.005970149253731343,0.0,0.9766763848396501,1071,132075.82461538463,129819.12912398626,129283.40926734473,26,0.9829136369356766,0.017914622920296247,0.8185891675989638,0.9769197265076847,0.9544683481280435,2.0263189032342654,1.0771704180064308,1707299.4600000002,0.010625202461937155,-0.003676152997072516
E83,2890,2890,570,41186120.16,41792850.5,14461.193944636678,7920.0,55,0,2699,37570784.98,38175265.32,14144.225757688033,7574.0,54,0,35,259,191,0,0.06608996539792387,0.0,0.01903114186851211,0.0,0.020007410151908114,0.0,0.9339100346020761,1080,1090721.8662857143,694629.1668210946,688166.838753076,35,0.6368527012175409,0.028825179430267255,136.5462904159132,0.16921567160964004,0.050264887434086455,706,706,122,3729982.43,3747622.43,5308.247067988669,5410.0,3,0,649,3481120.81,3498760.81,5391.002788906009,6000.0,3,0,23,160,57,0,0.08073654390934844,0.0,0.00424929178470255,0.0,0.004622496147919877,0.0,0.9192634560906515,1128,152120.0352173913,213024.63980558974,213393.07752085262,23,1.4003720121492285,0.01109481621917965,0.28488372093023256,0.07699297397812113,0.03492203987852535,0.09164994088900284,0.2404594294183031,-34089664.169999994,0.014646578511424563,-0.015384914003988236
E84,54,54,28,1662863.65,1662863.65,30793.771296296294,11100.0,0,0,53,1658750.05,1658750.05,31297.170754716983,11100.0,0,0,18,19,1,0,0.018518518518518517,0.0,0.0,0.0,0.0,0.0,0.9814814814814815,1104,92152.78055555555,78495.75803178303,78495.75803178303,18,0.851800212197187,-0.03213013645360035,1.3247078159810937,0.18990202894040606,0.1254818681828775,498,498,94,6471615.79,6660171.85,13373.839056224899,10560.0,6,0,445,5576905.35,5765461.41,12956.093056179776,10560.0,6,0,32,35,53,0,0.10642570281124498,0.0,0.012048192771084338,0.0,0.01348314606741573,0.0,0.893574297188755,1100,180170.6690625,127905.11897075636,130866.63970683959,32,0.7099108841427842,0.011406854131047387,1.140304708559122,0.15090775536038145,0.08391824846030264,3.4757867286876647,8.39622641509434,3918155.3,0.08790718429272647,0.01348314606741573
E85,229,229,194,436011.42,436808.83999999997,1907.4621834061134,223.0,1,0,228,432211.42,433008.83999999997,1899.1615789473683,222.0,1,0,31,38,1,0,0.004366812227074236,0.0,0.004366812227074236,0.0,0.0043859649122807015,0.0,0.9956331877729258,983,13968.027096774193,32093.082255486584,32100.475606988715,31,2.297610251837085,-0.012886930033576235,0.10174174628129157,0.226554266190039,0.1465398656823452,293,293,91,3121310.2,3121310.2,10652.935836177476,8700.0,0,0,247,2739277.0,2739277.0,11090.19028340081,7836.87,0,0,37,23,46,0,0.15699658703071673,0.0,0.0,0.0,0.0,0.0,0.8430034129692833,1099,74034.51351351352,97168.58141063809,97168.58141063809,37,1.3124768003358582,0.030156038740636062,5.342970219461586,0.24016884747325662,0.14174672292890544,6.326145674069842,1.0833333333333333,2307065.58,0.15262977480364248,-0.0043859649122807015
E86,138,138,86,1762783.58,1766981.58,12804.214347826088,214.15,1,0,137,1741768.3800000001,1745966.3800000001,12744.280145985402,211.3,1,0,23,36,1,0,0.007246376811594203,0.0,0.007246376811594203,0.0,0.0072992700729927005,0.0,0.9927536231884058,960,75911.58173913044,231635.76889114143,231696.33830133307,23,3.0513890447857603,-0.051170346444731944,0.5946348852081832,0.575780548534961,0.41880553254947445,22,22,16,4329051.16,7598263.16,345375.5981818182,177247.94,6,0,19,2229051.16,5498263.16,289382.2715789474,167295.88,6,0,13,7,3,0,0.13636363636363635,0.0,0.2727272727272727,0.0,0.3157894736842105,0.0,0.8636363636363636,918,422943.32,294679.9468193871,470860.0575606279,13,0.6967362596467703,0.130866701341582,7.165057369597799,0.38037466362377603,0.23158302271798364,3.149123157801011,0.1386861313868613,487282.78,0.12911725955204215,0.3084902036112178
E87,379,379,258,1798250.11,1798250.11,4744.723245382586,400.0,0,0,371,1706273.92,1706273.92,4599.121078167116,397.72,0,0,31,82,8,0,0.021108179419525065,0.0,0.0,0.0,0.0,0.0,0.978891820580475,924,55041.094193548386,66826.99354894385,66826.99354894385,31,1.2141290889667113,-0.04601427426435734,0.5355563979165806,0.16263106805266064,0.08206424220446842,74,74,34,4533006.79,4533006.79,61256.84851351351,69000.0,0,0,71,4328051.6,4328051.6,60958.473239436615,69000.0,0,0,22,13,3,0,0.04054054054054054,0.0,0.0,0.0,0.0,0.0,0.9594594594594594,916,196729.61818181816,251327.276411889,251327.276411889,22,1.2775263772413339,-0.014043963973382737,1.2851830648814309,0.5006906572001129,0.34088581010471947,2.5365514582793365,0.19137466307277629,2621777.6799999997,0.019432361121015478,0.0
E88,214,214,160,683458.46,683458.46,3193.731121495327,1429.5,0,0,214,683458.46,683458.46,3193.731121495327,1429.5,0,0,32,26,0,0,0.0,0.0,0.0,0.0,0.0,0.0,1.0,944,21358.076875,26312.86897449592,26312.86897449592,32,1.2319868089479344,0.0342731742746895,1.4991592695420952,0.5129207121088237,0.4122467929126147,400,400,115,2998419.93,3071274.97,7678.187425,9106.88,4,1,364,2721179.65,2794034.69,7675.919478021978,9106.88,4,0,35,86,36,0,0.09,0.0,0.01,0.0025,0.01098901098901099,0.0,0.91,1101,79829.56257142857,73472.37253309556,75735.36798451967,35,0.9203654657052038,0.04394144331858109,4.661821725799387,0.12293870266872027,0.04346768992309741,4.088082675865919,1.7009345794392523,2037721.19,0.09,0.01098901098901099
E89,65,65,36,2823442.69,2823442.69,43437.57984615384,800.0,0,0,63,2718420.69,2718420.69,43149.53476190476,800.0,0,0,16,12,2,0,0.03076923076923077,0.0,0.0,0.0,0.0,0.0,0.9692307692307692,1025,169901.293125,671054.0478495118,671054.0478495118,16,3.949670043745948,-0.3473910127098789,0.005195321270480407,0.9881973051051197,0.9765675376364003,172,172,39,2283146.16,2283146.16,13274.10558139535,10000.0,0,0,165,2158396.0,2158396.0,13081.18787878788,10000.0,0,0,23,24,7,0,0.040697674418604654,0.0,0.0,0.0,0.0,0.0,0.9593023255813954,1109,93843.30434782608,102923.40123769219,102923.40123769219,23,1.0967580687079297,0.07274164893323981,1.337209159505259,0.19744662239922608,0.09461584035356595,0.7939889539319244,2.619047619047619,-560024.69,0.009928443649373883,0.0
E9,4293,4293,975,26702370.13,27083413.81,6308.7383671092475,574.0,27,0,4199,26333514.09,26569889.21,6327.67068587759,564.0,26,0,38,738,94,0,0.02189610994642441,0.0,0.006289308176100629,0.0,0.006191950464396285,0.0,0.9781038900535756,1143,699207.6107894738,310155.8840686839,305105.9308691328,38,0.4435819623280238,0.0018140286466900172,1.231562985096965,0.28337366936277114,0.1291498539769881,5906,5906,415,380818065.86,402137074.54,68089.5825499492,77174.20499999999,122,0,5760,369412037.87,390731046.55,67835.25113715278,76603.60500000001,122,0,38,123,146,0,0.024720623095157466,0.0,0.020656959024720624,0.0,0.021180555555555557,0.0,0.9752793769048426,1142,10282395.961842105,3191144.1152619612,3336393.47690543,38,0.3103502459061364,0.004132159386771879,1.1581694109035994,0.14517452452486718,0.05813702036501621,14.7057838089495,1.3717551798047154,343078523.78000003,0.0028245131487330544,0.014988605091159271
E90,139,139,80,787876.57,787876.57,5668.176762589927,1470.0,0,0,135,757788.57,757788.57,5613.248666666666,1470.0,0,0,23,35,4,0,0.02877697841726619,0.0,0.0,0.0,0.0,0.0,0.9712230215827338,978,32947.32913043478,59540.867163861025,59540.867163861025,23,1.8071530753872465,0.13364144955966475,9.91430637780409,0.22139024873389157,0.12043028794953418,261,261,120,4833004.16,5081609.76,19469.7691954023,4917.0,6,39,187,3443969.33,3692574.93,19746.39,5777.0,6,0,32,49,74,0,0.2835249042145594,0.0,0.022988505747126436,0.14942528735632185,0.03208556149732621,0.0,0.7164750957854407,981,115392.9665625,156002.5990029501,147410.3734101011,32,1.3519246766089057,0.05403082814795466,4.100499451027994,0.5060158955257815,0.3238791518411551,4.872830069210466,1.385185185185185,2686180.7600000002,0.2547479257972932,0.03208556149732621
E91,177,177,137,1615182.18,1651182.18,9328.712881355932,6000.0,1,0,168,1493945.65,1529945.65,9106.819345238095,5262.5,1,0,36,35,9,0,0.05084745762711865,0.0,0.005649717514124294,0.0,0.005952380952380952,0.0,0.9491525423728814,1099,42498.490277777775,31240.66573094887,31635.38486114691,36,0.735100600674383,-0.005897069530834546,1.7134531752715336,0.37481527530079256,0.17935334539661604,129,129,82,2862281.4,2879221.4,22319.54573643411,17800.0,1,0,123,2694565.5,2711505.5,22044.760162601626,17800.0,1,0,37,73,6,0,0.046511627906976744,0.0,0.007751937984496124,0.0,0.008130081300813009,0.0,0.9534883720930233,1105,73283.93243243243,21690.290148462154,21858.312796990558,37,0.29597606772071816,0.007607107900861982,1.2099934487439143,0.10953324638286738,0.036464215254248894,1.7722887737874873,0.7321428571428571,1200619.85,-0.004335829720141904,0.002177700348432057
E92,213,213,161,159766.41,159766.41,750.0770422535212,310.0,0,0,212,159392.41,159392.41,751.8509905660378,310.0,0,0,30,89,1,0,0.004694835680751174,0.0,0.0,0.0,0.0,0.0,0.9953051643192489,924,5313.080333333333,6509.598356394106,6509.598356394106,30,1.2252023210629865,-0.004618815944070736,2.59106308411215,0.1769218496664929,0.05606064484991597,39,39,19,2509840.0,2761840.0,70816.41025641025,72000.0,2,0,36,2275840.0,2527840.0,70217.77777777778,71000.0,2,0,12,13,3,0,0.07692307692307693,0.0,0.05128205128205128,0.0,0.05555555555555555,0.0,0.9230769230769231,1087,210653.33333333334,243921.2673769712,262046.26785544894,12,1.1579274038402962,0.12717543865084843,2.7647610121836927,0.5797835306032028,0.3681136357265476,15.859224413508773,0.16981132075471697,2116447.59,0.07222824124232576,0.05555555555555555
E93,213,213,168,335386.83,347686.83,1632.3325352112677,325.0,1,0,208,302914.83,315214.83,1515.4559134615386,316.0,1,0,29,65,5,0,0.023474178403755867,0.0,0.004694835680751174,0.0,0.004807692307692308,0.0,0.9765258215962441,919,10869.476896551725,14407.459315685128,14530.12825038138,29,1.325497027391981,0.04090990443383826,4.68534255599473,0.3710644578492706,0.16133797597818983,148,148,78,1584737.0,1673509.0,11307.493243243243,8000.0,5,1,141,1520337.0,1609109.0,11412.120567375887,8000.0,5,0,35,28,7,0,0.0472972972972973,0.0,0.033783783783783786,0.006756756756756757,0.03546099290780142,0.0,0.9527027027027027,1108,45974.54285714286,51020.65546212509,51398.786754278204,35,1.10975884242421,0.03547967034100555,1.621165899384325,0.21994905255020014,0.11480734557008494,5.104801065355967,0.6778846153846154,1217422.17,0.023823118893541433,0.030653300600109113
E94,4,4,4,16346.0,16346.0,4086.5,305.0,0,0,4,16346.0,16346.0,4086.5,305.0,0,0,3,4,0,0,0.0,0.0,0.0,0.0,0.0,0.0,1.0,658,5448.666666666667,8909.127080322367,8909.127080322367,3,1.6351022415861434,-0.004588278477914519,1.0,0.945552428728741,0.8950638125322719,196,196,68,1208913.49,1388913.49,7086.293316326531,9903.0,9,0,178,1084795.89,1264795.89,7105.594887640449,9999.0,9,0,24,56,18,0,0.09183673469387756,0.0,0.04591836734693878,0.0,0.05056179775280899,0.0,0.9081632653061225,973,52699.82875000001,74580.86730345544,70141.15302852108,24,1.4152013217586674,0.10809730473414654,2.895554178607389,0.22697417209349088,0.13976637990282875,77.37647681389942,44.5,1068449.89,0.09183673469387756,0.05056179775280899
E95,4,4,3,1138.0,1138.0,284.5,280.0,0,0,4,1138.0,1138.0,284.5,280.0,0,0,3,1,0,0,0.0,0.0,0.0,0.0,0.0,0.0,1.0,724,379.3333333333333,172.05038021850848,172.05038021850848,3,0.45355987755318583,-0.39279437609841866,1.0,1.0,1.0,913,913,359,2527622.45,2527622.45,2768.480230010953,1280.0,0,1,864,2380080.45,2380080.45,2754.722743055556,1200.0,0,0,35,485,49,0,0.05366922234392114,0.0,0.0,0.001095290251916758,0.0,0.0,0.9463307776560789,1111,68002.29857142858,52519.51551565885,52519.51551565885,35,0.7723197100535235,-0.008168602567408935,0.2689577016986296,0.1603391179487231,0.03414053093362807,2091.4590949033395,216.0,2378942.45,0.05366922234392114,0.0
E96,11,11,11,2435469.96,2435469.96,221406.36,350.0,0,0,11,2435469.96,2435469.96,221406.36,350.0,0,0,7,6,0,0,0.0,0.0,0.0,0.0,0.0,0.0,1.0,702,347924.27999999997,916536.7642443384,916536.7642443384,7,2.634299521276119,0.247046992934374,318.0935295166008,0.9962865647499097,0.9925939087894139,20,20,4,1579350.0,1579350.0,78967.5,86825.0,0,0,18,1481350.0,1481350.0,82297.22222222222,93175.0,0,0,4,3,2,0,0.1,0.0,0.0,0.0,0.0,0.0,0.9,582,370337.5,357989.6259553713,357989.6259553713,4,0.9666577809575625,0.7215175346812029,2.2935948759007205,0.8565497687919803,0.7469536998686117,0.6082398979784583,1.6363636363636365,-954119.96,0.1,0.0
E97,9,9,9,19880.0,19880.0,2208.8888888888887,3000.0,0,0,9,19880.0,19880.0,2208.8888888888887,3000.0,0,0,9,2,0,0,0.0,0.0,0.0,0.0,0.0,0.0,1.0,493,2208.8888888888887,1472.4846726234916,1472.4846726234916,9,0.666617809537798,-0.018108651911468807,1.1587301587301588,0.9859154929577465,0.9722277325927395,264,264,117,1009316.9,1032936.9,3912.639772727273,2500.0,4,3,255,1000542.9,1024162.9,4016.325098039216,2810.0,4,0,19,63,9,0,0.03409090909090909,0.0,0.015151515151515152,0.011363636363636364,0.01568627450980392,0.0,0.9659090909090909,564,53903.31052631579,40622.11470162657,40553.29380153655,19,0.7536107579476905,0.05647419630867968,2.6022932482817485,0.20779604494558435,0.11151899008411378,51.517248490945676,28.333333333333332,980662.9,0.03409090909090909,0.01568627450980392
E98,51,51,39,209488.97999999998,213482.97999999998,4185.940784313725,956.0,1,0,50,209282.97999999998,213276.97999999998,4265.5396,977.5,1,0,20,27,1,0,0.0196078431372549,0.0,0.0196078431372549,0.0,0.02,0.0,0.9803921568627451,919,10663.849,22593.462870779076,22610.864301812016,20,2.118696811140056,0.1349805027479403,11.757053418977153,0.46887385595951336,0.2624466265875217,153,153,94,1814882.0,2000206.0,13073.241830065359,7425.0,6,0,133,1445110.8,1630434.8,12258.908270676691,7000.0,6,0,31,25,20,0,0.13071895424836602,0.0,0.0392156862745098,0.0,0.045112781954887216,0.0,0.869281045751634,1091,52594.670967741935,63329.92311935537,59640.44333414314,31,1.2041129253988057,0.010699346119206964,3.7889694297581906,0.2744948770720546,0.1671773396750808,7.64468251566578,2.66,1235827.82,0.11111111111111112,0.025112781954887215
E99,880,880,439,7002019.61,7245888.41,8233.964102272728,348.22,11,0,871,4536061.6,4779930.4,5487.864982778416,345.0,11,0,25,81,9,0,0.010227272727272727,0.0,0.0125,0.0,0.012629161882893225,0.0,0.9897727272727272,778,191197.21600000001,459078.1107430248,460187.0752624426,25,2.401071105256181,0.029012705716062622,2.6395202559327204,0.46866020894362814,0.2415305012626281,8,8,6,1551062.66,1551062.66,193882.8325,189601.72999999998,0,0,5,1235004.7999999998,1235004.7999999998,247000.95999999996,229203.46,0,0,4,2,3,0,0.375,0.0,0.0,0.0,0.0,0.0,0.625,505,308751.19999999995,97154.97842051876,97154.97842051876,4,0.3146707718723645,0.03605301615022066,1.114775308458072,0.730560561384053,0.6063163449314594,0.2583729671042908,0.0057405281285878304,-3301056.8,0.36477272727272725,-0.012629161882893225
