model,repeat_id,fold_id,feature,imputation_median,winsor_lower_bound,winsor_upper_bound,log_transform,scaler,scaler_center,scaler_scale
elastic_net_logistic,1,1,active_month_ratio,0.8292682927,-inf,inf,none,RobustScaler,0.8292682927,0.1951219512
elastic_net_logistic,1,1,customer_count,32,2,3310.82,nonnegative_log1p,RobustScaler,3.496048214,2.090248685
elastic_net_logistic,1,1,customer_hhi,0.1452465274,-inf,inf,none,RobustScaler,0.1452465274,0.2645300614
elastic_net_logistic,1,1,invoice_activity_per_month,20.53658537,0.4775609756,693.8221951,nonnegative_log1p,RobustScaler,3.069521578,2.040518177
elastic_net_logistic,1,1,operating_net_inflow_proxy_10k,350.4208925,-422.4715021,64544.28895,signed_log1p,RobustScaler,5.861128947,3.123224241
elastic_net_logistic,1,1,purchase_return_rate,0.002165928039,-0,0.2355319694,nonnegative_log1p,RobustScaler,0.0021635853,0.008203197596
elastic_net_logistic,1,1,purchase_sales_ratio,0.3980802338,0.0004294868193,7.915892699,nonnegative_log1p,RobustScaler,0.3350962538,0.520179841
elastic_net_logistic,1,1,purchase_scale_10k,385.50322,0.05516,26094.97629,nonnegative_log1p,RobustScaler,5.95676353,4.44128287
elastic_net_logistic,1,1,sales_growth_trend,0.02945299267,-0.08518361983,0.1518105179,none,RobustScaler,0.02945299267,0.05702158053
elastic_net_logistic,1,1,sales_monthly_cv,1.505105525,0.4382397344,4.241425575,nonnegative_log1p,RobustScaler,0.918330592,0.4754992541
elastic_net_logistic,1,1,sales_return_rate,0.008600193253,-0,0.4314900722,nonnegative_log1p,RobustScaler,0.008563358343,0.02171253265
elastic_net_logistic,1,1,sales_scale_10k,1047.255144,5.658626,93208.36838,nonnegative_log1p,RobustScaler,6.954026528,3.030699112
elastic_net_logistic,1,1,supplier_count,70,1,1632.62,nonnegative_log1p,RobustScaler,4.262679877,2.616325766
elastic_net_logistic,1,1,supplier_hhi,0.1685143369,-inf,inf,none,RobustScaler,0.1685143369,0.3965605511
elastic_net_logistic,1,1,void_invoice_rate,0.05989142359,-inf,inf,none,RobustScaler,0.05989142359,0.04922537285
elastic_net_logistic,1,2,active_month_ratio,0.8292682927,-inf,inf,none,RobustScaler,0.8292682927,0.1951219512
elastic_net_logistic,1,2,customer_count,37.5,1.97,2686.33,nonnegative_log1p,RobustScaler,3.650573903,2.247240305
elastic_net_logistic,1,2,customer_hhi,0.1407224965,-inf,inf,none,RobustScaler,0.1407224965,0.2365779527
elastic_net_logistic,1,2,invoice_activity_per_month,21.62195122,0.7141463415,743.0556097,nonnegative_log1p,RobustScaler,3.118856644,2.058023246
elastic_net_logistic,1,2,operating_net_inflow_proxy_10k,425.542592,-6138.128274,57351.52832,signed_log1p,RobustScaler,6.052576317,3.748602439
elastic_net_logistic,1,2,purchase_return_rate,0.001887450633,-0,0.2355319694,nonnegative_log1p,RobustScaler,0.001885671269,0.01027388326
elastic_net_logistic,1,2,purchase_sales_ratio,0.3609068459,0.0004675177045,6.923148934,nonnegative_log1p,RobustScaler,0.3081088814,0.5159067882
elastic_net_logistic,1,2,purchase_scale_10k,420.348231,0.07346,53069.77397,nonnegative_log1p,RobustScaler,6.037607423,4.5511124
elastic_net_logistic,1,2,sales_growth_trend,0.02775164782,-0.08518361983,0.2099736851,none,RobustScaler,0.02775164782,0.05792469706
elastic_net_logistic,1,2,sales_monthly_cv,1.341198911,0.4382397344,4.241425575,nonnegative_log1p,RobustScaler,0.8506629726,0.4226172848
elastic_net_logistic,1,2,sales_return_rate,0.00529165042,-0,0.4314900722,nonnegative_log1p,RobustScaler,0.005277698824,0.02204999972
elastic_net_logistic,1,2,sales_scale_10k,1695.873314,5.658626,223577.0781,nonnegative_log1p,RobustScaler,7.400750142,3.064451085
elastic_net_logistic,1,2,supplier_count,78,1,2627.84,nonnegative_log1p,RobustScaler,4.369367731,2.583004097
elastic_net_logistic,1,2,supplier_hhi,0.1793778391,-inf,inf,none,RobustScaler,0.1793778391,0.4646906077
elastic_net_logistic,1,2,void_invoice_rate,0.05745215493,-inf,inf,none,RobustScaler,0.05745215493,0.05247721997
elastic_net_logistic,1,3,active_month_ratio,0.8414634146,-inf,inf,none,RobustScaler,0.8414634146,0.1951219512
elastic_net_logistic,1,3,customer_count,40,1.97,2815.15,nonnegative_log1p,RobustScaler,3.712380881,2.199415682
elastic_net_logistic,1,3,customer_hhi,0.1292875832,-inf,inf,none,RobustScaler,0.1292875832,0.2347027444
elastic_net_logistic,1,3,invoice_activity_per_month,20.48780488,0.7007317073,743.0556097,nonnegative_log1p,RobustScaler,3.067201388,2.340775743
elastic_net_logistic,1,3,operating_net_inflow_proxy_10k,334.1446355,-9124.623188,53496.33198,signed_log1p,RobustScaler,5.814548636,3.83739389
elastic_net_logistic,1,3,purchase_return_rate,0.002372072731,-0,0.2355319694,nonnegative_log1p,RobustScaler,0.002369254655,0.00926791228
elastic_net_logistic,1,3,purchase_sales_ratio,0.4130951849,0.0004294868193,10.85553579,nonnegative_log1p,RobustScaler,0.3456933996,0.5298114028
elastic_net_logistic,1,3,purchase_scale_10k,302.2778415,0.07262,53069.77397,nonnegative_log1p,RobustScaler,5.709887819,4.439142989
elastic_net_logistic,1,3,sales_growth_trend,0.02625748132,-0.06858113867,0.1314216925,none,RobustScaler,0.02625748132,0.04984284941
elastic_net_logistic,1,3,sales_monthly_cv,1.302421593,0.4382397344,4.11908834,nonnegative_log1p,RobustScaler,0.8339596647,0.4631000515
elastic_net_logistic,1,3,sales_return_rate,0.008310196087,-0,0.4314900722,nonnegative_log1p,RobustScaler,0.008275854069,0.03020720402
elastic_net_logistic,1,3,sales_scale_10k,1083.736198,6.2009142,101290.1859,nonnegative_log1p,RobustScaler,6.986376743,3.124073413
elastic_net_logistic,1,3,supplier_count,70,1,2627.84,nonnegative_log1p,RobustScaler,4.262679877,2.506231801
elastic_net_logistic,1,3,supplier_hhi,0.1749491597,-inf,inf,none,RobustScaler,0.1749491597,0.4009133253
elastic_net_logistic,1,3,void_invoice_rate,0.0605116639,-inf,inf,none,RobustScaler,0.0605116639,0.05038297663
elastic_net_logistic,1,4,active_month_ratio,0.8536585366,-inf,inf,none,RobustScaler,0.8536585366,0.1951219512
elastic_net_logistic,1,4,customer_count,37,1.98,3267.88,nonnegative_log1p,RobustScaler,3.63758616,2.054516044
elastic_net_logistic,1,4,customer_hhi,0.1396982701,-inf,inf,none,RobustScaler,0.1396982701,0.2396686143
elastic_net_logistic,1,4,invoice_activity_per_month,21,0.4809756097,740.3785365,nonnegative_log1p,RobustScaler,3.091042453,2.142267865
elastic_net_logistic,1,4,operating_net_inflow_proxy_10k,364.952475,-7219.404265,63259.22351,signed_log1p,RobustScaler,5.902503475,3.575633087
elastic_net_logistic,1,4,purchase_return_rate,0.002197536572,-0,0.1010596232,nonnegative_log1p,RobustScaler,0.00219512552,0.009016197198
elastic_net_logistic,1,4,purchase_sales_ratio,0.3942360391,0.0004326338796,10.8543751,nonnegative_log1p,RobustScaler,0.332346623,0.5444691994
elastic_net_logistic,1,4,purchase_scale_10k,272.752425,0.05544,39805.83715,nonnegative_log1p,RobustScaler,5.61222414,4.158728887
elastic_net_logistic,1,4,sales_growth_trend,0.02812555332,-0.06877381981,0.2098899201,none,RobustScaler,0.02812555332,0.0532046072
elastic_net_logistic,1,4,sales_monthly_cv,1.34260565,0.5108969086,4.106696493,nonnegative_log1p,RobustScaler,0.8512638355,0.3788526033
elastic_net_logistic,1,4,sales_return_rate,0.007826077593,-0,0.4286841204,nonnegative_log1p,RobustScaler,0.007795612692,0.02190556299
elastic_net_logistic,1,4,sales_scale_10k,1163.565686,6.2678788,220883.1389,nonnegative_log1p,RobustScaler,7.060103495,3.077843435
elastic_net_logistic,1,4,supplier_count,76,1,2617.56,nonnegative_log1p,RobustScaler,4.343805422,2.409470948
elastic_net_logistic,1,4,supplier_hhi,0.1666348242,-inf,inf,none,RobustScaler,0.1666348242,0.3463879894
elastic_net_logistic,1,4,void_invoice_rate,0.05833333333,-inf,inf,none,RobustScaler,0.05833333333,0.04277913285
elastic_net_logistic,1,5,active_month_ratio,0.8780487805,-inf,inf,none,RobustScaler,0.8780487805,0.1829268292
elastic_net_logistic,1,5,customer_count,37,1.98,3267.88,nonnegative_log1p,RobustScaler,3.63758616,2.204850678
elastic_net_logistic,1,5,customer_hhi,0.1281455695,-inf,inf,none,RobustScaler,0.1281455695,0.2796078922
elastic_net_logistic,1,5,invoice_activity_per_month,21.87804878,0.4809756097,685.2834146,nonnegative_log1p,RobustScaler,3.130177882,2.169526321
elastic_net_logistic,1,5,operating_net_inflow_proxy_10k,336.768119,-7219.404265,63259.22351,signed_log1p,RobustScaler,5.822359622,3.204009207
elastic_net_logistic,1,5,purchase_return_rate,0.002236460409,-0,0.1068147536,nonnegative_log1p,RobustScaler,0.002233963254,0.009985096581
elastic_net_logistic,1,5,purchase_sales_ratio,0.4019244285,0.0004773509563,10.8543751,nonnegative_log1p,RobustScaler,0.3378458845,0.5286997284
elastic_net_logistic,1,5,purchase_scale_10k,396.109578,0.05544,46181.81304,nonnegative_log1p,RobustScaler,5.984212258,4.168091876
elastic_net_logistic,1,5,sales_growth_trend,0.0291075612,-0.08500446982,0.2098899201,none,RobustScaler,0.0291075612,0.05557207098
elastic_net_logistic,1,5,sales_monthly_cv,1.298088761,0.4386127806,4.237715362,nonnegative_log1p,RobustScaler,0.832077804,0.4564945078
elastic_net_logistic,1,5,sales_return_rate,0.006365519913,-0,0.2611008106,nonnegative_log1p,RobustScaler,0.006345345559,0.02181805731
elastic_net_logistic,1,5,sales_scale_10k,2017.863344,5.679084,220883.1389,nonnegative_log1p,RobustScaler,7.610289931,3.160341638
elastic_net_logistic,1,5,supplier_count,79,1,1591.52,nonnegative_log1p,RobustScaler,4.382026635,2.38754663
elastic_net_logistic,1,5,supplier_hhi,0.1796872571,-inf,inf,none,RobustScaler,0.1796872571,0.40610173
elastic_net_logistic,1,5,void_invoice_rate,0.05833333333,-inf,inf,none,RobustScaler,0.05833333333,0.0462989989
elastic_net_logistic,2,1,active_month_ratio,0.8536585366,-inf,inf,none,RobustScaler,0.8536585366,0.2134146341
elastic_net_logistic,2,1,customer_count,35.5,1.97,2815.15,nonnegative_log1p,RobustScaler,3.596467111,2.168825001
elastic_net_logistic,2,1,customer_hhi,0.1362590115,-inf,inf,none,RobustScaler,0.1362590115,0.2386025934
elastic_net_logistic,2,1,invoice_activity_per_month,21.26829268,0.4775609756,743.0556097,nonnegative_log1p,RobustScaler,3.103154217,2.273142951
elastic_net_logistic,2,1,operating_net_inflow_proxy_10k,355.641291,-9124.623188,64544.28895,signed_log1p,RobustScaler,5.875328304,4.070217481
elastic_net_logistic,2,1,purchase_return_rate,0.002646279095,-0,0.2355319694,nonnegative_log1p,RobustScaler,0.002642774309,0.00926791228
elastic_net_logistic,2,1,purchase_sales_ratio,0.3047292098,0.0004769588854,10.85553579,nonnegative_log1p,RobustScaler,0.2659869305,0.5352158798
elastic_net_logistic,2,1,purchase_scale_10k,349.921655,0.05516,53069.77397,nonnegative_log1p,RobustScaler,5.859228339,4.836507983
elastic_net_logistic,2,1,sales_growth_trend,0.02726064388,-0.06186013554,0.2099736851,none,RobustScaler,0.02726064388,0.05863334924
elastic_net_logistic,2,1,sales_monthly_cv,1.387105245,0.4382397344,4.241425575,nonnegative_log1p,RobustScaler,0.8699903581,0.4825900181
elastic_net_logistic,2,1,sales_return_rate,0.007638846472,-0,0.4314900722,nonnegative_log1p,RobustScaler,0.007609800956,0.02933960675
elastic_net_logistic,2,1,sales_scale_10k,1633.868582,5.658626,223577.0781,nonnegative_log1p,RobustScaler,7.370943787,3.551162349
elastic_net_logistic,2,1,supplier_count,73,1,2627.84,nonnegative_log1p,RobustScaler,4.303242649,2.485558015
elastic_net_logistic,2,1,supplier_hhi,0.1749491597,-inf,inf,none,RobustScaler,0.1749491597,0.4494308874
elastic_net_logistic,2,1,void_invoice_rate,0.05593065127,-inf,inf,none,RobustScaler,0.05593065127,0.04530086389
elastic_net_logistic,2,2,active_month_ratio,0.8536585366,-inf,inf,none,RobustScaler,0.8536585366,0.1951219512
elastic_net_logistic,2,2,customer_count,38.5,1.97,3310.82,nonnegative_log1p,RobustScaler,3.67622055,2.114379077
elastic_net_logistic,2,2,customer_hhi,0.1292875832,-inf,inf,none,RobustScaler,0.1292875832,0.2439735597
elastic_net_logistic,2,2,invoice_activity_per_month,21.08536585,0.4775609756,743.0556097,nonnegative_log1p,RobustScaler,3.09490774,2.185852195
elastic_net_logistic,2,2,operating_net_inflow_proxy_10k,383.1649965,-6138.128274,53496.33198,signed_log1p,RobustScaler,5.95081855,3.147874047
elastic_net_logistic,2,2,purchase_return_rate,0.002510666773,-0,0.2355319694,nonnegative_log1p,RobustScaler,0.002507482908,0.01146914251
elastic_net_logistic,2,2,purchase_sales_ratio,0.3980802338,0.0004294868193,6.828857758,nonnegative_log1p,RobustScaler,0.3350962538,0.5073522142
elastic_net_logistic,2,2,purchase_scale_10k,349.921655,0.05516,43795.41731,nonnegative_log1p,RobustScaler,5.859228339,4.405391934
elastic_net_logistic,2,2,sales_growth_trend,0.03130524528,-0.08518361983,0.1520618129,none,RobustScaler,0.03130524528,0.05610456921
elastic_net_logistic,2,2,sales_monthly_cv,1.328194259,0.4382397344,4.107957702,nonnegative_log1p,RobustScaler,0.8450805631,0.4536790995
elastic_net_logistic,2,2,sales_return_rate,0.009799665738,-0,0.4314900722,nonnegative_log1p,RobustScaler,0.009751615391,0.02709977998
elastic_net_logistic,2,2,sales_scale_10k,1633.868582,5.658626,101290.1859,nonnegative_log1p,RobustScaler,7.370943787,3.13877602
elastic_net_logistic,2,2,supplier_count,79.5,1,2627.84,nonnegative_log1p,RobustScaler,4.388237895,2.723511773
elastic_net_logistic,2,2,supplier_hhi,0.1653492901,-inf,inf,none,RobustScaler,0.1653492901,0.4009133253
elastic_net_logistic,2,2,void_invoice_rate,0.05848262758,-inf,inf,none,RobustScaler,0.05848262758,0.051197348
elastic_net_logistic,2,3,active_month_ratio,0.8292682927,-inf,inf,none,RobustScaler,0.8292682927,0.2134146341
elastic_net_logistic,2,3,customer_count,34,1.97,2686.33,nonnegative_log1p,RobustScaler,3.554939732,2.392435993
elastic_net_logistic,2,3,customer_hhi,0.1452465274,-inf,inf,none,RobustScaler,0.1452465274,0.2614752589
elastic_net_logistic,2,3,invoice_activity_per_month,17.23170732,0.4775609756,743.0556097,nonnegative_log1p,RobustScaler,2.903043881,2.14035871
elastic_net_logistic,2,3,operating_net_inflow_proxy_10k,369.733469,-9124.623188,57351.52832,signed_log1p,RobustScaler,5.915400231,3.428571871
elastic_net_logistic,2,3,purchase_return_rate,0.001078352128,-0,0.1119923857,nonnegative_log1p,RobustScaler,0.001077770606,0.008776473839
elastic_net_logistic,2,3,purchase_sales_ratio,0.3609068459,0.0004294868193,10.85553579,nonnegative_log1p,RobustScaler,0.3081088814,0.517551396
elastic_net_logistic,2,3,purchase_scale_10k,258.669777,0.05516,53069.77397,nonnegative_log1p,RobustScaler,5.559396228,4.364140033
elastic_net_logistic,2,3,sales_growth_trend,0.02861655726,-0.0691185887,0.2099736851,none,RobustScaler,0.02861655726,0.04816302313
elastic_net_logistic,2,3,sales_monthly_cv,1.328194259,0.509823437,4.241425575,nonnegative_log1p,RobustScaler,0.8450805631,0.4871999515
elastic_net_logistic,2,3,sales_return_rate,0.007638846472,-0,0.4314900722,nonnegative_log1p,RobustScaler,0.007609800956,0.02619253067
elastic_net_logistic,2,3,sales_scale_10k,1047.255144,5.658626,223577.0781,nonnegative_log1p,RobustScaler,6.954026528,3.088011572
elastic_net_logistic,2,3,supplier_count,69,1,2627.84,nonnegative_log1p,RobustScaler,4.248393191,2.533780642
elastic_net_logistic,2,3,supplier_hhi,0.1815613826,-inf,inf,none,RobustScaler,0.1815613826,0.4702644687
elastic_net_logistic,2,3,void_invoice_rate,0.05771708749,-inf,inf,none,RobustScaler,0.05771708749,0.05155794333
elastic_net_logistic,2,4,active_month_ratio,0.8536585366,-inf,inf,none,RobustScaler,0.8536585366,0.1951219512
elastic_net_logistic,2,4,customer_count,39,1.98,3267.88,nonnegative_log1p,RobustScaler,3.688879454,2.164829325
elastic_net_logistic,2,4,customer_hhi,0.1304295969,-inf,inf,none,RobustScaler,0.1304295969,0.2350318555
elastic_net_logistic,2,4,invoice_activity_per_month,23.26829268,0.7268292683,507.8682927,nonnegative_log1p,RobustScaler,3.18917067,2.069958873
elastic_net_logistic,2,4,operating_net_inflow_proxy_10k,332.399961,-7219.404265,63259.22351,signed_log1p,RobustScaler,5.809342853,3.374756381
elastic_net_logistic,2,4,purchase_return_rate,0.0019928926,-0,0.2342306267,nonnegative_log1p,RobustScaler,0.001990909424,0.008286775573
elastic_net_logistic,2,4,purchase_sales_ratio,0.3942360391,0.0004710568358,10.8543751,nonnegative_log1p,RobustScaler,0.332346623,0.5283454204
elastic_net_logistic,2,4,purchase_scale_10k,374.896862,0.07308,46181.81304,nonnegative_log1p,RobustScaler,5.929314803,3.89408432
elastic_net_logistic,2,4,sales_growth_trend,0.02633152953,-0.08500446982,0.2098899201,none,RobustScaler,0.02633152953,0.05470011911
elastic_net_logistic,2,4,sales_monthly_cv,1.34260565,0.4386127806,3.824846135,nonnegative_log1p,RobustScaler,0.8512638355,0.4254825453
elastic_net_logistic,2,4,sales_return_rate,0.006438001467,-0,0.4286841204,nonnegative_log1p,RobustScaler,0.006417366055,0.02067636932
elastic_net_logistic,2,4,sales_scale_10k,1226.472282,11.3257611,220883.1389,nonnegative_log1p,RobustScaler,7.112712279,2.989222413
elastic_net_logistic,2,4,supplier_count,68,1,1516.12,nonnegative_log1p,RobustScaler,4.234106505,2.471808378
elastic_net_logistic,2,4,supplier_hhi,0.1796872571,-inf,inf,none,RobustScaler,0.1796872571,0.3853080679
elastic_net_logistic,2,4,void_invoice_rate,0.05946239479,-inf,inf,none,RobustScaler,0.05946239479,0.04471247218
elastic_net_logistic,2,5,active_month_ratio,0.8536585366,-inf,inf,none,RobustScaler,0.8536585366,0.1707317073
elastic_net_logistic,2,5,customer_count,35,2,3267.88,nonnegative_log1p,RobustScaler,3.583518938,2.092875514
elastic_net_logistic,2,5,customer_hhi,0.1396982701,-inf,inf,none,RobustScaler,0.1396982701,0.2751451724
elastic_net_logistic,2,5,invoice_activity_per_month,21.87804878,0.696097561,740.3785365,nonnegative_log1p,RobustScaler,3.130177882,2.067792541
elastic_net_logistic,2,5,operating_net_inflow_proxy_10k,374.514463,-391.6828947,63259.22351,signed_log1p,RobustScaler,5.928296987,3.708913048
elastic_net_logistic,2,5,purchase_return_rate,0.002784873137,-0,0.09845693783,nonnegative_log1p,RobustScaler,0.002781002562,0.009985096581
elastic_net_logistic,2,5,purchase_sales_ratio,0.4957627738,0.0004326338796,10.8543751,nonnegative_log1p,RobustScaler,0.4026362933,0.514929837
elastic_net_logistic,2,5,purchase_scale_10k,465.7996,0.07364,26029.91531,nonnegative_log1p,RobustScaler,6.145900044,3.950234828
elastic_net_logistic,2,5,sales_growth_trend,0.02639573445,-0.08500446982,0.1512134883,none,RobustScaler,0.02639573445,0.05152535083
elastic_net_logistic,2,5,sales_monthly_cv,1.34260565,0.4556173862,4.237715362,nonnegative_log1p,RobustScaler,0.8512638355,0.4117042452
elastic_net_logistic,2,5,sales_return_rate,0.005296393897,-0,0.2230209435,nonnegative_log1p,RobustScaler,0.005282417331,0.02003412015
elastic_net_logistic,2,5,sales_scale_10k,1226.472282,5.679084,91947.67877,nonnegative_log1p,RobustScaler,7.112712279,2.988422889
elastic_net_logistic,2,5,supplier_count,81,1,2617.56,nonnegative_log1p,RobustScaler,4.406719247,2.430663969
elastic_net_logistic,2,5,supplier_hhi,0.164063756,-inf,inf,none,RobustScaler,0.164063756,0.3325637302
elastic_net_logistic,2,5,void_invoice_rate,0.06195069668,-inf,inf,none,RobustScaler,0.06195069668,0.04601613354
elastic_net_logistic,3,1,active_month_ratio,0.8536585366,-inf,inf,none,RobustScaler,0.8536585366,0.1951219512
elastic_net_logistic,3,1,customer_count,31.5,1.97,2686.33,nonnegative_log1p,RobustScaler,3.480173865,2.096577837
elastic_net_logistic,3,1,customer_hhi,0.1407224965,-inf,inf,none,RobustScaler,0.1407224965,0.2514227362
elastic_net_logistic,3,1,invoice_activity_per_month,20.53658537,0.4775609756,743.0556097,nonnegative_log1p,RobustScaler,3.069521578,1.967194593
elastic_net_logistic,3,1,operating_net_inflow_proxy_10k,420.9633175,-322.1880725,64544.28895,signed_log1p,RobustScaler,6.042526887,3.511893081
elastic_net_logistic,3,1,purchase_return_rate,0.002165928039,-0,0.2355319694,nonnegative_log1p,RobustScaler,0.0021635853,0.008776473839
elastic_net_logistic,3,1,purchase_sales_ratio,0.3932499416,0.0004294868193,7.91937477,nonnegative_log1p,RobustScaler,0.3316388551,0.4920447052
elastic_net_logistic,3,1,purchase_scale_10k,371.468457,0.05516,26094.97629,nonnegative_log1p,RobustScaler,5.920109991,3.779869277
elastic_net_logistic,3,1,sales_growth_trend,0.03048130521,-0.08518361983,0.1293793086,none,RobustScaler,0.03048130521,0.05435608169
elastic_net_logistic,3,1,sales_monthly_cv,1.346930609,0.4550708236,4.107957702,nonnegative_log1p,RobustScaler,0.8531037249,0.4401499116
elastic_net_logistic,3,1,sales_return_rate,0.007195157011,-0,0.4314900722,nonnegative_log1p,RobustScaler,0.00716936295,0.02073881691
elastic_net_logistic,3,1,sales_scale_10k,1633.868582,5.658626,93208.36838,nonnegative_log1p,RobustScaler,7.370943787,2.913320729
elastic_net_logistic,3,1,supplier_count,73,1,2627.84,nonnegative_log1p,RobustScaler,4.303242649,2.487260626
elastic_net_logistic,3,1,supplier_hhi,0.1685143369,-inf,inf,none,RobustScaler,0.1685143369,0.3631729088
elastic_net_logistic,3,1,void_invoice_rate,0.05693869921,-inf,inf,none,RobustScaler,0.05693869921,0.04530086389
elastic_net_logistic,3,2,active_month_ratio,0.8292682927,-inf,inf,none,RobustScaler,0.8292682927,0.1951219512
elastic_net_logistic,3,2,customer_count,34.5,1.97,3310.82,nonnegative_log1p,RobustScaler,3.5694335,2.392435993
elastic_net_logistic,3,2,customer_hhi,0.1426870649,-inf,inf,none,RobustScaler,0.1426870649,0.274900941
elastic_net_logistic,3,2,invoice_activity_per_month,21.26829268,0.4775609756,743.0556097,nonnegative_log1p,RobustScaler,3.103154217,2.197962363
elastic_net_logistic,3,2,operating_net_inflow_proxy_10k,369.733469,-9124.623188,57351.52832,signed_log1p,RobustScaler,5.915400231,3.990623195
elastic_net_logistic,3,2,purchase_return_rate,0.002165928039,-0,0.2355319694,nonnegative_log1p,RobustScaler,0.0021635853,0.008793027408
elastic_net_logistic,3,2,purchase_sales_ratio,0.4103657401,0.0004769588854,10.85553579,nonnegative_log1p,RobustScaler,0.3438311493,0.5254482388
elastic_net_logistic,3,2,purchase_scale_10k,385.50322,0.05516,53069.77397,nonnegative_log1p,RobustScaler,5.95676353,3.865244162
elastic_net_logistic,3,2,sales_growth_trend,0.02980675952,-0.06136327891,0.2099736851,none,RobustScaler,0.02980675952,0.06243612738
elastic_net_logistic,3,2,sales_monthly_cv,1.308358753,0.4561899622,4.241425575,nonnegative_log1p,RobustScaler,0.8365365342,0.4480475144
elastic_net_logistic,3,2,sales_return_rate,0.007872384321,-0,0.4314900722,nonnegative_log1p,RobustScaler,0.007841557722,0.0224627243
elastic_net_logistic,3,2,sales_scale_10k,2079.868076,5.658626,223577.0781,nonnegative_log1p,RobustScaler,7.640096286,2.957077043
elastic_net_logistic,3,2,supplier_count,69,1,2627.84,nonnegative_log1p,RobustScaler,4.248393191,2.431129458
elastic_net_logistic,3,2,supplier_hhi,0.160226257,-inf,inf,none,RobustScaler,0.160226257,0.4052303502
elastic_net_logistic,3,2,void_invoice_rate,0.0605116639,-inf,inf,none,RobustScaler,0.0605116639,0.04676743909
elastic_net_logistic,3,3,active_month_ratio,0.8536585366,-inf,inf,none,RobustScaler,0.8536585366,0.1707317073
elastic_net_logistic,3,3,customer_count,44,1.97,3310.82,nonnegative_log1p,RobustScaler,3.806415515,2.275964851
elastic_net_logistic,3,3,customer_hhi,0.126226894,-inf,inf,none,RobustScaler,0.126226894,0.2520319276
elastic_net_logistic,3,3,invoice_activity_per_month,21.08536585,0.7007317073,509.6682927,nonnegative_log1p,RobustScaler,3.09490774,2.164271583
elastic_net_logistic,3,3,operating_net_inflow_proxy_10k,336.3287145,-9124.623188,53496.33198,signed_log1p,RobustScaler,5.821057021,3.235681448
elastic_net_logistic,3,3,purchase_return_rate,0.002748099863,-0,0.2355319694,nonnegative_log1p,RobustScaler,0.002744301999,0.01105598354
elastic_net_logistic,3,3,purchase_sales_ratio,0.3838369937,0.0004675177045,7.915892699,nonnegative_log1p,RobustScaler,0.3248318354,0.5309169027
elastic_net_logistic,3,3,purchase_scale_10k,371.468457,0.07262,53069.77397,nonnegative_log1p,RobustScaler,5.920109991,4.604970664
elastic_net_logistic,3,3,sales_growth_trend,0.02564521575,-0.08518361983,0.2099736851,none,RobustScaler,0.02564521575,0.05099384158
elastic_net_logistic,3,3,sales_monthly_cv,1.348337349,0.4382397344,4.11908834,nonnegative_log1p,RobustScaler,0.8537045878,0.4853476216
elastic_net_logistic,3,3,sales_return_rate,0.007685153199,-0,0.2903268328,nonnegative_log1p,RobustScaler,0.007655745986,0.02737716336
elastic_net_logistic,3,3,sales_scale_10k,1238.173051,6.2009142,101290.1859,nonnegative_log1p,RobustScaler,7.12215496,3.096483541
elastic_net_logistic,3,3,supplier_count,76.5,1,1516.68,nonnegative_log1p,RobustScaler,4.350257124,2.507901753
elastic_net_logistic,3,3,supplier_hhi,0.1653492901,-inf,inf,none,RobustScaler,0.1653492901,0.3808284232
elastic_net_logistic,3,3,void_invoice_rate,0.05989142359,-inf,inf,none,RobustScaler,0.05989142359,0.04666545376
elastic_net_logistic,3,4,active_month_ratio,0.8536585366,-inf,inf,none,RobustScaler,0.8536585366,0.1951219512
elastic_net_logistic,3,4,customer_count,35,2,2767.1,nonnegative_log1p,RobustScaler,3.583518938,2.092875514
elastic_net_logistic,3,4,customer_hhi,0.1344159298,-inf,inf,none,RobustScaler,0.1344159298,0.2222284918
elastic_net_logistic,3,4,invoice_activity_per_month,21,0.4809756097,740.3785365,nonnegative_log1p,RobustScaler,3.091042453,2.2019953
elastic_net_logistic,3,4,operating_net_inflow_proxy_10k,336.768119,-7219.404265,63259.22351,signed_log1p,RobustScaler,5.822359622,3.892465626
elastic_net_logistic,3,4,purchase_return_rate,0.001914608646,-0,0.2342306267,nonnegative_log1p,RobustScaler,0.001912778119,0.009985096581
elastic_net_logistic,3,4,purchase_sales_ratio,0.3922638442,0.0004326338796,10.8543751,nonnegative_log1p,RobustScaler,0.3309310872,0.5463062807
elastic_net_logistic,3,4,purchase_scale_10k,260.068482,0.05544,39805.83715,nonnegative_log1p,RobustScaler,5.564782756,4.622000263
elastic_net_logistic,3,4,sales_growth_trend,0.02633152953,-0.08500446982,0.2098899201,none,RobustScaler,0.02633152953,0.04966137978
elastic_net_logistic,3,4,sales_monthly_cv,1.354888923,0.4386127806,4.237715362,nonnegative_log1p,RobustScaler,0.8564935599,0.4663282347
elastic_net_logistic,3,4,sales_return_rate,0.005286906944,-0,0.4286841204,nonnegative_log1p,RobustScaler,0.005272980316,0.0274353922
elastic_net_logistic,3,4,sales_scale_10k,828.3169,5.679084,220883.1389,nonnegative_log1p,RobustScaler,6.72060235,3.456078196
elastic_net_logistic,3,4,supplier_count,76,1,2617.56,nonnegative_log1p,RobustScaler,4.343805422,2.564949357
elastic_net_logistic,3,4,supplier_hhi,0.1838579504,-inf,inf,none,RobustScaler,0.1838579504,0.5008980296
elastic_net_logistic,3,4,void_invoice_rate,0.05710084165,-inf,inf,none,RobustScaler,0.05710084165,0.05208255289
elastic_net_logistic,3,5,active_month_ratio,0.8536585366,-inf,inf,none,RobustScaler,0.8536585366,0.1951219512
elastic_net_logistic,3,5,customer_count,37,1.98,3267.88,nonnegative_log1p,RobustScaler,3.63758616,1.972406414
elastic_net_logistic,3,5,customer_hhi,0.1396982701,-inf,inf,none,RobustScaler,0.1396982701,0.2434255476
elastic_net_logistic,3,5,invoice_activity_per_month,21.87804878,0.72,740.3785365,nonnegative_log1p,RobustScaler,3.130177882,2.211489641
elastic_net_logistic,3,5,operating_net_inflow_proxy_10k,336.768119,-7219.404265,63259.22351,signed_log1p,RobustScaler,5.822359622,3.381578267
elastic_net_logistic,3,5,purchase_return_rate,0.002197536572,-0,0.09590972992,nonnegative_log1p,RobustScaler,0.00219512552,0.008591764046
elastic_net_logistic,3,5,purchase_sales_ratio,0.4019244285,0.0004326338796,10.8543751,nonnegative_log1p,RobustScaler,0.3378458845,0.547500249
elastic_net_logistic,3,5,purchase_scale_10k,396.109578,0.07364,46181.81304,nonnegative_log1p,RobustScaler,5.984212258,4.682468264
elastic_net_logistic,3,5,sales_growth_trend,0.02979842413,-0.08500446982,0.2098899201,none,RobustScaler,0.02979842413,0.05915928157
elastic_net_logistic,3,5,sales_monthly_cv,1.354069047,0.4386127806,4.237715362,nonnegative_log1p,RobustScaler,0.8561453402,0.4066506562
elastic_net_logistic,3,5,sales_return_rate,0.007826077593,-0,0.2804536864,nonnegative_log1p,RobustScaler,0.007795612692,0.02125752155
elastic_net_logistic,3,5,sales_scale_10k,1226.472282,6.2678788,220883.1389,nonnegative_log1p,RobustScaler,7.112712279,3.271315443
elastic_net_logistic,3,5,supplier_count,79,1,2617.56,nonnegative_log1p,RobustScaler,4.382026635,2.596730887
elastic_net_logistic,3,5,supplier_hhi,0.1796872571,-inf,inf,none,RobustScaler,0.1796872571,0.4040662223
elastic_net_logistic,3,5,void_invoice_rate,0.06081438392,-inf,inf,none,RobustScaler,0.06081438392,0.04774941843
elastic_net_logistic,4,1,active_month_ratio,0.8414634146,-inf,inf,none,RobustScaler,0.8414634146,0.1951219512
elastic_net_logistic,4,1,customer_count,36,1.97,2686.33,nonnegative_log1p,RobustScaler,3.610552549,2.131627295
elastic_net_logistic,4,1,customer_hhi,0.1407224965,-inf,inf,none,RobustScaler,0.1407224965,0.2792961385
elastic_net_logistic,4,1,invoice_activity_per_month,20.53658537,0.4775609756,743.0556097,nonnegative_log1p,RobustScaler,3.069521578,2.162960861
elastic_net_logistic,4,1,operating_net_inflow_proxy_10k,425.542592,-6130.210666,64544.28895,signed_log1p,RobustScaler,6.052576317,3.681245951
elastic_net_logistic,4,1,purchase_return_rate,0.002063606052,-0,0.1119923857,nonnegative_log1p,RobustScaler,0.002061477252,0.008793027408
elastic_net_logistic,4,1,purchase_sales_ratio,0.3703197939,0.0004294868193,7.91937477,nonnegative_log1p,RobustScaler,0.3149159012,0.5346084974
elastic_net_logistic,4,1,purchase_scale_10k,349.921655,0.05516,53069.77397,nonnegative_log1p,RobustScaler,5.859228339,4.760305321
elastic_net_logistic,4,1,sales_growth_trend,0.03015219099,-0.08518361983,0.2099736851,none,RobustScaler,0.03015219099,0.0542620373
elastic_net_logistic,4,1,sales_monthly_cv,1.348337349,0.4382397344,4.241425575,nonnegative_log1p,RobustScaler,0.8537045878,0.4335427862
elastic_net_logistic,4,1,sales_return_rate,0.01192766233,-0,0.4314900722,nonnegative_log1p,RobustScaler,0.01185705494,0.02869107126
elastic_net_logistic,4,1,sales_scale_10k,2317.324791,5.658626,223577.0781,nonnegative_log1p,RobustScaler,7.746913957,3.135458557
elastic_net_logistic,4,1,supplier_count,76.5,1,2627.84,nonnegative_log1p,RobustScaler,4.350257124,2.768830842
elastic_net_logistic,4,1,supplier_hhi,0.1685143369,-inf,inf,none,RobustScaler,0.1685143369,0.4138265837
elastic_net_logistic,4,1,void_invoice_rate,0.05848262758,-inf,inf,none,RobustScaler,0.05848262758,0.05057913334
elastic_net_logistic,4,2,active_month_ratio,0.8414634146,-inf,inf,none,RobustScaler,0.8414634146,0.1951219512
elastic_net_logistic,4,2,customer_count,38.5,1.97,3310.82,nonnegative_log1p,RobustScaler,3.67622055,2.272147983
elastic_net_logistic,4,2,customer_hhi,0.1350639335,-inf,inf,none,RobustScaler,0.1350639335,0.2487099568
elastic_net_logistic,4,2,invoice_activity_per_month,22.57317073,0.7007317073,743.0556097,nonnegative_log1p,RobustScaler,3.159674276,2.309218281
elastic_net_logistic,4,2,operating_net_inflow_proxy_10k,336.3287145,-9124.623188,57351.52832,signed_log1p,RobustScaler,5.821057021,3.432039161
elastic_net_logistic,4,2,purchase_return_rate,0.002165928039,-0,0.2355319694,nonnegative_log1p,RobustScaler,0.0021635853,0.008793027408
elastic_net_logistic,4,2,purchase_sales_ratio,0.4426559017,0.0007816864941,6.919666862,nonnegative_log1p,RobustScaler,0.3664582771,0.5185629558
elastic_net_logistic,4,2,purchase_scale_10k,423.964759,0.10172,53069.77397,nonnegative_log1p,RobustScaler,6.04985341,4.377673474
elastic_net_logistic,4,2,sales_growth_trend,0.02726064388,-0.08518361983,0.2099736851,none,RobustScaler,0.02726064388,0.05902184958
elastic_net_logistic,4,2,sales_monthly_cv,1.328194259,0.4382397344,4.11908834,nonnegative_log1p,RobustScaler,0.8450805631,0.4773562427
elastic_net_logistic,4,2,sales_return_rate,0.00640176069,-0,0.2903268328,nonnegative_log1p,RobustScaler,0.006381355807,0.02060967358
elastic_net_logistic,4,2,sales_scale_10k,1158.53793,19.16038774,223577.0781,nonnegative_log1p,RobustScaler,7.054057673,3.17499275
elastic_net_logistic,4,2,supplier_count,78,1,2627.84,nonnegative_log1p,RobustScaler,4.369367731,2.617894108
elastic_net_logistic,4,2,supplier_hhi,0.1673486302,-inf,inf,none,RobustScaler,0.1673486302,0.3705616859
elastic_net_logistic,4,2,void_invoice_rate,0.05806840077,-inf,inf,none,RobustScaler,0.05806840077,0.03873156615
elastic_net_logistic,4,3,active_month_ratio,0.8414634146,-inf,inf,none,RobustScaler,0.8414634146,0.1951219512
elastic_net_logistic,4,3,customer_count,33.5,1.97,3310.82,nonnegative_log1p,RobustScaler,3.540854293,2.239927725
elastic_net_logistic,4,3,customer_hhi,0.1324227634,-inf,inf,none,RobustScaler,0.1324227634,0.2039969722
elastic_net_logistic,4,3,invoice_activity_per_month,21.26829268,0.4775609756,685.7909756,nonnegative_log1p,RobustScaler,3.103154217,2.092291034
elastic_net_logistic,4,3,operating_net_inflow_proxy_10k,369.733469,-422.4715021,53496.33198,signed_log1p,RobustScaler,5.915400231,3.630072569
elastic_net_logistic,4,3,purchase_return_rate,0.00221699849,-0,0.2355319694,nonnegative_log1p,RobustScaler,0.002214544387,0.00926791228
elastic_net_logistic,4,3,purchase_sales_ratio,0.3980802338,0.0004294868193,10.85553579,nonnegative_log1p,RobustScaler,0.3350962538,0.5254482388
elastic_net_logistic,4,3,purchase_scale_10k,349.921655,0.05516,23131.53454,nonnegative_log1p,RobustScaler,5.859228339,3.927835376
elastic_net_logistic,4,3,sales_growth_trend,0.02861655726,-0.08518361983,0.1293793086,none,RobustScaler,0.02861655726,0.05119376093
elastic_net_logistic,4,3,sales_monthly_cv,1.328194259,0.4550708236,4.107957702,nonnegative_log1p,RobustScaler,0.8450805631,0.479800431
elastic_net_logistic,4,3,sales_return_rate,0.006944808409,-0,0.4314900722,nonnegative_log1p,RobustScaler,0.006920677638,0.02676199246
elastic_net_logistic,4,3,sales_scale_10k,1083.736198,5.658626,82735.14631,nonnegative_log1p,RobustScaler,6.986376743,3.096483541
elastic_net_logistic,4,3,supplier_count,73,1,1601.78,nonnegative_log1p,RobustScaler,4.303242649,2.470308326
elastic_net_logistic,4,3,supplier_hhi,0.179476036,-inf,inf,none,RobustScaler,0.179476036,0.3450452996
elastic_net_logistic,4,3,void_invoice_rate,0.06075862966,-inf,inf,none,RobustScaler,0.06075862966,0.04757652331
elastic_net_logistic,4,4,active_month_ratio,0.8536585366,-inf,inf,none,RobustScaler,0.8536585366,0.1951219512
elastic_net_logistic,4,4,customer_count,35,2,1680.28,nonnegative_log1p,RobustScaler,3.583518938,2.131591384
elastic_net_logistic,4,4,customer_hhi,0.1396982701,-inf,inf,none,RobustScaler,0.1396982701,0.2569814219
elastic_net_logistic,4,4,invoice_activity_per_month,20.07317073,0.696097561,690.637561,nonnegative_log1p,RobustScaler,3.048000702,2.003852773
elastic_net_logistic,4,4,operating_net_inflow_proxy_10k,336.768119,-7219.404265,63259.22351,signed_log1p,RobustScaler,5.822359622,3.390056306
elastic_net_logistic,4,4,purchase_return_rate,0.0019928926,-0,0.2342306267,nonnegative_log1p,RobustScaler,0.001990909424,0.008736975333
elastic_net_logistic,4,4,purchase_sales_ratio,0.3483757436,0.0004326338796,10.8543751,nonnegative_log1p,RobustScaler,0.2989007152,0.5216319224
elastic_net_logistic,4,4,purchase_scale_10k,271.842069,0.07364,46181.81304,nonnegative_log1p,RobustScaler,5.608893126,3.995690691
elastic_net_logistic,4,4,sales_growth_trend,0.02639573445,-0.04532241694,0.2098899201,none,RobustScaler,0.02639573445,0.05369694277
elastic_net_logistic,4,4,sales_monthly_cv,1.354069047,0.4563634786,4.237715362,nonnegative_log1p,RobustScaler,0.8561453402,0.4559008316
elastic_net_logistic,4,4,sales_return_rate,0.006438001467,-0,0.4286841204,nonnegative_log1p,RobustScaler,0.006417366055,0.02225128206
elastic_net_logistic,4,4,sales_scale_10k,1003.90671,6.2678788,220883.1389,nonnegative_log1p,RobustScaler,6.91264999,2.989222413
elastic_net_logistic,4,4,supplier_count,70,1.98,1612.08,nonnegative_log1p,RobustScaler,4.262679877,2.290544029
elastic_net_logistic,4,4,supplier_hhi,0.1666348242,-inf,inf,none,RobustScaler,0.1666348242,0.3906340032
elastic_net_logistic,4,4,void_invoice_rate,0.05946239479,-inf,inf,none,RobustScaler,0.05946239479,0.04683208579
elastic_net_logistic,4,5,active_month_ratio,0.8536585366,-inf,inf,none,RobustScaler,0.8536585366,0.1951219512
elastic_net_logistic,4,5,customer_count,37,1.98,3267.88,nonnegative_log1p,RobustScaler,3.63758616,2.092875514
elastic_net_logistic,4,5,customer_hhi,0.1344159298,-inf,inf,none,RobustScaler,0.1344159298,0.2396686143
elastic_net_logistic,4,5,invoice_activity_per_month,21.17073171,0.4809756097,740.3785365,nonnegative_log1p,RobustScaler,3.098773028,2.096415915
elastic_net_logistic,4,5,operating_net_inflow_proxy_10k,336.768119,-7219.404265,63259.22351,signed_log1p,RobustScaler,5.822359622,3.381578267
elastic_net_logistic,4,5,purchase_return_rate,0.002988514674,-0,0.09845693783,nonnegative_log1p,RobustScaler,0.002984057941,0.01075173558
elastic_net_logistic,4,5,purchase_sales_ratio,0.4019244285,0.0004326338796,10.8543751,nonnegative_log1p,RobustScaler,0.3378458845,0.5212641297
elastic_net_logistic,4,5,purchase_scale_10k,374.896862,0.05544,39805.83715,nonnegative_log1p,RobustScaler,5.929314803,4.41343363
elastic_net_logistic,4,5,sales_growth_trend,0.02633152953,-0.08500446982,0.2098899201,none,RobustScaler,0.02633152953,0.05923564439
elastic_net_logistic,4,5,sales_monthly_cv,1.354069047,0.4386127806,4.237715362,nonnegative_log1p,RobustScaler,0.8561453402,0.4254825453
elastic_net_logistic,4,5,sales_return_rate,0.006938698671,-0,0.2640113929,nonnegative_log1p,RobustScaler,0.006914736681,0.02190556299
elastic_net_logistic,4,5,sales_scale_10k,1226.472282,5.679084,220883.1389,nonnegative_log1p,RobustScaler,7.112712279,2.994828148
elastic_net_logistic,4,5,supplier_count,77,1,2617.56,nonnegative_log1p,RobustScaler,4.356708827,2.53745102
elastic_net_logistic,4,5,supplier_hhi,0.1838579504,-inf,inf,none,RobustScaler,0.1838579504,0.475039871
elastic_net_logistic,4,5,void_invoice_rate,0.05780346821,-inf,inf,none,RobustScaler,0.05780346821,0.05199208022
elastic_net_logistic,5,1,active_month_ratio,0.8292682927,-inf,inf,none,RobustScaler,0.8292682927,0.1951219512
elastic_net_logistic,5,1,customer_count,36,1.97,3310.82,nonnegative_log1p,RobustScaler,3.610552549,2.259845643
elastic_net_logistic,5,1,customer_hhi,0.1324227634,-inf,inf,none,RobustScaler,0.1324227634,0.2494993389
elastic_net_logistic,5,1,invoice_activity_per_month,20.02439024,0.4775609756,743.0556097,nonnegative_log1p,RobustScaler,3.045680512,2.15742691
elastic_net_logistic,5,1,operating_net_inflow_proxy_10k,327.145113,-422.4715021,37280.86978,signed_log1p,RobustScaler,5.793100762,3.408934997
elastic_net_logistic,5,1,purchase_return_rate,0.00155912761,-0,0.2355319694,nonnegative_log1p,RobustScaler,0.001557850446,0.007619920174
elastic_net_logistic,5,1,purchase_sales_ratio,0.4103657401,0.0004294868193,10.85553579,nonnegative_log1p,RobustScaler,0.3438311493,0.541995514
elastic_net_logistic,5,1,purchase_scale_10k,272.297247,0.05516,21279.03919,nonnegative_log1p,RobustScaler,5.610558633,4.44128287
elastic_net_logistic,5,1,sales_growth_trend,0.02636363199,-0.08518361983,0.1518105179,none,RobustScaler,0.02636363199,0.05179202059
elastic_net_logistic,5,1,sales_monthly_cv,1.354478985,0.4382397344,4.241425575,nonnegative_log1p,RobustScaler,0.85631945,0.4257692731
elastic_net_logistic,5,1,sales_return_rate,0.007195157011,-0,0.4314900722,nonnegative_log1p,RobustScaler,0.00716936295,0.02204999972
elastic_net_logistic,5,1,sales_scale_10k,861.3648535,6.2622882,55675.80397,nonnegative_log1p,RobustScaler,6.758943599,3.193972391
elastic_net_logistic,5,1,supplier_count,70,1,2627.84,nonnegative_log1p,RobustScaler,4.262679877,2.389570282
elastic_net_logistic,5,1,supplier_hhi,0.1832708453,-inf,inf,none,RobustScaler,0.1832708453,0.4113038601
elastic_net_logistic,5,1,void_invoice_rate,0.05989142359,-inf,inf,none,RobustScaler,0.05989142359,0.04840767511
elastic_net_logistic,5,2,active_month_ratio,0.8536585366,-inf,inf,none,RobustScaler,0.8536585366,0.1951219512
elastic_net_logistic,5,2,customer_count,40.5,1.97,3310.82,nonnegative_log1p,RobustScaler,3.725039785,1.951832666
elastic_net_logistic,5,2,customer_hhi,0.1324227634,-inf,inf,none,RobustScaler,0.1324227634,0.211975197
elastic_net_logistic,5,2,invoice_activity_per_month,21.26829268,0.6904878049,743.0556097,nonnegative_log1p,RobustScaler,3.103154217,2.165070055
elastic_net_logistic,5,2,operating_net_inflow_proxy_10k,325.4004385,-9124.623188,64544.28895,signed_log1p,RobustScaler,5.787894978,3.462749794
elastic_net_logistic,5,2,purchase_return_rate,0.003288241137,-0,0.1119923857,nonnegative_log1p,RobustScaler,0.003282843425,0.01115051636
elastic_net_logistic,5,2,purchase_sales_ratio,0.3980802338,0.0004769588854,10.85553579,nonnegative_log1p,RobustScaler,0.3350962538,0.524186419
elastic_net_logistic,5,2,purchase_scale_10k,320.3962385,0.10256,53069.77397,nonnegative_log1p,RobustScaler,5.76156466,4.352712369
elastic_net_logistic,5,2,sales_growth_trend,0.02861655726,-0.08518361983,0.2099736851,none,RobustScaler,0.02861655726,0.05447320669
elastic_net_logistic,5,2,sales_monthly_cv,1.348337349,0.4382397344,4.241425575,nonnegative_log1p,RobustScaler,0.8537045878,0.4336966846
elastic_net_logistic,5,2,sales_return_rate,0.008032821231,-0,0.2903268328,nonnegative_log1p,RobustScaler,0.008000708832,0.02650173411
elastic_net_logistic,5,2,sales_scale_10k,1047.255144,5.658626,223577.0781,nonnegative_log1p,RobustScaler,6.954026528,3.250262956
elastic_net_logistic,5,2,supplier_count,79.5,1,2627.84,nonnegative_log1p,RobustScaler,4.388237895,2.658838487
elastic_net_logistic,5,2,supplier_hhi,0.1653492901,-inf,inf,none,RobustScaler,0.1653492901,0.3487283636
elastic_net_logistic,5,2,void_invoice_rate,0.05693869921,-inf,inf,none,RobustScaler,0.05693869921,0.04899682691
elastic_net_logistic,5,3,active_month_ratio,0.8292682927,-inf,inf,none,RobustScaler,0.8292682927,0.1951219512
elastic_net_logistic,5,3,customer_count,34.5,2,3310.82,nonnegative_log1p,RobustScaler,3.5694335,2.088816325
elastic_net_logistic,5,3,customer_hhi,0.1416628385,-inf,inf,none,RobustScaler,0.1416628385,0.2721190735
elastic_net_logistic,5,3,invoice_activity_per_month,21.62195122,0.7953658537,511.1909756,nonnegative_log1p,RobustScaler,3.118856644,2.125264695
elastic_net_logistic,5,3,operating_net_inflow_proxy_10k,384.3548645,-9124.623188,57351.52832,signed_log1p,RobustScaler,5.953977186,3.277100462
elastic_net_logistic,5,3,purchase_return_rate,0.00221699849,-0,0.2355319694,nonnegative_log1p,RobustScaler,0.002214544387,0.01013427233
elastic_net_logistic,5,3,purchase_sales_ratio,0.4253806912,0.0004294868193,10.85553579,nonnegative_log1p,RobustScaler,0.3544282951,0.5138598013
elastic_net_logistic,5,3,purchase_scale_10k,430.954589,0.07262,53069.77397,nonnegative_log1p,RobustScaler,6.065056151,3.936495872
elastic_net_logistic,5,3,sales_growth_trend,0.02636363199,-0.08518361983,0.2099736851,none,RobustScaler,0.02636363199,0.0581562665
elastic_net_logistic,5,3,sales_monthly_cv,1.328194259,0.4550708236,3.862199204,nonnegative_log1p,RobustScaler,0.8450805631,0.4480475144
elastic_net_logistic,5,3,sales_return_rate,0.007195157011,-0,0.4314900722,nonnegative_log1p,RobustScaler,0.00716936295,0.02194089318
elastic_net_logistic,5,3,sales_scale_10k,2317.324791,11.19611835,223577.0781,nonnegative_log1p,RobustScaler,7.746913957,2.755207986
elastic_net_logistic,5,3,supplier_count,78,1,1601.78,nonnegative_log1p,RobustScaler,4.369367731,2.46446828
elastic_net_logistic,5,3,supplier_hhi,0.1653492901,-inf,inf,none,RobustScaler,0.1653492901,0.3965605511
elastic_net_logistic,5,3,void_invoice_rate,0.05889786406,-inf,inf,none,RobustScaler,0.05889786406,0.04591907854
elastic_net_logistic,5,4,active_month_ratio,0.8536585366,-inf,inf,none,RobustScaler,0.8536585366,0.1951219512
elastic_net_logistic,5,4,customer_count,35,1.98,1594.4,nonnegative_log1p,RobustScaler,3.583518938,2.252208323
elastic_net_logistic,5,4,customer_hhi,0.1381020932,-inf,inf,none,RobustScaler,0.1381020932,0.2693859679
elastic_net_logistic,5,4,invoice_activity_per_month,21.87804878,0.4809756097,690.637561,nonnegative_log1p,RobustScaler,3.130177882,2.083700196
elastic_net_logistic,5,4,operating_net_inflow_proxy_10k,459.269654,-7219.404265,63259.22351,signed_log1p,RobustScaler,6.131812522,3.963145511
elastic_net_logistic,5,4,purchase_return_rate,0.002988514674,-0,0.1068147536,nonnegative_log1p,RobustScaler,0.002984057941,0.01108061131
elastic_net_logistic,5,4,purchase_sales_ratio,0.3734379482,0.0004710568358,10.8543751,nonnegative_log1p,RobustScaler,0.3173170477,0.5197612933
elastic_net_logistic,5,4,purchase_scale_10k,396.109578,0.05544,46181.81304,nonnegative_log1p,RobustScaler,5.984212258,3.827001288
elastic_net_logistic,5,4,sales_growth_trend,0.02812555332,-0.06162522797,0.2098899201,none,RobustScaler,0.02812555332,0.05290459238
elastic_net_logistic,5,4,sales_monthly_cv,1.316596347,0.4386127806,4.106696493,nonnegative_log1p,RobustScaler,0.8400990166,0.4503718349
elastic_net_logistic,5,4,sales_return_rate,0.005286906944,-0,0.2804536864,nonnegative_log1p,RobustScaler,0.005272980316,0.02060364309
elastic_net_logistic,5,4,sales_scale_10k,2017.863344,5.679084,220883.1389,nonnegative_log1p,RobustScaler,7.610289931,2.985149338
elastic_net_logistic,5,4,supplier_count,70,1,1612.08,nonnegative_log1p,RobustScaler,4.262679877,2.514191012
elastic_net_logistic,5,4,supplier_hhi,0.1703938495,-inf,inf,none,RobustScaler,0.1703938495,0.4053712442
elastic_net_logistic,5,4,void_invoice_rate,0.05833333333,-inf,inf,none,RobustScaler,0.05833333333,0.04411653767
elastic_net_logistic,5,5,active_month_ratio,0.8292682927,-inf,inf,none,RobustScaler,0.8292682927,0.1951219512
elastic_net_logistic,5,5,customer_count,34,1.98,2767.1,nonnegative_log1p,RobustScaler,3.555348061,2.177987979
elastic_net_logistic,5,5,customer_hhi,0.1436274069,-inf,inf,none,RobustScaler,0.1436274069,0.2487534473
elastic_net_logistic,5,5,invoice_activity_per_month,21,0.4809756097,740.3785365,nonnegative_log1p,RobustScaler,3.091042453,2.21965967
elastic_net_logistic,5,5,operating_net_inflow_proxy_10k,332.399961,-4194.12151,63259.22351,signed_log1p,RobustScaler,5.809342853,3.589271465
elastic_net_logistic,5,5,purchase_return_rate,0.001110580442,-0,0.2342306267,nonnegative_log1p,RobustScaler,0.001109964204,0.008591764046
elastic_net_logistic,5,5,purchase_sales_ratio,0.3483757436,0.0004326338796,6.818587389,nonnegative_log1p,RobustScaler,0.2989007152,0.5330633887
elastic_net_logistic,5,5,purchase_scale_10k,331.803258,0.05544,46181.81304,nonnegative_log1p,RobustScaler,5.807551499,4.650278178
elastic_net_logistic,5,5,sales_growth_trend,0.02979842413,-0.06877381981,0.1513810183,none,RobustScaler,0.02979842413,0.05684618697
elastic_net_logistic,5,5,sales_monthly_cv,1.419321566,0.5105498758,4.237715362,nonnegative_log1p,RobustScaler,0.8834871562,0.4334000035
elastic_net_logistic,5,5,sales_return_rate,0.008380827305,-0,0.4286841204,nonnegative_log1p,RobustScaler,0.008345903165,0.0278133432
elastic_net_logistic,5,5,sales_scale_10k,1226.472282,5.679084,220883.1389,nonnegative_log1p,RobustScaler,7.112712279,3.23019163
elastic_net_logistic,5,5,supplier_count,70,1,2617.56,nonnegative_log1p,RobustScaler,4.262679877,2.631727073
elastic_net_logistic,5,5,supplier_hhi,0.1838579504,-inf,inf,none,RobustScaler,0.1838579504,0.467426318
elastic_net_logistic,5,5,void_invoice_rate,0.05946239479,-inf,inf,none,RobustScaler,0.05946239479,0.05196267694
elastic_net_logistic,6,1,active_month_ratio,0.8536585366,-inf,inf,none,RobustScaler,0.8536585366,0.1890243902
elastic_net_logistic,6,1,customer_count,39.5,1.97,3310.82,nonnegative_log1p,RobustScaler,3.699393138,2.144232634
elastic_net_logistic,6,1,customer_hhi,0.1292875832,-inf,inf,none,RobustScaler,0.1292875832,0.248858164
elastic_net_logistic,6,1,invoice_activity_per_month,21.62195122,0.7243902439,743.0556097,nonnegative_log1p,RobustScaler,3.118856644,2.058867716
elastic_net_logistic,6,1,operating_net_inflow_proxy_10k,350.860297,-6138.128274,57351.52832,signed_log1p,RobustScaler,5.862431548,3.11140359
elastic_net_logistic,6,1,purchase_return_rate,0.002063606052,-0,0.1119923857,nonnegative_log1p,RobustScaler,0.002061477252,0.008491001884
elastic_net_logistic,6,1,purchase_sales_ratio,0.3828508962,0.0004675177045,6.923148934,nonnegative_log1p,RobustScaler,0.3241240674,0.5061273413
elastic_net_logistic,6,1,purchase_scale_10k,385.50322,0.07262,46758.85905,nonnegative_log1p,RobustScaler,5.95676353,4.523416134
elastic_net_logistic,6,1,sales_growth_trend,0.02809707929,-0.06858113867,0.2099736851,none,RobustScaler,0.02809707929,0.05649834893
elastic_net_logistic,6,1,sales_monthly_cv,1.302421593,0.4382397344,3.862199204,nonnegative_log1p,RobustScaler,0.8339596647,0.4017225616
elastic_net_logistic,6,1,sales_return_rate,0.008079127959,-0,0.4314900722,nonnegative_log1p,RobustScaler,0.008046653863,0.02551760898
elastic_net_logistic,6,1,sales_scale_10k,1238.173051,6.2009142,223577.0781,nonnegative_log1p,RobustScaler,7.12215496,3.060266811
elastic_net_logistic,6,1,supplier_count,78,1,2627.84,nonnegative_log1p,RobustScaler,4.369367731,2.372762266
elastic_net_logistic,6,1,supplier_hhi,0.1685143369,-inf,inf,none,RobustScaler,0.1685143369,0.3347693011
elastic_net_logistic,6,1,void_invoice_rate,0.05806840077,-inf,inf,none,RobustScaler,0.05806840077,0.0460371603
elastic_net_logistic,6,2,active_month_ratio,0.8536585366,-inf,inf,none,RobustScaler,0.8536585366,0.1951219512
elastic_net_logistic,6,2,customer_count,34.5,1.97,2686.33,nonnegative_log1p,RobustScaler,3.5694335,2.090248685
elastic_net_logistic,6,2,customer_hhi,0.1389001817,-inf,inf,none,RobustScaler,0.1389001817,0.2398656888
elastic_net_logistic,6,2,invoice_activity_per_month,19.96341463,0.4775609756,743.0556097,nonnegative_log1p,RobustScaler,3.042765052,2.277935708
elastic_net_logistic,6,2,operating_net_inflow_proxy_10k,370.923337,-9124.623188,53496.33198,signed_log1p,RobustScaler,5.918558867,3.649709443
elastic_net_logistic,6,2,purchase_return_rate,0.002886693906,-0,0.2355319694,nonnegative_log1p,RobustScaler,0.002882530252,0.01027388326
elastic_net_logistic,6,2,purchase_sales_ratio,0.4253806912,0.0004294868193,7.915892699,nonnegative_log1p,RobustScaler,0.3544282951,0.5521257224
elastic_net_logistic,6,2,purchase_scale_10k,349.921655,0.05516,53069.77397,nonnegative_log1p,RobustScaler,5.859228339,4.352712369
elastic_net_logistic,6,2,sales_growth_trend,0.02636363199,-0.08518361983,0.2099736851,none,RobustScaler,0.02636363199,0.05587380602
elastic_net_logistic,6,2,sales_monthly_cv,1.341198911,0.4382397344,4.241425575,nonnegative_log1p,RobustScaler,0.8506629726,0.4642403831
elastic_net_logistic,6,2,sales_return_rate,0.007195157011,-0,0.4314900722,nonnegative_log1p,RobustScaler,0.00716936295,0.0260621197
elastic_net_logistic,6,2,sales_scale_10k,1633.868582,5.658626,101290.1859,nonnegative_log1p,RobustScaler,7.370943787,3.047199924
elastic_net_logistic,6,2,supplier_count,78,1,2627.84,nonnegative_log1p,RobustScaler,4.369367731,2.733940831
elastic_net_logistic,6,2,supplier_hhi,0.1672288028,-inf,inf,none,RobustScaler,0.1672288028,0.3746205542
elastic_net_logistic,6,2,void_invoice_rate,0.0590471583,-inf,inf,none,RobustScaler,0.0590471583,0.05203289687
elastic_net_logistic,6,3,active_month_ratio,0.8536585366,-inf,inf,none,RobustScaler,0.8536585366,0.1951219512
elastic_net_logistic,6,3,customer_count,36,2,1739.42,nonnegative_log1p,RobustScaler,3.610552549,2.053686748
elastic_net_logistic,6,3,customer_hhi,0.1389001817,-inf,inf,none,RobustScaler,0.1389001817,0.2386798347
elastic_net_logistic,6,3,invoice_activity_per_month,23.76829268,0.6904878049,693.8221951,nonnegative_log1p,RobustScaler,3.209360513,2.151354419
elastic_net_logistic,6,3,operating_net_inflow_proxy_10k,384.3548645,-9124.623188,64544.28895,signed_log1p,RobustScaler,5.953977186,3.428571871
elastic_net_logistic,6,3,purchase_return_rate,0.00221699849,-0,0.1080883576,nonnegative_log1p,RobustScaler,0.002214544387,0.01027388326
elastic_net_logistic,6,3,purchase_sales_ratio,0.4523544767,0.0004294868193,10.85553579,nonnegative_log1p,RobustScaler,0.3731857781,0.521420442
elastic_net_logistic,6,3,purchase_scale_10k,473.097022,0.07346,53069.77397,nonnegative_log1p,RobustScaler,6.161293514,3.835871323
elastic_net_logistic,6,3,sales_growth_trend,0.02628958377,-0.08518361983,0.1520618129,none,RobustScaler,0.02628958377,0.05280606094
elastic_net_logistic,6,3,sales_monthly_cv,1.304025922,0.4382397344,4.241425575,nonnegative_log1p,RobustScaler,0.8346546735,0.4146045963
elastic_net_logistic,6,3,sales_return_rate,0.007195157011,-0,0.2819089775,nonnegative_log1p,RobustScaler,0.00716936295,0.02153153383
elastic_net_logistic,6,3,sales_scale_10k,1622.167813,5.658626,223577.0781,nonnegative_log1p,RobustScaler,7.361501105,2.770169437
elastic_net_logistic,6,3,supplier_count,78,1,1632.62,nonnegative_log1p,RobustScaler,4.369127288,2.498466671
elastic_net_logistic,6,3,supplier_hhi,0.1817726037,-inf,inf,none,RobustScaler,0.1817726037,0.3980535634
elastic_net_logistic,6,3,void_invoice_rate,0.0605116639,-inf,inf,none,RobustScaler,0.0605116639,0.04803664266
elastic_net_logistic,6,4,active_month_ratio,0.8292682927,-inf,inf,none,RobustScaler,0.8292682927,0.2073170732
elastic_net_logistic,6,4,customer_count,39,1.98,3267.88,nonnegative_log1p,RobustScaler,3.688879454,2.196089503
elastic_net_logistic,6,4,customer_hhi,0.1304295969,-inf,inf,none,RobustScaler,0.1304295969,0.2463918634
elastic_net_logistic,6,4,invoice_activity_per_month,20.07317073,0.4809756097,740.3785365,nonnegative_log1p,RobustScaler,3.048000702,2.156199266
elastic_net_logistic,6,4,operating_net_inflow_proxy_10k,364.952475,-7219.404265,63259.22351,signed_log1p,RobustScaler,5.902503475,3.678508311
elastic_net_logistic,6,4,purchase_return_rate,0.002197536572,-0,0.2342306267,nonnegative_log1p,RobustScaler,0.00219512552,0.008591764046
elastic_net_logistic,6,4,purchase_sales_ratio,0.3922638442,0.0004773509563,10.8543751,nonnegative_log1p,RobustScaler,0.3309310872,0.5195233704
elastic_net_logistic,6,4,purchase_scale_10k,260.068482,0.05544,46181.81304,nonnegative_log1p,RobustScaler,5.564782756,4.601762311
elastic_net_logistic,6,4,sales_growth_trend,0.03144630426,-0.08500446982,0.2098899201,none,RobustScaler,0.03144630426,0.05539592203
elastic_net_logistic,6,4,sales_monthly_cv,1.354069047,0.4556173862,4.237715362,nonnegative_log1p,RobustScaler,0.8561453402,0.4603270434
elastic_net_logistic,6,4,sales_return_rate,0.007451615351,-0,0.2696232964,nonnegative_log1p,RobustScaler,0.00742398922,0.02291369188
elastic_net_logistic,6,4,sales_scale_10k,1090.603578,5.679084,220883.1389,nonnegative_log1p,RobustScaler,6.995403067,3.296124026
elastic_net_logistic,6,4,supplier_count,70,1,2617.56,nonnegative_log1p,RobustScaler,4.262679877,2.800099079
elastic_net_logistic,6,4,supplier_hhi,0.1792648149,-inf,inf,none,RobustScaler,0.1792648149,0.5023720034
elastic_net_logistic,6,4,void_invoice_rate,0.05629677839,-inf,inf,none,RobustScaler,0.05629677839,0.04407488467
elastic_net_logistic,6,5,active_month_ratio,0.8292682927,-inf,inf,none,RobustScaler,0.8292682927,0.2073170732
elastic_net_logistic,6,5,customer_count,31,1.98,3267.88,nonnegative_log1p,RobustScaler,3.465735903,2.295678101
elastic_net_logistic,6,5,customer_hhi,0.1484998389,-inf,inf,none,RobustScaler,0.1484998389,0.2713882391
elastic_net_logistic,6,5,invoice_activity_per_month,21,0.4809756097,685.2834146,nonnegative_log1p,RobustScaler,3.091042453,2.123828707
elastic_net_logistic,6,5,operating_net_inflow_proxy_10k,332.399961,-391.6828947,63259.22351,signed_log1p,RobustScaler,5.809342853,3.873695474
elastic_net_logistic,6,5,purchase_return_rate,0.0019928926,-0,0.2342306267,nonnegative_log1p,RobustScaler,0.001990909424,0.009128301347
elastic_net_logistic,6,5,purchase_sales_ratio,0.3922638442,0.0004326338796,10.8543751,nonnegative_log1p,RobustScaler,0.3309310872,0.5161174401
elastic_net_logistic,6,5,purchase_scale_10k,272.752425,0.05544,26029.91531,nonnegative_log1p,RobustScaler,5.61222414,4.199795146
elastic_net_logistic,6,5,sales_growth_trend,0.02812555332,-0.06877381981,0.1179554699,none,RobustScaler,0.02812555332,0.05247442183
elastic_net_logistic,6,5,sales_monthly_cv,1.463894072,0.4563634786,4.106696493,nonnegative_log1p,RobustScaler,0.9017430545,0.4636062499
elastic_net_logistic,6,5,sales_return_rate,0.006365519913,-0,0.4286841204,nonnegative_log1p,RobustScaler,0.006345345559,0.02270546784
elastic_net_logistic,6,5,sales_scale_10k,1226.472282,6.2678788,91947.67877,nonnegative_log1p,RobustScaler,7.112712279,3.23019163
elastic_net_logistic,6,5,supplier_count,70,1,1591.52,nonnegative_log1p,RobustScaler,4.262679877,2.26275392
elastic_net_logistic,6,5,supplier_hhi,0.1706335044,-inf,inf,none,RobustScaler,0.1706335044,0.4454289236
elastic_net_logistic,6,5,void_invoice_rate,0.0607028754,-inf,inf,none,RobustScaler,0.0607028754,0.0485444838
elastic_net_logistic,7,1,active_month_ratio,0.8414634146,-inf,inf,none,RobustScaler,0.8414634146,0.1951219512
elastic_net_logistic,7,1,customer_count,29.5,1.97,3310.82,nonnegative_log1p,RobustScaler,3.416515866,2.144232634
elastic_net_logistic,7,1,customer_hhi,0.1452465274,-inf,inf,none,RobustScaler,0.1452465274,0.2721963148
elastic_net_logistic,7,1,invoice_activity_per_month,20.02439024,0.4775609756,685.7909756,nonnegative_log1p,RobustScaler,3.045680512,2.338857217
elastic_net_logistic,7,1,operating_net_inflow_proxy_10k,420.9633175,-9124.623188,64544.28895,signed_log1p,RobustScaler,6.042526887,3.462891683
elastic_net_logistic,7,1,purchase_return_rate,0.002943063982,-0,0.1080883576,nonnegative_log1p,RobustScaler,0.002938729209,0.01153904756
elastic_net_logistic,7,1,purchase_sales_ratio,0.3609068459,0.0004294868193,6.919666862,nonnegative_log1p,RobustScaler,0.3081088814,0.5176105496
elastic_net_logistic,7,1,purchase_scale_10k,272.297247,0.05516,53069.77397,nonnegative_log1p,RobustScaler,5.610558633,4.64314863
elastic_net_logistic,7,1,sales_growth_trend,0.02636363199,-0.08518361983,0.2099736851,none,RobustScaler,0.02636363199,0.05886491868
elastic_net_logistic,7,1,sales_monthly_cv,1.453238162,0.4382397344,4.241425575,nonnegative_log1p,RobustScaler,0.8974075743,0.4709175475
elastic_net_logistic,7,1,sales_return_rate,0.007638846472,-0,0.2819089775,nonnegative_log1p,RobustScaler,0.007609800956,0.02698346325
elastic_net_logistic,7,1,sales_scale_10k,1238.173051,5.658626,223577.0781,nonnegative_log1p,RobustScaler,7.12215496,3.133663637
elastic_net_logistic,7,1,supplier_count,75,1,1601.78,nonnegative_log1p,RobustScaler,4.328564516,2.914963866
elastic_net_logistic,7,1,supplier_hhi,0.1653492901,-inf,inf,none,RobustScaler,0.1653492901,0.4053945776
elastic_net_logistic,7,1,void_invoice_rate,0.05693869921,-inf,inf,none,RobustScaler,0.05693869921,0.05155322337
elastic_net_logistic,7,2,active_month_ratio,0.8536585366,-inf,inf,none,RobustScaler,0.8536585366,0.1951219512
elastic_net_logistic,7,2,customer_count,42.5,1.97,3310.82,nonnegative_log1p,RobustScaler,3.772694875,2.046499793
elastic_net_logistic,7,2,customer_hhi,0.134265845,-inf,inf,none,RobustScaler,0.134265845,0.231279702
elastic_net_logistic,7,2,invoice_activity_per_month,21.08536585,0.4775609756,504.7431707,nonnegative_log1p,RobustScaler,3.09490774,2.040518177
elastic_net_logistic,7,2,operating_net_inflow_proxy_10k,318.2714355,-9124.623188,41136.06611,signed_log1p,RobustScaler,5.766041554,3.616002747
elastic_net_logistic,7,2,purchase_return_rate,0.002165928039,-0,0.2355319694,nonnegative_log1p,RobustScaler,0.0021635853,0.0108462684
elastic_net_logistic,7,2,purchase_sales_ratio,0.4523544767,0.0004294868193,10.85553579,nonnegative_log1p,RobustScaler,0.3731857781,0.5478537386
elastic_net_logistic,7,2,purchase_scale_10k,302.2778415,0.05516,53069.77397,nonnegative_log1p,RobustScaler,5.709887819,4.679064071
elastic_net_logistic,7,2,sales_growth_trend,0.02726064388,-0.08518361983,0.2099736851,none,RobustScaler,0.02726064388,0.0552100921
elastic_net_logistic,7,2,sales_monthly_cv,1.348337349,0.4550708236,4.241425575,nonnegative_log1p,RobustScaler,0.8537045878,0.4459967504
elastic_net_logistic,7,2,sales_return_rate,0.00529165042,-0,0.4314900722,nonnegative_log1p,RobustScaler,0.005277698824,0.02135193913
elastic_net_logistic,7,2,sales_scale_10k,1127.084632,5.658626,223577.0781,nonnegative_log1p,RobustScaler,7.027753281,3.433903646
elastic_net_logistic,7,2,supplier_count,70,1,1578.3,nonnegative_log1p,RobustScaler,4.262679877,2.161731663
elastic_net_logistic,7,2,supplier_hhi,0.1942557909,-inf,inf,none,RobustScaler,0.1942557909,0.4698814038
elastic_net_logistic,7,2,void_invoice_rate,0.0613825403,-inf,inf,none,RobustScaler,0.0613825403,0.0477759831
elastic_net_logistic,7,3,active_month_ratio,0.8536585366,-inf,inf,none,RobustScaler,0.8536585366,0.1951219512
elastic_net_logistic,7,3,customer_count,34.5,2,2686.33,nonnegative_log1p,RobustScaler,3.5694335,1.980964827
elastic_net_logistic,7,3,customer_hhi,0.1362590115,-inf,inf,none,RobustScaler,0.1362590115,0.2403345736
elastic_net_logistic,7,3,invoice_activity_per_month,20.53658537,0.7007317073,743.0556097,nonnegative_log1p,RobustScaler,3.069521578,2.108743788
elastic_net_logistic,7,3,operating_net_inflow_proxy_10k,375.704331,-6130.210666,64544.28895,signed_log1p,RobustScaler,5.931455623,3.788469498
elastic_net_logistic,7,3,purchase_return_rate,0.002646279095,-0,0.2355319694,nonnegative_log1p,RobustScaler,0.002642774309,0.01115051636
elastic_net_logistic,7,3,purchase_sales_ratio,0.3980802338,0.0004294868193,7.91937477,nonnegative_log1p,RobustScaler,0.3350962538,0.4869746044
elastic_net_logistic,7,3,purchase_scale_10k,371.468457,0.07262,53069.77397,nonnegative_log1p,RobustScaler,5.920109991,3.788491162
elastic_net_logistic,7,3,sales_growth_trend,0.02861655726,-0.0691185887,0.1520618129,none,RobustScaler,0.02861655726,0.05593052551
elastic_net_logistic,7,3,sales_monthly_cv,1.328194259,0.4561899622,3.84728494,nonnegative_log1p,RobustScaler,0.8450805631,0.4322227237
elastic_net_logistic,7,3,sales_return_rate,0.008079127959,-0,0.4314900722,nonnegative_log1p,RobustScaler,0.008046653863,0.02662381406
elastic_net_logistic,7,3,sales_scale_10k,1633.868582,11.27426415,223577.0781,nonnegative_log1p,RobustScaler,7.370943787,3.003428252
elastic_net_logistic,7,3,supplier_count,78,1,2627.84,nonnegative_log1p,RobustScaler,4.369367731,2.470308326
elastic_net_logistic,7,3,supplier_hhi,0.1685143369,-inf,inf,none,RobustScaler,0.1685143369,0.3689038249
elastic_net_logistic,7,3,void_invoice_rate,0.05889786406,-inf,inf,none,RobustScaler,0.05889786406,0.0465168338
elastic_net_logistic,7,4,active_month_ratio,0.8292682927,-inf,inf,none,RobustScaler,0.8292682927,0.1951219512
elastic_net_logistic,7,4,customer_count,31,1.98,2767.1,nonnegative_log1p,RobustScaler,3.465735903,2.233501105
elastic_net_logistic,7,4,customer_hhi,0.1396982701,-inf,inf,none,RobustScaler,0.1396982701,0.2434255476
elastic_net_logistic,7,4,invoice_activity_per_month,21.87804878,0.4809756097,740.3785365,nonnegative_log1p,RobustScaler,3.130177882,2.074249489
elastic_net_logistic,7,4,operating_net_inflow_proxy_10k,336.768119,-7219.404265,63259.22351,signed_log1p,RobustScaler,5.822359622,3.589271465
elastic_net_logistic,7,4,purchase_return_rate,0.0019928926,-0,0.2342306267,nonnegative_log1p,RobustScaler,0.001990909424,0.007814435962
elastic_net_logistic,7,4,purchase_sales_ratio,0.3922638442,0.0004710568358,10.8543751,nonnegative_log1p,RobustScaler,0.3309310872,0.5501235491
elastic_net_logistic,7,4,purchase_scale_10k,396.109578,0.05544,39805.83715,nonnegative_log1p,RobustScaler,5.984212258,3.733156344
elastic_net_logistic,7,4,sales_growth_trend,0.03116418629,-0.0684155198,0.2098899201,none,RobustScaler,0.03116418629,0.05477216435
elastic_net_logistic,7,4,sales_monthly_cv,1.354888923,0.4386127806,4.237715362,nonnegative_log1p,RobustScaler,0.8564935599,0.4419438371
elastic_net_logistic,7,4,sales_return_rate,0.007918691048,-0,0.4286841204,nonnegative_log1p,RobustScaler,0.007887502753,0.02539626714
elastic_net_logistic,7,4,sales_scale_10k,1249.87382,5.679084,220883.1389,nonnegative_log1p,RobustScaler,7.131597642,2.978056031
elastic_net_logistic,7,4,supplier_count,76,1,2617.56,nonnegative_log1p,RobustScaler,4.343805422,2.199461835
elastic_net_logistic,7,4,supplier_hhi,0.1666348242,-inf,inf,none,RobustScaler,0.1666348242,0.3662708922
elastic_net_logistic,7,4,void_invoice_rate,0.05946239479,-inf,inf,none,RobustScaler,0.05946239479,0.04985875467
elastic_net_logistic,7,5,active_month_ratio,0.8292682927,-inf,inf,none,RobustScaler,0.8292682927,0.1951219512
elastic_net_logistic,7,5,customer_count,43,1.98,3267.88,nonnegative_log1p,RobustScaler,3.784189634,2.236110857
elastic_net_logistic,7,5,customer_hhi,0.1281455695,-inf,inf,none,RobustScaler,0.1281455695,0.2538073826
elastic_net_logistic,7,5,invoice_activity_per_month,21.36585366,0.696097561,740.3785365,nonnegative_log1p,RobustScaler,3.107535406,2.184081949
elastic_net_logistic,7,5,operating_net_inflow_proxy_10k,374.514463,-391.6828947,53422.17981,signed_log1p,RobustScaler,5.928296987,3.374756381
elastic_net_logistic,7,5,purchase_return_rate,0.0019928926,-0,0.109417439,nonnegative_log1p,RobustScaler,0.001990909424,0.007883016085
elastic_net_logistic,7,5,purchase_sales_ratio,0.3942360391,0.0004773509563,10.8543751,nonnegative_log1p,RobustScaler,0.332346623,0.5185450679
elastic_net_logistic,7,5,purchase_scale_10k,374.896862,0.08344,23035.92262,nonnegative_log1p,RobustScaler,5.929314803,4.556785118
elastic_net_logistic,7,5,sales_growth_trend,0.02812555332,-0.08500446982,0.1512134883,none,RobustScaler,0.02812555332,0.051225336
elastic_net_logistic,7,5,sales_monthly_cv,1.306754424,0.4386127806,4.237715362,nonnegative_log1p,RobustScaler,0.8358415253,0.4306025026
elastic_net_logistic,7,5,sales_return_rate,0.007451615351,-0,0.2860655899,nonnegative_log1p,RobustScaler,0.00742398922,0.02083441853
elastic_net_logistic,7,5,sales_scale_10k,1090.603578,5.679084,82666.16535,nonnegative_log1p,RobustScaler,6.995403067,3.137413073
elastic_net_logistic,7,5,supplier_count,76,1,2617.56,nonnegative_log1p,RobustScaler,4.343805422,2.631727073
elastic_net_logistic,7,5,supplier_hhi,0.1792648149,-inf,inf,none,RobustScaler,0.1792648149,0.3906340032
elastic_net_logistic,7,5,void_invoice_rate,0.05780346821,-inf,inf,none,RobustScaler,0.05780346821,0.04274394166
elastic_net_logistic,8,1,active_month_ratio,0.8414634146,-inf,inf,none,RobustScaler,0.8414634146,0.1951219512
elastic_net_logistic,8,1,customer_count,37.5,1.97,3310.82,nonnegative_log1p,RobustScaler,3.650573903,2.155778562
elastic_net_logistic,8,1,customer_hhi,0.1324227634,-inf,inf,none,RobustScaler,0.1324227634,0.2012112311
elastic_net_logistic,8,1,invoice_activity_per_month,22.57317073,0.4775609756,743.0556097,nonnegative_log1p,RobustScaler,3.159674276,2.207051404
elastic_net_logistic,8,1,operating_net_inflow_proxy_10k,383.1649965,-422.4715021,64544.28895,signed_log1p,RobustScaler,5.95081855,3.550839757
elastic_net_logistic,8,1,purchase_return_rate,0.002165928039,-0,0.2355319694,nonnegative_log1p,RobustScaler,0.0021635853,0.008793027408
elastic_net_logistic,8,1,purchase_sales_ratio,0.4253806912,0.0007710691003,10.85553579,nonnegative_log1p,RobustScaler,0.3544282951,0.5254482388
elastic_net_logistic,8,1,purchase_scale_10k,430.954589,0.05516,26094.97629,nonnegative_log1p,RobustScaler,6.065056151,4.352712369
elastic_net_logistic,8,1,sales_growth_trend,0.02530264171,-0.08518361983,0.1133228079,none,RobustScaler,0.02530264171,0.05200295076
elastic_net_logistic,8,1,sales_monthly_cv,1.346930609,0.4382397344,4.241425575,nonnegative_log1p,RobustScaler,0.8531037249,0.4846478098
elastic_net_logistic,8,1,sales_return_rate,0.00640176069,-0,0.4314900722,nonnegative_log1p,RobustScaler,0.006381355807,0.02302566894
elastic_net_logistic,8,1,sales_scale_10k,1195.018984,5.658626,93208.36838,nonnegative_log1p,RobustScaler,7.086407887,3.427847903
elastic_net_logistic,8,1,supplier_count,78,1,2627.84,nonnegative_log1p,RobustScaler,4.369367731,2.522100187
elastic_net_logistic,8,1,supplier_hhi,0.179476036,-inf,inf,none,RobustScaler,0.179476036,0.3691056547
elastic_net_logistic,8,1,void_invoice_rate,0.0626168467,-inf,inf,none,RobustScaler,0.0626168467,0.04848096576
elastic_net_logistic,8,2,active_month_ratio,0.8536585366,-inf,inf,none,RobustScaler,0.8536585366,0.1951219512
elastic_net_logistic,8,2,customer_count,35.5,1.97,2686.33,nonnegative_log1p,RobustScaler,3.596467111,2.131627295
elastic_net_logistic,8,2,customer_hhi,0.1407224965,-inf,inf,none,RobustScaler,0.1407224965,0.2725121243
elastic_net_logistic,8,2,invoice_activity_per_month,18.68292683,0.4775609756,685.7909756,nonnegative_log1p,RobustScaler,2.977979556,2.108743788
elastic_net_logistic,8,2,operating_net_inflow_proxy_10k,334.1446355,-9124.623188,64544.28895,signed_log1p,RobustScaler,5.814548636,3.591795938
elastic_net_logistic,8,2,purchase_return_rate,0.001953750623,-0,0.2355319694,nonnegative_log1p,RobustScaler,0.001951843771,0.008708818814
elastic_net_logistic,8,2,purchase_sales_ratio,0.3828508962,0.0004294868193,10.85553579,nonnegative_log1p,RobustScaler,0.3241240674,0.5201801856
elastic_net_logistic,8,2,purchase_scale_10k,264.5565705,0.05516,53069.77397,nonnegative_log1p,RobustScaler,5.581451413,4.303588135
elastic_net_logistic,8,2,sales_growth_trend,0.02861655726,-0.08518361983,0.2099736851,none,RobustScaler,0.02861655726,0.05069023988
elastic_net_logistic,8,2,sales_monthly_cv,1.434320086,0.4550708236,4.107957702,nonnegative_log1p,RobustScaler,0.8896485111,0.4599392061
elastic_net_logistic,8,2,sales_return_rate,0.007195157011,-0,0.4314900722,nonnegative_log1p,RobustScaler,0.00716936295,0.02148578744
elastic_net_logistic,8,2,sales_scale_10k,1127.084632,5.658626,223577.0781,nonnegative_log1p,RobustScaler,7.027753281,3.041113555
elastic_net_logistic,8,2,supplier_count,70,1,1547.46,nonnegative_log1p,RobustScaler,4.262679877,2.461052917
elastic_net_logistic,8,2,supplier_hhi,0.1686341643,-inf,inf,none,RobustScaler,0.1686341643,0.414953109
elastic_net_logistic,8,2,void_invoice_rate,0.0590471583,-inf,inf,none,RobustScaler,0.0590471583,0.04531606457
elastic_net_logistic,8,3,active_month_ratio,0.8536585366,-inf,inf,none,RobustScaler,0.8536585366,0.1951219512
elastic_net_logistic,8,3,customer_count,34.5,2,2815.15,nonnegative_log1p,RobustScaler,3.5694335,2.199478678
elastic_net_logistic,8,3,customer_hhi,0.1426870649,-inf,inf,none,RobustScaler,0.1426870649,0.2412406704
elastic_net_logistic,8,3,invoice_activity_per_month,21.08536585,0.7007317073,743.0556097,nonnegative_log1p,RobustScaler,3.09490774,2.039484072
elastic_net_logistic,8,3,operating_net_inflow_proxy_10k,384.3548645,-6138.128274,64544.28895,signed_log1p,RobustScaler,5.953977186,3.519283152
elastic_net_logistic,8,3,purchase_return_rate,0.002185389957,-0,0.1119923857,nonnegative_log1p,RobustScaler,0.002183004167,0.008793027408
elastic_net_logistic,8,3,purchase_sales_ratio,0.4169393796,0.0004294868193,7.91937477,nonnegative_log1p,RobustScaler,0.3484430303,0.5290337154
elastic_net_logistic,8,3,purchase_scale_10k,349.921655,0.07262,53069.77397,nonnegative_log1p,RobustScaler,5.859228339,3.962830821
elastic_net_logistic,8,3,sales_growth_trend,0.02726064388,-0.08518361983,0.2099736851,none,RobustScaler,0.02726064388,0.05148963274
elastic_net_logistic,8,3,sales_monthly_cv,1.341198911,0.4382397344,4.11908834,nonnegative_log1p,RobustScaler,0.8506629726,0.4532476867
elastic_net_logistic,8,3,sales_return_rate,0.006688350069,-0,0.4314900722,nonnegative_log1p,RobustScaler,0.006666051368,0.02652811299
elastic_net_logistic,8,3,sales_scale_10k,1238.173051,6.2009142,223577.0781,nonnegative_log1p,RobustScaler,7.12215496,3.094276165
elastic_net_logistic,8,3,supplier_count,73,1,2627.84,nonnegative_log1p,RobustScaler,4.303242649,2.412158283
elastic_net_logistic,8,3,supplier_hhi,0.1685143369,-inf,inf,none,RobustScaler,0.1685143369,0.395207595
elastic_net_logistic,8,3,void_invoice_rate,0.05693869921,-inf,inf,none,RobustScaler,0.05693869921,0.0468214508
elastic_net_logistic,8,4,active_month_ratio,0.8536585366,-inf,inf,none,RobustScaler,0.8536585366,0.1951219512
elastic_net_logistic,8,4,customer_count,37,1.98,3267.88,nonnegative_log1p,RobustScaler,3.63758616,2.073265158
elastic_net_logistic,8,4,customer_hhi,0.1281455695,-inf,inf,none,RobustScaler,0.1281455695,0.2510617423
elastic_net_logistic,8,4,invoice_activity_per_month,24.26829268,0.72,740.3785365,nonnegative_log1p,RobustScaler,3.229550356,2.193722389
elastic_net_logistic,8,4,operating_net_inflow_proxy_10k,336.768119,-7219.404265,55992.3107,signed_log1p,RobustScaler,5.822359622,3.401661517
elastic_net_logistic,8,4,purchase_return_rate,0.002507685052,-0,0.2342306267,nonnegative_log1p,RobustScaler,0.002504546056,0.009985096581
elastic_net_logistic,8,4,purchase_sales_ratio,0.4019244285,0.0004773509563,7.885622997,nonnegative_log1p,RobustScaler,0.3378458845,0.5030112442
elastic_net_logistic,8,4,purchase_scale_10k,465.7996,0.08344,46181.81304,nonnegative_log1p,RobustScaler,6.145900044,3.990439738
elastic_net_logistic,8,4,sales_growth_trend,0.03050595784,-0.08500446982,0.2098899201,none,RobustScaler,0.03050595784,0.05860360786
elastic_net_logistic,8,4,sales_monthly_cv,1.309963083,0.4386127806,4.237715362,nonnegative_log1p,RobustScaler,0.837231543,0.4298970528
elastic_net_logistic,8,4,sales_return_rate,0.007451615351,-0,0.4286841204,nonnegative_log1p,RobustScaler,0.00742398922,0.02083441853
elastic_net_logistic,8,4,sales_scale_10k,2451.840929,6.2678788,220883.1389,nonnegative_log1p,RobustScaler,7.805002195,2.998380385
elastic_net_logistic,8,4,supplier_count,80,1,2617.56,nonnegative_log1p,RobustScaler,4.394449155,2.613133662
elastic_net_logistic,8,4,supplier_hhi,0.1706335044,-inf,inf,none,RobustScaler,0.1706335044,0.3904981966
elastic_net_logistic,8,4,void_invoice_rate,0.05833333333,-inf,inf,none,RobustScaler,0.05833333333,0.04704601651
elastic_net_logistic,8,5,active_month_ratio,0.8292682927,-inf,inf,none,RobustScaler,0.8292682927,0.1951219512
elastic_net_logistic,8,5,customer_count,35,1.98,3267.88,nonnegative_log1p,RobustScaler,3.583518938,2.164829325
elastic_net_logistic,8,5,customer_hhi,0.1344159298,-inf,inf,none,RobustScaler,0.1344159298,0.2655781644
elastic_net_logistic,8,5,invoice_activity_per_month,21,0.4809756097,690.637561,nonnegative_log1p,RobustScaler,3.091042453,2.253608622
elastic_net_logistic,8,5,operating_net_inflow_proxy_10k,374.514463,-7219.404265,53422.17981,signed_log1p,RobustScaler,5.928296987,3.390056306
elastic_net_logistic,8,5,purchase_return_rate,0.002197536572,-0,0.1068147536,nonnegative_log1p,RobustScaler,0.00219512552,0.009985096581
elastic_net_logistic,8,5,purchase_sales_ratio,0.299322332,0.0004326338796,10.8543751,nonnegative_log1p,RobustScaler,0.2618428455,0.5277151193
elastic_net_logistic,8,5,purchase_scale_10k,272.752425,0.05544,36811.84446,nonnegative_log1p,RobustScaler,5.61222414,4.484580855
elastic_net_logistic,8,5,sales_growth_trend,0.03050595784,-0.04546099433,0.2098899201,none,RobustScaler,0.03050595784,0.05735934937
elastic_net_logistic,8,5,sales_monthly_cv,1.354069047,0.4563634786,4.237715362,nonnegative_log1p,RobustScaler,0.8561453402,0.4298970528
elastic_net_logistic,8,5,sales_return_rate,0.008380827305,-0,0.2611008106,nonnegative_log1p,RobustScaler,0.008345903165,0.02464731806
elastic_net_logistic,8,5,sales_scale_10k,1090.603578,5.679084,97335.55712,nonnegative_log1p,RobustScaler,6.995403067,3.193426166
elastic_net_logistic,8,5,supplier_count,70,1,1612.08,nonnegative_log1p,RobustScaler,4.262679877,2.745062519
elastic_net_logistic,8,5,supplier_hhi,0.1792648149,-inf,inf,none,RobustScaler,0.1792648149,0.4397237453
elastic_net_logistic,8,5,void_invoice_rate,0.05780346821,-inf,inf,none,RobustScaler,0.05780346821,0.05189982686
elastic_net_logistic,9,1,active_month_ratio,0.8536585366,-inf,inf,none,RobustScaler,0.8536585366,0.1951219512
elastic_net_logistic,9,1,customer_count,37.5,1.97,3310.82,nonnegative_log1p,RobustScaler,3.650573903,2.239927725
elastic_net_logistic,9,1,customer_hhi,0.1362590115,-inf,inf,none,RobustScaler,0.1362590115,0.2487099568
elastic_net_logistic,9,1,invoice_activity_per_month,21.26829268,0.4775609756,743.0556097,nonnegative_log1p,RobustScaler,3.103154217,2.281165271
elastic_net_logistic,9,1,operating_net_inflow_proxy_10k,336.3287145,-9124.623188,53496.33198,signed_log1p,RobustScaler,5.821057021,3.825573239
elastic_net_logistic,9,1,purchase_return_rate,0.002185389957,-0,0.1119923857,nonnegative_log1p,RobustScaler,0.002183004167,0.009211860205
elastic_net_logistic,9,1,purchase_sales_ratio,0.4253806912,0.0004675177045,10.85553579,nonnegative_log1p,RobustScaler,0.3544282951,0.5506326871
elastic_net_logistic,9,1,purchase_scale_10k,385.50322,0.05516,43795.41731,nonnegative_log1p,RobustScaler,5.95676353,4.257300115
elastic_net_logistic,9,1,sales_growth_trend,0.02636363199,-0.06858113867,0.2099736851,none,RobustScaler,0.02636363199,0.04984284941
elastic_net_logistic,9,1,sales_monthly_cv,1.307342554,0.4382397344,4.241425575,nonnegative_log1p,RobustScaler,0.8360884103,0.4825900181
elastic_net_logistic,9,1,sales_return_rate,0.006688350069,-0,0.2903268328,nonnegative_log1p,RobustScaler,0.006666051368,0.02789383831
elastic_net_logistic,9,1,sales_scale_10k,1083.736198,5.658626,101290.1859,nonnegative_log1p,RobustScaler,6.986376743,3.126339142
elastic_net_logistic,9,1,supplier_count,76.5,1,2627.84,nonnegative_log1p,RobustScaler,4.350257124,2.807520252
elastic_net_logistic,9,1,supplier_hhi,0.179476036,-inf,inf,none,RobustScaler,0.179476036,0.4053945776
elastic_net_logistic,9,1,void_invoice_rate,0.0613825403,-inf,inf,none,RobustScaler,0.0613825403,0.05137530692
elastic_net_logistic,9,2,active_month_ratio,0.8414634146,-inf,inf,none,RobustScaler,0.8414634146,0.1951219512
elastic_net_logistic,9,2,customer_count,35.5,1.97,2686.33,nonnegative_log1p,RobustScaler,3.596467111,2.088816325
elastic_net_logistic,9,2,customer_hhi,0.1426870649,-inf,inf,none,RobustScaler,0.1426870649,0.2384872843
elastic_net_logistic,9,2,invoice_activity_per_month,21.62195122,0.4775609756,685.7909756,nonnegative_log1p,RobustScaler,3.118856644,2.132935734
elastic_net_logistic,9,2,operating_net_inflow_proxy_10k,370.923337,-9124.623188,64544.28895,signed_log1p,RobustScaler,5.918558867,3.733614133
elastic_net_logistic,9,2,purchase_return_rate,0.003044884751,-0,0.2355319694,nonnegative_log1p,RobustScaler,0.003040256899,0.01153904756
elastic_net_logistic,9,2,purchase_sales_ratio,0.3828508962,0.0004294868193,10.85553579,nonnegative_log1p,RobustScaler,0.3241240674,0.4943114194
elastic_net_logistic,9,2,purchase_scale_10k,385.50322,0.05516,53069.77397,nonnegative_log1p,RobustScaler,5.95676353,4.538000595
elastic_net_logistic,9,2,sales_growth_trend,0.02722854143,-0.08518361983,0.1520618129,none,RobustScaler,0.02722854143,0.05148963274
elastic_net_logistic,9,2,sales_monthly_cv,1.354478985,0.5087042984,4.107957702,nonnegative_log1p,RobustScaler,0.85631945,0.428897087
elastic_net_logistic,9,2,sales_return_rate,0.008670824471,-0,0.4314900722,nonnegative_log1p,RobustScaler,0.00863340744,0.02166104633
elastic_net_logistic,9,2,sales_scale_10k,1633.868582,5.658626,223577.0781,nonnegative_log1p,RobustScaler,7.370943787,3.324614606
elastic_net_logistic,9,2,supplier_count,79.5,1,1601.78,nonnegative_log1p,RobustScaler,4.388237895,2.470308326
elastic_net_logistic,9,2,supplier_hhi,0.1653492901,-inf,inf,none,RobustScaler,0.1653492901,0.3397719489
elastic_net_logistic,9,2,void_invoice_rate,0.06075862966,-inf,inf,none,RobustScaler,0.06075862966,0.04676743909
elastic_net_logistic,9,3,active_month_ratio,0.8292682927,-inf,inf,none,RobustScaler,0.8292682927,0.1951219512
elastic_net_logistic,9,3,customer_count,33.5,2,3310.82,nonnegative_log1p,RobustScaler,3.540854293,2.168825001
elastic_net_logistic,9,3,customer_hhi,0.134265845,-inf,inf,none,RobustScaler,0.134265845,0.2440516557
elastic_net_logistic,9,3,invoice_activity_per_month,21.26829268,0.7007317073,743.0556097,nonnegative_log1p,RobustScaler,3.103154217,2.083813811
elastic_net_logistic,9,3,operating_net_inflow_proxy_10k,369.733469,-6138.128274,41136.06611,signed_log1p,RobustScaler,5.915400231,3.48032569
elastic_net_logistic,9,3,purchase_return_rate,0.002165928039,-0,0.2355319694,nonnegative_log1p,RobustScaler,0.0021635853,0.008373330733
elastic_net_logistic,9,3,purchase_sales_ratio,0.3980802338,0.0004769588854,7.91937477,nonnegative_log1p,RobustScaler,0.3350962538,0.4987905264
elastic_net_logistic,9,3,purchase_scale_10k,382.074815,0.10172,53069.77397,nonnegative_log1p,RobustScaler,5.947558719,4.038409708
elastic_net_logistic,9,3,sales_growth_trend,0.03147417187,-0.04672615086,0.2099736851,none,RobustScaler,0.03147417187,0.05948789599
elastic_net_logistic,9,3,sales_monthly_cv,1.354478985,0.4561899622,4.11908834,nonnegative_log1p,RobustScaler,0.85631945,0.4401499116
elastic_net_logistic,9,3,sales_return_rate,0.008149759176,-0,0.4314900722,nonnegative_log1p,RobustScaler,0.008116702959,0.0224627243
elastic_net_logistic,9,3,sales_scale_10k,1633.868582,11.27426415,223577.0781,nonnegative_log1p,RobustScaler,7.370943787,3.051068936
elastic_net_logistic,9,3,supplier_count,73,1,2627.84,nonnegative_log1p,RobustScaler,4.303242649,2.507901753
elastic_net_logistic,9,3,supplier_hhi,0.1749491597,-inf,inf,none,RobustScaler,0.1749491597,0.3994618316
elastic_net_logistic,9,3,void_invoice_rate,0.05806840077,-inf,inf,none,RobustScaler,0.05806840077,0.04275415874
elastic_net_logistic,9,4,active_month_ratio,0.8536585366,-inf,inf,none,RobustScaler,0.8536585366,0.1585365854
elastic_net_logistic,9,4,customer_count,38,1.98,3267.88,nonnegative_log1p,RobustScaler,3.663561646,2.204850678
elastic_net_logistic,9,4,customer_hhi,0.1344159298,-inf,inf,none,RobustScaler,0.1344159298,0.2592897168
elastic_net_logistic,9,4,invoice_activity_per_month,21.17073171,0.696097561,690.637561,nonnegative_log1p,RobustScaler,3.098773028,2.052089289
elastic_net_logistic,9,4,operating_net_inflow_proxy_10k,391.81553,-383.6836624,63259.22351,signed_log1p,RobustScaler,5.973340112,3.393500176
elastic_net_logistic,9,4,purchase_return_rate,0.0019928926,-0,0.2342306267,nonnegative_log1p,RobustScaler,0.001990909424,0.008736975333
elastic_net_logistic,9,4,purchase_sales_ratio,0.4188070517,0.0004326338796,7.885622997,nonnegative_log1p,RobustScaler,0.3498164141,0.5283454204
elastic_net_logistic,9,4,purchase_scale_10k,331.803258,0.07364,26029.91531,nonnegative_log1p,RobustScaler,5.807551499,3.867144842
elastic_net_logistic,9,4,sales_growth_trend,0.02549828501,-0.08500446982,0.1179554699,none,RobustScaler,0.02549828501,0.04934139676
elastic_net_logistic,9,4,sales_monthly_cv,1.316596347,0.4386127806,4.237715362,nonnegative_log1p,RobustScaler,0.8400990166,0.4790236205
elastic_net_logistic,9,4,sales_return_rate,0.005296393897,-0,0.4286841204,nonnegative_log1p,RobustScaler,0.005282417331,0.0210922288
elastic_net_logistic,9,4,sales_scale_10k,1226.472282,5.679084,91947.67877,nonnegative_log1p,RobustScaler,7.112712279,2.874852124
elastic_net_logistic,9,4,supplier_count,77,1,1612.08,nonnegative_log1p,RobustScaler,4.356708827,2.307073741
elastic_net_logistic,9,4,supplier_hhi,0.1706335044,-inf,inf,none,RobustScaler,0.1706335044,0.4054458279
elastic_net_logistic,9,4,void_invoice_rate,0.05677655678,-inf,inf,none,RobustScaler,0.05677655678,0.04718679701
elastic_net_logistic,9,5,active_month_ratio,0.8292682927,-inf,inf,none,RobustScaler,0.8292682927,0.1951219512
elastic_net_logistic,9,5,customer_count,37,1.98,2767.1,nonnegative_log1p,RobustScaler,3.63758616,2.020019609
elastic_net_logistic,9,5,customer_hhi,0.1344159298,-inf,inf,none,RobustScaler,0.1344159298,0.257664535
elastic_net_logistic,9,5,invoice_activity_per_month,19.97560976,0.4809756097,740.3785365,nonnegative_log1p,RobustScaler,3.043360323,2.16799561
elastic_net_logistic,9,5,operating_net_inflow_proxy_10k,332.399961,-7219.404265,63259.22351,signed_log1p,RobustScaler,5.809342853,3.501861946
elastic_net_logistic,9,5,purchase_return_rate,0.002134319505,-0,0.1068147536,nonnegative_log1p,RobustScaler,0.002132045081,0.008591764046
elastic_net_logistic,9,5,purchase_sales_ratio,0.3483757436,0.0004326338796,10.8543751,nonnegative_log1p,RobustScaler,0.2989007152,0.5358474077
elastic_net_logistic,9,5,purchase_scale_10k,272.752425,0.05544,46181.81304,nonnegative_log1p,RobustScaler,5.61222414,4.634818241
elastic_net_logistic,9,5,sales_growth_trend,0.0291075612,-0.08500446982,0.2098899201,none,RobustScaler,0.0291075612,0.05957534756
elastic_net_logistic,9,5,sales_monthly_cv,1.354069047,0.4386127806,4.237715362,nonnegative_log1p,RobustScaler,0.8561453402,0.414427765
elastic_net_logistic,9,5,sales_return_rate,0.006438001467,-0,0.2804536864,nonnegative_log1p,RobustScaler,0.006417366055,0.0249184844
elastic_net_logistic,9,5,sales_scale_10k,1003.90671,5.679084,220883.1389,nonnegative_log1p,RobustScaler,6.91264999,3.296124026
elastic_net_logistic,9,5,supplier_count,68,1,2617.56,nonnegative_log1p,RobustScaler,4.234106505,2.564949357
elastic_net_logistic,9,5,supplier_hhi,0.1796872571,-inf,inf,none,RobustScaler,0.1796872571,0.4545738215
elastic_net_logistic,9,5,void_invoice_rate,0.05780346821,-inf,inf,none,RobustScaler,0.05780346821,0.05108742355
elastic_net_logistic,10,1,active_month_ratio,0.8536585366,-inf,inf,none,RobustScaler,0.8536585366,0.1951219512
elastic_net_logistic,10,1,customer_count,34.5,1.97,1595.27,nonnegative_log1p,RobustScaler,3.5694335,2.245112632
elastic_net_logistic,10,1,customer_hhi,0.1443061855,-inf,inf,none,RobustScaler,0.1443061855,0.2771302845
elastic_net_logistic,10,1,invoice_activity_per_month,21.18292683,0.6904878049,743.0556097,nonnegative_log1p,RobustScaler,3.099288929,2.017630081
elastic_net_logistic,10,1,operating_net_inflow_proxy_10k,454.6903795,-9124.623188,64544.28895,signed_log1p,RobustScaler,6.121763092,3.795021165
elastic_net_logistic,10,1,purchase_return_rate,0.001953750623,-0,0.1119923857,nonnegative_log1p,RobustScaler,0.001951843771,0.008406162673
elastic_net_logistic,10,1,purchase_sales_ratio,0.3932499416,0.0004294868193,10.85553579,nonnegative_log1p,RobustScaler,0.3316388551,0.5298114028
elastic_net_logistic,10,1,purchase_scale_10k,423.964759,0.07346,53069.77397,nonnegative_log1p,RobustScaler,6.04985341,3.883812332
elastic_net_logistic,10,1,sales_growth_trend,0.02530264171,-0.08518361983,0.2099736851,none,RobustScaler,0.02530264171,0.05850786581
elastic_net_logistic,10,1,sales_monthly_cv,1.341198911,0.4382397344,4.241425575,nonnegative_log1p,RobustScaler,0.8506629726,0.442612486
elastic_net_logistic,10,1,sales_return_rate,0.005340440993,-0,0.4314900722,nonnegative_log1p,RobustScaler,0.005326230446,0.02302566894
elastic_net_logistic,10,1,sales_scale_10k,2162.34073,5.658626,223577.0781,nonnegative_log1p,RobustScaler,7.67936418,2.870960174
elastic_net_logistic,10,1,supplier_count,76.5,1,2627.84,nonnegative_log1p,RobustScaler,4.350257124,2.446483805
elastic_net_logistic,10,1,supplier_hhi,0.1705136769,-inf,inf,none,RobustScaler,0.1705136769,0.4052303502
elastic_net_logistic,10,1,void_invoice_rate,0.05745215493,-inf,inf,none,RobustScaler,0.05745215493,0.04461635792
elastic_net_logistic,10,2,active_month_ratio,0.8414634146,-inf,inf,none,RobustScaler,0.8414634146,0.1951219512
elastic_net_logistic,10,2,customer_count,37,1.97,3310.82,nonnegative_log1p,RobustScaler,3.63758616,2.131627295
elastic_net_logistic,10,2,customer_hhi,0.1452465274,-inf,inf,none,RobustScaler,0.1452465274,0.2700944328
elastic_net_logistic,10,2,invoice_activity_per_month,21.26829268,0.7007317073,693.8221951,nonnegative_log1p,RobustScaler,3.103154217,2.162960861
elastic_net_logistic,10,2,operating_net_inflow_proxy_10k,350.860297,-9124.623188,64544.28895,signed_log1p,RobustScaler,5.862431548,3.844994397
elastic_net_logistic,10,2,purchase_return_rate,0.002510666773,-0,0.2355319694,nonnegative_log1p,RobustScaler,0.002507482908,0.01027388326
elastic_net_logistic,10,2,purchase_sales_ratio,0.3609068459,0.0004294868193,10.85553579,nonnegative_log1p,RobustScaler,0.3081088814,0.5158587172
elastic_net_logistic,10,2,purchase_scale_10k,371.468457,0.07262,53069.77397,nonnegative_log1p,RobustScaler,5.920109991,4.290478952
elastic_net_logistic,10,2,sales_growth_trend,0.03130524528,-0.06186013554,0.1520618129,none,RobustScaler,0.03130524528,0.05591930751
elastic_net_logistic,10,2,sales_monthly_cv,1.441607819,0.4382397344,3.84728494,nonnegative_log1p,RobustScaler,0.8926151054,0.4582058153
elastic_net_logistic,10,2,sales_return_rate,0.007195157011,-0,0.4314900722,nonnegative_log1p,RobustScaler,0.00716936295,0.02123271622
elastic_net_logistic,10,2,sales_scale_10k,1047.255144,11.27426415,223577.0781,nonnegative_log1p,RobustScaler,6.954026528,3.030699112
elastic_net_logistic,10,2,supplier_count,76.5,1,1578.3,nonnegative_log1p,RobustScaler,4.350257124,2.49511886
elastic_net_logistic,10,2,supplier_hhi,0.1749491597,-inf,inf,none,RobustScaler,0.1749491597,0.4476426673
elastic_net_logistic,10,2,void_invoice_rate,0.0590471583,-inf,inf,none,RobustScaler,0.0590471583,0.04904524385
elastic_net_logistic,10,3,active_month_ratio,0.8292682927,-inf,inf,none,RobustScaler,0.8292682927,0.1951219512
elastic_net_logistic,10,3,customer_count,33.5,1.97,3310.82,nonnegative_log1p,RobustScaler,3.540854293,2.095199342
elastic_net_logistic,10,3,customer_hhi,0.1324227634,-inf,inf,none,RobustScaler,0.1324227634,0.2116593875
elastic_net_logistic,10,3,invoice_activity_per_month,20.02439024,0.4775609756,685.7909756,nonnegative_log1p,RobustScaler,3.045680512,2.263419664
elastic_net_logistic,10,3,operating_net_inflow_proxy_10k,325.270958,-9124.623188,53496.33198,signed_log1p,RobustScaler,5.787489429,3.490125654
elastic_net_logistic,10,3,purchase_return_rate,0.002372072731,-0,0.1080883576,nonnegative_log1p,RobustScaler,0.002369254655,0.01027388326
elastic_net_logistic,10,3,purchase_sales_ratio,0.3980802338,0.0004294868193,6.919666862,nonnegative_log1p,RobustScaler,0.3350962538,0.4838222764
elastic_net_logistic,10,3,purchase_scale_10k,272.297247,0.05516,43795.41731,nonnegative_log1p,RobustScaler,5.610558633,4.553973512
elastic_net_logistic,10,3,sales_growth_trend,0.02625748132,-0.08518361983,0.2099736851,none,RobustScaler,0.02625748132,0.05148963274
elastic_net_logistic,10,3,sales_monthly_cv,1.328194259,0.4550708236,4.241425575,nonnegative_log1p,RobustScaler,0.8450805631,0.4634651873
elastic_net_logistic,10,3,sales_return_rate,0.007872384321,-0,0.2819089775,nonnegative_log1p,RobustScaler,0.007841557722,0.02246028534
elastic_net_logistic,10,3,sales_scale_10k,916.111805,5.658626,101290.1859,nonnegative_log1p,RobustScaler,6.81662617,3.420779525
elastic_net_logistic,10,3,supplier_count,70,1,1601.78,nonnegative_log1p,RobustScaler,4.262679877,2.666116735
elastic_net_logistic,10,3,supplier_hhi,0.1811854987,-inf,inf,none,RobustScaler,0.1811854987,0.3686268186
elastic_net_logistic,10,3,void_invoice_rate,0.05693869921,-inf,inf,none,RobustScaler,0.05693869921,0.04794664531
elastic_net_logistic,10,4,active_month_ratio,0.8536585366,-inf,inf,none,RobustScaler,0.8536585366,0.1951219512
elastic_net_logistic,10,4,customer_count,38,2,3267.88,nonnegative_log1p,RobustScaler,3.663561646,2.075957207
elastic_net_logistic,10,4,customer_hhi,0.1243082185,-inf,inf,none,RobustScaler,0.1243082185,0.2401261941
elastic_net_logistic,10,4,invoice_activity_per_month,24.26829268,0.4809756097,740.3785365,nonnegative_log1p,RobustScaler,3.229550356,2.094600045
elastic_net_logistic,10,4,operating_net_inflow_proxy_10k,336.768119,-391.6828947,63259.22351,signed_log1p,RobustScaler,5.822359622,3.241175749
elastic_net_logistic,10,4,purchase_return_rate,0.002236460409,-0,0.2342306267,nonnegative_log1p,RobustScaler,0.002233963254,0.009128301347
elastic_net_logistic,10,4,purchase_sales_ratio,0.4319543307,0.0004773509563,10.8543751,nonnegative_log1p,RobustScaler,0.3590401761,0.5552284435
elastic_net_logistic,10,4,purchase_scale_10k,465.7996,0.05544,26029.91531,nonnegative_log1p,RobustScaler,6.145900044,3.943590864
elastic_net_logistic,10,4,sales_growth_trend,0.02812555332,-0.08500446982,0.1512134883,none,RobustScaler,0.02812555332,0.05352307852
elastic_net_logistic,10,4,sales_monthly_cv,1.309963083,0.4386127806,4.237715362,nonnegative_log1p,RobustScaler,0.837231543,0.4760628728
elastic_net_logistic,10,4,sales_return_rate,0.007826077593,-0,0.2860655899,nonnegative_log1p,RobustScaler,0.007795612692,0.02212698183
elastic_net_logistic,10,4,sales_scale_10k,1249.87382,5.679084,91947.67877,nonnegative_log1p,RobustScaler,7.131597642,3.167195006
elastic_net_logistic,10,4,supplier_count,77,1,2617.56,nonnegative_log1p,RobustScaler,4.356708827,2.514191012
elastic_net_logistic,10,4,supplier_hhi,0.1703938495,-inf,inf,none,RobustScaler,0.1703938495,0.4040662223
elastic_net_logistic,10,4,void_invoice_rate,0.0607028754,-inf,inf,none,RobustScaler,0.0607028754,0.04768064991
elastic_net_logistic,10,5,active_month_ratio,0.8292682927,-inf,inf,none,RobustScaler,0.8292682927,0.1951219512
elastic_net_logistic,10,5,customer_count,38,1.98,3267.88,nonnegative_log1p,RobustScaler,3.663561646,2.130332889
elastic_net_logistic,10,5,customer_hhi,0.1304295969,-inf,inf,none,RobustScaler,0.1304295969,0.2496337236
elastic_net_logistic,10,5,invoice_activity_per_month,20.07317073,0.4809756097,740.3785365,nonnegative_log1p,RobustScaler,3.048000702,2.09430742
elastic_net_logistic,10,5,operating_net_inflow_proxy_10k,335.88931,-4194.12151,55992.3107,signed_log1p,RobustScaler,5.819754419,3.5151589
elastic_net_logistic,10,5,purchase_return_rate,0.002134319505,-0,0.2342306267,nonnegative_log1p,RobustScaler,0.002132045081,0.009128301347
elastic_net_logistic,10,5,purchase_sales_ratio,0.3922638442,0.0004710568358,7.887944378,nonnegative_log1p,RobustScaler,0.3309310872,0.5087742079
elastic_net_logistic,10,5,purchase_scale_10k,272.752425,0.05544,46181.81304,nonnegative_log1p,RobustScaler,5.61222414,4.435556535
elastic_net_logistic,10,5,sales_growth_trend,0.0291075612,-0.06877381981,0.2098899201,none,RobustScaler,0.0291075612,0.05263829935
elastic_net_logistic,10,5,sales_monthly_cv,1.354069047,0.4563634786,4.237715362,nonnegative_log1p,RobustScaler,0.8561453402,0.4023816646
elastic_net_logistic,10,5,sales_return_rate,0.008380827305,-0,0.4286841204,nonnegative_log1p,RobustScaler,0.008345903165,0.02715915529
elastic_net_logistic,10,5,sales_scale_10k,1226.472282,5.679084,220883.1389,nonnegative_log1p,RobustScaler,7.112712279,3.050623351
elastic_net_logistic,10,5,supplier_count,70,1,2617.56,nonnegative_log1p,RobustScaler,4.262679877,2.514191012
elastic_net_logistic,10,5,supplier_hhi,0.1703938495,-inf,inf,none,RobustScaler,0.1703938495,0.4043207146
elastic_net_logistic,10,5,void_invoice_rate,0.0603204524,-inf,inf,none,RobustScaler,0.0603204524,0.04956113543
hist_gradient_boosting,1,1,active_month_ratio,0.8292682927,-inf,inf,none,none,,
hist_gradient_boosting,1,1,customer_count,32,2,3310.82,nonnegative_log1p,none,,
hist_gradient_boosting,1,1,customer_hhi,0.1452465274,-inf,inf,none,none,,
hist_gradient_boosting,1,1,invoice_activity_per_month,20.53658537,0.4775609756,693.8221951,nonnegative_log1p,none,,
hist_gradient_boosting,1,1,operating_net_inflow_proxy_10k,350.4208925,-422.4715021,64544.28895,signed_log1p,none,,
hist_gradient_boosting,1,1,purchase_return_rate,0.002165928039,-0,0.2355319694,nonnegative_log1p,none,,
hist_gradient_boosting,1,1,purchase_sales_ratio,0.3980802338,0.0004294868193,7.915892699,nonnegative_log1p,none,,
hist_gradient_boosting,1,1,purchase_scale_10k,385.50322,0.05516,26094.97629,nonnegative_log1p,none,,
hist_gradient_boosting,1,1,sales_growth_trend,0.02945299267,-0.08518361983,0.1518105179,none,none,,
hist_gradient_boosting,1,1,sales_monthly_cv,1.505105525,0.4382397344,4.241425575,nonnegative_log1p,none,,
hist_gradient_boosting,1,1,sales_return_rate,0.008600193253,-0,0.4314900722,nonnegative_log1p,none,,
hist_gradient_boosting,1,1,sales_scale_10k,1047.255144,5.658626,93208.36838,nonnegative_log1p,none,,
hist_gradient_boosting,1,1,supplier_count,70,1,1632.62,nonnegative_log1p,none,,
hist_gradient_boosting,1,1,supplier_hhi,0.1685143369,-inf,inf,none,none,,
hist_gradient_boosting,1,1,void_invoice_rate,0.05989142359,-inf,inf,none,none,,
hist_gradient_boosting,1,2,active_month_ratio,0.8292682927,-inf,inf,none,none,,
hist_gradient_boosting,1,2,customer_count,37.5,1.97,2686.33,nonnegative_log1p,none,,
hist_gradient_boosting,1,2,customer_hhi,0.1407224965,-inf,inf,none,none,,
hist_gradient_boosting,1,2,invoice_activity_per_month,21.62195122,0.7141463415,743.0556097,nonnegative_log1p,none,,
hist_gradient_boosting,1,2,operating_net_inflow_proxy_10k,425.542592,-6138.128274,57351.52832,signed_log1p,none,,
hist_gradient_boosting,1,2,purchase_return_rate,0.001887450633,-0,0.2355319694,nonnegative_log1p,none,,
hist_gradient_boosting,1,2,purchase_sales_ratio,0.3609068459,0.0004675177045,6.923148934,nonnegative_log1p,none,,
hist_gradient_boosting,1,2,purchase_scale_10k,420.348231,0.07346,53069.77397,nonnegative_log1p,none,,
hist_gradient_boosting,1,2,sales_growth_trend,0.02775164782,-0.08518361983,0.2099736851,none,none,,
hist_gradient_boosting,1,2,sales_monthly_cv,1.341198911,0.4382397344,4.241425575,nonnegative_log1p,none,,
hist_gradient_boosting,1,2,sales_return_rate,0.00529165042,-0,0.4314900722,nonnegative_log1p,none,,
hist_gradient_boosting,1,2,sales_scale_10k,1695.873314,5.658626,223577.0781,nonnegative_log1p,none,,
hist_gradient_boosting,1,2,supplier_count,78,1,2627.84,nonnegative_log1p,none,,
hist_gradient_boosting,1,2,supplier_hhi,0.1793778391,-inf,inf,none,none,,
hist_gradient_boosting,1,2,void_invoice_rate,0.05745215493,-inf,inf,none,none,,
hist_gradient_boosting,1,3,active_month_ratio,0.8414634146,-inf,inf,none,none,,
hist_gradient_boosting,1,3,customer_count,40,1.97,2815.15,nonnegative_log1p,none,,
hist_gradient_boosting,1,3,customer_hhi,0.1292875832,-inf,inf,none,none,,
hist_gradient_boosting,1,3,invoice_activity_per_month,20.48780488,0.7007317073,743.0556097,nonnegative_log1p,none,,
hist_gradient_boosting,1,3,operating_net_inflow_proxy_10k,334.1446355,-9124.623188,53496.33198,signed_log1p,none,,
hist_gradient_boosting,1,3,purchase_return_rate,0.002372072731,-0,0.2355319694,nonnegative_log1p,none,,
hist_gradient_boosting,1,3,purchase_sales_ratio,0.4130951849,0.0004294868193,10.85553579,nonnegative_log1p,none,,
hist_gradient_boosting,1,3,purchase_scale_10k,302.2778415,0.07262,53069.77397,nonnegative_log1p,none,,
hist_gradient_boosting,1,3,sales_growth_trend,0.02625748132,-0.06858113867,0.1314216925,none,none,,
hist_gradient_boosting,1,3,sales_monthly_cv,1.302421593,0.4382397344,4.11908834,nonnegative_log1p,none,,
hist_gradient_boosting,1,3,sales_return_rate,0.008310196087,-0,0.4314900722,nonnegative_log1p,none,,
hist_gradient_boosting,1,3,sales_scale_10k,1083.736198,6.2009142,101290.1859,nonnegative_log1p,none,,
hist_gradient_boosting,1,3,supplier_count,70,1,2627.84,nonnegative_log1p,none,,
hist_gradient_boosting,1,3,supplier_hhi,0.1749491597,-inf,inf,none,none,,
hist_gradient_boosting,1,3,void_invoice_rate,0.0605116639,-inf,inf,none,none,,
hist_gradient_boosting,1,4,active_month_ratio,0.8536585366,-inf,inf,none,none,,
hist_gradient_boosting,1,4,customer_count,37,1.98,3267.88,nonnegative_log1p,none,,
hist_gradient_boosting,1,4,customer_hhi,0.1396982701,-inf,inf,none,none,,
hist_gradient_boosting,1,4,invoice_activity_per_month,21,0.4809756097,740.3785365,nonnegative_log1p,none,,
hist_gradient_boosting,1,4,operating_net_inflow_proxy_10k,364.952475,-7219.404265,63259.22351,signed_log1p,none,,
hist_gradient_boosting,1,4,purchase_return_rate,0.002197536572,-0,0.1010596232,nonnegative_log1p,none,,
hist_gradient_boosting,1,4,purchase_sales_ratio,0.3942360391,0.0004326338796,10.8543751,nonnegative_log1p,none,,
hist_gradient_boosting,1,4,purchase_scale_10k,272.752425,0.05544,39805.83715,nonnegative_log1p,none,,
hist_gradient_boosting,1,4,sales_growth_trend,0.02812555332,-0.06877381981,0.2098899201,none,none,,
hist_gradient_boosting,1,4,sales_monthly_cv,1.34260565,0.5108969086,4.106696493,nonnegative_log1p,none,,
hist_gradient_boosting,1,4,sales_return_rate,0.007826077593,-0,0.4286841204,nonnegative_log1p,none,,
hist_gradient_boosting,1,4,sales_scale_10k,1163.565686,6.2678788,220883.1389,nonnegative_log1p,none,,
hist_gradient_boosting,1,4,supplier_count,76,1,2617.56,nonnegative_log1p,none,,
hist_gradient_boosting,1,4,supplier_hhi,0.1666348242,-inf,inf,none,none,,
hist_gradient_boosting,1,4,void_invoice_rate,0.05833333333,-inf,inf,none,none,,
hist_gradient_boosting,1,5,active_month_ratio,0.8780487805,-inf,inf,none,none,,
hist_gradient_boosting,1,5,customer_count,37,1.98,3267.88,nonnegative_log1p,none,,
hist_gradient_boosting,1,5,customer_hhi,0.1281455695,-inf,inf,none,none,,
hist_gradient_boosting,1,5,invoice_activity_per_month,21.87804878,0.4809756097,685.2834146,nonnegative_log1p,none,,
hist_gradient_boosting,1,5,operating_net_inflow_proxy_10k,336.768119,-7219.404265,63259.22351,signed_log1p,none,,
hist_gradient_boosting,1,5,purchase_return_rate,0.002236460409,-0,0.1068147536,nonnegative_log1p,none,,
hist_gradient_boosting,1,5,purchase_sales_ratio,0.4019244285,0.0004773509563,10.8543751,nonnegative_log1p,none,,
hist_gradient_boosting,1,5,purchase_scale_10k,396.109578,0.05544,46181.81304,nonnegative_log1p,none,,
hist_gradient_boosting,1,5,sales_growth_trend,0.0291075612,-0.08500446982,0.2098899201,none,none,,
hist_gradient_boosting,1,5,sales_monthly_cv,1.298088761,0.4386127806,4.237715362,nonnegative_log1p,none,,
hist_gradient_boosting,1,5,sales_return_rate,0.006365519913,-0,0.2611008106,nonnegative_log1p,none,,
hist_gradient_boosting,1,5,sales_scale_10k,2017.863344,5.679084,220883.1389,nonnegative_log1p,none,,
hist_gradient_boosting,1,5,supplier_count,79,1,1591.52,nonnegative_log1p,none,,
hist_gradient_boosting,1,5,supplier_hhi,0.1796872571,-inf,inf,none,none,,
hist_gradient_boosting,1,5,void_invoice_rate,0.05833333333,-inf,inf,none,none,,
hist_gradient_boosting,2,1,active_month_ratio,0.8536585366,-inf,inf,none,none,,
hist_gradient_boosting,2,1,customer_count,35.5,1.97,2815.15,nonnegative_log1p,none,,
hist_gradient_boosting,2,1,customer_hhi,0.1362590115,-inf,inf,none,none,,
hist_gradient_boosting,2,1,invoice_activity_per_month,21.26829268,0.4775609756,743.0556097,nonnegative_log1p,none,,
hist_gradient_boosting,2,1,operating_net_inflow_proxy_10k,355.641291,-9124.623188,64544.28895,signed_log1p,none,,
hist_gradient_boosting,2,1,purchase_return_rate,0.002646279095,-0,0.2355319694,nonnegative_log1p,none,,
hist_gradient_boosting,2,1,purchase_sales_ratio,0.3047292098,0.0004769588854,10.85553579,nonnegative_log1p,none,,
hist_gradient_boosting,2,1,purchase_scale_10k,349.921655,0.05516,53069.77397,nonnegative_log1p,none,,
hist_gradient_boosting,2,1,sales_growth_trend,0.02726064388,-0.06186013554,0.2099736851,none,none,,
hist_gradient_boosting,2,1,sales_monthly_cv,1.387105245,0.4382397344,4.241425575,nonnegative_log1p,none,,
hist_gradient_boosting,2,1,sales_return_rate,0.007638846472,-0,0.4314900722,nonnegative_log1p,none,,
hist_gradient_boosting,2,1,sales_scale_10k,1633.868582,5.658626,223577.0781,nonnegative_log1p,none,,
hist_gradient_boosting,2,1,supplier_count,73,1,2627.84,nonnegative_log1p,none,,
hist_gradient_boosting,2,1,supplier_hhi,0.1749491597,-inf,inf,none,none,,
hist_gradient_boosting,2,1,void_invoice_rate,0.05593065127,-inf,inf,none,none,,
hist_gradient_boosting,2,2,active_month_ratio,0.8536585366,-inf,inf,none,none,,
hist_gradient_boosting,2,2,customer_count,38.5,1.97,3310.82,nonnegative_log1p,none,,
hist_gradient_boosting,2,2,customer_hhi,0.1292875832,-inf,inf,none,none,,
hist_gradient_boosting,2,2,invoice_activity_per_month,21.08536585,0.4775609756,743.0556097,nonnegative_log1p,none,,
hist_gradient_boosting,2,2,operating_net_inflow_proxy_10k,383.1649965,-6138.128274,53496.33198,signed_log1p,none,,
hist_gradient_boosting,2,2,purchase_return_rate,0.002510666773,-0,0.2355319694,nonnegative_log1p,none,,
hist_gradient_boosting,2,2,purchase_sales_ratio,0.3980802338,0.0004294868193,6.828857758,nonnegative_log1p,none,,
hist_gradient_boosting,2,2,purchase_scale_10k,349.921655,0.05516,43795.41731,nonnegative_log1p,none,,
hist_gradient_boosting,2,2,sales_growth_trend,0.03130524528,-0.08518361983,0.1520618129,none,none,,
hist_gradient_boosting,2,2,sales_monthly_cv,1.328194259,0.4382397344,4.107957702,nonnegative_log1p,none,,
hist_gradient_boosting,2,2,sales_return_rate,0.009799665738,-0,0.4314900722,nonnegative_log1p,none,,
hist_gradient_boosting,2,2,sales_scale_10k,1633.868582,5.658626,101290.1859,nonnegative_log1p,none,,
hist_gradient_boosting,2,2,supplier_count,79.5,1,2627.84,nonnegative_log1p,none,,
hist_gradient_boosting,2,2,supplier_hhi,0.1653492901,-inf,inf,none,none,,
hist_gradient_boosting,2,2,void_invoice_rate,0.05848262758,-inf,inf,none,none,,
hist_gradient_boosting,2,3,active_month_ratio,0.8292682927,-inf,inf,none,none,,
hist_gradient_boosting,2,3,customer_count,34,1.97,2686.33,nonnegative_log1p,none,,
hist_gradient_boosting,2,3,customer_hhi,0.1452465274,-inf,inf,none,none,,
hist_gradient_boosting,2,3,invoice_activity_per_month,17.23170732,0.4775609756,743.0556097,nonnegative_log1p,none,,
hist_gradient_boosting,2,3,operating_net_inflow_proxy_10k,369.733469,-9124.623188,57351.52832,signed_log1p,none,,
hist_gradient_boosting,2,3,purchase_return_rate,0.001078352128,-0,0.1119923857,nonnegative_log1p,none,,
hist_gradient_boosting,2,3,purchase_sales_ratio,0.3609068459,0.0004294868193,10.85553579,nonnegative_log1p,none,,
hist_gradient_boosting,2,3,purchase_scale_10k,258.669777,0.05516,53069.77397,nonnegative_log1p,none,,
hist_gradient_boosting,2,3,sales_growth_trend,0.02861655726,-0.0691185887,0.2099736851,none,none,,
hist_gradient_boosting,2,3,sales_monthly_cv,1.328194259,0.509823437,4.241425575,nonnegative_log1p,none,,
hist_gradient_boosting,2,3,sales_return_rate,0.007638846472,-0,0.4314900722,nonnegative_log1p,none,,
hist_gradient_boosting,2,3,sales_scale_10k,1047.255144,5.658626,223577.0781,nonnegative_log1p,none,,
hist_gradient_boosting,2,3,supplier_count,69,1,2627.84,nonnegative_log1p,none,,
hist_gradient_boosting,2,3,supplier_hhi,0.1815613826,-inf,inf,none,none,,
hist_gradient_boosting,2,3,void_invoice_rate,0.05771708749,-inf,inf,none,none,,
hist_gradient_boosting,2,4,active_month_ratio,0.8536585366,-inf,inf,none,none,,
hist_gradient_boosting,2,4,customer_count,39,1.98,3267.88,nonnegative_log1p,none,,
hist_gradient_boosting,2,4,customer_hhi,0.1304295969,-inf,inf,none,none,,
hist_gradient_boosting,2,4,invoice_activity_per_month,23.26829268,0.7268292683,507.8682927,nonnegative_log1p,none,,
hist_gradient_boosting,2,4,operating_net_inflow_proxy_10k,332.399961,-7219.404265,63259.22351,signed_log1p,none,,
hist_gradient_boosting,2,4,purchase_return_rate,0.0019928926,-0,0.2342306267,nonnegative_log1p,none,,
hist_gradient_boosting,2,4,purchase_sales_ratio,0.3942360391,0.0004710568358,10.8543751,nonnegative_log1p,none,,
hist_gradient_boosting,2,4,purchase_scale_10k,374.896862,0.07308,46181.81304,nonnegative_log1p,none,,
hist_gradient_boosting,2,4,sales_growth_trend,0.02633152953,-0.08500446982,0.2098899201,none,none,,
hist_gradient_boosting,2,4,sales_monthly_cv,1.34260565,0.4386127806,3.824846135,nonnegative_log1p,none,,
hist_gradient_boosting,2,4,sales_return_rate,0.006438001467,-0,0.4286841204,nonnegative_log1p,none,,
hist_gradient_boosting,2,4,sales_scale_10k,1226.472282,11.3257611,220883.1389,nonnegative_log1p,none,,
hist_gradient_boosting,2,4,supplier_count,68,1,1516.12,nonnegative_log1p,none,,
hist_gradient_boosting,2,4,supplier_hhi,0.1796872571,-inf,inf,none,none,,
hist_gradient_boosting,2,4,void_invoice_rate,0.05946239479,-inf,inf,none,none,,
hist_gradient_boosting,2,5,active_month_ratio,0.8536585366,-inf,inf,none,none,,
hist_gradient_boosting,2,5,customer_count,35,2,3267.88,nonnegative_log1p,none,,
hist_gradient_boosting,2,5,customer_hhi,0.1396982701,-inf,inf,none,none,,
hist_gradient_boosting,2,5,invoice_activity_per_month,21.87804878,0.696097561,740.3785365,nonnegative_log1p,none,,
hist_gradient_boosting,2,5,operating_net_inflow_proxy_10k,374.514463,-391.6828947,63259.22351,signed_log1p,none,,
hist_gradient_boosting,2,5,purchase_return_rate,0.002784873137,-0,0.09845693783,nonnegative_log1p,none,,
hist_gradient_boosting,2,5,purchase_sales_ratio,0.4957627738,0.0004326338796,10.8543751,nonnegative_log1p,none,,
hist_gradient_boosting,2,5,purchase_scale_10k,465.7996,0.07364,26029.91531,nonnegative_log1p,none,,
hist_gradient_boosting,2,5,sales_growth_trend,0.02639573445,-0.08500446982,0.1512134883,none,none,,
hist_gradient_boosting,2,5,sales_monthly_cv,1.34260565,0.4556173862,4.237715362,nonnegative_log1p,none,,
hist_gradient_boosting,2,5,sales_return_rate,0.005296393897,-0,0.2230209435,nonnegative_log1p,none,,
hist_gradient_boosting,2,5,sales_scale_10k,1226.472282,5.679084,91947.67877,nonnegative_log1p,none,,
hist_gradient_boosting,2,5,supplier_count,81,1,2617.56,nonnegative_log1p,none,,
hist_gradient_boosting,2,5,supplier_hhi,0.164063756,-inf,inf,none,none,,
hist_gradient_boosting,2,5,void_invoice_rate,0.06195069668,-inf,inf,none,none,,
hist_gradient_boosting,3,1,active_month_ratio,0.8536585366,-inf,inf,none,none,,
hist_gradient_boosting,3,1,customer_count,31.5,1.97,2686.33,nonnegative_log1p,none,,
hist_gradient_boosting,3,1,customer_hhi,0.1407224965,-inf,inf,none,none,,
hist_gradient_boosting,3,1,invoice_activity_per_month,20.53658537,0.4775609756,743.0556097,nonnegative_log1p,none,,
hist_gradient_boosting,3,1,operating_net_inflow_proxy_10k,420.9633175,-322.1880725,64544.28895,signed_log1p,none,,
hist_gradient_boosting,3,1,purchase_return_rate,0.002165928039,-0,0.2355319694,nonnegative_log1p,none,,
hist_gradient_boosting,3,1,purchase_sales_ratio,0.3932499416,0.0004294868193,7.91937477,nonnegative_log1p,none,,
hist_gradient_boosting,3,1,purchase_scale_10k,371.468457,0.05516,26094.97629,nonnegative_log1p,none,,
hist_gradient_boosting,3,1,sales_growth_trend,0.03048130521,-0.08518361983,0.1293793086,none,none,,
hist_gradient_boosting,3,1,sales_monthly_cv,1.346930609,0.4550708236,4.107957702,nonnegative_log1p,none,,
hist_gradient_boosting,3,1,sales_return_rate,0.007195157011,-0,0.4314900722,nonnegative_log1p,none,,
hist_gradient_boosting,3,1,sales_scale_10k,1633.868582,5.658626,93208.36838,nonnegative_log1p,none,,
hist_gradient_boosting,3,1,supplier_count,73,1,2627.84,nonnegative_log1p,none,,
hist_gradient_boosting,3,1,supplier_hhi,0.1685143369,-inf,inf,none,none,,
hist_gradient_boosting,3,1,void_invoice_rate,0.05693869921,-inf,inf,none,none,,
hist_gradient_boosting,3,2,active_month_ratio,0.8292682927,-inf,inf,none,none,,
hist_gradient_boosting,3,2,customer_count,34.5,1.97,3310.82,nonnegative_log1p,none,,
hist_gradient_boosting,3,2,customer_hhi,0.1426870649,-inf,inf,none,none,,
hist_gradient_boosting,3,2,invoice_activity_per_month,21.26829268,0.4775609756,743.0556097,nonnegative_log1p,none,,
hist_gradient_boosting,3,2,operating_net_inflow_proxy_10k,369.733469,-9124.623188,57351.52832,signed_log1p,none,,
hist_gradient_boosting,3,2,purchase_return_rate,0.002165928039,-0,0.2355319694,nonnegative_log1p,none,,
hist_gradient_boosting,3,2,purchase_sales_ratio,0.4103657401,0.0004769588854,10.85553579,nonnegative_log1p,none,,
hist_gradient_boosting,3,2,purchase_scale_10k,385.50322,0.05516,53069.77397,nonnegative_log1p,none,,
hist_gradient_boosting,3,2,sales_growth_trend,0.02980675952,-0.06136327891,0.2099736851,none,none,,
hist_gradient_boosting,3,2,sales_monthly_cv,1.308358753,0.4561899622,4.241425575,nonnegative_log1p,none,,
hist_gradient_boosting,3,2,sales_return_rate,0.007872384321,-0,0.4314900722,nonnegative_log1p,none,,
hist_gradient_boosting,3,2,sales_scale_10k,2079.868076,5.658626,223577.0781,nonnegative_log1p,none,,
hist_gradient_boosting,3,2,supplier_count,69,1,2627.84,nonnegative_log1p,none,,
hist_gradient_boosting,3,2,supplier_hhi,0.160226257,-inf,inf,none,none,,
hist_gradient_boosting,3,2,void_invoice_rate,0.0605116639,-inf,inf,none,none,,
hist_gradient_boosting,3,3,active_month_ratio,0.8536585366,-inf,inf,none,none,,
hist_gradient_boosting,3,3,customer_count,44,1.97,3310.82,nonnegative_log1p,none,,
hist_gradient_boosting,3,3,customer_hhi,0.126226894,-inf,inf,none,none,,
hist_gradient_boosting,3,3,invoice_activity_per_month,21.08536585,0.7007317073,509.6682927,nonnegative_log1p,none,,
hist_gradient_boosting,3,3,operating_net_inflow_proxy_10k,336.3287145,-9124.623188,53496.33198,signed_log1p,none,,
hist_gradient_boosting,3,3,purchase_return_rate,0.002748099863,-0,0.2355319694,nonnegative_log1p,none,,
hist_gradient_boosting,3,3,purchase_sales_ratio,0.3838369937,0.0004675177045,7.915892699,nonnegative_log1p,none,,
hist_gradient_boosting,3,3,purchase_scale_10k,371.468457,0.07262,53069.77397,nonnegative_log1p,none,,
hist_gradient_boosting,3,3,sales_growth_trend,0.02564521575,-0.08518361983,0.2099736851,none,none,,
hist_gradient_boosting,3,3,sales_monthly_cv,1.348337349,0.4382397344,4.11908834,nonnegative_log1p,none,,
hist_gradient_boosting,3,3,sales_return_rate,0.007685153199,-0,0.2903268328,nonnegative_log1p,none,,
hist_gradient_boosting,3,3,sales_scale_10k,1238.173051,6.2009142,101290.1859,nonnegative_log1p,none,,
hist_gradient_boosting,3,3,supplier_count,76.5,1,1516.68,nonnegative_log1p,none,,
hist_gradient_boosting,3,3,supplier_hhi,0.1653492901,-inf,inf,none,none,,
hist_gradient_boosting,3,3,void_invoice_rate,0.05989142359,-inf,inf,none,none,,
hist_gradient_boosting,3,4,active_month_ratio,0.8536585366,-inf,inf,none,none,,
hist_gradient_boosting,3,4,customer_count,35,2,2767.1,nonnegative_log1p,none,,
hist_gradient_boosting,3,4,customer_hhi,0.1344159298,-inf,inf,none,none,,
hist_gradient_boosting,3,4,invoice_activity_per_month,21,0.4809756097,740.3785365,nonnegative_log1p,none,,
hist_gradient_boosting,3,4,operating_net_inflow_proxy_10k,336.768119,-7219.404265,63259.22351,signed_log1p,none,,
hist_gradient_boosting,3,4,purchase_return_rate,0.001914608646,-0,0.2342306267,nonnegative_log1p,none,,
hist_gradient_boosting,3,4,purchase_sales_ratio,0.3922638442,0.0004326338796,10.8543751,nonnegative_log1p,none,,
hist_gradient_boosting,3,4,purchase_scale_10k,260.068482,0.05544,39805.83715,nonnegative_log1p,none,,
hist_gradient_boosting,3,4,sales_growth_trend,0.02633152953,-0.08500446982,0.2098899201,none,none,,
hist_gradient_boosting,3,4,sales_monthly_cv,1.354888923,0.4386127806,4.237715362,nonnegative_log1p,none,,
hist_gradient_boosting,3,4,sales_return_rate,0.005286906944,-0,0.4286841204,nonnegative_log1p,none,,
hist_gradient_boosting,3,4,sales_scale_10k,828.3169,5.679084,220883.1389,nonnegative_log1p,none,,
hist_gradient_boosting,3,4,supplier_count,76,1,2617.56,nonnegative_log1p,none,,
hist_gradient_boosting,3,4,supplier_hhi,0.1838579504,-inf,inf,none,none,,
hist_gradient_boosting,3,4,void_invoice_rate,0.05710084165,-inf,inf,none,none,,
hist_gradient_boosting,3,5,active_month_ratio,0.8536585366,-inf,inf,none,none,,
hist_gradient_boosting,3,5,customer_count,37,1.98,3267.88,nonnegative_log1p,none,,
hist_gradient_boosting,3,5,customer_hhi,0.1396982701,-inf,inf,none,none,,
hist_gradient_boosting,3,5,invoice_activity_per_month,21.87804878,0.72,740.3785365,nonnegative_log1p,none,,
hist_gradient_boosting,3,5,operating_net_inflow_proxy_10k,336.768119,-7219.404265,63259.22351,signed_log1p,none,,
hist_gradient_boosting,3,5,purchase_return_rate,0.002197536572,-0,0.09590972992,nonnegative_log1p,none,,
hist_gradient_boosting,3,5,purchase_sales_ratio,0.4019244285,0.0004326338796,10.8543751,nonnegative_log1p,none,,
hist_gradient_boosting,3,5,purchase_scale_10k,396.109578,0.07364,46181.81304,nonnegative_log1p,none,,
hist_gradient_boosting,3,5,sales_growth_trend,0.02979842413,-0.08500446982,0.2098899201,none,none,,
hist_gradient_boosting,3,5,sales_monthly_cv,1.354069047,0.4386127806,4.237715362,nonnegative_log1p,none,,
hist_gradient_boosting,3,5,sales_return_rate,0.007826077593,-0,0.2804536864,nonnegative_log1p,none,,
hist_gradient_boosting,3,5,sales_scale_10k,1226.472282,6.2678788,220883.1389,nonnegative_log1p,none,,
hist_gradient_boosting,3,5,supplier_count,79,1,2617.56,nonnegative_log1p,none,,
hist_gradient_boosting,3,5,supplier_hhi,0.1796872571,-inf,inf,none,none,,
hist_gradient_boosting,3,5,void_invoice_rate,0.06081438392,-inf,inf,none,none,,
hist_gradient_boosting,4,1,active_month_ratio,0.8414634146,-inf,inf,none,none,,
hist_gradient_boosting,4,1,customer_count,36,1.97,2686.33,nonnegative_log1p,none,,
hist_gradient_boosting,4,1,customer_hhi,0.1407224965,-inf,inf,none,none,,
hist_gradient_boosting,4,1,invoice_activity_per_month,20.53658537,0.4775609756,743.0556097,nonnegative_log1p,none,,
hist_gradient_boosting,4,1,operating_net_inflow_proxy_10k,425.542592,-6130.210666,64544.28895,signed_log1p,none,,
hist_gradient_boosting,4,1,purchase_return_rate,0.002063606052,-0,0.1119923857,nonnegative_log1p,none,,
hist_gradient_boosting,4,1,purchase_sales_ratio,0.3703197939,0.0004294868193,7.91937477,nonnegative_log1p,none,,
hist_gradient_boosting,4,1,purchase_scale_10k,349.921655,0.05516,53069.77397,nonnegative_log1p,none,,
hist_gradient_boosting,4,1,sales_growth_trend,0.03015219099,-0.08518361983,0.2099736851,none,none,,
hist_gradient_boosting,4,1,sales_monthly_cv,1.348337349,0.4382397344,4.241425575,nonnegative_log1p,none,,
hist_gradient_boosting,4,1,sales_return_rate,0.01192766233,-0,0.4314900722,nonnegative_log1p,none,,
hist_gradient_boosting,4,1,sales_scale_10k,2317.324791,5.658626,223577.0781,nonnegative_log1p,none,,
hist_gradient_boosting,4,1,supplier_count,76.5,1,2627.84,nonnegative_log1p,none,,
hist_gradient_boosting,4,1,supplier_hhi,0.1685143369,-inf,inf,none,none,,
hist_gradient_boosting,4,1,void_invoice_rate,0.05848262758,-inf,inf,none,none,,
hist_gradient_boosting,4,2,active_month_ratio,0.8414634146,-inf,inf,none,none,,
hist_gradient_boosting,4,2,customer_count,38.5,1.97,3310.82,nonnegative_log1p,none,,
hist_gradient_boosting,4,2,customer_hhi,0.1350639335,-inf,inf,none,none,,
hist_gradient_boosting,4,2,invoice_activity_per_month,22.57317073,0.7007317073,743.0556097,nonnegative_log1p,none,,
hist_gradient_boosting,4,2,operating_net_inflow_proxy_10k,336.3287145,-9124.623188,57351.52832,signed_log1p,none,,
hist_gradient_boosting,4,2,purchase_return_rate,0.002165928039,-0,0.2355319694,nonnegative_log1p,none,,
hist_gradient_boosting,4,2,purchase_sales_ratio,0.4426559017,0.0007816864941,6.919666862,nonnegative_log1p,none,,
hist_gradient_boosting,4,2,purchase_scale_10k,423.964759,0.10172,53069.77397,nonnegative_log1p,none,,
hist_gradient_boosting,4,2,sales_growth_trend,0.02726064388,-0.08518361983,0.2099736851,none,none,,
hist_gradient_boosting,4,2,sales_monthly_cv,1.328194259,0.4382397344,4.11908834,nonnegative_log1p,none,,
hist_gradient_boosting,4,2,sales_return_rate,0.00640176069,-0,0.2903268328,nonnegative_log1p,none,,
hist_gradient_boosting,4,2,sales_scale_10k,1158.53793,19.16038774,223577.0781,nonnegative_log1p,none,,
hist_gradient_boosting,4,2,supplier_count,78,1,2627.84,nonnegative_log1p,none,,
hist_gradient_boosting,4,2,supplier_hhi,0.1673486302,-inf,inf,none,none,,
hist_gradient_boosting,4,2,void_invoice_rate,0.05806840077,-inf,inf,none,none,,
hist_gradient_boosting,4,3,active_month_ratio,0.8414634146,-inf,inf,none,none,,
hist_gradient_boosting,4,3,customer_count,33.5,1.97,3310.82,nonnegative_log1p,none,,
hist_gradient_boosting,4,3,customer_hhi,0.1324227634,-inf,inf,none,none,,
hist_gradient_boosting,4,3,invoice_activity_per_month,21.26829268,0.4775609756,685.7909756,nonnegative_log1p,none,,
hist_gradient_boosting,4,3,operating_net_inflow_proxy_10k,369.733469,-422.4715021,53496.33198,signed_log1p,none,,
hist_gradient_boosting,4,3,purchase_return_rate,0.00221699849,-0,0.2355319694,nonnegative_log1p,none,,
hist_gradient_boosting,4,3,purchase_sales_ratio,0.3980802338,0.0004294868193,10.85553579,nonnegative_log1p,none,,
hist_gradient_boosting,4,3,purchase_scale_10k,349.921655,0.05516,23131.53454,nonnegative_log1p,none,,
hist_gradient_boosting,4,3,sales_growth_trend,0.02861655726,-0.08518361983,0.1293793086,none,none,,
hist_gradient_boosting,4,3,sales_monthly_cv,1.328194259,0.4550708236,4.107957702,nonnegative_log1p,none,,
hist_gradient_boosting,4,3,sales_return_rate,0.006944808409,-0,0.4314900722,nonnegative_log1p,none,,
hist_gradient_boosting,4,3,sales_scale_10k,1083.736198,5.658626,82735.14631,nonnegative_log1p,none,,
hist_gradient_boosting,4,3,supplier_count,73,1,1601.78,nonnegative_log1p,none,,
hist_gradient_boosting,4,3,supplier_hhi,0.179476036,-inf,inf,none,none,,
hist_gradient_boosting,4,3,void_invoice_rate,0.06075862966,-inf,inf,none,none,,
hist_gradient_boosting,4,4,active_month_ratio,0.8536585366,-inf,inf,none,none,,
hist_gradient_boosting,4,4,customer_count,35,2,1680.28,nonnegative_log1p,none,,
hist_gradient_boosting,4,4,customer_hhi,0.1396982701,-inf,inf,none,none,,
hist_gradient_boosting,4,4,invoice_activity_per_month,20.07317073,0.696097561,690.637561,nonnegative_log1p,none,,
hist_gradient_boosting,4,4,operating_net_inflow_proxy_10k,336.768119,-7219.404265,63259.22351,signed_log1p,none,,
hist_gradient_boosting,4,4,purchase_return_rate,0.0019928926,-0,0.2342306267,nonnegative_log1p,none,,
hist_gradient_boosting,4,4,purchase_sales_ratio,0.3483757436,0.0004326338796,10.8543751,nonnegative_log1p,none,,
hist_gradient_boosting,4,4,purchase_scale_10k,271.842069,0.07364,46181.81304,nonnegative_log1p,none,,
hist_gradient_boosting,4,4,sales_growth_trend,0.02639573445,-0.04532241694,0.2098899201,none,none,,
hist_gradient_boosting,4,4,sales_monthly_cv,1.354069047,0.4563634786,4.237715362,nonnegative_log1p,none,,
hist_gradient_boosting,4,4,sales_return_rate,0.006438001467,-0,0.4286841204,nonnegative_log1p,none,,
hist_gradient_boosting,4,4,sales_scale_10k,1003.90671,6.2678788,220883.1389,nonnegative_log1p,none,,
hist_gradient_boosting,4,4,supplier_count,70,1.98,1612.08,nonnegative_log1p,none,,
hist_gradient_boosting,4,4,supplier_hhi,0.1666348242,-inf,inf,none,none,,
hist_gradient_boosting,4,4,void_invoice_rate,0.05946239479,-inf,inf,none,none,,
hist_gradient_boosting,4,5,active_month_ratio,0.8536585366,-inf,inf,none,none,,
hist_gradient_boosting,4,5,customer_count,37,1.98,3267.88,nonnegative_log1p,none,,
hist_gradient_boosting,4,5,customer_hhi,0.1344159298,-inf,inf,none,none,,
hist_gradient_boosting,4,5,invoice_activity_per_month,21.17073171,0.4809756097,740.3785365,nonnegative_log1p,none,,
hist_gradient_boosting,4,5,operating_net_inflow_proxy_10k,336.768119,-7219.404265,63259.22351,signed_log1p,none,,
hist_gradient_boosting,4,5,purchase_return_rate,0.002988514674,-0,0.09845693783,nonnegative_log1p,none,,
hist_gradient_boosting,4,5,purchase_sales_ratio,0.4019244285,0.0004326338796,10.8543751,nonnegative_log1p,none,,
hist_gradient_boosting,4,5,purchase_scale_10k,374.896862,0.05544,39805.83715,nonnegative_log1p,none,,
hist_gradient_boosting,4,5,sales_growth_trend,0.02633152953,-0.08500446982,0.2098899201,none,none,,
hist_gradient_boosting,4,5,sales_monthly_cv,1.354069047,0.4386127806,4.237715362,nonnegative_log1p,none,,
hist_gradient_boosting,4,5,sales_return_rate,0.006938698671,-0,0.2640113929,nonnegative_log1p,none,,
hist_gradient_boosting,4,5,sales_scale_10k,1226.472282,5.679084,220883.1389,nonnegative_log1p,none,,
hist_gradient_boosting,4,5,supplier_count,77,1,2617.56,nonnegative_log1p,none,,
hist_gradient_boosting,4,5,supplier_hhi,0.1838579504,-inf,inf,none,none,,
hist_gradient_boosting,4,5,void_invoice_rate,0.05780346821,-inf,inf,none,none,,
hist_gradient_boosting,5,1,active_month_ratio,0.8292682927,-inf,inf,none,none,,
hist_gradient_boosting,5,1,customer_count,36,1.97,3310.82,nonnegative_log1p,none,,
hist_gradient_boosting,5,1,customer_hhi,0.1324227634,-inf,inf,none,none,,
hist_gradient_boosting,5,1,invoice_activity_per_month,20.02439024,0.4775609756,743.0556097,nonnegative_log1p,none,,
hist_gradient_boosting,5,1,operating_net_inflow_proxy_10k,327.145113,-422.4715021,37280.86978,signed_log1p,none,,
hist_gradient_boosting,5,1,purchase_return_rate,0.00155912761,-0,0.2355319694,nonnegative_log1p,none,,
hist_gradient_boosting,5,1,purchase_sales_ratio,0.4103657401,0.0004294868193,10.85553579,nonnegative_log1p,none,,
hist_gradient_boosting,5,1,purchase_scale_10k,272.297247,0.05516,21279.03919,nonnegative_log1p,none,,
hist_gradient_boosting,5,1,sales_growth_trend,0.02636363199,-0.08518361983,0.1518105179,none,none,,
hist_gradient_boosting,5,1,sales_monthly_cv,1.354478985,0.4382397344,4.241425575,nonnegative_log1p,none,,
hist_gradient_boosting,5,1,sales_return_rate,0.007195157011,-0,0.4314900722,nonnegative_log1p,none,,
hist_gradient_boosting,5,1,sales_scale_10k,861.3648535,6.2622882,55675.80397,nonnegative_log1p,none,,
hist_gradient_boosting,5,1,supplier_count,70,1,2627.84,nonnegative_log1p,none,,
hist_gradient_boosting,5,1,supplier_hhi,0.1832708453,-inf,inf,none,none,,
hist_gradient_boosting,5,1,void_invoice_rate,0.05989142359,-inf,inf,none,none,,
hist_gradient_boosting,5,2,active_month_ratio,0.8536585366,-inf,inf,none,none,,
hist_gradient_boosting,5,2,customer_count,40.5,1.97,3310.82,nonnegative_log1p,none,,
hist_gradient_boosting,5,2,customer_hhi,0.1324227634,-inf,inf,none,none,,
hist_gradient_boosting,5,2,invoice_activity_per_month,21.26829268,0.6904878049,743.0556097,nonnegative_log1p,none,,
hist_gradient_boosting,5,2,operating_net_inflow_proxy_10k,325.4004385,-9124.623188,64544.28895,signed_log1p,none,,
hist_gradient_boosting,5,2,purchase_return_rate,0.003288241137,-0,0.1119923857,nonnegative_log1p,none,,
hist_gradient_boosting,5,2,purchase_sales_ratio,0.3980802338,0.0004769588854,10.85553579,nonnegative_log1p,none,,
hist_gradient_boosting,5,2,purchase_scale_10k,320.3962385,0.10256,53069.77397,nonnegative_log1p,none,,
hist_gradient_boosting,5,2,sales_growth_trend,0.02861655726,-0.08518361983,0.2099736851,none,none,,
hist_gradient_boosting,5,2,sales_monthly_cv,1.348337349,0.4382397344,4.241425575,nonnegative_log1p,none,,
hist_gradient_boosting,5,2,sales_return_rate,0.008032821231,-0,0.2903268328,nonnegative_log1p,none,,
hist_gradient_boosting,5,2,sales_scale_10k,1047.255144,5.658626,223577.0781,nonnegative_log1p,none,,
hist_gradient_boosting,5,2,supplier_count,79.5,1,2627.84,nonnegative_log1p,none,,
hist_gradient_boosting,5,2,supplier_hhi,0.1653492901,-inf,inf,none,none,,
hist_gradient_boosting,5,2,void_invoice_rate,0.05693869921,-inf,inf,none,none,,
hist_gradient_boosting,5,3,active_month_ratio,0.8292682927,-inf,inf,none,none,,
hist_gradient_boosting,5,3,customer_count,34.5,2,3310.82,nonnegative_log1p,none,,
hist_gradient_boosting,5,3,customer_hhi,0.1416628385,-inf,inf,none,none,,
hist_gradient_boosting,5,3,invoice_activity_per_month,21.62195122,0.7953658537,511.1909756,nonnegative_log1p,none,,
hist_gradient_boosting,5,3,operating_net_inflow_proxy_10k,384.3548645,-9124.623188,57351.52832,signed_log1p,none,,
hist_gradient_boosting,5,3,purchase_return_rate,0.00221699849,-0,0.2355319694,nonnegative_log1p,none,,
hist_gradient_boosting,5,3,purchase_sales_ratio,0.4253806912,0.0004294868193,10.85553579,nonnegative_log1p,none,,
hist_gradient_boosting,5,3,purchase_scale_10k,430.954589,0.07262,53069.77397,nonnegative_log1p,none,,
hist_gradient_boosting,5,3,sales_growth_trend,0.02636363199,-0.08518361983,0.2099736851,none,none,,
hist_gradient_boosting,5,3,sales_monthly_cv,1.328194259,0.4550708236,3.862199204,nonnegative_log1p,none,,
hist_gradient_boosting,5,3,sales_return_rate,0.007195157011,-0,0.4314900722,nonnegative_log1p,none,,
hist_gradient_boosting,5,3,sales_scale_10k,2317.324791,11.19611835,223577.0781,nonnegative_log1p,none,,
hist_gradient_boosting,5,3,supplier_count,78,1,1601.78,nonnegative_log1p,none,,
hist_gradient_boosting,5,3,supplier_hhi,0.1653492901,-inf,inf,none,none,,
hist_gradient_boosting,5,3,void_invoice_rate,0.05889786406,-inf,inf,none,none,,
hist_gradient_boosting,5,4,active_month_ratio,0.8536585366,-inf,inf,none,none,,
hist_gradient_boosting,5,4,customer_count,35,1.98,1594.4,nonnegative_log1p,none,,
hist_gradient_boosting,5,4,customer_hhi,0.1381020932,-inf,inf,none,none,,
hist_gradient_boosting,5,4,invoice_activity_per_month,21.87804878,0.4809756097,690.637561,nonnegative_log1p,none,,
hist_gradient_boosting,5,4,operating_net_inflow_proxy_10k,459.269654,-7219.404265,63259.22351,signed_log1p,none,,
hist_gradient_boosting,5,4,purchase_return_rate,0.002988514674,-0,0.1068147536,nonnegative_log1p,none,,
hist_gradient_boosting,5,4,purchase_sales_ratio,0.3734379482,0.0004710568358,10.8543751,nonnegative_log1p,none,,
hist_gradient_boosting,5,4,purchase_scale_10k,396.109578,0.05544,46181.81304,nonnegative_log1p,none,,
hist_gradient_boosting,5,4,sales_growth_trend,0.02812555332,-0.06162522797,0.2098899201,none,none,,
hist_gradient_boosting,5,4,sales_monthly_cv,1.316596347,0.4386127806,4.106696493,nonnegative_log1p,none,,
hist_gradient_boosting,5,4,sales_return_rate,0.005286906944,-0,0.2804536864,nonnegative_log1p,none,,
hist_gradient_boosting,5,4,sales_scale_10k,2017.863344,5.679084,220883.1389,nonnegative_log1p,none,,
hist_gradient_boosting,5,4,supplier_count,70,1,1612.08,nonnegative_log1p,none,,
hist_gradient_boosting,5,4,supplier_hhi,0.1703938495,-inf,inf,none,none,,
hist_gradient_boosting,5,4,void_invoice_rate,0.05833333333,-inf,inf,none,none,,
hist_gradient_boosting,5,5,active_month_ratio,0.8292682927,-inf,inf,none,none,,
hist_gradient_boosting,5,5,customer_count,34,1.98,2767.1,nonnegative_log1p,none,,
hist_gradient_boosting,5,5,customer_hhi,0.1436274069,-inf,inf,none,none,,
hist_gradient_boosting,5,5,invoice_activity_per_month,21,0.4809756097,740.3785365,nonnegative_log1p,none,,
hist_gradient_boosting,5,5,operating_net_inflow_proxy_10k,332.399961,-4194.12151,63259.22351,signed_log1p,none,,
hist_gradient_boosting,5,5,purchase_return_rate,0.001110580442,-0,0.2342306267,nonnegative_log1p,none,,
hist_gradient_boosting,5,5,purchase_sales_ratio,0.3483757436,0.0004326338796,6.818587389,nonnegative_log1p,none,,
hist_gradient_boosting,5,5,purchase_scale_10k,331.803258,0.05544,46181.81304,nonnegative_log1p,none,,
hist_gradient_boosting,5,5,sales_growth_trend,0.02979842413,-0.06877381981,0.1513810183,none,none,,
hist_gradient_boosting,5,5,sales_monthly_cv,1.419321566,0.5105498758,4.237715362,nonnegative_log1p,none,,
hist_gradient_boosting,5,5,sales_return_rate,0.008380827305,-0,0.4286841204,nonnegative_log1p,none,,
hist_gradient_boosting,5,5,sales_scale_10k,1226.472282,5.679084,220883.1389,nonnegative_log1p,none,,
hist_gradient_boosting,5,5,supplier_count,70,1,2617.56,nonnegative_log1p,none,,
hist_gradient_boosting,5,5,supplier_hhi,0.1838579504,-inf,inf,none,none,,
hist_gradient_boosting,5,5,void_invoice_rate,0.05946239479,-inf,inf,none,none,,
hist_gradient_boosting,6,1,active_month_ratio,0.8536585366,-inf,inf,none,none,,
hist_gradient_boosting,6,1,customer_count,39.5,1.97,3310.82,nonnegative_log1p,none,,
hist_gradient_boosting,6,1,customer_hhi,0.1292875832,-inf,inf,none,none,,
hist_gradient_boosting,6,1,invoice_activity_per_month,21.62195122,0.7243902439,743.0556097,nonnegative_log1p,none,,
hist_gradient_boosting,6,1,operating_net_inflow_proxy_10k,350.860297,-6138.128274,57351.52832,signed_log1p,none,,
hist_gradient_boosting,6,1,purchase_return_rate,0.002063606052,-0,0.1119923857,nonnegative_log1p,none,,
hist_gradient_boosting,6,1,purchase_sales_ratio,0.3828508962,0.0004675177045,6.923148934,nonnegative_log1p,none,,
hist_gradient_boosting,6,1,purchase_scale_10k,385.50322,0.07262,46758.85905,nonnegative_log1p,none,,
hist_gradient_boosting,6,1,sales_growth_trend,0.02809707929,-0.06858113867,0.2099736851,none,none,,
hist_gradient_boosting,6,1,sales_monthly_cv,1.302421593,0.4382397344,3.862199204,nonnegative_log1p,none,,
hist_gradient_boosting,6,1,sales_return_rate,0.008079127959,-0,0.4314900722,nonnegative_log1p,none,,
hist_gradient_boosting,6,1,sales_scale_10k,1238.173051,6.2009142,223577.0781,nonnegative_log1p,none,,
hist_gradient_boosting,6,1,supplier_count,78,1,2627.84,nonnegative_log1p,none,,
hist_gradient_boosting,6,1,supplier_hhi,0.1685143369,-inf,inf,none,none,,
hist_gradient_boosting,6,1,void_invoice_rate,0.05806840077,-inf,inf,none,none,,
hist_gradient_boosting,6,2,active_month_ratio,0.8536585366,-inf,inf,none,none,,
hist_gradient_boosting,6,2,customer_count,34.5,1.97,2686.33,nonnegative_log1p,none,,
hist_gradient_boosting,6,2,customer_hhi,0.1389001817,-inf,inf,none,none,,
hist_gradient_boosting,6,2,invoice_activity_per_month,19.96341463,0.4775609756,743.0556097,nonnegative_log1p,none,,
hist_gradient_boosting,6,2,operating_net_inflow_proxy_10k,370.923337,-9124.623188,53496.33198,signed_log1p,none,,
hist_gradient_boosting,6,2,purchase_return_rate,0.002886693906,-0,0.2355319694,nonnegative_log1p,none,,
hist_gradient_boosting,6,2,purchase_sales_ratio,0.4253806912,0.0004294868193,7.915892699,nonnegative_log1p,none,,
hist_gradient_boosting,6,2,purchase_scale_10k,349.921655,0.05516,53069.77397,nonnegative_log1p,none,,
hist_gradient_boosting,6,2,sales_growth_trend,0.02636363199,-0.08518361983,0.2099736851,none,none,,
hist_gradient_boosting,6,2,sales_monthly_cv,1.341198911,0.4382397344,4.241425575,nonnegative_log1p,none,,
hist_gradient_boosting,6,2,sales_return_rate,0.007195157011,-0,0.4314900722,nonnegative_log1p,none,,
hist_gradient_boosting,6,2,sales_scale_10k,1633.868582,5.658626,101290.1859,nonnegative_log1p,none,,
hist_gradient_boosting,6,2,supplier_count,78,1,2627.84,nonnegative_log1p,none,,
hist_gradient_boosting,6,2,supplier_hhi,0.1672288028,-inf,inf,none,none,,
hist_gradient_boosting,6,2,void_invoice_rate,0.0590471583,-inf,inf,none,none,,
hist_gradient_boosting,6,3,active_month_ratio,0.8536585366,-inf,inf,none,none,,
hist_gradient_boosting,6,3,customer_count,36,2,1739.42,nonnegative_log1p,none,,
hist_gradient_boosting,6,3,customer_hhi,0.1389001817,-inf,inf,none,none,,
hist_gradient_boosting,6,3,invoice_activity_per_month,23.76829268,0.6904878049,693.8221951,nonnegative_log1p,none,,
hist_gradient_boosting,6,3,operating_net_inflow_proxy_10k,384.3548645,-9124.623188,64544.28895,signed_log1p,none,,
hist_gradient_boosting,6,3,purchase_return_rate,0.00221699849,-0,0.1080883576,nonnegative_log1p,none,,
hist_gradient_boosting,6,3,purchase_sales_ratio,0.4523544767,0.0004294868193,10.85553579,nonnegative_log1p,none,,
hist_gradient_boosting,6,3,purchase_scale_10k,473.097022,0.07346,53069.77397,nonnegative_log1p,none,,
hist_gradient_boosting,6,3,sales_growth_trend,0.02628958377,-0.08518361983,0.1520618129,none,none,,
hist_gradient_boosting,6,3,sales_monthly_cv,1.304025922,0.4382397344,4.241425575,nonnegative_log1p,none,,
hist_gradient_boosting,6,3,sales_return_rate,0.007195157011,-0,0.2819089775,nonnegative_log1p,none,,
hist_gradient_boosting,6,3,sales_scale_10k,1622.167813,5.658626,223577.0781,nonnegative_log1p,none,,
hist_gradient_boosting,6,3,supplier_count,78,1,1632.62,nonnegative_log1p,none,,
hist_gradient_boosting,6,3,supplier_hhi,0.1817726037,-inf,inf,none,none,,
hist_gradient_boosting,6,3,void_invoice_rate,0.0605116639,-inf,inf,none,none,,
hist_gradient_boosting,6,4,active_month_ratio,0.8292682927,-inf,inf,none,none,,
hist_gradient_boosting,6,4,customer_count,39,1.98,3267.88,nonnegative_log1p,none,,
hist_gradient_boosting,6,4,customer_hhi,0.1304295969,-inf,inf,none,none,,
hist_gradient_boosting,6,4,invoice_activity_per_month,20.07317073,0.4809756097,740.3785365,nonnegative_log1p,none,,
hist_gradient_boosting,6,4,operating_net_inflow_proxy_10k,364.952475,-7219.404265,63259.22351,signed_log1p,none,,
hist_gradient_boosting,6,4,purchase_return_rate,0.002197536572,-0,0.2342306267,nonnegative_log1p,none,,
hist_gradient_boosting,6,4,purchase_sales_ratio,0.3922638442,0.0004773509563,10.8543751,nonnegative_log1p,none,,
hist_gradient_boosting,6,4,purchase_scale_10k,260.068482,0.05544,46181.81304,nonnegative_log1p,none,,
hist_gradient_boosting,6,4,sales_growth_trend,0.03144630426,-0.08500446982,0.2098899201,none,none,,
hist_gradient_boosting,6,4,sales_monthly_cv,1.354069047,0.4556173862,4.237715362,nonnegative_log1p,none,,
hist_gradient_boosting,6,4,sales_return_rate,0.007451615351,-0,0.2696232964,nonnegative_log1p,none,,
hist_gradient_boosting,6,4,sales_scale_10k,1090.603578,5.679084,220883.1389,nonnegative_log1p,none,,
hist_gradient_boosting,6,4,supplier_count,70,1,2617.56,nonnegative_log1p,none,,
hist_gradient_boosting,6,4,supplier_hhi,0.1792648149,-inf,inf,none,none,,
hist_gradient_boosting,6,4,void_invoice_rate,0.05629677839,-inf,inf,none,none,,
hist_gradient_boosting,6,5,active_month_ratio,0.8292682927,-inf,inf,none,none,,
hist_gradient_boosting,6,5,customer_count,31,1.98,3267.88,nonnegative_log1p,none,,
hist_gradient_boosting,6,5,customer_hhi,0.1484998389,-inf,inf,none,none,,
hist_gradient_boosting,6,5,invoice_activity_per_month,21,0.4809756097,685.2834146,nonnegative_log1p,none,,
hist_gradient_boosting,6,5,operating_net_inflow_proxy_10k,332.399961,-391.6828947,63259.22351,signed_log1p,none,,
hist_gradient_boosting,6,5,purchase_return_rate,0.0019928926,-0,0.2342306267,nonnegative_log1p,none,,
hist_gradient_boosting,6,5,purchase_sales_ratio,0.3922638442,0.0004326338796,10.8543751,nonnegative_log1p,none,,
hist_gradient_boosting,6,5,purchase_scale_10k,272.752425,0.05544,26029.91531,nonnegative_log1p,none,,
hist_gradient_boosting,6,5,sales_growth_trend,0.02812555332,-0.06877381981,0.1179554699,none,none,,
hist_gradient_boosting,6,5,sales_monthly_cv,1.463894072,0.4563634786,4.106696493,nonnegative_log1p,none,,
hist_gradient_boosting,6,5,sales_return_rate,0.006365519913,-0,0.4286841204,nonnegative_log1p,none,,
hist_gradient_boosting,6,5,sales_scale_10k,1226.472282,6.2678788,91947.67877,nonnegative_log1p,none,,
hist_gradient_boosting,6,5,supplier_count,70,1,1591.52,nonnegative_log1p,none,,
hist_gradient_boosting,6,5,supplier_hhi,0.1706335044,-inf,inf,none,none,,
hist_gradient_boosting,6,5,void_invoice_rate,0.0607028754,-inf,inf,none,none,,
hist_gradient_boosting,7,1,active_month_ratio,0.8414634146,-inf,inf,none,none,,
hist_gradient_boosting,7,1,customer_count,29.5,1.97,3310.82,nonnegative_log1p,none,,
hist_gradient_boosting,7,1,customer_hhi,0.1452465274,-inf,inf,none,none,,
hist_gradient_boosting,7,1,invoice_activity_per_month,20.02439024,0.4775609756,685.7909756,nonnegative_log1p,none,,
hist_gradient_boosting,7,1,operating_net_inflow_proxy_10k,420.9633175,-9124.623188,64544.28895,signed_log1p,none,,
hist_gradient_boosting,7,1,purchase_return_rate,0.002943063982,-0,0.1080883576,nonnegative_log1p,none,,
hist_gradient_boosting,7,1,purchase_sales_ratio,0.3609068459,0.0004294868193,6.919666862,nonnegative_log1p,none,,
hist_gradient_boosting,7,1,purchase_scale_10k,272.297247,0.05516,53069.77397,nonnegative_log1p,none,,
hist_gradient_boosting,7,1,sales_growth_trend,0.02636363199,-0.08518361983,0.2099736851,none,none,,
hist_gradient_boosting,7,1,sales_monthly_cv,1.453238162,0.4382397344,4.241425575,nonnegative_log1p,none,,
hist_gradient_boosting,7,1,sales_return_rate,0.007638846472,-0,0.2819089775,nonnegative_log1p,none,,
hist_gradient_boosting,7,1,sales_scale_10k,1238.173051,5.658626,223577.0781,nonnegative_log1p,none,,
hist_gradient_boosting,7,1,supplier_count,75,1,1601.78,nonnegative_log1p,none,,
hist_gradient_boosting,7,1,supplier_hhi,0.1653492901,-inf,inf,none,none,,
hist_gradient_boosting,7,1,void_invoice_rate,0.05693869921,-inf,inf,none,none,,
hist_gradient_boosting,7,2,active_month_ratio,0.8536585366,-inf,inf,none,none,,
hist_gradient_boosting,7,2,customer_count,42.5,1.97,3310.82,nonnegative_log1p,none,,
hist_gradient_boosting,7,2,customer_hhi,0.134265845,-inf,inf,none,none,,
hist_gradient_boosting,7,2,invoice_activity_per_month,21.08536585,0.4775609756,504.7431707,nonnegative_log1p,none,,
hist_gradient_boosting,7,2,operating_net_inflow_proxy_10k,318.2714355,-9124.623188,41136.06611,signed_log1p,none,,
hist_gradient_boosting,7,2,purchase_return_rate,0.002165928039,-0,0.2355319694,nonnegative_log1p,none,,
hist_gradient_boosting,7,2,purchase_sales_ratio,0.4523544767,0.0004294868193,10.85553579,nonnegative_log1p,none,,
hist_gradient_boosting,7,2,purchase_scale_10k,302.2778415,0.05516,53069.77397,nonnegative_log1p,none,,
hist_gradient_boosting,7,2,sales_growth_trend,0.02726064388,-0.08518361983,0.2099736851,none,none,,
hist_gradient_boosting,7,2,sales_monthly_cv,1.348337349,0.4550708236,4.241425575,nonnegative_log1p,none,,
hist_gradient_boosting,7,2,sales_return_rate,0.00529165042,-0,0.4314900722,nonnegative_log1p,none,,
hist_gradient_boosting,7,2,sales_scale_10k,1127.084632,5.658626,223577.0781,nonnegative_log1p,none,,
hist_gradient_boosting,7,2,supplier_count,70,1,1578.3,nonnegative_log1p,none,,
hist_gradient_boosting,7,2,supplier_hhi,0.1942557909,-inf,inf,none,none,,
hist_gradient_boosting,7,2,void_invoice_rate,0.0613825403,-inf,inf,none,none,,
hist_gradient_boosting,7,3,active_month_ratio,0.8536585366,-inf,inf,none,none,,
hist_gradient_boosting,7,3,customer_count,34.5,2,2686.33,nonnegative_log1p,none,,
hist_gradient_boosting,7,3,customer_hhi,0.1362590115,-inf,inf,none,none,,
hist_gradient_boosting,7,3,invoice_activity_per_month,20.53658537,0.7007317073,743.0556097,nonnegative_log1p,none,,
hist_gradient_boosting,7,3,operating_net_inflow_proxy_10k,375.704331,-6130.210666,64544.28895,signed_log1p,none,,
hist_gradient_boosting,7,3,purchase_return_rate,0.002646279095,-0,0.2355319694,nonnegative_log1p,none,,
hist_gradient_boosting,7,3,purchase_sales_ratio,0.3980802338,0.0004294868193,7.91937477,nonnegative_log1p,none,,
hist_gradient_boosting,7,3,purchase_scale_10k,371.468457,0.07262,53069.77397,nonnegative_log1p,none,,
hist_gradient_boosting,7,3,sales_growth_trend,0.02861655726,-0.0691185887,0.1520618129,none,none,,
hist_gradient_boosting,7,3,sales_monthly_cv,1.328194259,0.4561899622,3.84728494,nonnegative_log1p,none,,
hist_gradient_boosting,7,3,sales_return_rate,0.008079127959,-0,0.4314900722,nonnegative_log1p,none,,
hist_gradient_boosting,7,3,sales_scale_10k,1633.868582,11.27426415,223577.0781,nonnegative_log1p,none,,
hist_gradient_boosting,7,3,supplier_count,78,1,2627.84,nonnegative_log1p,none,,
hist_gradient_boosting,7,3,supplier_hhi,0.1685143369,-inf,inf,none,none,,
hist_gradient_boosting,7,3,void_invoice_rate,0.05889786406,-inf,inf,none,none,,
hist_gradient_boosting,7,4,active_month_ratio,0.8292682927,-inf,inf,none,none,,
hist_gradient_boosting,7,4,customer_count,31,1.98,2767.1,nonnegative_log1p,none,,
hist_gradient_boosting,7,4,customer_hhi,0.1396982701,-inf,inf,none,none,,
hist_gradient_boosting,7,4,invoice_activity_per_month,21.87804878,0.4809756097,740.3785365,nonnegative_log1p,none,,
hist_gradient_boosting,7,4,operating_net_inflow_proxy_10k,336.768119,-7219.404265,63259.22351,signed_log1p,none,,
hist_gradient_boosting,7,4,purchase_return_rate,0.0019928926,-0,0.2342306267,nonnegative_log1p,none,,
hist_gradient_boosting,7,4,purchase_sales_ratio,0.3922638442,0.0004710568358,10.8543751,nonnegative_log1p,none,,
hist_gradient_boosting,7,4,purchase_scale_10k,396.109578,0.05544,39805.83715,nonnegative_log1p,none,,
hist_gradient_boosting,7,4,sales_growth_trend,0.03116418629,-0.0684155198,0.2098899201,none,none,,
hist_gradient_boosting,7,4,sales_monthly_cv,1.354888923,0.4386127806,4.237715362,nonnegative_log1p,none,,
hist_gradient_boosting,7,4,sales_return_rate,0.007918691048,-0,0.4286841204,nonnegative_log1p,none,,
hist_gradient_boosting,7,4,sales_scale_10k,1249.87382,5.679084,220883.1389,nonnegative_log1p,none,,
hist_gradient_boosting,7,4,supplier_count,76,1,2617.56,nonnegative_log1p,none,,
hist_gradient_boosting,7,4,supplier_hhi,0.1666348242,-inf,inf,none,none,,
hist_gradient_boosting,7,4,void_invoice_rate,0.05946239479,-inf,inf,none,none,,
hist_gradient_boosting,7,5,active_month_ratio,0.8292682927,-inf,inf,none,none,,
hist_gradient_boosting,7,5,customer_count,43,1.98,3267.88,nonnegative_log1p,none,,
hist_gradient_boosting,7,5,customer_hhi,0.1281455695,-inf,inf,none,none,,
hist_gradient_boosting,7,5,invoice_activity_per_month,21.36585366,0.696097561,740.3785365,nonnegative_log1p,none,,
hist_gradient_boosting,7,5,operating_net_inflow_proxy_10k,374.514463,-391.6828947,53422.17981,signed_log1p,none,,
hist_gradient_boosting,7,5,purchase_return_rate,0.0019928926,-0,0.109417439,nonnegative_log1p,none,,
hist_gradient_boosting,7,5,purchase_sales_ratio,0.3942360391,0.0004773509563,10.8543751,nonnegative_log1p,none,,
hist_gradient_boosting,7,5,purchase_scale_10k,374.896862,0.08344,23035.92262,nonnegative_log1p,none,,
hist_gradient_boosting,7,5,sales_growth_trend,0.02812555332,-0.08500446982,0.1512134883,none,none,,
hist_gradient_boosting,7,5,sales_monthly_cv,1.306754424,0.4386127806,4.237715362,nonnegative_log1p,none,,
hist_gradient_boosting,7,5,sales_return_rate,0.007451615351,-0,0.2860655899,nonnegative_log1p,none,,
hist_gradient_boosting,7,5,sales_scale_10k,1090.603578,5.679084,82666.16535,nonnegative_log1p,none,,
hist_gradient_boosting,7,5,supplier_count,76,1,2617.56,nonnegative_log1p,none,,
hist_gradient_boosting,7,5,supplier_hhi,0.1792648149,-inf,inf,none,none,,
hist_gradient_boosting,7,5,void_invoice_rate,0.05780346821,-inf,inf,none,none,,
hist_gradient_boosting,8,1,active_month_ratio,0.8414634146,-inf,inf,none,none,,
hist_gradient_boosting,8,1,customer_count,37.5,1.97,3310.82,nonnegative_log1p,none,,
hist_gradient_boosting,8,1,customer_hhi,0.1324227634,-inf,inf,none,none,,
hist_gradient_boosting,8,1,invoice_activity_per_month,22.57317073,0.4775609756,743.0556097,nonnegative_log1p,none,,
hist_gradient_boosting,8,1,operating_net_inflow_proxy_10k,383.1649965,-422.4715021,64544.28895,signed_log1p,none,,
hist_gradient_boosting,8,1,purchase_return_rate,0.002165928039,-0,0.2355319694,nonnegative_log1p,none,,
hist_gradient_boosting,8,1,purchase_sales_ratio,0.4253806912,0.0007710691003,10.85553579,nonnegative_log1p,none,,
hist_gradient_boosting,8,1,purchase_scale_10k,430.954589,0.05516,26094.97629,nonnegative_log1p,none,,
hist_gradient_boosting,8,1,sales_growth_trend,0.02530264171,-0.08518361983,0.1133228079,none,none,,
hist_gradient_boosting,8,1,sales_monthly_cv,1.346930609,0.4382397344,4.241425575,nonnegative_log1p,none,,
hist_gradient_boosting,8,1,sales_return_rate,0.00640176069,-0,0.4314900722,nonnegative_log1p,none,,
hist_gradient_boosting,8,1,sales_scale_10k,1195.018984,5.658626,93208.36838,nonnegative_log1p,none,,
hist_gradient_boosting,8,1,supplier_count,78,1,2627.84,nonnegative_log1p,none,,
hist_gradient_boosting,8,1,supplier_hhi,0.179476036,-inf,inf,none,none,,
hist_gradient_boosting,8,1,void_invoice_rate,0.0626168467,-inf,inf,none,none,,
hist_gradient_boosting,8,2,active_month_ratio,0.8536585366,-inf,inf,none,none,,
hist_gradient_boosting,8,2,customer_count,35.5,1.97,2686.33,nonnegative_log1p,none,,
hist_gradient_boosting,8,2,customer_hhi,0.1407224965,-inf,inf,none,none,,
hist_gradient_boosting,8,2,invoice_activity_per_month,18.68292683,0.4775609756,685.7909756,nonnegative_log1p,none,,
hist_gradient_boosting,8,2,operating_net_inflow_proxy_10k,334.1446355,-9124.623188,64544.28895,signed_log1p,none,,
hist_gradient_boosting,8,2,purchase_return_rate,0.001953750623,-0,0.2355319694,nonnegative_log1p,none,,
hist_gradient_boosting,8,2,purchase_sales_ratio,0.3828508962,0.0004294868193,10.85553579,nonnegative_log1p,none,,
hist_gradient_boosting,8,2,purchase_scale_10k,264.5565705,0.05516,53069.77397,nonnegative_log1p,none,,
hist_gradient_boosting,8,2,sales_growth_trend,0.02861655726,-0.08518361983,0.2099736851,none,none,,
hist_gradient_boosting,8,2,sales_monthly_cv,1.434320086,0.4550708236,4.107957702,nonnegative_log1p,none,,
hist_gradient_boosting,8,2,sales_return_rate,0.007195157011,-0,0.4314900722,nonnegative_log1p,none,,
hist_gradient_boosting,8,2,sales_scale_10k,1127.084632,5.658626,223577.0781,nonnegative_log1p,none,,
hist_gradient_boosting,8,2,supplier_count,70,1,1547.46,nonnegative_log1p,none,,
hist_gradient_boosting,8,2,supplier_hhi,0.1686341643,-inf,inf,none,none,,
hist_gradient_boosting,8,2,void_invoice_rate,0.0590471583,-inf,inf,none,none,,
hist_gradient_boosting,8,3,active_month_ratio,0.8536585366,-inf,inf,none,none,,
hist_gradient_boosting,8,3,customer_count,34.5,2,2815.15,nonnegative_log1p,none,,
hist_gradient_boosting,8,3,customer_hhi,0.1426870649,-inf,inf,none,none,,
hist_gradient_boosting,8,3,invoice_activity_per_month,21.08536585,0.7007317073,743.0556097,nonnegative_log1p,none,,
hist_gradient_boosting,8,3,operating_net_inflow_proxy_10k,384.3548645,-6138.128274,64544.28895,signed_log1p,none,,
hist_gradient_boosting,8,3,purchase_return_rate,0.002185389957,-0,0.1119923857,nonnegative_log1p,none,,
hist_gradient_boosting,8,3,purchase_sales_ratio,0.4169393796,0.0004294868193,7.91937477,nonnegative_log1p,none,,
hist_gradient_boosting,8,3,purchase_scale_10k,349.921655,0.07262,53069.77397,nonnegative_log1p,none,,
hist_gradient_boosting,8,3,sales_growth_trend,0.02726064388,-0.08518361983,0.2099736851,none,none,,
hist_gradient_boosting,8,3,sales_monthly_cv,1.341198911,0.4382397344,4.11908834,nonnegative_log1p,none,,
hist_gradient_boosting,8,3,sales_return_rate,0.006688350069,-0,0.4314900722,nonnegative_log1p,none,,
hist_gradient_boosting,8,3,sales_scale_10k,1238.173051,6.2009142,223577.0781,nonnegative_log1p,none,,
hist_gradient_boosting,8,3,supplier_count,73,1,2627.84,nonnegative_log1p,none,,
hist_gradient_boosting,8,3,supplier_hhi,0.1685143369,-inf,inf,none,none,,
hist_gradient_boosting,8,3,void_invoice_rate,0.05693869921,-inf,inf,none,none,,
hist_gradient_boosting,8,4,active_month_ratio,0.8536585366,-inf,inf,none,none,,
hist_gradient_boosting,8,4,customer_count,37,1.98,3267.88,nonnegative_log1p,none,,
hist_gradient_boosting,8,4,customer_hhi,0.1281455695,-inf,inf,none,none,,
hist_gradient_boosting,8,4,invoice_activity_per_month,24.26829268,0.72,740.3785365,nonnegative_log1p,none,,
hist_gradient_boosting,8,4,operating_net_inflow_proxy_10k,336.768119,-7219.404265,55992.3107,signed_log1p,none,,
hist_gradient_boosting,8,4,purchase_return_rate,0.002507685052,-0,0.2342306267,nonnegative_log1p,none,,
hist_gradient_boosting,8,4,purchase_sales_ratio,0.4019244285,0.0004773509563,7.885622997,nonnegative_log1p,none,,
hist_gradient_boosting,8,4,purchase_scale_10k,465.7996,0.08344,46181.81304,nonnegative_log1p,none,,
hist_gradient_boosting,8,4,sales_growth_trend,0.03050595784,-0.08500446982,0.2098899201,none,none,,
hist_gradient_boosting,8,4,sales_monthly_cv,1.309963083,0.4386127806,4.237715362,nonnegative_log1p,none,,
hist_gradient_boosting,8,4,sales_return_rate,0.007451615351,-0,0.4286841204,nonnegative_log1p,none,,
hist_gradient_boosting,8,4,sales_scale_10k,2451.840929,6.2678788,220883.1389,nonnegative_log1p,none,,
hist_gradient_boosting,8,4,supplier_count,80,1,2617.56,nonnegative_log1p,none,,
hist_gradient_boosting,8,4,supplier_hhi,0.1706335044,-inf,inf,none,none,,
hist_gradient_boosting,8,4,void_invoice_rate,0.05833333333,-inf,inf,none,none,,
hist_gradient_boosting,8,5,active_month_ratio,0.8292682927,-inf,inf,none,none,,
hist_gradient_boosting,8,5,customer_count,35,1.98,3267.88,nonnegative_log1p,none,,
hist_gradient_boosting,8,5,customer_hhi,0.1344159298,-inf,inf,none,none,,
hist_gradient_boosting,8,5,invoice_activity_per_month,21,0.4809756097,690.637561,nonnegative_log1p,none,,
hist_gradient_boosting,8,5,operating_net_inflow_proxy_10k,374.514463,-7219.404265,53422.17981,signed_log1p,none,,
hist_gradient_boosting,8,5,purchase_return_rate,0.002197536572,-0,0.1068147536,nonnegative_log1p,none,,
hist_gradient_boosting,8,5,purchase_sales_ratio,0.299322332,0.0004326338796,10.8543751,nonnegative_log1p,none,,
hist_gradient_boosting,8,5,purchase_scale_10k,272.752425,0.05544,36811.84446,nonnegative_log1p,none,,
hist_gradient_boosting,8,5,sales_growth_trend,0.03050595784,-0.04546099433,0.2098899201,none,none,,
hist_gradient_boosting,8,5,sales_monthly_cv,1.354069047,0.4563634786,4.237715362,nonnegative_log1p,none,,
hist_gradient_boosting,8,5,sales_return_rate,0.008380827305,-0,0.2611008106,nonnegative_log1p,none,,
hist_gradient_boosting,8,5,sales_scale_10k,1090.603578,5.679084,97335.55712,nonnegative_log1p,none,,
hist_gradient_boosting,8,5,supplier_count,70,1,1612.08,nonnegative_log1p,none,,
hist_gradient_boosting,8,5,supplier_hhi,0.1792648149,-inf,inf,none,none,,
hist_gradient_boosting,8,5,void_invoice_rate,0.05780346821,-inf,inf,none,none,,
hist_gradient_boosting,9,1,active_month_ratio,0.8536585366,-inf,inf,none,none,,
hist_gradient_boosting,9,1,customer_count,37.5,1.97,3310.82,nonnegative_log1p,none,,
hist_gradient_boosting,9,1,customer_hhi,0.1362590115,-inf,inf,none,none,,
hist_gradient_boosting,9,1,invoice_activity_per_month,21.26829268,0.4775609756,743.0556097,nonnegative_log1p,none,,
hist_gradient_boosting,9,1,operating_net_inflow_proxy_10k,336.3287145,-9124.623188,53496.33198,signed_log1p,none,,
hist_gradient_boosting,9,1,purchase_return_rate,0.002185389957,-0,0.1119923857,nonnegative_log1p,none,,
hist_gradient_boosting,9,1,purchase_sales_ratio,0.4253806912,0.0004675177045,10.85553579,nonnegative_log1p,none,,
hist_gradient_boosting,9,1,purchase_scale_10k,385.50322,0.05516,43795.41731,nonnegative_log1p,none,,
hist_gradient_boosting,9,1,sales_growth_trend,0.02636363199,-0.06858113867,0.2099736851,none,none,,
hist_gradient_boosting,9,1,sales_monthly_cv,1.307342554,0.4382397344,4.241425575,nonnegative_log1p,none,,
hist_gradient_boosting,9,1,sales_return_rate,0.006688350069,-0,0.2903268328,nonnegative_log1p,none,,
hist_gradient_boosting,9,1,sales_scale_10k,1083.736198,5.658626,101290.1859,nonnegative_log1p,none,,
hist_gradient_boosting,9,1,supplier_count,76.5,1,2627.84,nonnegative_log1p,none,,
hist_gradient_boosting,9,1,supplier_hhi,0.179476036,-inf,inf,none,none,,
hist_gradient_boosting,9,1,void_invoice_rate,0.0613825403,-inf,inf,none,none,,
hist_gradient_boosting,9,2,active_month_ratio,0.8414634146,-inf,inf,none,none,,
hist_gradient_boosting,9,2,customer_count,35.5,1.97,2686.33,nonnegative_log1p,none,,
hist_gradient_boosting,9,2,customer_hhi,0.1426870649,-inf,inf,none,none,,
hist_gradient_boosting,9,2,invoice_activity_per_month,21.62195122,0.4775609756,685.7909756,nonnegative_log1p,none,,
hist_gradient_boosting,9,2,operating_net_inflow_proxy_10k,370.923337,-9124.623188,64544.28895,signed_log1p,none,,
hist_gradient_boosting,9,2,purchase_return_rate,0.003044884751,-0,0.2355319694,nonnegative_log1p,none,,
hist_gradient_boosting,9,2,purchase_sales_ratio,0.3828508962,0.0004294868193,10.85553579,nonnegative_log1p,none,,
hist_gradient_boosting,9,2,purchase_scale_10k,385.50322,0.05516,53069.77397,nonnegative_log1p,none,,
hist_gradient_boosting,9,2,sales_growth_trend,0.02722854143,-0.08518361983,0.1520618129,none,none,,
hist_gradient_boosting,9,2,sales_monthly_cv,1.354478985,0.5087042984,4.107957702,nonnegative_log1p,none,,
hist_gradient_boosting,9,2,sales_return_rate,0.008670824471,-0,0.4314900722,nonnegative_log1p,none,,
hist_gradient_boosting,9,2,sales_scale_10k,1633.868582,5.658626,223577.0781,nonnegative_log1p,none,,
hist_gradient_boosting,9,2,supplier_count,79.5,1,1601.78,nonnegative_log1p,none,,
hist_gradient_boosting,9,2,supplier_hhi,0.1653492901,-inf,inf,none,none,,
hist_gradient_boosting,9,2,void_invoice_rate,0.06075862966,-inf,inf,none,none,,
hist_gradient_boosting,9,3,active_month_ratio,0.8292682927,-inf,inf,none,none,,
hist_gradient_boosting,9,3,customer_count,33.5,2,3310.82,nonnegative_log1p,none,,
hist_gradient_boosting,9,3,customer_hhi,0.134265845,-inf,inf,none,none,,
hist_gradient_boosting,9,3,invoice_activity_per_month,21.26829268,0.7007317073,743.0556097,nonnegative_log1p,none,,
hist_gradient_boosting,9,3,operating_net_inflow_proxy_10k,369.733469,-6138.128274,41136.06611,signed_log1p,none,,
hist_gradient_boosting,9,3,purchase_return_rate,0.002165928039,-0,0.2355319694,nonnegative_log1p,none,,
hist_gradient_boosting,9,3,purchase_sales_ratio,0.3980802338,0.0004769588854,7.91937477,nonnegative_log1p,none,,
hist_gradient_boosting,9,3,purchase_scale_10k,382.074815,0.10172,53069.77397,nonnegative_log1p,none,,
hist_gradient_boosting,9,3,sales_growth_trend,0.03147417187,-0.04672615086,0.2099736851,none,none,,
hist_gradient_boosting,9,3,sales_monthly_cv,1.354478985,0.4561899622,4.11908834,nonnegative_log1p,none,,
hist_gradient_boosting,9,3,sales_return_rate,0.008149759176,-0,0.4314900722,nonnegative_log1p,none,,
hist_gradient_boosting,9,3,sales_scale_10k,1633.868582,11.27426415,223577.0781,nonnegative_log1p,none,,
hist_gradient_boosting,9,3,supplier_count,73,1,2627.84,nonnegative_log1p,none,,
hist_gradient_boosting,9,3,supplier_hhi,0.1749491597,-inf,inf,none,none,,
hist_gradient_boosting,9,3,void_invoice_rate,0.05806840077,-inf,inf,none,none,,
hist_gradient_boosting,9,4,active_month_ratio,0.8536585366,-inf,inf,none,none,,
hist_gradient_boosting,9,4,customer_count,38,1.98,3267.88,nonnegative_log1p,none,,
hist_gradient_boosting,9,4,customer_hhi,0.1344159298,-inf,inf,none,none,,
hist_gradient_boosting,9,4,invoice_activity_per_month,21.17073171,0.696097561,690.637561,nonnegative_log1p,none,,
hist_gradient_boosting,9,4,operating_net_inflow_proxy_10k,391.81553,-383.6836624,63259.22351,signed_log1p,none,,
hist_gradient_boosting,9,4,purchase_return_rate,0.0019928926,-0,0.2342306267,nonnegative_log1p,none,,
hist_gradient_boosting,9,4,purchase_sales_ratio,0.4188070517,0.0004326338796,7.885622997,nonnegative_log1p,none,,
hist_gradient_boosting,9,4,purchase_scale_10k,331.803258,0.07364,26029.91531,nonnegative_log1p,none,,
hist_gradient_boosting,9,4,sales_growth_trend,0.02549828501,-0.08500446982,0.1179554699,none,none,,
hist_gradient_boosting,9,4,sales_monthly_cv,1.316596347,0.4386127806,4.237715362,nonnegative_log1p,none,,
hist_gradient_boosting,9,4,sales_return_rate,0.005296393897,-0,0.4286841204,nonnegative_log1p,none,,
hist_gradient_boosting,9,4,sales_scale_10k,1226.472282,5.679084,91947.67877,nonnegative_log1p,none,,
hist_gradient_boosting,9,4,supplier_count,77,1,1612.08,nonnegative_log1p,none,,
hist_gradient_boosting,9,4,supplier_hhi,0.1706335044,-inf,inf,none,none,,
hist_gradient_boosting,9,4,void_invoice_rate,0.05677655678,-inf,inf,none,none,,
hist_gradient_boosting,9,5,active_month_ratio,0.8292682927,-inf,inf,none,none,,
hist_gradient_boosting,9,5,customer_count,37,1.98,2767.1,nonnegative_log1p,none,,
hist_gradient_boosting,9,5,customer_hhi,0.1344159298,-inf,inf,none,none,,
hist_gradient_boosting,9,5,invoice_activity_per_month,19.97560976,0.4809756097,740.3785365,nonnegative_log1p,none,,
hist_gradient_boosting,9,5,operating_net_inflow_proxy_10k,332.399961,-7219.404265,63259.22351,signed_log1p,none,,
hist_gradient_boosting,9,5,purchase_return_rate,0.002134319505,-0,0.1068147536,nonnegative_log1p,none,,
hist_gradient_boosting,9,5,purchase_sales_ratio,0.3483757436,0.0004326338796,10.8543751,nonnegative_log1p,none,,
hist_gradient_boosting,9,5,purchase_scale_10k,272.752425,0.05544,46181.81304,nonnegative_log1p,none,,
hist_gradient_boosting,9,5,sales_growth_trend,0.0291075612,-0.08500446982,0.2098899201,none,none,,
hist_gradient_boosting,9,5,sales_monthly_cv,1.354069047,0.4386127806,4.237715362,nonnegative_log1p,none,,
hist_gradient_boosting,9,5,sales_return_rate,0.006438001467,-0,0.2804536864,nonnegative_log1p,none,,
hist_gradient_boosting,9,5,sales_scale_10k,1003.90671,5.679084,220883.1389,nonnegative_log1p,none,,
hist_gradient_boosting,9,5,supplier_count,68,1,2617.56,nonnegative_log1p,none,,
hist_gradient_boosting,9,5,supplier_hhi,0.1796872571,-inf,inf,none,none,,
hist_gradient_boosting,9,5,void_invoice_rate,0.05780346821,-inf,inf,none,none,,
hist_gradient_boosting,10,1,active_month_ratio,0.8536585366,-inf,inf,none,none,,
hist_gradient_boosting,10,1,customer_count,34.5,1.97,1595.27,nonnegative_log1p,none,,
hist_gradient_boosting,10,1,customer_hhi,0.1443061855,-inf,inf,none,none,,
hist_gradient_boosting,10,1,invoice_activity_per_month,21.18292683,0.6904878049,743.0556097,nonnegative_log1p,none,,
hist_gradient_boosting,10,1,operating_net_inflow_proxy_10k,454.6903795,-9124.623188,64544.28895,signed_log1p,none,,
hist_gradient_boosting,10,1,purchase_return_rate,0.001953750623,-0,0.1119923857,nonnegative_log1p,none,,
hist_gradient_boosting,10,1,purchase_sales_ratio,0.3932499416,0.0004294868193,10.85553579,nonnegative_log1p,none,,
hist_gradient_boosting,10,1,purchase_scale_10k,423.964759,0.07346,53069.77397,nonnegative_log1p,none,,
hist_gradient_boosting,10,1,sales_growth_trend,0.02530264171,-0.08518361983,0.2099736851,none,none,,
hist_gradient_boosting,10,1,sales_monthly_cv,1.341198911,0.4382397344,4.241425575,nonnegative_log1p,none,,
hist_gradient_boosting,10,1,sales_return_rate,0.005340440993,-0,0.4314900722,nonnegative_log1p,none,,
hist_gradient_boosting,10,1,sales_scale_10k,2162.34073,5.658626,223577.0781,nonnegative_log1p,none,,
hist_gradient_boosting,10,1,supplier_count,76.5,1,2627.84,nonnegative_log1p,none,,
hist_gradient_boosting,10,1,supplier_hhi,0.1705136769,-inf,inf,none,none,,
hist_gradient_boosting,10,1,void_invoice_rate,0.05745215493,-inf,inf,none,none,,
hist_gradient_boosting,10,2,active_month_ratio,0.8414634146,-inf,inf,none,none,,
hist_gradient_boosting,10,2,customer_count,37,1.97,3310.82,nonnegative_log1p,none,,
hist_gradient_boosting,10,2,customer_hhi,0.1452465274,-inf,inf,none,none,,
hist_gradient_boosting,10,2,invoice_activity_per_month,21.26829268,0.7007317073,693.8221951,nonnegative_log1p,none,,
hist_gradient_boosting,10,2,operating_net_inflow_proxy_10k,350.860297,-9124.623188,64544.28895,signed_log1p,none,,
hist_gradient_boosting,10,2,purchase_return_rate,0.002510666773,-0,0.2355319694,nonnegative_log1p,none,,
hist_gradient_boosting,10,2,purchase_sales_ratio,0.3609068459,0.0004294868193,10.85553579,nonnegative_log1p,none,,
hist_gradient_boosting,10,2,purchase_scale_10k,371.468457,0.07262,53069.77397,nonnegative_log1p,none,,
hist_gradient_boosting,10,2,sales_growth_trend,0.03130524528,-0.06186013554,0.1520618129,none,none,,
hist_gradient_boosting,10,2,sales_monthly_cv,1.441607819,0.4382397344,3.84728494,nonnegative_log1p,none,,
hist_gradient_boosting,10,2,sales_return_rate,0.007195157011,-0,0.4314900722,nonnegative_log1p,none,,
hist_gradient_boosting,10,2,sales_scale_10k,1047.255144,11.27426415,223577.0781,nonnegative_log1p,none,,
hist_gradient_boosting,10,2,supplier_count,76.5,1,1578.3,nonnegative_log1p,none,,
hist_gradient_boosting,10,2,supplier_hhi,0.1749491597,-inf,inf,none,none,,
hist_gradient_boosting,10,2,void_invoice_rate,0.0590471583,-inf,inf,none,none,,
hist_gradient_boosting,10,3,active_month_ratio,0.8292682927,-inf,inf,none,none,,
hist_gradient_boosting,10,3,customer_count,33.5,1.97,3310.82,nonnegative_log1p,none,,
hist_gradient_boosting,10,3,customer_hhi,0.1324227634,-inf,inf,none,none,,
hist_gradient_boosting,10,3,invoice_activity_per_month,20.02439024,0.4775609756,685.7909756,nonnegative_log1p,none,,
hist_gradient_boosting,10,3,operating_net_inflow_proxy_10k,325.270958,-9124.623188,53496.33198,signed_log1p,none,,
hist_gradient_boosting,10,3,purchase_return_rate,0.002372072731,-0,0.1080883576,nonnegative_log1p,none,,
hist_gradient_boosting,10,3,purchase_sales_ratio,0.3980802338,0.0004294868193,6.919666862,nonnegative_log1p,none,,
hist_gradient_boosting,10,3,purchase_scale_10k,272.297247,0.05516,43795.41731,nonnegative_log1p,none,,
hist_gradient_boosting,10,3,sales_growth_trend,0.02625748132,-0.08518361983,0.2099736851,none,none,,
hist_gradient_boosting,10,3,sales_monthly_cv,1.328194259,0.4550708236,4.241425575,nonnegative_log1p,none,,
hist_gradient_boosting,10,3,sales_return_rate,0.007872384321,-0,0.2819089775,nonnegative_log1p,none,,
hist_gradient_boosting,10,3,sales_scale_10k,916.111805,5.658626,101290.1859,nonnegative_log1p,none,,
hist_gradient_boosting,10,3,supplier_count,70,1,1601.78,nonnegative_log1p,none,,
hist_gradient_boosting,10,3,supplier_hhi,0.1811854987,-inf,inf,none,none,,
hist_gradient_boosting,10,3,void_invoice_rate,0.05693869921,-inf,inf,none,none,,
hist_gradient_boosting,10,4,active_month_ratio,0.8536585366,-inf,inf,none,none,,
hist_gradient_boosting,10,4,customer_count,38,2,3267.88,nonnegative_log1p,none,,
hist_gradient_boosting,10,4,customer_hhi,0.1243082185,-inf,inf,none,none,,
hist_gradient_boosting,10,4,invoice_activity_per_month,24.26829268,0.4809756097,740.3785365,nonnegative_log1p,none,,
hist_gradient_boosting,10,4,operating_net_inflow_proxy_10k,336.768119,-391.6828947,63259.22351,signed_log1p,none,,
hist_gradient_boosting,10,4,purchase_return_rate,0.002236460409,-0,0.2342306267,nonnegative_log1p,none,,
hist_gradient_boosting,10,4,purchase_sales_ratio,0.4319543307,0.0004773509563,10.8543751,nonnegative_log1p,none,,
hist_gradient_boosting,10,4,purchase_scale_10k,465.7996,0.05544,26029.91531,nonnegative_log1p,none,,
hist_gradient_boosting,10,4,sales_growth_trend,0.02812555332,-0.08500446982,0.1512134883,none,none,,
hist_gradient_boosting,10,4,sales_monthly_cv,1.309963083,0.4386127806,4.237715362,nonnegative_log1p,none,,
hist_gradient_boosting,10,4,sales_return_rate,0.007826077593,-0,0.2860655899,nonnegative_log1p,none,,
hist_gradient_boosting,10,4,sales_scale_10k,1249.87382,5.679084,91947.67877,nonnegative_log1p,none,,
hist_gradient_boosting,10,4,supplier_count,77,1,2617.56,nonnegative_log1p,none,,
hist_gradient_boosting,10,4,supplier_hhi,0.1703938495,-inf,inf,none,none,,
hist_gradient_boosting,10,4,void_invoice_rate,0.0607028754,-inf,inf,none,none,,
hist_gradient_boosting,10,5,active_month_ratio,0.8292682927,-inf,inf,none,none,,
hist_gradient_boosting,10,5,customer_count,38,1.98,3267.88,nonnegative_log1p,none,,
hist_gradient_boosting,10,5,customer_hhi,0.1304295969,-inf,inf,none,none,,
hist_gradient_boosting,10,5,invoice_activity_per_month,20.07317073,0.4809756097,740.3785365,nonnegative_log1p,none,,
hist_gradient_boosting,10,5,operating_net_inflow_proxy_10k,335.88931,-4194.12151,55992.3107,signed_log1p,none,,
hist_gradient_boosting,10,5,purchase_return_rate,0.002134319505,-0,0.2342306267,nonnegative_log1p,none,,
hist_gradient_boosting,10,5,purchase_sales_ratio,0.3922638442,0.0004710568358,7.887944378,nonnegative_log1p,none,,
hist_gradient_boosting,10,5,purchase_scale_10k,272.752425,0.05544,46181.81304,nonnegative_log1p,none,,
hist_gradient_boosting,10,5,sales_growth_trend,0.0291075612,-0.06877381981,0.2098899201,none,none,,
hist_gradient_boosting,10,5,sales_monthly_cv,1.354069047,0.4563634786,4.237715362,nonnegative_log1p,none,,
hist_gradient_boosting,10,5,sales_return_rate,0.008380827305,-0,0.4286841204,nonnegative_log1p,none,,
hist_gradient_boosting,10,5,sales_scale_10k,1226.472282,5.679084,220883.1389,nonnegative_log1p,none,,
hist_gradient_boosting,10,5,supplier_count,70,1,2617.56,nonnegative_log1p,none,,
hist_gradient_boosting,10,5,supplier_hhi,0.1703938495,-inf,inf,none,none,,
hist_gradient_boosting,10,5,void_invoice_rate,0.0603204524,-inf,inf,none,none,,
