enterprise_id,month,in_all_invoice_count,in_valid_invoice_count,in_void_invoice_count,in_positive_invoice_count,in_negative_invoice_count,in_zero_invoice_count,in_valid_positive_invoice_count,in_valid_negative_invoice_count,in_valid_zero_invoice_count,in_positive_amount_10k,in_negative_amount_10k,in_net_amount_10k,in_abs_amount_10k,out_all_invoice_count,out_valid_invoice_count,out_void_invoice_count,out_positive_invoice_count,out_negative_invoice_count,out_zero_invoice_count,out_valid_positive_invoice_count,out_valid_negative_invoice_count,out_valid_zero_invoice_count,out_positive_amount_10k,out_negative_amount_10k,out_net_amount_10k,out_abs_amount_10k,active_month
E1,2016-10,0,0,0,0,0,0,0,0,0,0,0,0,0,0,0,0,0,0,0,0,0,0,0,0,0,0,False
E1,2016-11,0,0,0,0,0,0,0,0,0,0,0,0,0,0,0,0,0,0,0,0,0,0,0,0,0,0,False
E1,2016-12,0,0,0,0,0,0,0,0,0,0,0,0,0,0,0,0,0,0,0,0,0,0,0,0,0,0,False
E1,2017-01,0,0,0,0,0,0,0,0,0,0,0,0,0,0,0,0,0,0,0,0,0,0,0,0,0,0,False
E1,2017-02,0,0,0,0,0,0,0,0,0,0,0,0,0,0,0,0,0,0,0,0,0,0,0,0,0,0,False
E1,2017-03,0,0,0,0,0,0,0,0,0,0,0,0,0,0,0,0,0,0,0,0,0,0,0,0,0,0,False
E1,2017-04,0,0,0,0,0,0,0,0,0,0,0,0,0,0,0,0,0,0,0,0,0,0,0,0,0,0,False
E1,2017-05,0,0,0,0,0,0,0,0,0,0,0,0,0,0,0,0,0,0,0,0,0,0,0,0,0,0,False
E1,2017-06,0,0,0,0,0,0,0,0,0,0,0,0,0,0,0,0,0,0,0,0,0,0,0,0,0,0,False
E1,2017-07,4,4,0,2,2,0,2,2,0,0.606705,0.606705,0,1.21341,0,0,0,0,0,0,0,0,0,0,0,0,0,True
E1,2017-08,61,58,3,55,6,0,52,6,0,33884.7417,6000,27884.7417,39884.7417,289,280,9,275,14,0,266,14,0,19286.0547,88.16055,19197.89415,19374.21525,True
E1,2017-09,98,96,2,92,6,0,90,6,0,35677.72434,6000,29677.72434,41677.72434,357,346,11,344,13,0,333,13,0,28479.005,1033.824414,27445.18059,29512.82941,True
E1,2017-10,65,60,5,60,5,0,55,5,0,24947.23208,5000,19947.23208,29947.23208,301,291,10,285,16,0,275,16,0,17759.8583,1469.273826,16290.58447,19229.13213,True
E1,2017-11,83,82,1,76,7,0,75,7,0,37203.35115,7000,30203.35115,44203.35115,302,299,3,301,1,0,298,1,0,23066.2328,24.508524,23041.72428,23090.74132,True
E1,2017-12,92,91,1,89,3,0,88,3,0,22385.49336,3000,19385.49336,25385.49336,198,194,4,196,2,0,192,2,0,9726.7369,61.6507,9665.0862,9788.3876,True
E1,2018-01,58,56,2,56,2,0,54,2,0,15857.91288,2000,13857.91288,17857.91288,204,201,3,191,13,0,188,13,0,11080.1475,971.929398,10108.2181,12052.0769,True
E1,2018-02,60,57,3,59,1,0,56,1,0,18297.39029,4,18293.39029,18301.39029,152,151,1,151,1,0,150,1,0,10451.4715,4.16,10447.3115,10455.6315,True
E1,2018-03,102,102,0,96,6,0,96,6,0,33259.81622,4149.8838,29109.93242,37409.70002,359,355,4,348,11,0,344,11,0,29105.6624,914.742715,28190.91969,30020.40512,True
E1,2018-04,120,119,1,119,1,0,118,1,0,30436.32958,20.592,30415.73758,30456.92158,273,270,3,256,17,0,253,17,0,19257.8276,1071.969213,18185.85839,20329.79681,True
E1,2018-05,135,114,21,135,0,0,114,0,0,22552.71629,0,22552.71629,22552.71629,353,339,14,353,0,0,339,0,0,23039.8823,0,23039.8823,23039.8823,True
E1,2018-06,128,127,1,128,0,0,127,0,0,44324.93967,0,44324.93967,44324.93967,237,232,5,232,5,0,227,5,0,14877.81545,477.116051,14400.6994,15354.9315,True
E1,2018-07,135,133,2,135,0,0,133,0,0,26231.80439,0,26231.80439,26231.80439,267,264,3,265,2,0,262,2,0,17199.2261,40.7108,17158.5153,17239.9369,True
E1,2018-08,110,110,0,108,2,0,108,2,0,10924.46571,1000.028,9924.437714,11924.49371,180,179,1,177,3,0,176,3,0,9134.7047,79.1115,9055.5932,9213.8162,True
E1,2018-09,147,143,4,144,3,0,140,3,0,23648.72402,3000,20648.72402,26648.72402,310,308,2,310,0,0,308,0,0,24691.7638,0,24691.7638,24691.7638,True
E1,2018-10,146,142,4,146,0,0,142,0,0,34642.39898,0,34642.39898,34642.39898,216,215,1,196,20,0,195,20,0,9375.47881,1781.446023,7594.032787,11156.92483,True
E1,2018-11,73,72,1,68,5,0,67,5,0,27050.35111,5000,22050.35111,32050.35111,312,306,6,307,5,0,301,5,0,24271.57915,452.815285,23818.76387,24724.39443,True
E1,2018-12,115,112,3,113,2,0,110,2,0,38619.59441,1001,37618.59441,39620.59441,240,240,0,239,1,0,239,1,0,14156.6016,3.384,14153.2176,14159.9856,True
E1,2019-01,72,72,0,71,1,0,71,1,0,12109.10856,1000,11109.10856,13109.10856,242,241,1,228,14,0,227,14,0,14111.5835,1181.701243,12929.88226,15293.28474,True
E1,2019-02,64,63,1,64,0,0,63,0,0,11200.92976,0,11200.92976,11200.92976,117,117,0,117,0,0,117,0,0,5799.8338,0,5799.8338,5799.8338,True
E1,2019-03,123,121,2,120,3,0,118,3,0,41451.44817,3000,38451.44817,44451.44817,467,459,8,458,9,0,451,8,0,35718.72267,405.769784,35312.95289,36124.49246,True
E1,2019-04,103,102,1,102,1,0,101,1,0,11539.49325,0.0326,11539.46065,11539.52585,169,157,12,168,1,0,156,1,0,7339.452302,0.8969,7338.555402,7340.349202,True
E1,2019-05,81,81,0,81,0,0,81,0,0,16766.93882,0,16766.93882,16766.93882,240,230,10,231,9,0,221,9,0,13181.00107,737.546348,12443.45472,13918.54742,True
E1,2019-06,102,93,9,102,0,0,93,0,0,25372.46605,0,25372.46605,25372.46605,348,328,20,341,7,0,321,7,0,23030.25346,623.266043,22406.98741,23653.5195,True
E1,2019-07,130,124,6,126,4,0,120,4,0,16542.18382,3005.6762,13536.50762,19547.86002,299,288,11,288,11,0,277,11,0,14471.85972,478.194401,13993.66532,14950.05412,True
E1,2019-08,150,142,8,150,0,0,142,0,0,14542.60002,0,14542.60002,14542.60002,212,201,11,205,7,0,194,7,0,6771.502622,147.7217,6623.780922,6919.224322,True
E1,2019-09,228,172,56,227,1,0,171,1,0,17633.71854,0.1,17633.61855,17633.81854,344,342,2,327,17,0,325,17,0,14537.52729,967.702996,13569.8243,15505.23029,True
E1,2019-10,165,159,6,162,3,0,156,3,0,22188.57062,3000,19188.57062,25188.57062,274,270,4,273,1,0,269,1,0,12730.54855,4.2586,12726.28995,12734.80715,True
E1,2019-11,128,123,5,128,0,0,123,0,0,20233.21692,0,20233.21692,20233.21692,298,268,30,281,17,0,251,17,0,11761.5941,1358.1733,10403.4208,13119.7674,True
E1,2019-12,266,224,42,259,7,0,217,7,0,22252.30633,4225.8613,18026.44503,26478.16763,340,326,14,335,5,0,321,5,0,11601.23723,46.94272,11554.29451,11648.17995,True
E1,2020-01,95,93,2,95,0,0,93,0,0,9423.339601,0,9423.339601,9423.339601,210,189,21,203,7,0,182,7,0,8874.013207,598.857042,8275.156165,9472.870249,True
E1,2020-02,2,2,0,2,0,0,2,0,0,0.0701,0,0.0701,0.0701,0,0,0,0,0,0,0,0,0,0,0,0,0,True
E10,2016-10,0,0,0,0,0,0,0,0,0,0,0,0,0,0,0,0,0,0,0,0,0,0,0,0,0,0,False
E10,2016-11,0,0,0,0,0,0,0,0,0,0,0,0,0,22,20,2,21,0,1,20,0,0,1487.69881,0,1487.69881,1487.69881,True
E10,2016-12,0,0,0,0,0,0,0,0,0,0,0,0,0,8,7,1,8,0,0,7,0,0,406.744274,0,406.744274,406.744274,True
E10,2017-01,1,1,0,1,0,0,1,0,0,0.12,0,0.12,0.12,111,106,5,110,0,1,106,0,0,9340.937684,0,9340.937684,9340.937684,True
E10,2017-02,1,1,0,1,0,0,1,0,0,0.3948,0,0.3948,0.3948,0,0,0,0,0,0,0,0,0,0,0,0,0,True
E10,2017-03,7,7,0,7,0,0,7,0,0,5.97,0,5.97,5.97,3,3,0,2,1,0,2,1,0,113.189162,60,53.189162,173.189162,True
E10,2017-04,3,3,0,3,0,0,3,0,0,3.5943,0,3.5943,3.5943,2,1,1,2,0,0,1,0,0,6,0,6,6,True
E10,2017-05,1,1,0,1,0,0,1,0,0,0.033,0,0.033,0.033,5,5,0,5,0,0,5,0,0,324.037094,0,324.037094,324.037094,True
E10,2017-06,13,13,0,13,0,0,13,0,0,4.99054,0,4.99054,4.99054,11,11,0,11,0,0,11,0,0,616.368202,0,616.368202,616.368202,True
E10,2017-07,67,65,2,67,0,0,65,0,0,5.210817,0,5.210817,5.210817,9,7,2,9,0,0,7,0,0,248.328174,0,248.328174,248.328174,True
E10,2017-08,72,66,6,72,0,0,66,0,0,6.571032,0,6.571032,6.571032,18,14,4,18,0,0,14,0,0,730.764982,0,730.764982,730.764982,True
E10,2017-09,101,90,11,101,0,0,90,0,0,16.626979,0,16.626979,16.626979,15,15,0,15,0,0,15,0,0,779.200179,0,779.200179,779.200179,True
E10,2017-10,103,88,15,103,0,0,88,0,0,8.471843,0,8.471843,8.471843,9,8,1,9,0,0,8,0,0,394.701915,0,394.701915,394.701915,True
E10,2017-11,93,83,10,93,0,0,83,0,0,21.705745,0,21.705745,21.705745,13,11,2,13,0,0,11,0,0,616.631835,0,616.631835,616.631835,True
E10,2017-12,80,67,13,80,0,0,67,0,0,5.097495,0,5.097495,5.097495,6,6,0,6,0,0,6,0,0,403.861343,0,403.861343,403.861343,True
E10,2018-01,66,63,3,66,0,0,63,0,0,6.18576,0,6.18576,6.18576,43,38,5,43,0,0,38,0,0,2531.483576,0,2531.483576,2531.483576,True
E10,2018-02,76,70,6,76,0,0,70,0,0,12.87839,0,12.87839,12.87839,29,27,2,29,0,0,27,0,0,1688.514332,0,1688.514332,1688.514332,True
E10,2018-03,159,152,7,154,5,0,147,5,0,17.997648,0.3955,17.602148,18.393148,3,3,0,3,0,0,3,0,0,140,0,140,140,True
E10,2018-04,154,146,8,151,3,0,143,3,0,9.835494,5.526871,4.308623,15.362365,0,0,0,0,0,0,0,0,0,0,0,0,0,True
E10,2018-05,169,146,23,169,0,0,146,0,0,15.399298,0,15.399298,15.399298,6,6,0,6,0,0,6,0,0,357.2,0,357.2,357.2,True
E10,2018-06,167,164,3,165,2,0,162,2,0,41.012122,0.22,40.792122,41.232122,4,4,0,4,0,0,4,0,0,192.76192,0,192.76192,192.76192,True
E10,2018-07,134,124,10,133,1,0,123,1,0,27.501004,0.0197,27.481304,27.520704,11,11,0,11,0,0,11,0,0,691.386546,0,691.386546,691.386546,True
E10,2018-08,130,123,7,129,1,0,122,1,0,19.494912,1.056,18.438912,20.550912,24,22,2,23,1,0,21,1,0,984.453557,47.237904,937.215653,1031.691461,True
E10,2018-09,123,118,5,123,0,0,118,0,0,20.54875,0,20.54875,20.54875,10,10,0,10,0,0,10,0,0,640.647006,0,640.647006,640.647006,True
E10,2018-10,152,145,7,147,5,0,140,5,0,20.033431,2.5344,17.499031,22.567831,6,6,0,6,0,0,6,0,0,369.897908,0,369.897908,369.897908,True
E10,2018-11,152,151,1,149,3,0,148,3,0,21.488491,2.4699,19.018591,23.958391,14,13,1,14,0,0,13,0,0,1209,0,1209,1209,True
E10,2018-12,170,162,8,170,0,0,162,0,0,17.969537,0,17.969537,17.969537,13,8,5,13,0,0,8,0,0,374.58521,0,374.58521,374.58521,True
E10,2019-01,148,140,8,144,4,0,136,4,0,43.440269,3.316,40.124269,46.756269,101,89,12,101,0,0,89,0,0,6260.297847,0,6260.297847,6260.297847,True
E10,2019-02,78,75,3,78,0,0,75,0,0,12.1516,0,12.1516,12.1516,3,3,0,3,0,0,3,0,0,141,0,141,141,True
E10,2019-03,124,120,4,123,1,0,119,1,0,16.946298,0.0581,16.888198,17.004398,5,2,3,5,0,0,2,0,0,32.813169,0,32.813169,32.813169,True
E10,2019-04,183,169,14,182,1,0,168,1,0,26.546741,0.15,26.396741,26.696741,2,2,0,2,0,0,2,0,0,194.7807,0,194.7807,194.7807,True
E10,2019-05,199,179,20,198,1,0,178,1,0,19.564424,0.0364,19.528024,19.600824,1,1,0,1,0,0,1,0,0,87.95878,0,87.95878,87.95878,True
E10,2019-06,180,168,12,177,3,0,165,3,0,21.312182,0.345172,20.96701,21.657354,10,10,0,10,0,0,10,0,0,694.601955,0,694.601955,694.601955,True
E10,2019-07,188,185,3,187,1,0,184,1,0,20.325211,0.060208,20.265003,20.385419,10,8,2,10,0,0,8,0,0,410.791424,0,410.791424,410.791424,True
E10,2019-08,217,205,12,216,1,0,204,1,0,31.854206,0.027098,31.827108,31.881304,21,20,1,21,0,0,20,0,0,1410.418639,0,1410.418639,1410.418639,True
E10,2019-09,193,190,3,193,0,0,190,0,0,21.599745,0,21.599745,21.599745,3,3,0,3,0,0,3,0,0,162.4,0,162.4,162.4,True
E10,2019-10,178,173,5,177,1,0,172,1,0,15.466064,0.950072,14.515992,16.416136,8,8,0,8,0,0,8,0,0,572.999978,0,572.999978,572.999978,True
E10,2019-11,215,207,8,214,1,0,206,1,0,21.123522,0.500065,20.623457,21.623587,9,8,1,9,0,0,8,0,0,636.934853,0,636.934853,636.934853,True
E10,2019-12,0,0,0,0,0,0,0,0,0,0,0,0,0,0,0,0,0,0,0,0,0,0,0,0,0,0,False
E10,2020-01,0,0,0,0,0,0,0,0,0,0,0,0,0,0,0,0,0,0,0,0,0,0,0,0,0,0,False
E10,2020-02,0,0,0,0,0,0,0,0,0,0,0,0,0,0,0,0,0,0,0,0,0,0,0,0,0,0,False
E100,2016-10,0,0,0,0,0,0,0,0,0,0,0,0,0,0,0,0,0,0,0,0,0,0,0,0,0,0,False
E100,2016-11,0,0,0,0,0,0,0,0,0,0,0,0,0,0,0,0,0,0,0,0,0,0,0,0,0,0,False
E100,2016-12,0,0,0,0,0,0,0,0,0,0,0,0,0,0,0,0,0,0,0,0,0,0,0,0,0,0,False
E100,2017-01,0,0,0,0,0,0,0,0,0,0,0,0,0,1,1,0,1,0,0,1,0,0,0.4346,0,0.4346,0.4346,True
E100,2017-02,0,0,0,0,0,0,0,0,0,0,0,0,0,0,0,0,0,0,0,0,0,0,0,0,0,0,False
E100,2017-03,0,0,0,0,0,0,0,0,0,0,0,0,0,4,4,0,4,0,0,4,0,0,3.4413,0,3.4413,3.4413,True
E100,2017-04,0,0,0,0,0,0,0,0,0,0,0,0,0,4,4,0,4,0,0,4,0,0,3.4413,0,3.4413,3.4413,True
E100,2017-05,1,1,0,1,0,0,1,0,0,0.033,0,0.033,0.033,5,5,0,1,4,0,1,4,0,0.51,3.4413,-2.9313,3.9513,True
E100,2017-06,0,0,0,0,0,0,0,0,0,0,0,0,0,2,2,0,2,0,0,2,0,0,1.7177,0,1.7177,1.7177,True
E100,2017-07,0,0,0,0,0,0,0,0,0,0,0,0,0,1,1,0,1,0,0,1,0,0,0.622002,0,0.622002,0.622002,True
E100,2017-08,0,0,0,0,0,0,0,0,0,0,0,0,0,26,26,0,20,6,0,20,6,0,28.859289,4.868759,23.99053,33.728048,True
E100,2017-09,1,1,0,1,0,0,1,0,0,0.013,0,0.013,0.013,0,0,0,0,0,0,0,0,0,0,0,0,0,True
E100,2017-10,0,0,0,0,0,0,0,0,0,0,0,0,0,0,0,0,0,0,0,0,0,0,0,0,0,0,False
E100,2017-11,1,1,0,1,0,0,1,0,0,0.022,0,0.022,0.022,1,1,0,1,0,0,1,0,0,0.11124,0,0.11124,0.11124,True
E100,2017-12,5,5,0,5,0,0,5,0,0,0.0799,0,0.0799,0.0799,2,2,0,2,0,0,2,0,0,1.480803,0,1.480803,1.480803,True
E100,2018-01,4,4,0,4,0,0,4,0,0,0.0905,0,0.0905,0.0905,1,1,0,1,0,0,1,0,0,1.957,0,1.957,1.957,True
E100,2018-02,4,4,0,4,0,0,4,0,0,0.2106,0,0.2106,0.2106,1,1,0,1,0,0,1,0,0,0.5871,0,0.5871,0.5871,True
E100,2018-03,1,1,0,1,0,0,1,0,0,0.0195,0,0.0195,0.0195,0,0,0,0,0,0,0,0,0,0,0,0,0,True
E100,2018-04,1,1,0,1,0,0,1,0,0,0.017,0,0.017,0.017,2,2,0,2,0,0,2,0,0,1.847685,0,1.847685,1.847685,True
E100,2018-05,2,2,0,2,0,0,2,0,0,0.049002,0,0.049002,0.049002,2,2,0,2,0,0,2,0,0,4.699118,0,4.699118,4.699118,True
E100,2018-06,2,2,0,2,0,0,2,0,0,0.045,0,0.045,0.045,4,4,0,4,0,0,4,0,0,1.365054,0,1.365054,1.365054,True
E100,2018-07,1,1,0,1,0,0,1,0,0,0.024,0,0.024,0.024,0,0,0,0,0,0,0,0,0,0,0,0,0,True
E100,2018-08,1,1,0,1,0,0,1,0,0,0.0185,0,0.0185,0.0185,0,0,0,0,0,0,0,0,0,0,0,0,0,True
E100,2018-09,0,0,0,0,0,0,0,0,0,0,0,0,0,0,0,0,0,0,0,0,0,0,0,0,0,0,False
E100,2018-10,2,2,0,2,0,0,2,0,0,0.05,0,0.05,0.05,3,3,0,3,0,0,3,0,0,1.599838,0,1.599838,1.599838,True
E100,2018-11,1,1,0,1,0,0,1,0,0,0.0239,0,0.0239,0.0239,2,2,0,2,0,0,2,0,0,0.6505,0,0.6505,0.6505,True
E100,2018-12,2,2,0,2,0,0,2,0,0,0.0726,0,0.0726,0.0726,5,5,0,3,2,0,3,2,0,2.6475,2.4498,0.1977,5.0973,True
E100,2019-01,4,4,0,4,0,0,4,0,0,0.1393,0,0.1393,0.1393,5,5,0,5,0,0,5,0,0,2.9805,0,2.9805,2.9805,True
E100,2019-02,1,1,0,1,0,0,1,0,0,0.02,0,0.02,0.02,3,3,0,3,0,0,3,0,0,0.737851,0,0.737851,0.737851,True
E100,2019-03,1,1,0,1,0,0,1,0,0,0.02,0,0.02,0.02,5,5,0,3,2,0,3,2,0,1.860651,0.497851,1.3628,2.358502,True
E100,2019-04,2,2,0,2,0,0,2,0,0,0.1487,0,0.1487,0.1487,4,4,0,4,0,0,4,0,0,1.3713,0,1.3713,1.3713,True
E100,2019-05,5,5,0,5,0,0,5,0,0,0.1592,0,0.1592,0.1592,1,1,0,1,0,0,1,0,0,1.2272,0,1.2272,1.2272,True
E100,2019-06,2,2,0,2,0,0,2,0,0,0.2739,0,0.2739,0.2739,2,2,0,2,0,0,2,0,0,3.3396,0,3.3396,3.3396,True
E100,2019-07,3,3,0,3,0,0,3,0,0,0.0523,0,0.0523,0.0523,3,3,0,3,0,0,3,0,0,6.825,0,6.825,6.825,True
E100,2019-08,3,3,0,3,0,0,3,0,0,0.5787,0,0.5787,0.5787,1,1,0,1,0,0,1,0,0,1.5855,0,1.5855,1.5855,True
E100,2019-09,0,0,0,0,0,0,0,0,0,0,0,0,0,3,3,0,2,1,0,2,1,0,1.9955,1.5855,0.41,3.581,True
E100,2019-10,2,2,0,2,0,0,2,0,0,0.0437,0,0.0437,0.0437,2,2,0,2,0,0,2,0,0,0.218,0,0.218,0.218,True
E100,2019-11,1,1,0,1,0,0,1,0,0,0.02,0,0.02,0.02,0,0,0,0,0,0,0,0,0,0,0,0,0,True
E100,2019-12,3,3,0,3,0,0,3,0,0,0.0645,0,0.0645,0.0645,2,1,1,2,0,0,1,0,0,2,0,2,2,True
E100,2020-01,2,2,0,2,0,0,2,0,0,0.0435,0,0.0435,0.0435,2,2,0,2,0,0,2,0,0,1.879,0,1.879,1.879,True
E100,2020-02,0,0,0,0,0,0,0,0,0,0,0,0,0,0,0,0,0,0,0,0,0,0,0,0,0,0,False
E101,2016-10,0,0,0,0,0,0,0,0,0,0,0,0,0,0,0,0,0,0,0,0,0,0,0,0,0,0,False
E101,2016-11,0,0,0,0,0,0,0,0,0,0,0,0,0,0,0,0,0,0,0,0,0,0,0,0,0,0,False
E101,2016-12,0,0,0,0,0,0,0,0,0,0,0,0,0,0,0,0,0,0,0,0,0,0,0,0,0,0,False
E101,2017-01,0,0,0,0,0,0,0,0,0,0,0,0,0,0,0,0,0,0,0,0,0,0,0,0,0,0,False
E101,2017-02,0,0,0,0,0,0,0,0,0,0,0,0,0,0,0,0,0,0,0,0,0,0,0,0,0,0,False
E101,2017-03,0,0,0,0,0,0,0,0,0,0,0,0,0,0,0,0,0,0,0,0,0,0,0,0,0,0,False
E101,2017-04,0,0,0,0,0,0,0,0,0,0,0,0,0,0,0,0,0,0,0,0,0,0,0,0,0,0,False
E101,2017-05,0,0,0,0,0,0,0,0,0,0,0,0,0,0,0,0,0,0,0,0,0,0,0,0,0,0,False
E101,2017-06,0,0,0,0,0,0,0,0,0,0,0,0,0,0,0,0,0,0,0,0,0,0,0,0,0,0,False
E101,2017-07,0,0,0,0,0,0,0,0,0,0,0,0,0,0,0,0,0,0,0,0,0,0,0,0,0,0,False
E101,2017-08,0,0,0,0,0,0,0,0,0,0,0,0,0,0,0,0,0,0,0,0,0,0,0,0,0,0,False
E101,2017-09,0,0,0,0,0,0,0,0,0,0,0,0,0,0,0,0,0,0,0,0,0,0,0,0,0,0,False
E101,2017-10,0,0,0,0,0,0,0,0,0,0,0,0,0,0,0,0,0,0,0,0,0,0,0,0,0,0,False
E101,2017-11,0,0,0,0,0,0,0,0,0,0,0,0,0,0,0,0,0,0,0,0,0,0,0,0,0,0,False
E101,2017-12,0,0,0,0,0,0,0,0,0,0,0,0,0,0,0,0,0,0,0,0,0,0,0,0,0,0,False
E101,2018-01,0,0,0,0,0,0,0,0,0,0,0,0,0,0,0,0,0,0,0,0,0,0,0,0,0,0,False
E101,2018-02,0,0,0,0,0,0,0,0,0,0,0,0,0,0,0,0,0,0,0,0,0,0,0,0,0,0,False
E101,2018-03,1,1,0,1,0,0,1,0,0,0.0188,0,0.0188,0.0188,0,0,0,0,0,0,0,0,0,0,0,0,0,True
E101,2018-04,1,1,0,1,0,0,1,0,0,0.0246,0,0.0246,0.0246,0,0,0,0,0,0,0,0,0,0,0,0,0,True
E101,2018-05,1,1,0,1,0,0,1,0,0,0.0242,0,0.0242,0.0242,0,0,0,0,0,0,0,0,0,0,0,0,0,True
E101,2018-06,1,1,0,1,0,0,1,0,0,0.9088,0,0.9088,0.9088,44,17,27,44,0,0,17,0,0,18.125,0,18.125,18.125,True
E101,2018-07,3,3,0,3,0,0,3,0,0,4.1145,0,4.1145,4.1145,0,0,0,0,0,0,0,0,0,0,0,0,0,True
E101,2018-08,1,1,0,1,0,0,1,0,0,0.028,0,0.028,0.028,0,0,0,0,0,0,0,0,0,0,0,0,0,True
E101,2018-09,0,0,0,0,0,0,0,0,0,0,0,0,0,0,0,0,0,0,0,0,0,0,0,0,0,0,False
E101,2018-10,2,2,0,2,0,0,2,0,0,0.0503,0,0.0503,0.0503,0,0,0,0,0,0,0,0,0,0,0,0,0,True
E101,2018-11,0,0,0,0,0,0,0,0,0,0,0,0,0,6,5,1,6,0,0,5,0,0,11.1128,0,11.1128,11.1128,True
E101,2018-12,1,1,0,1,0,0,1,0,0,0.0232,0,0.0232,0.0232,0,0,0,0,0,0,0,0,0,0,0,0,0,True
E101,2019-01,1,1,0,1,0,0,1,0,0,0.0216,0,0.0216,0.0216,0,0,0,0,0,0,0,0,0,0,0,0,0,True
E101,2019-02,0,0,0,0,0,0,0,0,0,0,0,0,0,0,0,0,0,0,0,0,0,0,0,0,0,0,False
E101,2019-03,1,1,0,1,0,0,1,0,0,0.028,0,0.028,0.028,0,0,0,0,0,0,0,0,0,0,0,0,0,True
E101,2019-04,1,1,0,1,0,0,1,0,0,0.026,0,0.026,0.026,8,6,2,8,0,0,6,0,0,6.0052,0,6.0052,6.0052,True
E101,2019-05,2,2,0,2,0,0,2,0,0,0.0478,0,0.0478,0.0478,0,0,0,0,0,0,0,0,0,0,0,0,0,True
E101,2019-06,0,0,0,0,0,0,0,0,0,0,0,0,0,5,4,1,5,0,0,4,0,0,3.9948,0,3.9948,3.9948,True
E101,2019-07,0,0,0,0,0,0,0,0,0,0,0,0,0,0,0,0,0,0,0,0,0,0,0,0,0,0,False
E101,2019-08,0,0,0,0,0,0,0,0,0,0,0,0,0,0,0,0,0,0,0,0,0,0,0,0,0,0,False
E101,2019-09,0,0,0,0,0,0,0,0,0,0,0,0,0,0,0,0,0,0,0,0,0,0,0,0,0,0,False
E101,2019-10,0,0,0,0,0,0,0,0,0,0,0,0,0,0,0,0,0,0,0,0,0,0,0,0,0,0,False
E101,2019-11,0,0,0,0,0,0,0,0,0,0,0,0,0,0,0,0,0,0,0,0,0,0,0,0,0,0,False
E101,2019-12,0,0,0,0,0,0,0,0,0,0,0,0,0,0,0,0,0,0,0,0,0,0,0,0,0,0,False
E101,2020-01,0,0,0,0,0,0,0,0,0,0,0,0,0,0,0,0,0,0,0,0,0,0,0,0,0,0,False
E101,2020-02,0,0,0,0,0,0,0,0,0,0,0,0,0,0,0,0,0,0,0,0,0,0,0,0,0,0,False
E102,2016-10,0,0,0,0,0,0,0,0,0,0,0,0,0,0,0,0,0,0,0,0,0,0,0,0,0,0,False
E102,2016-11,0,0,0,0,0,0,0,0,0,0,0,0,0,0,0,0,0,0,0,0,0,0,0,0,0,0,False
E102,2016-12,0,0,0,0,0,0,0,0,0,0,0,0,0,0,0,0,0,0,0,0,0,0,0,0,0,0,False
E102,2017-01,10,10,0,10,0,0,10,0,0,7.926045,0,7.926045,7.926045,7,6,1,4,3,0,3,3,0,3.4658,3.14486,0.32094,6.61066,True
E102,2017-02,6,6,0,6,0,0,6,0,0,9.284064,0,9.284064,9.284064,0,0,0,0,0,0,0,0,0,0,0,0,0,True
E102,2017-03,12,12,0,12,0,0,12,0,0,7.14923,0,7.14923,7.14923,0,0,0,0,0,0,0,0,0,0,0,0,0,True
E102,2017-04,13,12,1,13,0,0,12,0,0,7.492,0,7.492,7.492,0,0,0,0,0,0,0,0,0,0,0,0,0,True
E102,2017-05,17,17,0,17,0,0,17,0,0,11.111087,0,11.111087,11.111087,11,11,0,11,0,0,11,0,0,5.76448,0,5.76448,5.76448,True
E102,2017-06,14,14,0,14,0,0,14,0,0,12.437113,0,12.437113,12.437113,0,0,0,0,0,0,0,0,0,0,0,0,0,True
E102,2017-07,17,17,0,17,0,0,17,0,0,11.680542,0,11.680542,11.680542,1,0,1,1,0,0,0,0,0,0,0,0,0,True
E102,2017-08,16,16,0,16,0,0,16,0,0,9.115861,0,9.115861,9.115861,3,2,1,3,0,0,2,0,0,1.36003,0,1.36003,1.36003,True
E102,2017-09,16,16,0,16,0,0,16,0,0,7.923865,0,7.923865,7.923865,3,3,0,3,0,0,3,0,0,2.465,0,2.465,2.465,True
E102,2017-10,16,14,2,16,0,0,14,0,0,10.042316,0,10.042316,10.042316,0,0,0,0,0,0,0,0,0,0,0,0,0,True
E102,2017-11,16,16,0,15,1,0,15,1,0,8.375373,0.21635,8.159023,8.591723,0,0,0,0,0,0,0,0,0,0,0,0,0,True
E102,2017-12,27,27,0,26,1,0,26,1,0,13.832397,1.740944,12.091453,15.573341,0,0,0,0,0,0,0,0,0,0,0,0,0,True
E102,2018-01,21,19,2,20,1,0,18,1,0,10.081039,0.099,9.982039,10.180039,3,3,0,3,0,0,3,0,0,3.05451,0,3.05451,3.05451,True
E102,2018-02,11,11,0,11,0,0,11,0,0,11.82389,0,11.82389,11.82389,0,0,0,0,0,0,0,0,0,0,0,0,0,True
E102,2018-03,12,12,0,12,0,0,12,0,0,7.954861,0,7.954861,7.954861,0,0,0,0,0,0,0,0,0,0,0,0,0,True
E102,2018-04,51,51,0,51,0,0,51,0,0,26.919715,0,26.919715,26.919715,0,0,0,0,0,0,0,0,0,0,0,0,0,True
E102,2018-05,15,15,0,15,0,0,15,0,0,2.062831,0,2.062831,2.062831,11,11,0,11,0,0,11,0,0,2.43053,0,2.43053,2.43053,True
E102,2018-06,16,16,0,16,0,0,16,0,0,8.895705,0,8.895705,8.895705,0,0,0,0,0,0,0,0,0,0,0,0,0,True
E102,2018-07,18,17,1,18,0,0,17,0,0,12.207117,0,12.207117,12.207117,3,3,0,3,0,0,3,0,0,3.01996,0,3.01996,3.01996,True
E102,2018-08,18,16,2,17,1,0,15,1,0,5.853084,0.004,5.849084,5.857084,0,0,0,0,0,0,0,0,0,0,0,0,0,True
E102,2018-09,20,20,0,20,0,0,20,0,0,9.708535,0,9.708535,9.708535,5,5,0,5,0,0,5,0,0,0.16015,0,0.16015,0.16015,True
E102,2018-10,13,13,0,13,0,0,13,0,0,4.937299,0,4.937299,4.937299,10,10,0,10,0,0,10,0,0,0.426106,0,0.426106,0.426106,True
E102,2018-11,26,26,0,26,0,0,26,0,0,14.488799,0,14.488799,14.488799,30,29,1,30,0,0,29,0,0,6.787824,0,6.787824,6.787824,True
E102,2018-12,24,24,0,23,1,0,23,1,0,10.120152,0.0378,10.082352,10.157952,1,1,0,1,0,0,1,0,0,0.321,0,0.321,0.321,True
E102,2019-01,15,15,0,15,0,0,15,0,0,5.764108,0,5.764108,5.764108,28,8,20,8,0,20,8,0,0,0.269852,0,0.269852,0.269852,True
E102,2019-02,18,18,0,18,0,0,18,0,0,12.16786,0,12.16786,12.16786,11,10,1,11,0,0,10,0,0,1.02014,0,1.02014,1.02014,True
E102,2019-03,30,29,1,30,0,0,29,0,0,13.687595,0,13.687595,13.687595,9,9,0,9,0,0,9,0,0,3.310868,0,3.310868,3.310868,True
E102,2019-04,16,13,3,16,0,0,13,0,0,5.92075,0,5.92075,5.92075,3,3,0,3,0,0,3,0,0,0.71678,0,0.71678,0.71678,True
E102,2019-05,23,23,0,23,0,0,23,0,0,10.570889,0,10.570889,10.570889,5,5,0,5,0,0,5,0,0,0.62501,0,0.62501,0.62501,True
E102,2019-06,24,23,1,24,0,0,23,0,0,5.173687,0,5.173687,5.173687,4,4,0,4,0,0,4,0,0,1.99368,0,1.99368,1.99368,True
E102,2019-07,30,27,3,30,0,0,27,0,0,10.239899,0,10.239899,10.239899,10,10,0,10,0,0,10,0,0,3.75429,0,3.75429,3.75429,True
E102,2019-08,24,24,0,24,0,0,24,0,0,11.662631,0,11.662631,11.662631,4,4,0,4,0,0,4,0,0,1.57745,0,1.57745,1.57745,True
E102,2019-09,28,28,0,27,1,0,27,1,0,8.272828,0.1008,8.172028,8.373628,5,4,1,5,0,0,4,0,0,0.2215,0,0.2215,0.2215,True
E102,2019-10,20,20,0,20,0,0,20,0,0,8.933517,0,8.933517,8.933517,0,0,0,0,0,0,0,0,0,0,0,0,0,True
E102,2019-11,21,21,0,21,0,0,21,0,0,10.362057,0,10.362057,10.362057,0,0,0,0,0,0,0,0,0,0,0,0,0,True
E102,2019-12,32,28,4,31,1,0,27,1,0,11.279225,0.00945,11.269775,11.288675,4,4,0,4,0,0,4,0,0,3.9879,0,3.9879,3.9879,True
E102,2020-01,12,12,0,12,0,0,12,0,0,3.963567,0,3.963567,3.963567,0,0,0,0,0,0,0,0,0,0,0,0,0,True
E102,2020-02,12,12,0,12,0,0,12,0,0,8.618519,0,8.618519,8.618519,6,6,0,6,0,0,6,0,0,0.30051,0,0.30051,0.30051,True
E103,2016-10,0,0,0,0,0,0,0,0,0,0,0,0,0,0,0,0,0,0,0,0,0,0,0,0,0,0,False
E103,2016-11,0,0,0,0,0,0,0,0,0,0,0,0,0,0,0,0,0,0,0,0,0,0,0,0,0,0,False
E103,2016-12,0,0,0,0,0,0,0,0,0,0,0,0,0,0,0,0,0,0,0,0,0,0,0,0,0,0,False
E103,2017-01,0,0,0,0,0,0,0,0,0,0,0,0,0,0,0,0,0,0,0,0,0,0,0,0,0,0,False
E103,2017-02,0,0,0,0,0,0,0,0,0,0,0,0,0,0,0,0,0,0,0,0,0,0,0,0,0,0,False
E103,2017-03,0,0,0,0,0,0,0,0,0,0,0,0,0,0,0,0,0,0,0,0,0,0,0,0,0,0,False
E103,2017-04,0,0,0,0,0,0,0,0,0,0,0,0,0,0,0,0,0,0,0,0,0,0,0,0,0,0,False
E103,2017-05,0,0,0,0,0,0,0,0,0,0,0,0,0,0,0,0,0,0,0,0,0,0,0,0,0,0,False
E103,2017-06,0,0,0,0,0,0,0,0,0,0,0,0,0,0,0,0,0,0,0,0,0,0,0,0,0,0,False
E103,2017-07,1,1,0,1,0,0,1,0,0,0.017,0,0.017,0.017,0,0,0,0,0,0,0,0,0,0,0,0,0,True
E103,2017-08,5,5,0,5,0,0,5,0,0,0.1073,0,0.1073,0.1073,0,0,0,0,0,0,0,0,0,0,0,0,0,True
E103,2017-09,0,0,0,0,0,0,0,0,0,0,0,0,0,0,0,0,0,0,0,0,0,0,0,0,0,0,False
E103,2017-10,0,0,0,0,0,0,0,0,0,0,0,0,0,0,0,0,0,0,0,0,0,0,0,0,0,0,False
E103,2017-11,3,3,0,3,0,0,3,0,0,1.9548,0,1.9548,1.9548,0,0,0,0,0,0,0,0,0,0,0,0,0,True
E103,2017-12,0,0,0,0,0,0,0,0,0,0,0,0,0,0,0,0,0,0,0,0,0,0,0,0,0,0,False
E103,2018-01,6,6,0,6,0,0,6,0,0,0.3304,0,0.3304,0.3304,0,0,0,0,0,0,0,0,0,0,0,0,0,True
E103,2018-02,3,3,0,3,0,0,3,0,0,0.062,0,0.062,0.062,3,3,0,3,0,0,3,0,0,22.63,0,22.63,22.63,True
E103,2018-03,11,11,0,11,0,0,11,0,0,1.8395,0,1.8395,1.8395,3,3,0,3,0,0,3,0,0,24,0,24,24,True
E103,2018-04,7,7,0,7,0,0,7,0,0,0.5796,0,0.5796,0.5796,0,0,0,0,0,0,0,0,0,0,0,0,0,True
E103,2018-05,1,1,0,1,0,0,1,0,0,0.0165,0,0.0165,0.0165,4,1,3,4,0,0,1,0,0,2.12,0,2.12,2.12,True
E103,2018-06,2,2,0,2,0,0,2,0,0,0.1042,0,0.1042,0.1042,0,0,0,0,0,0,0,0,0,0,0,0,0,True
E103,2018-07,3,3,0,3,0,0,3,0,0,3.6392,0,3.6392,3.6392,2,1,1,2,0,0,1,0,0,6.015867,0,6.015867,6.015867,True
E103,2018-08,4,4,0,4,0,0,4,0,0,0.2321,0,0.2321,0.2321,0,0,0,0,0,0,0,0,0,0,0,0,0,True
E103,2018-09,0,0,0,0,0,0,0,0,0,0,0,0,0,0,0,0,0,0,0,0,0,0,0,0,0,0,False
E103,2018-10,4,4,0,4,0,0,4,0,0,2.19165,0,2.19165,2.19165,3,3,0,3,0,0,3,0,0,3.89,0,3.89,3.89,True
E103,2018-11,2,2,0,2,0,0,2,0,0,1.338795,0,1.338795,1.338795,0,0,0,0,0,0,0,0,0,0,0,0,0,True
E103,2018-12,5,5,0,5,0,0,5,0,0,2.3065,0,2.3065,2.3065,4,3,1,4,0,0,3,0,0,5.213,0,5.213,5.213,True
E103,2019-01,4,4,0,4,0,0,4,0,0,4.5182,0,4.5182,4.5182,5,4,1,4,1,0,3,1,0,2.302515,0.713,1.589515,3.015515,True
E103,2019-02,2,2,0,2,0,0,2,0,0,0.2099,0,0.2099,0.2099,0,0,0,0,0,0,0,0,0,0,0,0,0,True
E103,2019-03,1,1,0,1,0,0,1,0,0,0.1408,0,0.1408,0.1408,3,2,1,2,1,0,1,1,0,0.724515,0.724515,0,1.44903,True
E103,2019-04,21,21,0,21,0,0,21,0,0,1.285552,0,1.285552,1.285552,0,0,0,0,0,0,0,0,0,0,0,0,0,True
E103,2019-05,8,8,0,8,0,0,8,0,0,0.58069,0,0.58069,0.58069,1,1,0,1,0,0,1,0,0,2.774399,0,2.774399,2.774399,True
E103,2019-06,10,10,0,10,0,0,10,0,0,2.101209,0,2.101209,2.101209,1,1,0,1,0,0,1,0,0,2,0,2,2,True
E103,2019-07,10,10,0,10,0,0,10,0,0,8.6277,0,8.6277,8.6277,1,1,0,1,0,0,1,0,0,0.480001,0,0.480001,0.480001,True
E103,2019-08,11,11,0,11,0,0,11,0,0,1.124993,0,1.124993,1.124993,3,3,0,3,0,0,3,0,0,1.99577,0,1.99577,1.99577,True
E103,2019-09,7,6,1,7,0,0,6,0,0,1.670098,0,1.670098,1.670098,1,1,0,1,0,0,1,0,0,0.7967,0,0.7967,0.7967,True
E103,2019-10,10,10,0,10,0,0,10,0,0,1.2281,0,1.2281,1.2281,5,4,1,5,0,0,4,0,0,0.440447,0,0.440447,0.440447,True
E103,2019-11,6,5,1,6,0,0,5,0,0,0.1666,0,0.1666,0.1666,4,4,0,4,0,0,4,0,0,12.423861,0,12.423861,12.423861,True
E103,2019-12,12,12,0,12,0,0,12,0,0,30.09517,0,30.09517,30.09517,21,19,2,21,0,0,19,0,0,95.875617,0,95.875617,95.875617,True
E103,2020-01,12,11,1,12,0,0,11,0,0,7.347504,0,7.347504,7.347504,0,0,0,0,0,0,0,0,0,0,0,0,0,True
E103,2020-02,1,1,0,1,0,0,1,0,0,0.0105,0,0.0105,0.0105,0,0,0,0,0,0,0,0,0,0,0,0,0,True
E104,2016-10,0,0,0,0,0,0,0,0,0,0,0,0,0,0,0,0,0,0,0,0,0,0,0,0,0,0,False
E104,2016-11,0,0,0,0,0,0,0,0,0,0,0,0,0,0,0,0,0,0,0,0,0,0,0,0,0,0,False
E104,2016-12,0,0,0,0,0,0,0,0,0,0,0,0,0,0,0,0,0,0,0,0,0,0,0,0,0,0,False
E104,2017-01,0,0,0,0,0,0,0,0,0,0,0,0,0,0,0,0,0,0,0,0,0,0,0,0,0,0,False
E104,2017-02,0,0,0,0,0,0,0,0,0,0,0,0,0,0,0,0,0,0,0,0,0,0,0,0,0,0,False
E104,2017-03,0,0,0,0,0,0,0,0,0,0,0,0,0,0,0,0,0,0,0,0,0,0,0,0,0,0,False
E104,2017-04,0,0,0,0,0,0,0,0,0,0,0,0,0,0,0,0,0,0,0,0,0,0,0,0,0,0,False
E104,2017-05,0,0,0,0,0,0,0,0,0,0,0,0,0,0,0,0,0,0,0,0,0,0,0,0,0,0,False
E104,2017-06,0,0,0,0,0,0,0,0,0,0,0,0,0,0,0,0,0,0,0,0,0,0,0,0,0,0,False
E104,2017-07,0,0,0,0,0,0,0,0,0,0,0,0,0,0,0,0,0,0,0,0,0,0,0,0,0,0,False
E104,2017-08,0,0,0,0,0,0,0,0,0,0,0,0,0,0,0,0,0,0,0,0,0,0,0,0,0,0,False
E104,2017-09,0,0,0,0,0,0,0,0,0,0,0,0,0,0,0,0,0,0,0,0,0,0,0,0,0,0,False
E104,2017-10,0,0,0,0,0,0,0,0,0,0,0,0,0,0,0,0,0,0,0,0,0,0,0,0,0,0,False
E104,2017-11,0,0,0,0,0,0,0,0,0,0,0,0,0,0,0,0,0,0,0,0,0,0,0,0,0,0,False
E104,2017-12,0,0,0,0,0,0,0,0,0,0,0,0,0,0,0,0,0,0,0,0,0,0,0,0,0,0,False
E104,2018-01,0,0,0,0,0,0,0,0,0,0,0,0,0,0,0,0,0,0,0,0,0,0,0,0,0,0,False
E104,2018-02,0,0,0,0,0,0,0,0,0,0,0,0,0,0,0,0,0,0,0,0,0,0,0,0,0,0,False
E104,2018-03,0,0,0,0,0,0,0,0,0,0,0,0,0,0,0,0,0,0,0,0,0,0,0,0,0,0,False
E104,2018-04,0,0,0,0,0,0,0,0,0,0,0,0,0,0,0,0,0,0,0,0,0,0,0,0,0,0,False
E104,2018-05,0,0,0,0,0,0,0,0,0,0,0,0,0,0,0,0,0,0,0,0,0,0,0,0,0,0,False
E104,2018-06,0,0,0,0,0,0,0,0,0,0,0,0,0,0,0,0,0,0,0,0,0,0,0,0,0,0,False
E104,2018-07,0,0,0,0,0,0,0,0,0,0,0,0,0,0,0,0,0,0,0,0,0,0,0,0,0,0,False
E104,2018-08,0,0,0,0,0,0,0,0,0,0,0,0,0,0,0,0,0,0,0,0,0,0,0,0,0,0,False
E104,2018-09,0,0,0,0,0,0,0,0,0,0,0,0,0,1,1,0,1,0,0,1,0,0,2.95,0,2.95,2.95,True
E104,2018-10,0,0,0,0,0,0,0,0,0,0,0,0,0,0,0,0,0,0,0,0,0,0,0,0,0,0,False
E104,2018-11,0,0,0,0,0,0,0,0,0,0,0,0,0,1,1,0,1,0,0,1,0,0,2,0,2,2,True
E104,2018-12,0,0,0,0,0,0,0,0,0,0,0,0,0,3,3,0,3,0,0,3,0,0,3.26,0,3.26,3.26,True
E104,2019-01,0,0,0,0,0,0,0,0,0,0,0,0,0,4,4,0,4,0,0,4,0,0,2.223,0,2.223,2.223,True
E104,2019-02,0,0,0,0,0,0,0,0,0,0,0,0,0,0,0,0,0,0,0,0,0,0,0,0,0,0,False
E104,2019-03,0,0,0,0,0,0,0,0,0,0,0,0,0,6,4,2,6,0,0,4,0,0,3.6,0,3.6,3.6,True
E104,2019-04,0,0,0,0,0,0,0,0,0,0,0,0,0,1,1,0,1,0,0,1,0,0,0.3,0,0.3,0.3,True
E104,2019-05,0,0,0,0,0,0,0,0,0,0,0,0,0,1,1,0,1,0,0,1,0,0,0.7,0,0.7,0.7,True
E104,2019-06,1,1,0,1,0,0,1,0,0,0.028,0,0.028,0.028,1,1,0,1,0,0,1,0,0,6.02,0,6.02,6.02,True
E104,2019-07,0,0,0,0,0,0,0,0,0,0,0,0,0,0,0,0,0,0,0,0,0,0,0,0,0,0,False
E104,2019-08,0,0,0,0,0,0,0,0,0,0,0,0,0,2,2,0,1,1,0,1,1,0,6.02,6.02,0,12.04,True
E104,2019-09,0,0,0,0,0,0,0,0,0,0,0,0,0,0,0,0,0,0,0,0,0,0,0,0,0,0,False
E104,2019-10,0,0,0,0,0,0,0,0,0,0,0,0,0,0,0,0,0,0,0,0,0,0,0,0,0,0,False
E104,2019-11,0,0,0,0,0,0,0,0,0,0,0,0,0,1,1,0,1,0,0,1,0,0,6,0,6,6,True
E104,2019-12,0,0,0,0,0,0,0,0,0,0,0,0,0,0,0,0,0,0,0,0,0,0,0,0,0,0,False
E104,2020-01,0,0,0,0,0,0,0,0,0,0,0,0,0,0,0,0,0,0,0,0,0,0,0,0,0,0,False
E104,2020-02,0,0,0,0,0,0,0,0,0,0,0,0,0,0,0,0,0,0,0,0,0,0,0,0,0,0,False
E105,2016-10,0,0,0,0,0,0,0,0,0,0,0,0,0,0,0,0,0,0,0,0,0,0,0,0,0,0,False
E105,2016-11,0,0,0,0,0,0,0,0,0,0,0,0,0,0,0,0,0,0,0,0,0,0,0,0,0,0,False
E105,2016-12,0,0,0,0,0,0,0,0,0,0,0,0,0,0,0,0,0,0,0,0,0,0,0,0,0,0,False
E105,2017-01,0,0,0,0,0,0,0,0,0,0,0,0,0,0,0,0,0,0,0,0,0,0,0,0,0,0,False
E105,2017-02,0,0,0,0,0,0,0,0,0,0,0,0,0,0,0,0,0,0,0,0,0,0,0,0,0,0,False
E105,2017-03,0,0,0,0,0,0,0,0,0,0,0,0,0,0,0,0,0,0,0,0,0,0,0,0,0,0,False
E105,2017-04,0,0,0,0,0,0,0,0,0,0,0,0,0,0,0,0,0,0,0,0,0,0,0,0,0,0,False
E105,2017-05,0,0,0,0,0,0,0,0,0,0,0,0,0,0,0,0,0,0,0,0,0,0,0,0,0,0,False
E105,2017-06,0,0,0,0,0,0,0,0,0,0,0,0,0,0,0,0,0,0,0,0,0,0,0,0,0,0,False
E105,2017-07,0,0,0,0,0,0,0,0,0,0,0,0,0,0,0,0,0,0,0,0,0,0,0,0,0,0,False
E105,2017-08,0,0,0,0,0,0,0,0,0,0,0,0,0,0,0,0,0,0,0,0,0,0,0,0,0,0,False
E105,2017-09,0,0,0,0,0,0,0,0,0,0,0,0,0,11,10,1,11,0,0,10,0,0,9.7326,0,9.7326,9.7326,True
E105,2017-10,0,0,0,0,0,0,0,0,0,0,0,0,0,8,8,0,8,0,0,8,0,0,7.96225,0,7.96225,7.96225,True
E105,2017-11,0,0,0,0,0,0,0,0,0,0,0,0,0,5,5,0,5,0,0,5,0,0,2.85192,0,2.85192,2.85192,True
E105,2017-12,2,2,0,2,0,0,2,0,0,0.396,0,0.396,0.396,18,18,0,17,1,0,17,1,0,13.293152,0.999029,12.294123,14.292181,True
E105,2018-01,1,1,0,1,0,0,1,0,0,0.336,0,0.336,0.336,4,4,0,4,0,0,4,0,0,3.8522,0,3.8522,3.8522,True
E105,2018-02,0,0,0,0,0,0,0,0,0,0,0,0,0,6,6,0,6,0,0,6,0,0,4.3,0,4.3,4.3,True
E105,2018-03,0,0,0,0,0,0,0,0,0,0,0,0,0,6,6,0,6,0,0,6,0,0,6.1182,0,6.1182,6.1182,True
E105,2018-04,0,0,0,0,0,0,0,0,0,0,0,0,0,3,3,0,3,0,0,3,0,0,3.08994,0,3.08994,3.08994,True
E105,2018-05,0,0,0,0,0,0,0,0,0,0,0,0,0,4,4,0,4,0,0,4,0,0,3.8582,0,3.8582,3.8582,True
E105,2018-06,1,1,0,1,0,0,1,0,0,0.028,0,0.028,0.028,4,4,0,4,0,0,4,0,0,4,0,4,4,True
E105,2018-07,0,0,0,0,0,0,0,0,0,0,0,0,0,4,4,0,4,0,0,4,0,0,2.94374,0,2.94374,2.94374,True
E105,2018-08,0,0,0,0,0,0,0,0,0,0,0,0,0,2,2,0,2,0,0,2,0,0,2.05798,0,2.05798,2.05798,True
E105,2018-09,0,0,0,0,0,0,0,0,0,0,0,0,0,2,2,0,2,0,0,2,0,0,1.956742,0,1.956742,1.956742,True
E105,2018-10,0,0,0,0,0,0,0,0,0,0,0,0,0,5,5,0,4,1,0,4,1,0,2.1322,0.7009,1.4313,2.8331,True
E105,2018-11,0,0,0,0,0,0,0,0,0,0,0,0,0,3,3,0,3,0,0,3,0,0,2.0476,0,2.0476,2.0476,True
E105,2018-12,0,0,0,0,0,0,0,0,0,0,0,0,0,2,2,0,2,0,0,2,0,0,2.026,0,2.026,2.026,True
E105,2019-01,1,1,0,1,0,0,1,0,0,0.06,0,0.06,0.06,13,13,0,13,0,0,13,0,0,9.326194,0,9.326194,9.326194,True
E105,2019-02,0,0,0,0,0,0,0,0,0,0,0,0,0,0,0,0,0,0,0,0,0,0,0,0,0,0,False
E105,2019-03,0,0,0,0,0,0,0,0,0,0,0,0,0,0,0,0,0,0,0,0,0,0,0,0,0,0,False
E105,2019-04,0,0,0,0,0,0,0,0,0,0,0,0,0,0,0,0,0,0,0,0,0,0,0,0,0,0,False
E105,2019-05,0,0,0,0,0,0,0,0,0,0,0,0,0,4,4,0,4,0,0,4,0,0,1.9772,0,1.9772,1.9772,True
E105,2019-06,1,1,0,1,0,0,1,0,0,0.028,0,0.028,0.028,4,4,0,2,2,0,2,2,0,1.0022,1.0022,0,2.0044,True
E105,2019-07,0,0,0,0,0,0,0,0,0,0,0,0,0,0,0,0,0,0,0,0,0,0,0,0,0,0,False
E105,2019-08,0,0,0,0,0,0,0,0,0,0,0,0,0,0,0,0,0,0,0,0,0,0,0,0,0,0,False
E105,2019-09,0,0,0,0,0,0,0,0,0,0,0,0,0,0,0,0,0,0,0,0,0,0,0,0,0,0,False
E105,2019-10,0,0,0,0,0,0,0,0,0,0,0,0,0,0,0,0,0,0,0,0,0,0,0,0,0,0,False
E105,2019-11,0,0,0,0,0,0,0,0,0,0,0,0,0,3,3,0,3,0,0,3,0,0,2.507,0,2.507,2.507,True
E105,2019-12,0,0,0,0,0,0,0,0,0,0,0,0,0,5,5,0,5,0,0,5,0,0,4.872,0,4.872,4.872,True
E105,2020-01,0,0,0,0,0,0,0,0,0,0,0,0,0,3,3,0,3,0,0,3,0,0,3.0672,0,3.0672,3.0672,True
E105,2020-02,0,0,0,0,0,0,0,0,0,0,0,0,0,3,3,0,3,0,0,3,0,0,2.984,0,2.984,2.984,True
E106,2016-10,0,0,0,0,0,0,0,0,0,0,0,0,0,0,0,0,0,0,0,0,0,0,0,0,0,0,False
E106,2016-11,0,0,0,0,0,0,0,0,0,0,0,0,0,0,0,0,0,0,0,0,0,0,0,0,0,0,False
E106,2016-12,0,0,0,0,0,0,0,0,0,0,0,0,0,0,0,0,0,0,0,0,0,0,0,0,0,0,False
E106,2017-01,0,0,0,0,0,0,0,0,0,0,0,0,0,0,0,0,0,0,0,0,0,0,0,0,0,0,False
E106,2017-02,0,0,0,0,0,0,0,0,0,0,0,0,0,0,0,0,0,0,0,0,0,0,0,0,0,0,False
E106,2017-03,0,0,0,0,0,0,0,0,0,0,0,0,0,0,0,0,0,0,0,0,0,0,0,0,0,0,False
E106,2017-04,0,0,0,0,0,0,0,0,0,0,0,0,0,0,0,0,0,0,0,0,0,0,0,0,0,0,False
E106,2017-05,0,0,0,0,0,0,0,0,0,0,0,0,0,1,1,0,1,0,0,1,0,0,0.72,0,0.72,0.72,True
E106,2017-06,0,0,0,0,0,0,0,0,0,0,0,0,0,2,2,0,2,0,0,2,0,0,1.4,0,1.4,1.4,True
E106,2017-07,1,1,0,1,0,0,1,0,0,0.0216,0,0.0216,0.0216,9,8,1,9,0,0,8,0,0,1.476,0,1.476,1.476,True
E106,2017-08,0,0,0,0,0,0,0,0,0,0,0,0,0,3,2,1,3,0,0,2,0,0,1.8,0,1.8,1.8,True
E106,2017-09,0,0,0,0,0,0,0,0,0,0,0,0,0,4,3,1,4,0,0,3,0,0,0.912,0,0.912,0.912,True
E106,2017-10,1,1,0,1,0,0,1,0,0,0.45,0,0.45,0.45,4,4,0,4,0,0,4,0,0,1.18,0,1.18,1.18,True
E106,2017-11,0,0,0,0,0,0,0,0,0,0,0,0,0,6,6,0,6,0,0,6,0,0,5.3,0,5.3,5.3,True
E106,2017-12,0,0,0,0,0,0,0,0,0,0,0,0,0,1,1,0,1,0,0,1,0,0,0.15,0,0.15,0.15,True
E106,2018-01,1,1,0,1,0,0,1,0,0,0.0114,0,0.0114,0.0114,1,1,0,1,0,0,1,0,0,0.08,0,0.08,0.08,True
E106,2018-02,1,1,0,1,0,0,1,0,0,0.0235,0,0.0235,0.0235,2,2,0,2,0,0,2,0,0,1.8,0,1.8,1.8,True
E106,2018-03,1,1,0,1,0,0,1,0,0,0.0108,0,0.0108,0.0108,5,4,1,5,0,0,4,0,0,0.746,0,0.746,0.746,True
E106,2018-04,3,3,0,3,0,0,3,0,0,1.1431,0,1.1431,1.1431,3,2,1,3,0,0,2,0,0,0.615,0,0.615,0.615,True
E106,2018-05,3,3,0,3,0,0,3,0,0,0.02527,0,0.02527,0.02527,5,5,0,5,0,0,5,0,0,0.932,0,0.932,0.932,True
E106,2018-06,0,0,0,0,0,0,0,0,0,0,0,0,0,5,5,0,5,0,0,5,0,0,2.27,0,2.27,2.27,True
E106,2018-07,5,4,1,5,0,0,4,0,0,1.62018,0,1.62018,1.62018,19,17,2,19,0,0,17,0,0,5.343,0,5.343,5.343,True
E106,2018-08,3,3,0,3,0,0,3,0,0,1.2364,0,1.2364,1.2364,5,4,1,5,0,0,4,0,0,2.1,0,2.1,2.1,True
E106,2018-09,0,0,0,0,0,0,0,0,0,0,0,0,0,4,3,1,4,0,0,3,0,0,1.85,0,1.85,1.85,True
E106,2018-10,2,2,0,2,0,0,2,0,0,0.056,0,0.056,0.056,4,3,1,4,0,0,3,0,0,0.73,0,0.73,0.73,True
E106,2018-11,3,3,0,3,0,0,3,0,0,0.2829,0,0.2829,0.2829,1,0,1,1,0,0,0,0,0,0,0,0,0,True
E106,2018-12,3,3,0,3,0,0,3,0,0,0.0846,0,0.0846,0.0846,1,1,0,1,0,0,1,0,0,1,0,1,1,True
E106,2019-01,1,1,0,1,0,0,1,0,0,0.0792,0,0.0792,0.0792,5,4,1,5,0,0,4,0,0,3.5,0,3.5,3.5,True
E106,2019-02,1,1,0,1,0,0,1,0,0,0.028,0,0.028,0.028,13,10,3,11,2,0,8,2,0,4.27,1.92,2.35,6.19,True
E106,2019-03,0,0,0,0,0,0,0,0,0,0,0,0,0,1,1,0,1,0,0,1,0,0,0.81,0,0.81,0.81,True
E106,2019-04,4,4,0,4,0,0,4,0,0,0.0557,0,0.0557,0.0557,4,4,0,4,0,0,4,0,0,0.64,0,0.64,0.64,True
E106,2019-05,0,0,0,0,0,0,0,0,0,0,0,0,0,6,6,0,6,0,0,6,0,0,1.8225,0,1.8225,1.8225,True
E106,2019-06,0,0,0,0,0,0,0,0,0,0,0,0,0,2,2,0,2,0,0,2,0,0,1.14,0,1.14,1.14,True
E106,2019-07,1,1,0,1,0,0,1,0,0,0.07946,0,0.07946,0.07946,1,1,0,1,0,0,1,0,0,0.06,0,0.06,0.06,True
E106,2019-08,0,0,0,0,0,0,0,0,0,0,0,0,0,6,6,0,6,0,0,6,0,0,4.33,0,4.33,4.33,True
E106,2019-09,0,0,0,0,0,0,0,0,0,0,0,0,0,0,0,0,0,0,0,0,0,0,0,0,0,0,False
E106,2019-10,1,1,0,1,0,0,1,0,0,0.02,0,0.02,0.02,6,6,0,6,0,0,6,0,0,3.531286,0,3.531286,3.531286,True
E106,2019-11,0,0,0,0,0,0,0,0,0,0,0,0,0,6,6,0,5,1,0,5,1,0,1.97,0.04,1.93,2.01,True
E106,2019-12,1,1,0,1,0,0,1,0,0,0.018,0,0.018,0.018,12,12,0,11,1,0,11,1,0,7.32,0.3,7.02,7.62,True
E106,2020-01,0,0,0,0,0,0,0,0,0,0,0,0,0,6,6,0,6,0,0,6,0,0,2.83,0,2.83,2.83,True
E106,2020-02,0,0,0,0,0,0,0,0,0,0,0,0,0,0,0,0,0,0,0,0,0,0,0,0,0,0,False
E107,2016-10,0,0,0,0,0,0,0,0,0,0,0,0,0,0,0,0,0,0,0,0,0,0,0,0,0,0,False
E107,2016-11,0,0,0,0,0,0,0,0,0,0,0,0,0,0,0,0,0,0,0,0,0,0,0,0,0,0,False
E107,2016-12,0,0,0,0,0,0,0,0,0,0,0,0,0,0,0,0,0,0,0,0,0,0,0,0,0,0,False
E107,2017-01,0,0,0,0,0,0,0,0,0,0,0,0,0,0,0,0,0,0,0,0,0,0,0,0,0,0,False
E107,2017-02,0,0,0,0,0,0,0,0,0,0,0,0,0,0,0,0,0,0,0,0,0,0,0,0,0,0,False
E107,2017-03,0,0,0,0,0,0,0,0,0,0,0,0,0,0,0,0,0,0,0,0,0,0,0,0,0,0,False
E107,2017-04,0,0,0,0,0,0,0,0,0,0,0,0,0,0,0,0,0,0,0,0,0,0,0,0,0,0,False
E107,2017-05,0,0,0,0,0,0,0,0,0,0,0,0,0,0,0,0,0,0,0,0,0,0,0,0,0,0,False
E107,2017-06,0,0,0,0,0,0,0,0,0,0,0,0,0,0,0,0,0,0,0,0,0,0,0,0,0,0,False
E107,2017-07,2,2,0,2,0,0,2,0,0,1.8359,0,1.8359,1.8359,0,0,0,0,0,0,0,0,0,0,0,0,0,True
E107,2017-08,0,0,0,0,0,0,0,0,0,0,0,0,0,0,0,0,0,0,0,0,0,0,0,0,0,0,False
E107,2017-09,0,0,0,0,0,0,0,0,0,0,0,0,0,0,0,0,0,0,0,0,0,0,0,0,0,0,False
E107,2017-10,0,0,0,0,0,0,0,0,0,0,0,0,0,0,0,0,0,0,0,0,0,0,0,0,0,0,False
E107,2017-11,0,0,0,0,0,0,0,0,0,0,0,0,0,0,0,0,0,0,0,0,0,0,0,0,0,0,False
E107,2017-12,1,1,0,1,0,0,1,0,0,0.028,0,0.028,0.028,0,0,0,0,0,0,0,0,0,0,0,0,0,True
E107,2018-01,0,0,0,0,0,0,0,0,0,0,0,0,0,0,0,0,0,0,0,0,0,0,0,0,0,0,False
E107,2018-02,1,1,0,1,0,0,1,0,0,0.018,0,0.018,0.018,0,0,0,0,0,0,0,0,0,0,0,0,0,True
E107,2018-03,0,0,0,0,0,0,0,0,0,0,0,0,0,10,3,7,10,0,0,3,0,0,2.175,0,2.175,2.175,True
E107,2018-04,0,0,0,0,0,0,0,0,0,0,0,0,0,0,0,0,0,0,0,0,0,0,0,0,0,0,False
E107,2018-05,1,1,0,1,0,0,1,0,0,7.1232,0,7.1232,7.1232,4,3,1,4,0,0,3,0,0,2.175,0,2.175,2.175,True
E107,2018-06,0,0,0,0,0,0,0,0,0,0,0,0,0,0,0,0,0,0,0,0,0,0,0,0,0,0,False
E107,2018-07,0,0,0,0,0,0,0,0,0,0,0,0,0,0,0,0,0,0,0,0,0,0,0,0,0,0,False
E107,2018-08,0,0,0,0,0,0,0,0,0,0,0,0,0,3,3,0,3,0,0,3,0,0,2.175,0,2.175,2.175,True
E107,2018-09,0,0,0,0,0,0,0,0,0,0,0,0,0,0,0,0,0,0,0,0,0,0,0,0,0,0,False
E107,2018-10,0,0,0,0,0,0,0,0,0,0,0,0,0,0,0,0,0,0,0,0,0,0,0,0,0,0,False
E107,2018-11,0,0,0,0,0,0,0,0,0,0,0,0,0,4,3,1,4,0,0,3,0,0,2.175,0,2.175,2.175,True
E107,2018-12,1,1,0,1,0,0,1,0,0,0.028,0,0.028,0.028,0,0,0,0,0,0,0,0,0,0,0,0,0,True
E107,2019-01,0,0,0,0,0,0,0,0,0,0,0,0,0,3,3,0,3,0,0,3,0,0,2.175,0,2.175,2.175,True
E107,2019-02,2,2,0,2,0,0,2,0,0,2.0299,0,2.0299,2.0299,0,0,0,0,0,0,0,0,0,0,0,0,0,True
E107,2019-03,0,0,0,0,0,0,0,0,0,0,0,0,0,0,0,0,0,0,0,0,0,0,0,0,0,0,False
E107,2019-04,0,0,0,0,0,0,0,0,0,0,0,0,0,0,0,0,0,0,0,0,0,0,0,0,0,0,False
E107,2019-05,0,0,0,0,0,0,0,0,0,0,0,0,0,3,3,0,3,0,0,3,0,0,2.175,0,2.175,2.175,True
E107,2019-06,0,0,0,0,0,0,0,0,0,0,0,0,0,7,6,1,7,0,0,6,0,0,6,0,6,6,True
E107,2019-07,0,0,0,0,0,0,0,0,0,0,0,0,0,0,0,0,0,0,0,0,0,0,0,0,0,0,False
E107,2019-08,0,0,0,0,0,0,0,0,0,0,0,0,0,5,3,2,5,0,0,3,0,0,2.175,0,2.175,2.175,True
E107,2019-09,0,0,0,0,0,0,0,0,0,0,0,0,0,8,0,8,0,0,8,0,0,0,0,0,0,0,False
E107,2019-10,0,0,0,0,0,0,0,0,0,0,0,0,0,6,6,0,6,0,0,6,0,0,60,0,60,60,True
E107,2019-11,1,1,0,1,0,0,1,0,0,0.028,0,0.028,0.028,0,0,0,0,0,0,0,0,0,0,0,0,0,True
E107,2019-12,0,0,0,0,0,0,0,0,0,0,0,0,0,0,0,0,0,0,0,0,0,0,0,0,0,0,False
E107,2020-01,0,0,0,0,0,0,0,0,0,0,0,0,0,1,1,0,1,0,0,1,0,0,2.175,0,2.175,2.175,True
E107,2020-02,0,0,0,0,0,0,0,0,0,0,0,0,0,0,0,0,0,0,0,0,0,0,0,0,0,0,False
E108,2016-10,0,0,0,0,0,0,0,0,0,0,0,0,0,0,0,0,0,0,0,0,0,0,0,0,0,0,False
E108,2016-11,0,0,0,0,0,0,0,0,0,0,0,0,0,0,0,0,0,0,0,0,0,0,0,0,0,0,False
E108,2016-12,0,0,0,0,0,0,0,0,0,0,0,0,0,0,0,0,0,0,0,0,0,0,0,0,0,0,False
E108,2017-01,0,0,0,0,0,0,0,0,0,0,0,0,0,0,0,0,0,0,0,0,0,0,0,0,0,0,False
E108,2017-02,0,0,0,0,0,0,0,0,0,0,0,0,0,0,0,0,0,0,0,0,0,0,0,0,0,0,False
E108,2017-03,0,0,0,0,0,0,0,0,0,0,0,0,0,0,0,0,0,0,0,0,0,0,0,0,0,0,False
E108,2017-04,0,0,0,0,0,0,0,0,0,0,0,0,0,0,0,0,0,0,0,0,0,0,0,0,0,0,False
E108,2017-05,0,0,0,0,0,0,0,0,0,0,0,0,0,0,0,0,0,0,0,0,0,0,0,0,0,0,False
E108,2017-06,0,0,0,0,0,0,0,0,0,0,0,0,0,0,0,0,0,0,0,0,0,0,0,0,0,0,False
E108,2017-07,0,0,0,0,0,0,0,0,0,0,0,0,0,0,0,0,0,0,0,0,0,0,0,0,0,0,False
E108,2017-08,0,0,0,0,0,0,0,0,0,0,0,0,0,0,0,0,0,0,0,0,0,0,0,0,0,0,False
E108,2017-09,0,0,0,0,0,0,0,0,0,0,0,0,0,0,0,0,0,0,0,0,0,0,0,0,0,0,False
E108,2017-10,0,0,0,0,0,0,0,0,0,0,0,0,0,0,0,0,0,0,0,0,0,0,0,0,0,0,False
E108,2017-11,0,0,0,0,0,0,0,0,0,0,0,0,0,0,0,0,0,0,0,0,0,0,0,0,0,0,False
E108,2017-12,1,1,0,1,0,0,1,0,0,0.0044,0,0.0044,0.0044,0,0,0,0,0,0,0,0,0,0,0,0,0,True
E108,2018-01,0,0,0,0,0,0,0,0,0,0,0,0,0,0,0,0,0,0,0,0,0,0,0,0,0,0,False
E108,2018-02,0,0,0,0,0,0,0,0,0,0,0,0,0,0,0,0,0,0,0,0,0,0,0,0,0,0,False
E108,2018-03,1,1,0,1,0,0,1,0,0,0.0218,0,0.0218,0.0218,0,0,0,0,0,0,0,0,0,0,0,0,0,True
E108,2018-04,2,2,0,2,0,0,2,0,0,0.1225,0,0.1225,0.1225,0,0,0,0,0,0,0,0,0,0,0,0,0,True
E108,2018-05,9,9,0,9,0,0,9,0,0,1.40507,0,1.40507,1.40507,0,0,0,0,0,0,0,0,0,0,0,0,0,True
E108,2018-06,10,10,0,10,0,0,10,0,0,0.422169,0,0.422169,0.422169,0,0,0,0,0,0,0,0,0,0,0,0,0,True
E108,2018-07,12,12,0,12,0,0,12,0,0,0.439944,0,0.439944,0.439944,0,0,0,0,0,0,0,0,0,0,0,0,0,True
E108,2018-08,16,16,0,16,0,0,16,0,0,0.193461,0,0.193461,0.193461,0,0,0,0,0,0,0,0,0,0,0,0,0,True
E108,2018-09,6,6,0,6,0,0,6,0,0,0.23825,0,0.23825,0.23825,7,7,0,7,0,0,7,0,0,4.39,0,4.39,4.39,True
E108,2018-10,5,5,0,5,0,0,5,0,0,0.09924,0,0.09924,0.09924,0,0,0,0,0,0,0,0,0,0,0,0,0,True
E108,2018-11,15,15,0,15,0,0,15,0,0,0.538808,0,0.538808,0.538808,0,0,0,0,0,0,0,0,0,0,0,0,0,True
E108,2018-12,11,11,0,11,0,0,11,0,0,0.48197,0,0.48197,0.48197,10,10,0,10,0,0,10,0,0,8.846226,0,8.846226,8.846226,True
E108,2019-01,13,13,0,13,0,0,13,0,0,3.117216,0,3.117216,3.117216,0,0,0,0,0,0,0,0,0,0,0,0,0,True
E108,2019-02,6,6,0,6,0,0,6,0,0,0.099197,0,0.099197,0.099197,0,0,0,0,0,0,0,0,0,0,0,0,0,True
E108,2019-03,13,13,0,13,0,0,13,0,0,0.448393,0,0.448393,0.448393,0,0,0,0,0,0,0,0,0,0,0,0,0,True
E108,2019-04,16,16,0,16,0,0,16,0,0,0.697459,0,0.697459,0.697459,0,0,0,0,0,0,0,0,0,0,0,0,0,True
E108,2019-05,10,10,0,9,1,0,9,1,0,0.12998,0.020253,0.109727,0.150233,12,12,0,11,1,0,11,1,0,3.9054,0.0001,3.9053,3.9055,True
E108,2019-06,8,8,0,8,0,0,8,0,0,0.286748,0,0.286748,0.286748,0,0,0,0,0,0,0,0,0,0,0,0,0,True
E108,2019-07,12,12,0,12,0,0,12,0,0,0.367159,0,0.367159,0.367159,0,0,0,0,0,0,0,0,0,0,0,0,0,True
E108,2019-08,5,5,0,5,0,0,5,0,0,0.07899,0,0.07899,0.07899,0,0,0,0,0,0,0,0,0,0,0,0,0,True
E108,2019-09,6,6,0,5,1,0,5,1,0,0.1558,0.01,0.1458,0.1658,0,0,0,0,0,0,0,0,0,0,0,0,0,True
E108,2019-10,7,7,0,7,0,0,7,0,0,0.170841,0,0.170841,0.170841,0,0,0,0,0,0,0,0,0,0,0,0,0,True
E108,2019-11,14,14,0,14,0,0,14,0,0,0.500331,0,0.500331,0.500331,0,0,0,0,0,0,0,0,0,0,0,0,0,True
E108,2019-12,8,8,0,8,0,0,8,0,0,0.20502,0,0.20502,0.20502,4,4,0,4,0,0,4,0,0,2.58,0,2.58,2.58,True
E108,2020-01,8,8,0,6,2,0,6,2,0,0.36548,0.02,0.34548,0.38548,0,0,0,0,0,0,0,0,0,0,0,0,0,True
E108,2020-02,4,4,0,4,0,0,4,0,0,0.082322,0,0.082322,0.082322,0,0,0,0,0,0,0,0,0,0,0,0,0,True
E109,2016-10,0,0,0,0,0,0,0,0,0,0,0,0,0,0,0,0,0,0,0,0,0,0,0,0,0,0,False
E109,2016-11,0,0,0,0,0,0,0,0,0,0,0,0,0,0,0,0,0,0,0,0,0,0,0,0,0,0,False
E109,2016-12,0,0,0,0,0,0,0,0,0,0,0,0,0,0,0,0,0,0,0,0,0,0,0,0,0,0,False
E109,2017-01,0,0,0,0,0,0,0,0,0,0,0,0,0,0,0,0,0,0,0,0,0,0,0,0,0,0,False
E109,2017-02,0,0,0,0,0,0,0,0,0,0,0,0,0,0,0,0,0,0,0,0,0,0,0,0,0,0,False
E109,2017-03,0,0,0,0,0,0,0,0,0,0,0,0,0,0,0,0,0,0,0,0,0,0,0,0,0,0,False
E109,2017-04,0,0,0,0,0,0,0,0,0,0,0,0,0,0,0,0,0,0,0,0,0,0,0,0,0,0,False
E109,2017-05,0,0,0,0,0,0,0,0,0,0,0,0,0,0,0,0,0,0,0,0,0,0,0,0,0,0,False
E109,2017-06,0,0,0,0,0,0,0,0,0,0,0,0,0,0,0,0,0,0,0,0,0,0,0,0,0,0,False
E109,2017-07,0,0,0,0,0,0,0,0,0,0,0,0,0,0,0,0,0,0,0,0,0,0,0,0,0,0,False
E109,2017-08,0,0,0,0,0,0,0,0,0,0,0,0,0,0,0,0,0,0,0,0,0,0,0,0,0,0,False
E109,2017-09,0,0,0,0,0,0,0,0,0,0,0,0,0,0,0,0,0,0,0,0,0,0,0,0,0,0,False
E109,2017-10,0,0,0,0,0,0,0,0,0,0,0,0,0,0,0,0,0,0,0,0,0,0,0,0,0,0,False
E109,2017-11,0,0,0,0,0,0,0,0,0,0,0,0,0,0,0,0,0,0,0,0,0,0,0,0,0,0,False
E109,2017-12,0,0,0,0,0,0,0,0,0,0,0,0,0,0,0,0,0,0,0,0,0,0,0,0,0,0,False
E109,2018-01,0,0,0,0,0,0,0,0,0,0,0,0,0,2,2,0,2,0,0,2,0,0,0.6644,0,0.6644,0.6644,True
E109,2018-02,0,0,0,0,0,0,0,0,0,0,0,0,0,0,0,0,0,0,0,0,0,0,0,0,0,0,False
E109,2018-03,0,0,0,0,0,0,0,0,0,0,0,0,0,0,0,0,0,0,0,0,0,0,0,0,0,0,False
E109,2018-04,0,0,0,0,0,0,0,0,0,0,0,0,0,1,1,0,1,0,0,1,0,0,1.078,0,1.078,1.078,True
E109,2018-05,1,1,0,1,0,0,1,0,0,0.028,0,0.028,0.028,0,0,0,0,0,0,0,0,0,0,0,0,0,True
E109,2018-06,0,0,0,0,0,0,0,0,0,0,0,0,0,1,1,0,1,0,0,1,0,0,0.462,0,0.462,0.462,True
E109,2018-07,0,0,0,0,0,0,0,0,0,0,0,0,0,0,0,0,0,0,0,0,0,0,0,0,0,0,False
E109,2018-08,0,0,0,0,0,0,0,0,0,0,0,0,0,0,0,0,0,0,0,0,0,0,0,0,0,0,False
E109,2018-09,0,0,0,0,0,0,0,0,0,0,0,0,0,0,0,0,0,0,0,0,0,0,0,0,0,0,False
E109,2018-10,0,0,0,0,0,0,0,0,0,0,0,0,0,0,0,0,0,0,0,0,0,0,0,0,0,0,False
E109,2018-11,0,0,0,0,0,0,0,0,0,0,0,0,0,1,1,0,1,0,0,1,0,0,2.4355,0,2.4355,2.4355,True
E109,2018-12,0,0,0,0,0,0,0,0,0,0,0,0,0,0,0,0,0,0,0,0,0,0,0,0,0,0,False
E109,2019-01,0,0,0,0,0,0,0,0,0,0,0,0,0,2,2,0,2,0,0,2,0,0,5.602,0,5.602,5.602,True
E109,2019-02,1,1,0,1,0,0,1,0,0,0.016,0,0.016,0.016,0,0,0,0,0,0,0,0,0,0,0,0,0,True
E109,2019-03,0,0,0,0,0,0,0,0,0,0,0,0,0,1,1,0,1,0,0,1,0,0,1.602,0,1.602,1.602,True
E109,2019-04,0,0,0,0,0,0,0,0,0,0,0,0,0,1,1,0,1,0,0,1,0,0,0.125,0,0.125,0.125,True
E109,2019-05,0,0,0,0,0,0,0,0,0,0,0,0,0,0,0,0,0,0,0,0,0,0,0,0,0,0,False
E109,2019-06,1,1,0,1,0,0,1,0,0,0.0248,0,0.0248,0.0248,0,0,0,0,0,0,0,0,0,0,0,0,0,True
E109,2019-07,0,0,0,0,0,0,0,0,0,0,0,0,0,9,4,5,9,0,0,4,0,0,1.6966,0,1.6966,1.6966,True
E109,2019-08,0,0,0,0,0,0,0,0,0,0,0,0,0,0,0,0,0,0,0,0,0,0,0,0,0,0,False
E109,2019-09,0,0,0,0,0,0,0,0,0,0,0,0,0,0,0,0,0,0,0,0,0,0,0,0,0,0,False
E109,2019-10,2,2,0,2,0,0,2,0,0,0.0617,0,0.0617,0.0617,3,3,0,3,0,0,3,0,0,2.6674,0,2.6674,2.6674,True
E109,2019-11,1,1,0,1,0,0,1,0,0,0.03,0,0.03,0.03,5,4,1,5,0,0,4,0,0,17.366,0,17.366,17.366,True
E109,2019-12,1,1,0,1,0,0,1,0,0,0.0488,0,0.0488,0.0488,4,2,2,4,0,0,2,0,0,3.9218,0,3.9218,3.9218,True
E109,2020-01,3,3,0,3,0,0,3,0,0,0.1278,0,0.1278,0.1278,3,1,2,3,0,0,1,0,0,8.06,0,8.06,8.06,True
E109,2020-02,0,0,0,0,0,0,0,0,0,0,0,0,0,0,0,0,0,0,0,0,0,0,0,0,0,0,False
E11,2016-10,0,0,0,0,0,0,0,0,0,0,0,0,0,0,0,0,0,0,0,0,0,0,0,0,0,0,False
E11,2016-11,0,0,0,0,0,0,0,0,0,0,0,0,0,0,0,0,0,0,0,0,0,0,0,0,0,0,False
E11,2016-12,0,0,0,0,0,0,0,0,0,0,0,0,0,0,0,0,0,0,0,0,0,0,0,0,0,0,False
E11,2017-01,0,0,0,0,0,0,0,0,0,0,0,0,0,0,0,0,0,0,0,0,0,0,0,0,0,0,False
E11,2017-02,0,0,0,0,0,0,0,0,0,0,0,0,0,0,0,0,0,0,0,0,0,0,0,0,0,0,False
E11,2017-03,0,0,0,0,0,0,0,0,0,0,0,0,0,0,0,0,0,0,0,0,0,0,0,0,0,0,False
E11,2017-04,0,0,0,0,0,0,0,0,0,0,0,0,0,0,0,0,0,0,0,0,0,0,0,0,0,0,False
E11,2017-05,1,1,0,1,0,0,1,0,0,0.033,0,0.033,0.033,0,0,0,0,0,0,0,0,0,0,0,0,0,True
E11,2017-06,0,0,0,0,0,0,0,0,0,0,0,0,0,0,0,0,0,0,0,0,0,0,0,0,0,0,False
E11,2017-07,0,0,0,0,0,0,0,0,0,0,0,0,0,0,0,0,0,0,0,0,0,0,0,0,0,0,False
E11,2017-08,2,2,0,2,0,0,2,0,0,0.0313,0,0.0313,0.0313,0,0,0,0,0,0,0,0,0,0,0,0,0,True
E11,2017-09,2,2,0,2,0,0,2,0,0,0.1439,0,0.1439,0.1439,0,0,0,0,0,0,0,0,0,0,0,0,0,True
E11,2017-10,4,4,0,4,0,0,4,0,0,0.3613,0,0.3613,0.3613,0,0,0,0,0,0,0,0,0,0,0,0,0,True
E11,2017-11,6,6,0,5,1,0,5,1,0,0.5864,0.168,0.4184,0.7544,0,0,0,0,0,0,0,0,0,0,0,0,0,True
E11,2017-12,15,14,1,15,0,0,14,0,0,2.805377,0,2.805377,2.805377,40,0,40,0,0,40,0,0,0,0,0,0,0,True
E11,2018-01,48,46,2,48,0,0,46,0,0,64.026581,0,64.026581,64.026581,0,0,0,0,0,0,0,0,0,0,0,0,0,True
E11,2018-02,33,33,0,33,0,0,33,0,0,94.135899,0,94.135899,94.135899,41,40,1,41,0,0,40,0,0,377.195694,0,377.195694,377.195694,True
E11,2018-03,59,58,1,59,0,0,58,0,0,262.597956,0,262.597956,262.597956,0,0,0,0,0,0,0,0,0,0,0,0,0,True
E11,2018-04,71,63,8,71,0,0,63,0,0,417.317205,0,417.317205,417.317205,0,0,0,0,0,0,0,0,0,0,0,0,0,True
E11,2018-05,40,40,0,40,0,0,40,0,0,152.853413,0,152.853413,152.853413,69,67,2,69,0,0,67,0,0,654.461642,0,654.461642,654.461642,True
E11,2018-06,27,26,1,26,1,0,25,1,0,68.702122,0.168797,68.533325,68.870919,43,39,4,43,0,0,39,0,0,384.176364,0,384.176364,384.176364,True
E11,2018-07,74,71,3,74,0,0,71,0,0,272.863362,0,272.863362,272.863362,0,0,0,0,0,0,0,0,0,0,0,0,0,True
E11,2018-08,78,76,2,78,0,0,76,0,0,304.429054,0,304.429054,304.429054,85,82,3,85,0,0,82,0,0,810.605734,0,810.605734,810.605734,True
E11,2018-09,74,73,1,73,1,0,72,1,0,157.699102,0.83,156.869102,158.529102,52,52,0,51,1,0,51,1,0,510,10,500,520,True
E11,2018-10,97,92,5,97,0,0,92,0,0,338.036358,0,338.036358,338.036358,45,44,1,45,0,0,44,0,0,422.086323,0,422.086323,422.086323,True
E11,2018-11,105,100,5,103,2,0,98,2,0,511.801,0.32,511.481,512.121,89,89,0,89,0,0,89,0,0,876.706542,0,876.706542,876.706542,True
E11,2018-12,100,90,10,100,0,0,90,0,0,364.180149,0,364.180149,364.180149,49,49,0,49,0,0,49,0,0,479.89494,0,479.89494,479.89494,True
E11,2019-01,208,189,19,207,1,0,188,1,0,1174.989808,9.85981,1165.129998,1184.849618,240,237,3,240,0,0,237,0,0,2338.811488,0,2338.811488,2338.811488,True
E11,2019-02,56,56,0,56,0,0,56,0,0,127.854678,0,127.854678,127.854678,13,13,0,13,0,0,13,0,0,121.620416,0,121.620416,121.620416,True
E11,2019-03,111,109,2,111,0,0,109,0,0,568.006605,0,568.006605,568.006605,31,30,1,31,0,0,30,0,0,296.395956,0,296.395956,296.395956,True
E11,2019-04,111,101,10,111,0,0,101,0,0,890.608603,0,890.608603,890.608603,113,104,9,113,0,0,104,0,0,1020.368149,0,1020.368149,1020.368149,True
E11,2019-05,161,156,5,161,0,0,156,0,0,1361.941683,0,1361.941683,1361.941683,130,130,0,130,0,0,130,0,0,1251.479385,0,1251.479385,1251.479385,True
E11,2019-06,101,99,2,100,1,0,98,1,0,611.642245,11.116864,600.525381,622.759109,17,17,0,17,0,0,17,0,0,1548.525436,0,1548.525436,1548.525436,True
E11,2019-07,201,187,14,201,0,0,187,0,0,1410.362929,0,1410.362929,1410.362929,14,13,1,14,0,0,13,0,0,1027.947284,0,1027.947284,1027.947284,True
E11,2019-08,120,118,2,119,1,0,117,1,0,535.307449,1.216,534.091449,536.523449,8,8,0,8,0,0,8,0,0,617.445374,0,617.445374,617.445374,True
E11,2019-09,193,189,4,192,1,0,188,1,0,1446.883456,10.62062,1436.262836,1457.504076,13,13,0,13,0,0,13,0,0,1198.755516,0,1198.755516,1198.755516,True
E11,2019-10,142,131,11,139,3,0,128,3,0,608.066787,6.01543,602.051357,614.082217,6,6,0,6,0,0,6,0,0,582,0,582,582,True
E11,2019-11,213,211,2,203,10,0,201,10,0,824.166814,8.488,815.678814,832.654814,6,6,0,6,0,0,6,0,0,526.22827,0,526.22827,526.22827,True
E11,2019-12,228,223,5,228,0,0,223,0,0,1428.957484,0,1428.957484,1428.957484,10,9,1,10,0,0,9,0,0,905,0,905,905,True
E11,2020-01,155,149,6,153,2,0,147,2,0,468.66763,0.06132,468.60631,468.72895,3,3,0,3,0,0,3,0,0,315,0,315,315,True
E11,2020-02,0,0,0,0,0,0,0,0,0,0,0,0,0,0,0,0,0,0,0,0,0,0,0,0,0,0,False
E110,2016-10,0,0,0,0,0,0,0,0,0,0,0,0,0,0,0,0,0,0,0,0,0,0,0,0,0,0,False
E110,2016-11,0,0,0,0,0,0,0,0,0,0,0,0,0,0,0,0,0,0,0,0,0,0,0,0,0,0,False
E110,2016-12,0,0,0,0,0,0,0,0,0,0,0,0,0,0,0,0,0,0,0,0,0,0,0,0,0,0,False
E110,2017-01,0,0,0,0,0,0,0,0,0,0,0,0,0,0,0,0,0,0,0,0,0,0,0,0,0,0,False
E110,2017-02,0,0,0,0,0,0,0,0,0,0,0,0,0,0,0,0,0,0,0,0,0,0,0,0,0,0,False
E110,2017-03,0,0,0,0,0,0,0,0,0,0,0,0,0,0,0,0,0,0,0,0,0,0,0,0,0,0,False
E110,2017-04,0,0,0,0,0,0,0,0,0,0,0,0,0,0,0,0,0,0,0,0,0,0,0,0,0,0,False
E110,2017-05,0,0,0,0,0,0,0,0,0,0,0,0,0,0,0,0,0,0,0,0,0,0,0,0,0,0,False
E110,2017-06,0,0,0,0,0,0,0,0,0,0,0,0,0,0,0,0,0,0,0,0,0,0,0,0,0,0,False
E110,2017-07,0,0,0,0,0,0,0,0,0,0,0,0,0,0,0,0,0,0,0,0,0,0,0,0,0,0,False
E110,2017-08,0,0,0,0,0,0,0,0,0,0,0,0,0,0,0,0,0,0,0,0,0,0,0,0,0,0,False
E110,2017-09,0,0,0,0,0,0,0,0,0,0,0,0,0,0,0,0,0,0,0,0,0,0,0,0,0,0,False
E110,2017-10,0,0,0,0,0,0,0,0,0,0,0,0,0,0,0,0,0,0,0,0,0,0,0,0,0,0,False
E110,2017-11,1,1,0,1,0,0,1,0,0,0.048,0,0.048,0.048,1,1,0,1,0,0,1,0,0,0.3388,0,0.3388,0.3388,True
E110,2017-12,0,0,0,0,0,0,0,0,0,0,0,0,0,7,4,3,7,0,0,4,0,0,2.53381,0,2.53381,2.53381,True
E110,2018-01,0,0,0,0,0,0,0,0,0,0,0,0,0,12,5,7,12,0,0,5,0,0,1.432773,0,1.432773,1.432773,True
E110,2018-02,0,0,0,0,0,0,0,0,0,0,0,0,0,0,0,0,0,0,0,0,0,0,0,0,0,0,False
E110,2018-03,0,0,0,0,0,0,0,0,0,0,0,0,0,1,1,0,1,0,0,1,0,0,0.578866,0,0.578866,0.578866,True
E110,2018-04,0,0,0,0,0,0,0,0,0,0,0,0,0,2,1,1,2,0,0,1,0,0,0.811839,0,0.811839,0.811839,True
E110,2018-05,0,0,0,0,0,0,0,0,0,0,0,0,0,4,3,1,4,0,0,3,0,0,0.512763,0,0.512763,0.512763,True
E110,2018-06,0,0,0,0,0,0,0,0,0,0,0,0,0,3,3,0,3,0,0,3,0,0,0.144,0,0.144,0.144,True
E110,2018-07,0,0,0,0,0,0,0,0,0,0,0,0,0,3,3,0,3,0,0,3,0,0,0.1388,0,0.1388,0.1388,True
E110,2018-08,0,0,0,0,0,0,0,0,0,0,0,0,0,5,4,1,5,0,0,4,0,0,2.6478,0,2.6478,2.6478,True
E110,2018-09,0,0,0,0,0,0,0,0,0,0,0,0,0,0,0,0,0,0,0,0,0,0,0,0,0,0,False
E110,2018-10,0,0,0,0,0,0,0,0,0,0,0,0,0,8,6,2,8,0,0,6,0,0,3.2709,0,3.2709,3.2709,True
E110,2018-11,0,0,0,0,0,0,0,0,0,0,0,0,0,4,4,0,4,0,0,4,0,0,2.2728,0,2.2728,2.2728,True
E110,2018-12,1,1,0,1,0,0,1,0,0,0.028,0,0.028,0.028,9,5,4,9,0,0,5,0,0,0.5004,0,0.5004,0.5004,True
E110,2019-01,0,0,0,0,0,0,0,0,0,0,0,0,0,0,0,0,0,0,0,0,0,0,0,0,0,0,False
E110,2019-02,0,0,0,0,0,0,0,0,0,0,0,0,0,10,9,1,10,0,0,9,0,0,2.0005,0,2.0005,2.0005,True
E110,2019-03,0,0,0,0,0,0,0,0,0,0,0,0,0,0,0,0,0,0,0,0,0,0,0,0,0,0,False
E110,2019-04,0,0,0,0,0,0,0,0,0,0,0,0,0,0,0,0,0,0,0,0,0,0,0,0,0,0,False
E110,2019-05,0,0,0,0,0,0,0,0,0,0,0,0,0,2,2,0,2,0,0,2,0,0,1.5379,0,1.5379,1.5379,True
E110,2019-06,0,0,0,0,0,0,0,0,0,0,0,0,0,0,0,0,0,0,0,0,0,0,0,0,0,0,False
E110,2019-07,0,0,0,0,0,0,0,0,0,0,0,0,0,3,2,1,3,0,0,2,0,0,0.463,0,0.463,0.463,True
E110,2019-08,0,0,0,0,0,0,0,0,0,0,0,0,0,2,2,0,2,0,0,2,0,0,0.209,0,0.209,0.209,True
E110,2019-09,0,0,0,0,0,0,0,0,0,0,0,0,0,1,1,0,1,0,0,1,0,0,0.028,0,0.028,0.028,True
E110,2019-10,0,0,0,0,0,0,0,0,0,0,0,0,0,2,2,0,2,0,0,2,0,0,0.6118,0,0.6118,0.6118,True
E110,2019-11,1,1,0,1,0,0,1,0,0,0.028,0,0.028,0.028,2,2,0,2,0,0,2,0,0,0.089,0,0.089,0.089,True
E110,2019-12,0,0,0,0,0,0,0,0,0,0,0,0,0,1,1,0,1,0,0,1,0,0,0.145,0,0.145,0.145,True
E110,2020-01,0,0,0,0,0,0,0,0,0,0,0,0,0,1,1,0,1,0,0,1,0,0,0.015,0,0.015,0.015,True
E110,2020-02,0,0,0,0,0,0,0,0,0,0,0,0,0,0,0,0,0,0,0,0,0,0,0,0,0,0,False
E111,2016-10,0,0,0,0,0,0,0,0,0,0,0,0,0,0,0,0,0,0,0,0,0,0,0,0,0,0,False
E111,2016-11,0,0,0,0,0,0,0,0,0,0,0,0,0,0,0,0,0,0,0,0,0,0,0,0,0,0,False
E111,2016-12,0,0,0,0,0,0,0,0,0,0,0,0,0,0,0,0,0,0,0,0,0,0,0,0,0,0,False
E111,2017-01,0,0,0,0,0,0,0,0,0,0,0,0,0,0,0,0,0,0,0,0,0,0,0,0,0,0,False
E111,2017-02,1,0,1,1,0,0,0,0,0,0,0,0,0,0,0,0,0,0,0,0,0,0,0,0,0,0,False
E111,2017-03,0,0,0,0,0,0,0,0,0,0,0,0,0,0,0,0,0,0,0,0,0,0,0,0,0,0,False
E111,2017-04,0,0,0,0,0,0,0,0,0,0,0,0,0,0,0,0,0,0,0,0,0,0,0,0,0,0,False
E111,2017-05,0,0,0,0,0,0,0,0,0,0,0,0,0,0,0,0,0,0,0,0,0,0,0,0,0,0,False
E111,2017-06,0,0,0,0,0,0,0,0,0,0,0,0,0,0,0,0,0,0,0,0,0,0,0,0,0,0,False
E111,2017-07,0,0,0,0,0,0,0,0,0,0,0,0,0,0,0,0,0,0,0,0,0,0,0,0,0,0,False
E111,2017-08,3,3,0,3,0,0,3,0,0,0.128661,0,0.128661,0.128661,13,12,1,10,3,0,9,3,0,32.33362,30,2.33362,62.33362,True
E111,2017-09,2,2,0,2,0,0,2,0,0,0.242661,0,0.242661,0.242661,6,6,0,6,0,0,6,0,0,3.67674,0,3.67674,3.67674,True
E111,2017-10,2,2,0,2,0,0,2,0,0,0.092261,0,0.092261,0.092261,3,3,0,3,0,0,3,0,0,2.67858,0,2.67858,2.67858,True
E111,2017-11,0,0,0,0,0,0,0,0,0,0,0,0,0,9,8,1,7,2,0,6,2,0,2.90644,1.48,1.42644,4.38644,True
E111,2017-12,4,4,0,4,0,0,4,0,0,1.108122,0,1.108122,1.108122,8,7,1,5,3,0,4,3,0,3.12296,2.06,1.06296,5.18296,True
E111,2018-01,5,5,0,5,0,0,5,0,0,0.397291,0,0.397291,0.397291,7,7,0,6,1,0,6,1,0,9.68122,8.35,1.33122,18.03122,True
E111,2018-02,4,4,0,4,0,0,4,0,0,0.434161,0,0.434161,0.434161,5,5,0,4,1,0,4,1,0,6.097,5.9,0.197,11.997,True
E111,2018-03,3,2,1,3,0,0,2,0,0,0.756261,0,0.756261,0.756261,8,8,0,8,0,0,8,0,0,3.49392,0,3.49392,3.49392,True
E111,2018-04,11,11,0,11,0,0,11,0,0,1.830061,0,1.830061,1.830061,8,6,2,8,0,0,6,0,0,3.477,0,3.477,3.477,True
E111,2018-05,8,6,2,8,0,0,6,0,0,1.528261,0,1.528261,1.528261,15,3,12,7,0,8,3,0,0,2.8518,0,2.8518,2.8518,True
E111,2018-06,12,12,0,12,0,0,12,0,0,5.75004,0,5.75004,5.75004,8,5,3,8,0,0,5,0,0,23.112,0,23.112,23.112,True
E111,2018-07,14,14,0,14,0,0,14,0,0,18.402102,0,18.402102,18.402102,5,5,0,5,0,0,5,0,0,2.8978,0,2.8978,2.8978,True
E111,2018-08,8,8,0,8,0,0,8,0,0,1.307261,0,1.307261,1.307261,4,4,0,4,0,0,4,0,0,4.08606,0,4.08606,4.08606,True
E111,2018-09,9,9,0,9,0,0,9,0,0,2.069999,0,2.069999,2.069999,8,6,2,8,0,0,6,0,0,6.24578,0,6.24578,6.24578,True
E111,2018-10,3,3,0,3,0,0,3,0,0,0.293169,0,0.293169,0.293169,3,3,0,3,0,0,3,0,0,2.01862,0,2.01862,2.01862,True
E111,2018-11,17,16,1,13,4,0,12,4,0,18.702882,30,-11.297118,48.702882,2,2,0,2,0,0,2,0,0,3.93028,0,3.93028,3.93028,True
E111,2018-12,9,9,0,9,0,0,9,0,0,0.6648,0,0.6648,0.6648,7,5,2,7,0,0,5,0,0,4.23763,0,4.23763,4.23763,True
E111,2019-01,20,19,1,20,0,0,19,0,0,1.826161,0,1.826161,1.826161,35,33,2,23,12,0,21,12,0,97.44284,120,-22.55716,217.44284,True
E111,2019-02,6,6,0,6,0,0,6,0,0,1.084722,0,1.084722,1.084722,27,9,18,6,3,18,6,3,0,33.20785,30,3.20785,63.20785,True
E111,2019-03,6,6,0,6,0,0,6,0,0,0.900267,0,0.900267,0.900267,4,4,0,4,0,0,4,0,0,5.07806,0,5.07806,5.07806,True
E111,2019-04,15,12,3,15,0,0,12,0,0,0.955274,0,0.955274,0.955274,10,9,1,9,1,0,8,1,0,6.7644,0.51482,6.24958,7.27922,True
E111,2019-05,16,14,2,16,0,0,14,0,0,2.483851,0,2.483851,2.483851,3,3,0,3,0,0,3,0,0,1.3757,0,1.3757,1.3757,True
E111,2019-06,15,15,0,15,0,0,15,0,0,1.297917,0,1.297917,1.297917,7,7,0,7,0,0,7,0,0,3.4632,0,3.4632,3.4632,True
E111,2019-07,16,13,3,16,0,0,13,0,0,2.72452,0,2.72452,2.72452,8,7,1,8,0,0,7,0,0,7.53898,0,7.53898,7.53898,True
E111,2019-08,8,8,0,8,0,0,8,0,0,2.13384,0,2.13384,2.13384,8,8,0,6,2,0,6,2,0,3.79586,10.455,-6.65914,14.25086,True
E111,2019-09,7,7,0,7,0,0,7,0,0,2.536583,0,2.536583,2.536583,2,2,0,2,0,0,2,0,0,0.7205,0,0.7205,0.7205,True
E111,2019-10,17,17,0,17,0,0,17,0,0,6.666783,0,6.666783,6.666783,7,7,0,7,0,0,7,0,0,3.00338,0,3.00338,3.00338,True
E111,2019-11,7,7,0,7,0,0,7,0,0,0.405452,0,0.405452,0.405452,4,4,0,4,0,0,4,0,0,1.5007,0,1.5007,1.5007,True
E111,2019-12,16,16,0,16,0,0,16,0,0,4.496024,0,4.496024,4.496024,12,12,0,12,0,0,12,0,0,8.19112,0,8.19112,8.19112,True
E111,2020-01,13,13,0,13,0,0,13,0,0,1.625353,0,1.625353,1.625353,4,4,0,4,0,0,4,0,0,7.74396,0,7.74396,7.74396,True
E111,2020-02,1,1,0,1,0,0,1,0,0,0.082661,0,0.082661,0.082661,0,0,0,0,0,0,0,0,0,0,0,0,0,True
E112,2016-10,0,0,0,0,0,0,0,0,0,0,0,0,0,0,0,0,0,0,0,0,0,0,0,0,0,0,False
E112,2016-11,0,0,0,0,0,0,0,0,0,0,0,0,0,0,0,0,0,0,0,0,0,0,0,0,0,0,False
E112,2016-12,0,0,0,0,0,0,0,0,0,0,0,0,0,0,0,0,0,0,0,0,0,0,0,0,0,0,False
E112,2017-01,0,0,0,0,0,0,0,0,0,0,0,0,0,0,0,0,0,0,0,0,0,0,0,0,0,0,False
E112,2017-02,7,6,1,7,0,0,6,0,0,1.098,0,1.098,1.098,0,0,0,0,0,0,0,0,0,0,0,0,0,True
E112,2017-03,3,3,0,3,0,0,3,0,0,2.60186,0,2.60186,2.60186,0,0,0,0,0,0,0,0,0,0,0,0,0,True
E112,2017-04,6,6,0,6,0,0,6,0,0,7.478177,0,7.478177,7.478177,1,1,0,1,0,0,1,0,0,3.825134,0,3.825134,3.825134,True
E112,2017-05,2,2,0,2,0,0,2,0,0,3.6346,0,3.6346,3.6346,0,0,0,0,0,0,0,0,0,0,0,0,0,True
E112,2017-06,5,5,0,5,0,0,5,0,0,1.66584,0,1.66584,1.66584,0,0,0,0,0,0,0,0,0,0,0,0,0,True
E112,2017-07,6,6,0,6,0,0,6,0,0,3.30065,0,3.30065,3.30065,2,2,0,2,0,0,2,0,0,19.692985,0,19.692985,19.692985,True
E112,2017-08,3,3,0,3,0,0,3,0,0,1.607,0,1.607,1.607,0,0,0,0,0,0,0,0,0,0,0,0,0,True
E112,2017-09,6,6,0,5,1,0,5,1,0,5.505338,0.247,5.258338,5.752338,0,0,0,0,0,0,0,0,0,0,0,0,0,True
E112,2017-10,13,13,0,13,0,0,13,0,0,16.179292,0,16.179292,16.179292,4,4,0,3,1,0,3,1,0,27.619846,9.930553,17.689293,37.550399,True
E112,2017-11,6,6,0,6,0,0,6,0,0,4.97555,0,4.97555,4.97555,2,1,1,2,0,0,1,0,0,10.84383,0,10.84383,10.84383,True
E112,2017-12,6,4,2,6,0,0,4,0,0,4.44181,0,4.44181,4.44181,2,2,0,2,0,0,2,0,0,14.726972,0,14.726972,14.726972,True
E112,2018-01,5,5,0,5,0,0,5,0,0,4.96688,0,4.96688,4.96688,0,0,0,0,0,0,0,0,0,0,0,0,0,True
E112,2018-02,2,2,0,2,0,0,2,0,0,2.1757,0,2.1757,2.1757,0,0,0,0,0,0,0,0,0,0,0,0,0,True
E112,2018-03,2,2,0,2,0,0,2,0,0,1.8109,0,1.8109,1.8109,1,1,0,1,0,0,1,0,0,7.715167,0,7.715167,7.715167,True
E112,2018-04,4,4,0,4,0,0,4,0,0,3.068,0,3.068,3.068,0,0,0,0,0,0,0,0,0,0,0,0,0,True
E112,2018-05,7,7,0,6,1,0,6,1,0,5.036,0.468,4.568,5.504,6,1,5,6,0,0,1,0,0,7.531591,0,7.531591,7.531591,True
E112,2018-06,1,1,0,1,0,0,1,0,0,0.562,0,0.562,0.562,2,2,0,2,0,0,2,0,0,19.987949,0,19.987949,19.987949,True
E112,2018-07,6,6,0,6,0,0,6,0,0,10.075,0,10.075,10.075,0,0,0,0,0,0,0,0,0,0,0,0,0,True
E112,2018-08,3,3,0,3,0,0,3,0,0,1.9425,0,1.9425,1.9425,0,0,0,0,0,0,0,0,0,0,0,0,0,True
E112,2018-09,2,2,0,2,0,0,2,0,0,3.0381,0,3.0381,3.0381,0,0,0,0,0,0,0,0,0,0,0,0,0,True
E112,2018-10,0,0,0,0,0,0,0,0,0,0,0,0,0,1,1,0,1,0,0,1,0,0,6.977079,0,6.977079,6.977079,True
E112,2018-11,3,2,1,3,0,0,2,0,0,1.469,0,1.469,1.469,0,0,0,0,0,0,0,0,0,0,0,0,0,True
E112,2018-12,2,2,0,2,0,0,2,0,0,2.0887,0,2.0887,2.0887,1,1,0,1,0,0,1,0,0,0.4903,0,0.4903,0.4903,True
E112,2019-01,2,2,0,2,0,0,2,0,0,3.67142,0,3.67142,3.67142,0,0,0,0,0,0,0,0,0,0,0,0,0,True
E112,2019-02,0,0,0,0,0,0,0,0,0,0,0,0,0,0,0,0,0,0,0,0,0,0,0,0,0,0,False
E112,2019-03,1,1,0,1,0,0,1,0,0,0.1051,0,0.1051,0.1051,0,0,0,0,0,0,0,0,0,0,0,0,0,True
E112,2019-04,0,0,0,0,0,0,0,0,0,0,0,0,0,0,0,0,0,0,0,0,0,0,0,0,0,0,False
E112,2019-05,1,1,0,1,0,0,1,0,0,0.028,0,0.028,0.028,0,0,0,0,0,0,0,0,0,0,0,0,0,True
E112,2019-06,2,2,0,2,0,0,2,0,0,0.214172,0,0.214172,0.214172,0,0,0,0,0,0,0,0,0,0,0,0,0,True
E112,2019-07,0,0,0,0,0,0,0,0,0,0,0,0,0,0,0,0,0,0,0,0,0,0,0,0,0,0,False
E112,2019-08,0,0,0,0,0,0,0,0,0,0,0,0,0,0,0,0,0,0,0,0,0,0,0,0,0,0,False
E112,2019-09,0,0,0,0,0,0,0,0,0,0,0,0,0,0,0,0,0,0,0,0,0,0,0,0,0,0,False
E112,2019-10,0,0,0,0,0,0,0,0,0,0,0,0,0,0,0,0,0,0,0,0,0,0,0,0,0,0,False
E112,2019-11,0,0,0,0,0,0,0,0,0,0,0,0,0,0,0,0,0,0,0,0,0,0,0,0,0,0,False
E112,2019-12,0,0,0,0,0,0,0,0,0,0,0,0,0,0,0,0,0,0,0,0,0,0,0,0,0,0,False
E112,2020-01,0,0,0,0,0,0,0,0,0,0,0,0,0,0,0,0,0,0,0,0,0,0,0,0,0,0,False
E112,2020-02,0,0,0,0,0,0,0,0,0,0,0,0,0,0,0,0,0,0,0,0,0,0,0,0,0,0,False
E113,2016-10,0,0,0,0,0,0,0,0,0,0,0,0,0,0,0,0,0,0,0,0,0,0,0,0,0,0,False
E113,2016-11,0,0,0,0,0,0,0,0,0,0,0,0,0,0,0,0,0,0,0,0,0,0,0,0,0,0,False
E113,2016-12,0,0,0,0,0,0,0,0,0,0,0,0,0,0,0,0,0,0,0,0,0,0,0,0,0,0,False
E113,2017-01,0,0,0,0,0,0,0,0,0,0,0,0,0,0,0,0,0,0,0,0,0,0,0,0,0,0,False
E113,2017-02,0,0,0,0,0,0,0,0,0,0,0,0,0,0,0,0,0,0,0,0,0,0,0,0,0,0,False
E113,2017-03,0,0,0,0,0,0,0,0,0,0,0,0,0,0,0,0,0,0,0,0,0,0,0,0,0,0,False
E113,2017-04,0,0,0,0,0,0,0,0,0,0,0,0,0,0,0,0,0,0,0,0,0,0,0,0,0,0,False
E113,2017-05,0,0,0,0,0,0,0,0,0,0,0,0,0,0,0,0,0,0,0,0,0,0,0,0,0,0,False
E113,2017-06,0,0,0,0,0,0,0,0,0,0,0,0,0,0,0,0,0,0,0,0,0,0,0,0,0,0,False
E113,2017-07,1,1,0,1,0,0,1,0,0,0.06461,0,0.06461,0.06461,0,0,0,0,0,0,0,0,0,0,0,0,0,True
E113,2017-08,6,5,1,6,0,0,5,0,0,0.37231,0,0.37231,0.37231,0,0,0,0,0,0,0,0,0,0,0,0,0,True
E113,2017-09,1,1,0,1,0,0,1,0,0,0.05461,0,0.05461,0.05461,0,0,0,0,0,0,0,0,0,0,0,0,0,True
E113,2017-10,5,5,0,5,0,0,5,0,0,0.72911,0,0.72911,0.72911,0,0,0,0,0,0,0,0,0,0,0,0,0,True
E113,2017-11,7,7,0,7,0,0,7,0,0,0.44231,0,0.44231,0.44231,0,0,0,0,0,0,0,0,0,0,0,0,0,True
E113,2017-12,6,6,0,6,0,0,6,0,0,13.861044,0,13.861044,13.861044,0,0,0,0,0,0,0,0,0,0,0,0,0,True
E113,2018-01,9,9,0,9,0,0,9,0,0,15.891592,0,15.891592,15.891592,15,15,0,15,0,0,15,0,0,16.8,0,16.8,16.8,True
E113,2018-02,6,6,0,6,0,0,6,0,0,0.49251,0,0.49251,0.49251,0,0,0,0,0,0,0,0,0,0,0,0,0,True
E113,2018-03,5,5,0,5,0,0,5,0,0,0.18571,0,0.18571,0.18571,0,0,0,0,0,0,0,0,0,0,0,0,0,True
E113,2018-04,8,8,0,8,0,0,8,0,0,0.26631,0,0.26631,0.26631,0,0,0,0,0,0,0,0,0,0,0,0,0,True
E113,2018-05,24,23,1,24,0,0,23,0,0,91.17641,0,91.17641,91.17641,0,0,0,0,0,0,0,0,0,0,0,0,0,True
E113,2018-06,9,9,0,9,0,0,9,0,0,0.12161,0,0.12161,0.12161,0,0,0,0,0,0,0,0,0,0,0,0,0,True
E113,2018-07,6,6,0,6,0,0,6,0,0,1.41271,0,1.41271,1.41271,0,0,0,0,0,0,0,0,0,0,0,0,0,True
E113,2018-08,2,2,0,2,0,0,2,0,0,0.10361,0,0.10361,0.10361,0,0,0,0,0,0,0,0,0,0,0,0,0,True
E113,2018-09,1,1,0,1,0,0,1,0,0,4.023617,0,4.023617,4.023617,12,12,0,12,0,0,12,0,0,10,0,10,10,True
E113,2018-10,1,1,0,1,0,0,1,0,0,0.18,0,0.18,0.18,0,0,0,0,0,0,0,0,0,0,0,0,0,True
E113,2018-11,0,0,0,0,0,0,0,0,0,0,0,0,0,0,0,0,0,0,0,0,0,0,0,0,0,0,False
E113,2018-12,1,1,0,1,0,0,1,0,0,0.028,0,0.028,0.028,0,0,0,0,0,0,0,0,0,0,0,0,0,True
E113,2019-01,1,1,0,1,0,0,1,0,0,2,0,2,2,3,3,0,3,0,0,3,0,0,2.8,0,2.8,2.8,True
E113,2019-02,0,0,0,0,0,0,0,0,0,0,0,0,0,0,0,0,0,0,0,0,0,0,0,0,0,0,False
E113,2019-03,0,0,0,0,0,0,0,0,0,0,0,0,0,16,0,16,16,0,0,0,0,0,0,0,0,0,False
E113,2019-04,0,0,0,0,0,0,0,0,0,0,0,0,0,0,0,0,0,0,0,0,0,0,0,0,0,0,False
E113,2019-05,2,2,0,2,0,0,2,0,0,0.792,0,0.792,0.792,0,0,0,0,0,0,0,0,0,0,0,0,0,True
E113,2019-06,0,0,0,0,0,0,0,0,0,0,0,0,0,0,0,0,0,0,0,0,0,0,0,0,0,0,False
E113,2019-07,0,0,0,0,0,0,0,0,0,0,0,0,0,0,0,0,0,0,0,0,0,0,0,0,0,0,False
E113,2019-08,1,1,0,1,0,0,1,0,0,2.532,0,2.532,2.532,1,1,0,1,0,0,1,0,0,3.35,0,3.35,3.35,True
E113,2019-09,0,0,0,0,0,0,0,0,0,0,0,0,0,0,0,0,0,0,0,0,0,0,0,0,0,0,False
E113,2019-10,0,0,0,0,0,0,0,0,0,0,0,0,0,0,0,0,0,0,0,0,0,0,0,0,0,0,False
E113,2019-11,1,1,0,1,0,0,1,0,0,1,0,1,1,0,0,0,0,0,0,0,0,0,0,0,0,0,True
E113,2019-12,1,1,0,1,0,0,1,0,0,0.028,0,0.028,0.028,0,0,0,0,0,0,0,0,0,0,0,0,0,True
E113,2020-01,0,0,0,0,0,0,0,0,0,0,0,0,0,0,0,0,0,0,0,0,0,0,0,0,0,0,False
E113,2020-02,0,0,0,0,0,0,0,0,0,0,0,0,0,0,0,0,0,0,0,0,0,0,0,0,0,0,False
E114,2016-10,0,0,0,0,0,0,0,0,0,0,0,0,0,0,0,0,0,0,0,0,0,0,0,0,0,0,False
E114,2016-11,0,0,0,0,0,0,0,0,0,0,0,0,0,0,0,0,0,0,0,0,0,0,0,0,0,0,False
E114,2016-12,0,0,0,0,0,0,0,0,0,0,0,0,0,0,0,0,0,0,0,0,0,0,0,0,0,0,False
E114,2017-01,0,0,0,0,0,0,0,0,0,0,0,0,0,4,4,0,4,0,0,4,0,0,3.448,0,3.448,3.448,True
E114,2017-02,0,0,0,0,0,0,0,0,0,0,0,0,0,0,0,0,0,0,0,0,0,0,0,0,0,0,False
E114,2017-03,0,0,0,0,0,0,0,0,0,0,0,0,0,0,0,0,0,0,0,0,0,0,0,0,0,0,False
E114,2017-04,0,0,0,0,0,0,0,0,0,0,0,0,0,10,9,1,10,0,0,9,0,0,3.2,0,3.2,3.2,True
E114,2017-05,0,0,0,0,0,0,0,0,0,0,0,0,0,0,0,0,0,0,0,0,0,0,0,0,0,0,False
E114,2017-06,0,0,0,0,0,0,0,0,0,0,0,0,0,3,3,0,3,0,0,3,0,0,0.468,0,0.468,0.468,True
E114,2017-07,2,2,0,2,0,0,2,0,0,5.0728,0,5.0728,5.0728,7,7,0,7,0,0,7,0,0,1.1496,0,1.1496,1.1496,True
E114,2017-08,0,0,0,0,0,0,0,0,0,0,0,0,0,0,0,0,0,0,0,0,0,0,0,0,0,0,False
E114,2017-09,0,0,0,0,0,0,0,0,0,0,0,0,0,5,4,1,5,0,0,4,0,0,0.7053,0,0.7053,0.7053,True
E114,2017-10,0,0,0,0,0,0,0,0,0,0,0,0,0,3,3,0,3,0,0,3,0,0,0.94338,0,0.94338,0.94338,True
E114,2017-11,3,3,0,3,0,0,3,0,0,0.887,0,0.887,0.887,4,4,0,4,0,0,4,0,0,0.8524,0,0.8524,0.8524,True
E114,2017-12,2,2,0,2,0,0,2,0,0,0.1598,0,0.1598,0.1598,4,4,0,3,1,0,3,1,0,1.304,0.4724,0.8316,1.7764,True
E114,2018-01,1,1,0,1,0,0,1,0,0,0.7308,0,0.7308,0.7308,5,3,2,5,0,0,3,0,0,0.24,0,0.24,0.24,True
E114,2018-02,4,4,0,4,0,0,4,0,0,14.5765,0,14.5765,14.5765,6,4,2,6,0,0,4,0,0,0.8864,0,0.8864,0.8864,True
E114,2018-03,0,0,0,0,0,0,0,0,0,0,0,0,0,3,3,0,3,0,0,3,0,0,1.2638,0,1.2638,1.2638,True
E114,2018-04,0,0,0,0,0,0,0,0,0,0,0,0,0,1,1,0,1,0,0,1,0,0,0.4104,0,0.4104,0.4104,True
E114,2018-05,1,1,0,1,0,0,1,0,0,0.2,0,0.2,0.2,1,1,0,1,0,0,1,0,0,0.176,0,0.176,0.176,True
E114,2018-06,1,1,0,1,0,0,1,0,0,1.4976,0,1.4976,1.4976,0,0,0,0,0,0,0,0,0,0,0,0,0,True
E114,2018-07,5,4,1,5,0,0,4,0,0,1.5936,0,1.5936,1.5936,0,0,0,0,0,0,0,0,0,0,0,0,0,True
E114,2018-08,3,3,0,3,0,0,3,0,0,0.0971,0,0.0971,0.0971,0,0,0,0,0,0,0,0,0,0,0,0,0,True
E114,2018-09,4,4,0,4,0,0,4,0,0,0.1585,0,0.1585,0.1585,2,1,1,2,0,0,1,0,0,0.4,0,0.4,0.4,True
E114,2018-10,1,1,0,1,0,0,1,0,0,0.05,0,0.05,0.05,3,2,1,3,0,0,2,0,0,1.031299,0,1.031299,1.031299,True
E114,2018-11,4,2,2,4,0,0,2,0,0,0.88,0,0.88,0.88,0,0,0,0,0,0,0,0,0,0,0,0,0,True
E114,2018-12,4,4,0,4,0,0,4,0,0,1.0427,0,1.0427,1.0427,1,1,0,1,0,0,1,0,0,0.504,0,0.504,0.504,True
E114,2019-01,2,2,0,2,0,0,2,0,0,0.219,0,0.219,0.219,0,0,0,0,0,0,0,0,0,0,0,0,0,True
E114,2019-02,2,2,0,2,0,0,2,0,0,0.22,0,0.22,0.22,2,1,1,2,0,0,1,0,0,0.468,0,0.468,0.468,True
E114,2019-03,1,1,0,1,0,0,1,0,0,0.0312,0,0.0312,0.0312,1,1,0,1,0,0,1,0,0,0.584,0,0.584,0.584,True
E114,2019-04,6,6,0,6,0,0,6,0,0,4.27,0,4.27,4.27,1,1,0,1,0,0,1,0,0,0.712,0,0.712,0.712,True
E114,2019-05,1,1,0,1,0,0,1,0,0,0.05,0,0.05,0.05,1,1,0,1,0,0,1,0,0,0.3338,0,0.3338,0.3338,True
E114,2019-06,5,5,0,5,0,0,5,0,0,4.11,0,4.11,4.11,0,0,0,0,0,0,0,0,0,0,0,0,0,True
E114,2019-07,2,2,0,2,0,0,2,0,0,5.15,0,5.15,5.15,0,0,0,0,0,0,0,0,0,0,0,0,0,True
E114,2019-08,3,2,1,3,0,0,2,0,0,1.07,0,1.07,1.07,1,1,0,1,0,0,1,0,0,0.6394,0,0.6394,0.6394,True
E114,2019-09,3,3,0,3,0,0,3,0,0,0.27,0,0.27,0.27,0,0,0,0,0,0,0,0,0,0,0,0,0,True
E114,2019-10,2,2,0,2,0,0,2,0,0,4.69,0,4.69,4.69,1,1,0,1,0,0,1,0,0,0.116184,0,0.116184,0.116184,True
E114,2019-11,7,4,3,7,0,0,4,0,0,3.42,0,3.42,3.42,0,0,0,0,0,0,0,0,0,0,0,0,0,True
E114,2019-12,5,5,0,5,0,0,5,0,0,13.9535,0,13.9535,13.9535,2,2,0,2,0,0,2,0,0,0.779001,0,0.779001,0.779001,True
E114,2020-01,1,1,0,1,0,0,1,0,0,0.0216,0,0.0216,0.0216,4,4,0,4,0,0,4,0,0,2.4792,0,2.4792,2.4792,True
E114,2020-02,1,1,0,1,0,0,1,0,0,0.01,0,0.01,0.01,0,0,0,0,0,0,0,0,0,0,0,0,0,True
E115,2016-10,0,0,0,0,0,0,0,0,0,0,0,0,0,0,0,0,0,0,0,0,0,0,0,0,0,0,False
E115,2016-11,0,0,0,0,0,0,0,0,0,0,0,0,0,0,0,0,0,0,0,0,0,0,0,0,0,0,False
E115,2016-12,0,0,0,0,0,0,0,0,0,0,0,0,0,0,0,0,0,0,0,0,0,0,0,0,0,0,False
E115,2017-01,0,0,0,0,0,0,0,0,0,0,0,0,0,0,0,0,0,0,0,0,0,0,0,0,0,0,False
E115,2017-02,0,0,0,0,0,0,0,0,0,0,0,0,0,0,0,0,0,0,0,0,0,0,0,0,0,0,False
E115,2017-03,0,0,0,0,0,0,0,0,0,0,0,0,0,0,0,0,0,0,0,0,0,0,0,0,0,0,False
E115,2017-04,0,0,0,0,0,0,0,0,0,0,0,0,0,0,0,0,0,0,0,0,0,0,0,0,0,0,False
E115,2017-05,0,0,0,0,0,0,0,0,0,0,0,0,0,0,0,0,0,0,0,0,0,0,0,0,0,0,False
E115,2017-06,0,0,0,0,0,0,0,0,0,0,0,0,0,0,0,0,0,0,0,0,0,0,0,0,0,0,False
E115,2017-07,0,0,0,0,0,0,0,0,0,0,0,0,0,0,0,0,0,0,0,0,0,0,0,0,0,0,False
E115,2017-08,0,0,0,0,0,0,0,0,0,0,0,0,0,0,0,0,0,0,0,0,0,0,0,0,0,0,False
E115,2017-09,0,0,0,0,0,0,0,0,0,0,0,0,0,0,0,0,0,0,0,0,0,0,0,0,0,0,False
E115,2017-10,1,1,0,1,0,0,1,0,0,0.028,0,0.028,0.028,0,0,0,0,0,0,0,0,0,0,0,0,0,True
E115,2017-11,0,0,0,0,0,0,0,0,0,0,0,0,0,0,0,0,0,0,0,0,0,0,0,0,0,0,False
E115,2017-12,0,0,0,0,0,0,0,0,0,0,0,0,0,0,0,0,0,0,0,0,0,0,0,0,0,0,False
E115,2018-01,0,0,0,0,0,0,0,0,0,0,0,0,0,0,0,0,0,0,0,0,0,0,0,0,0,0,False
E115,2018-02,0,0,0,0,0,0,0,0,0,0,0,0,0,0,0,0,0,0,0,0,0,0,0,0,0,0,False
E115,2018-03,0,0,0,0,0,0,0,0,0,0,0,0,0,0,0,0,0,0,0,0,0,0,0,0,0,0,False
E115,2018-04,0,0,0,0,0,0,0,0,0,0,0,0,0,0,0,0,0,0,0,0,0,0,0,0,0,0,False
E115,2018-05,0,0,0,0,0,0,0,0,0,0,0,0,0,0,0,0,0,0,0,0,0,0,0,0,0,0,False
E115,2018-06,0,0,0,0,0,0,0,0,0,0,0,0,0,0,0,0,0,0,0,0,0,0,0,0,0,0,False
E115,2018-07,0,0,0,0,0,0,0,0,0,0,0,0,0,0,0,0,0,0,0,0,0,0,0,0,0,0,False
E115,2018-08,0,0,0,0,0,0,0,0,0,0,0,0,0,0,0,0,0,0,0,0,0,0,0,0,0,0,False
E115,2018-09,0,0,0,0,0,0,0,0,0,0,0,0,0,2,2,0,2,0,0,2,0,0,1.02,0,1.02,1.02,True
E115,2018-10,0,0,0,0,0,0,0,0,0,0,0,0,0,0,0,0,0,0,0,0,0,0,0,0,0,0,False
E115,2018-11,0,0,0,0,0,0,0,0,0,0,0,0,0,0,0,0,0,0,0,0,0,0,0,0,0,0,False
E115,2018-12,1,1,0,1,0,0,1,0,0,0.028,0,0.028,0.028,0,0,0,0,0,0,0,0,0,0,0,0,0,True
E115,2019-01,0,0,0,0,0,0,0,0,0,0,0,0,0,0,0,0,0,0,0,0,0,0,0,0,0,0,False
E115,2019-02,0,0,0,0,0,0,0,0,0,0,0,0,0,0,0,0,0,0,0,0,0,0,0,0,0,0,False
E115,2019-03,0,0,0,0,0,0,0,0,0,0,0,0,0,0,0,0,0,0,0,0,0,0,0,0,0,0,False
E115,2019-04,0,0,0,0,0,0,0,0,0,0,0,0,0,0,0,0,0,0,0,0,0,0,0,0,0,0,False
E115,2019-05,0,0,0,0,0,0,0,0,0,0,0,0,0,0,0,0,0,0,0,0,0,0,0,0,0,0,False
E115,2019-06,0,0,0,0,0,0,0,0,0,0,0,0,0,0,0,0,0,0,0,0,0,0,0,0,0,0,False
E115,2019-07,0,0,0,0,0,0,0,0,0,0,0,0,0,0,0,0,0,0,0,0,0,0,0,0,0,0,False
E115,2019-08,0,0,0,0,0,0,0,0,0,0,0,0,0,0,0,0,0,0,0,0,0,0,0,0,0,0,False
E115,2019-09,0,0,0,0,0,0,0,0,0,0,0,0,0,2,1,1,2,0,0,1,0,0,3.5,0,3.5,3.5,True
E115,2019-10,0,0,0,0,0,0,0,0,0,0,0,0,0,1,1,0,1,0,0,1,0,0,1.2,0,1.2,1.2,True
E115,2019-11,0,0,0,0,0,0,0,0,0,0,0,0,0,1,0,1,1,0,0,0,0,0,0,0,0,0,False
E115,2019-12,0,0,0,0,0,0,0,0,0,0,0,0,0,0,0,0,0,0,0,0,0,0,0,0,0,0,False
E115,2020-01,0,0,0,0,0,0,0,0,0,0,0,0,0,0,0,0,0,0,0,0,0,0,0,0,0,0,False
E115,2020-02,0,0,0,0,0,0,0,0,0,0,0,0,0,0,0,0,0,0,0,0,0,0,0,0,0,0,False
E116,2016-10,0,0,0,0,0,0,0,0,0,0,0,0,0,0,0,0,0,0,0,0,0,0,0,0,0,0,False
E116,2016-11,0,0,0,0,0,0,0,0,0,0,0,0,0,0,0,0,0,0,0,0,0,0,0,0,0,0,False
E116,2016-12,0,0,0,0,0,0,0,0,0,0,0,0,0,0,0,0,0,0,0,0,0,0,0,0,0,0,False
E116,2017-01,0,0,0,0,0,0,0,0,0,0,0,0,0,0,0,0,0,0,0,0,0,0,0,0,0,0,False
E116,2017-02,0,0,0,0,0,0,0,0,0,0,0,0,0,0,0,0,0,0,0,0,0,0,0,0,0,0,False
E116,2017-03,0,0,0,0,0,0,0,0,0,0,0,0,0,0,0,0,0,0,0,0,0,0,0,0,0,0,False
E116,2017-04,0,0,0,0,0,0,0,0,0,0,0,0,0,3,3,0,3,0,0,3,0,0,2.05932,0,2.05932,2.05932,True
E116,2017-05,0,0,0,0,0,0,0,0,0,0,0,0,0,2,2,0,2,0,0,2,0,0,0.47,0,0.47,0.47,True
E116,2017-06,0,0,0,0,0,0,0,0,0,0,0,0,0,1,1,0,1,0,0,1,0,0,0.25,0,0.25,0.25,True
E116,2017-07,0,0,0,0,0,0,0,0,0,0,0,0,0,4,3,1,4,0,0,3,0,0,1.0637,0,1.0637,1.0637,True
E116,2017-08,1,1,0,1,0,0,1,0,0,0.0204,0,0.0204,0.0204,0,0,0,0,0,0,0,0,0,0,0,0,0,True
E116,2017-09,0,0,0,0,0,0,0,0,0,0,0,0,0,5,5,0,5,0,0,5,0,0,1.281012,0,1.281012,1.281012,True
E116,2017-10,0,0,0,0,0,0,0,0,0,0,0,0,0,0,0,0,0,0,0,0,0,0,0,0,0,0,False
E116,2017-11,0,0,0,0,0,0,0,0,0,0,0,0,0,3,3,0,3,0,0,3,0,0,0.9356,0,0.9356,0.9356,True
E116,2017-12,1,1,0,1,0,0,1,0,0,0.028,0,0.028,0.028,5,4,1,5,0,0,4,0,0,2.35,0,2.35,2.35,True
E116,2018-01,1,1,0,1,0,0,1,0,0,0.0469,0,0.0469,0.0469,1,1,0,1,0,0,1,0,0,0.864,0,0.864,0.864,True
E116,2018-02,0,0,0,0,0,0,0,0,0,0,0,0,0,0,0,0,0,0,0,0,0,0,0,0,0,0,False
E116,2018-03,0,0,0,0,0,0,0,0,0,0,0,0,0,0,0,0,0,0,0,0,0,0,0,0,0,0,False
E116,2018-04,0,0,0,0,0,0,0,0,0,0,0,0,0,4,3,1,4,0,0,3,0,0,2.9639,0,2.9639,2.9639,True
E116,2018-05,0,0,0,0,0,0,0,0,0,0,0,0,0,2,1,1,2,0,0,1,0,0,0.0905,0,0.0905,0.0905,True
E116,2018-06,0,0,0,0,0,0,0,0,0,0,0,0,0,4,4,0,4,0,0,4,0,0,2.9323,0,2.9323,2.9323,True
E116,2018-07,0,0,0,0,0,0,0,0,0,0,0,0,0,0,0,0,0,0,0,0,0,0,0,0,0,0,False
E116,2018-08,0,0,0,0,0,0,0,0,0,0,0,0,0,0,0,0,0,0,0,0,0,0,0,0,0,0,False
E116,2018-09,0,0,0,0,0,0,0,0,0,0,0,0,0,7,7,0,7,0,0,7,0,0,5.4987,0,5.4987,5.4987,True
E116,2018-10,2,2,0,2,0,0,2,0,0,0.0339,0,0.0339,0.0339,0,0,0,0,0,0,0,0,0,0,0,0,0,True
E116,2018-11,1,1,0,1,0,0,1,0,0,0.0558,0,0.0558,0.0558,0,0,0,0,0,0,0,0,0,0,0,0,0,True
E116,2018-12,1,1,0,1,0,0,1,0,0,0.028,0,0.028,0.028,4,4,0,4,0,0,4,0,0,2.46,0,2.46,2.46,True
E116,2019-01,0,0,0,0,0,0,0,0,0,0,0,0,0,0,0,0,0,0,0,0,0,0,0,0,0,0,False
E116,2019-02,0,0,0,0,0,0,0,0,0,0,0,0,0,0,0,0,0,0,0,0,0,0,0,0,0,0,False
E116,2019-03,3,3,0,3,0,0,3,0,0,0.067625,0,0.067625,0.067625,0,0,0,0,0,0,0,0,0,0,0,0,0,True
E116,2019-04,0,0,0,0,0,0,0,0,0,0,0,0,0,0,0,0,0,0,0,0,0,0,0,0,0,0,False
E116,2019-05,0,0,0,0,0,0,0,0,0,0,0,0,0,1,1,0,1,0,0,1,0,0,0.168,0,0.168,0.168,True
E116,2019-06,0,0,0,0,0,0,0,0,0,0,0,0,0,1,1,0,1,0,0,1,0,0,0.45,0,0.45,0.45,True
E116,2019-07,0,0,0,0,0,0,0,0,0,0,0,0,0,0,0,0,0,0,0,0,0,0,0,0,0,0,False
E116,2019-08,0,0,0,0,0,0,0,0,0,0,0,0,0,0,0,0,0,0,0,0,0,0,0,0,0,0,False
E116,2019-09,0,0,0,0,0,0,0,0,0,0,0,0,0,0,0,0,0,0,0,0,0,0,0,0,0,0,False
E116,2019-10,0,0,0,0,0,0,0,0,0,0,0,0,0,0,0,0,0,0,0,0,0,0,0,0,0,0,False
E116,2019-11,0,0,0,0,0,0,0,0,0,0,0,0,0,0,0,0,0,0,0,0,0,0,0,0,0,0,False
E116,2019-12,0,0,0,0,0,0,0,0,0,0,0,0,0,0,0,0,0,0,0,0,0,0,0,0,0,0,False
E116,2020-01,0,0,0,0,0,0,0,0,0,0,0,0,0,0,0,0,0,0,0,0,0,0,0,0,0,0,False
E116,2020-02,0,0,0,0,0,0,0,0,0,0,0,0,0,0,0,0,0,0,0,0,0,0,0,0,0,0,False
E117,2016-10,0,0,0,0,0,0,0,0,0,0,0,0,0,0,0,0,0,0,0,0,0,0,0,0,0,0,False
E117,2016-11,0,0,0,0,0,0,0,0,0,0,0,0,0,0,0,0,0,0,0,0,0,0,0,0,0,0,False
E117,2016-12,0,0,0,0,0,0,0,0,0,0,0,0,0,0,0,0,0,0,0,0,0,0,0,0,0,0,False
E117,2017-01,0,0,0,0,0,0,0,0,0,0,0,0,0,0,0,0,0,0,0,0,0,0,0,0,0,0,False
E117,2017-02,0,0,0,0,0,0,0,0,0,0,0,0,0,0,0,0,0,0,0,0,0,0,0,0,0,0,False
E117,2017-03,0,0,0,0,0,0,0,0,0,0,0,0,0,0,0,0,0,0,0,0,0,0,0,0,0,0,False
E117,2017-04,0,0,0,0,0,0,0,0,0,0,0,0,0,0,0,0,0,0,0,0,0,0,0,0,0,0,False
E117,2017-05,0,0,0,0,0,0,0,0,0,0,0,0,0,0,0,0,0,0,0,0,0,0,0,0,0,0,False
E117,2017-06,0,0,0,0,0,0,0,0,0,0,0,0,0,0,0,0,0,0,0,0,0,0,0,0,0,0,False
E117,2017-07,1,1,0,1,0,0,1,0,0,0.033,0,0.033,0.033,0,0,0,0,0,0,0,0,0,0,0,0,0,True
E117,2017-08,0,0,0,0,0,0,0,0,0,0,0,0,0,0,0,0,0,0,0,0,0,0,0,0,0,0,False
E117,2017-09,0,0,0,0,0,0,0,0,0,0,0,0,0,0,0,0,0,0,0,0,0,0,0,0,0,0,False
E117,2017-10,0,0,0,0,0,0,0,0,0,0,0,0,0,0,0,0,0,0,0,0,0,0,0,0,0,0,False
E117,2017-11,0,0,0,0,0,0,0,0,0,0,0,0,0,0,0,0,0,0,0,0,0,0,0,0,0,0,False
E117,2017-12,0,0,0,0,0,0,0,0,0,0,0,0,0,32,16,16,32,0,0,16,0,0,15.3424,0,15.3424,15.3424,True
E117,2018-01,0,0,0,0,0,0,0,0,0,0,0,0,0,2,2,0,2,0,0,2,0,0,11.6688,0,11.6688,11.6688,True
E117,2018-02,1,1,0,1,0,0,1,0,0,0.38,0,0.38,0.38,1,1,0,1,0,0,1,0,0,7.2592,0,7.2592,7.2592,True
E117,2018-03,0,0,0,0,0,0,0,0,0,0,0,0,0,1,1,0,1,0,0,1,0,0,2.9952,0,2.9952,2.9952,True
E117,2018-04,0,0,0,0,0,0,0,0,0,0,0,0,0,3,1,2,3,0,0,1,0,0,3.1616,0,3.1616,3.1616,True
E117,2018-05,0,0,0,0,0,0,0,0,0,0,0,0,0,1,1,0,1,0,0,1,0,0,2.1424,0,2.1424,2.1424,True
E117,2018-06,1,1,0,1,0,0,1,0,0,0.12,0,0.12,0.12,1,1,0,1,0,0,1,0,0,2.2464,0,2.2464,2.2464,True
E117,2018-07,0,0,0,0,0,0,0,0,0,0,0,0,0,1,1,0,1,0,0,1,0,0,2.4544,0,2.4544,2.4544,True
E117,2018-08,0,0,0,0,0,0,0,0,0,0,0,0,0,1,1,0,1,0,0,1,0,0,2.2464,0,2.2464,2.2464,True
E117,2018-09,0,0,0,0,0,0,0,0,0,0,0,0,0,0,0,0,0,0,0,0,0,0,0,0,0,0,False
E117,2018-10,0,0,0,0,0,0,0,0,0,0,0,0,0,0,0,0,0,0,0,0,0,0,0,0,0,0,False
E117,2018-11,1,1,0,1,0,0,1,0,0,0.179,0,0.179,0.179,0,0,0,0,0,0,0,0,0,0,0,0,0,True
E117,2018-12,0,0,0,0,0,0,0,0,0,0,0,0,0,1,1,0,1,0,0,1,0,0,3,0,3,3,True
E117,2019-01,0,0,0,0,0,0,0,0,0,0,0,0,0,0,0,0,0,0,0,0,0,0,0,0,0,0,False
E117,2019-02,0,0,0,0,0,0,0,0,0,0,0,0,0,0,0,0,0,0,0,0,0,0,0,0,0,0,False
E117,2019-03,0,0,0,0,0,0,0,0,0,0,0,0,0,0,0,0,0,0,0,0,0,0,0,0,0,0,False
E117,2019-04,0,0,0,0,0,0,0,0,0,0,0,0,0,0,0,0,0,0,0,0,0,0,0,0,0,0,False
E117,2019-05,0,0,0,0,0,0,0,0,0,0,0,0,0,0,0,0,0,0,0,0,0,0,0,0,0,0,False
E117,2019-06,0,0,0,0,0,0,0,0,0,0,0,0,0,0,0,0,0,0,0,0,0,0,0,0,0,0,False
E117,2019-07,0,0,0,0,0,0,0,0,0,0,0,0,0,0,0,0,0,0,0,0,0,0,0,0,0,0,False
E117,2019-08,0,0,0,0,0,0,0,0,0,0,0,0,0,0,0,0,0,0,0,0,0,0,0,0,0,0,False
E117,2019-09,0,0,0,0,0,0,0,0,0,0,0,0,0,0,0,0,0,0,0,0,0,0,0,0,0,0,False
E117,2019-10,0,0,0,0,0,0,0,0,0,0,0,0,0,0,0,0,0,0,0,0,0,0,0,0,0,0,False
E117,2019-11,0,0,0,0,0,0,0,0,0,0,0,0,0,0,0,0,0,0,0,0,0,0,0,0,0,0,False
E117,2019-12,0,0,0,0,0,0,0,0,0,0,0,0,0,0,0,0,0,0,0,0,0,0,0,0,0,0,False
E117,2020-01,0,0,0,0,0,0,0,0,0,0,0,0,0,0,0,0,0,0,0,0,0,0,0,0,0,0,False
E117,2020-02,0,0,0,0,0,0,0,0,0,0,0,0,0,0,0,0,0,0,0,0,0,0,0,0,0,0,False
E118,2016-10,0,0,0,0,0,0,0,0,0,0,0,0,0,0,0,0,0,0,0,0,0,0,0,0,0,0,False
E118,2016-11,0,0,0,0,0,0,0,0,0,0,0,0,0,0,0,0,0,0,0,0,0,0,0,0,0,0,False
E118,2016-12,0,0,0,0,0,0,0,0,0,0,0,0,0,0,0,0,0,0,0,0,0,0,0,0,0,0,False
E118,2017-01,0,0,0,0,0,0,0,0,0,0,0,0,0,1,1,0,1,0,0,1,0,0,0.0185,0,0.0185,0.0185,True
E118,2017-02,0,0,0,0,0,0,0,0,0,0,0,0,0,0,0,0,0,0,0,0,0,0,0,0,0,0,False
E118,2017-03,0,0,0,0,0,0,0,0,0,0,0,0,0,1,1,0,1,0,0,1,0,0,0.0265,0,0.0265,0.0265,True
E118,2017-04,0,0,0,0,0,0,0,0,0,0,0,0,0,4,3,1,4,0,0,3,0,0,2.236,0,2.236,2.236,True
E118,2017-05,0,0,0,0,0,0,0,0,0,0,0,0,0,3,3,0,3,0,0,3,0,0,1.5181,0,1.5181,1.5181,True
E118,2017-06,0,0,0,0,0,0,0,0,0,0,0,0,0,1,1,0,1,0,0,1,0,0,0.0964,0,0.0964,0.0964,True
E118,2017-07,1,1,0,1,0,0,1,0,0,0.12,0,0.12,0.12,3,3,0,3,0,0,3,0,0,0.815,0,0.815,0.815,True
E118,2017-08,0,0,0,0,0,0,0,0,0,0,0,0,0,0,0,0,0,0,0,0,0,0,0,0,0,0,False
E118,2017-09,0,0,0,0,0,0,0,0,0,0,0,0,0,1,1,0,1,0,0,1,0,0,0.093,0,0.093,0.093,True
E118,2017-10,0,0,0,0,0,0,0,0,0,0,0,0,0,5,5,0,5,0,0,5,0,0,1.453,0,1.453,1.453,True
E118,2017-11,0,0,0,0,0,0,0,0,0,0,0,0,0,5,4,1,5,0,0,4,0,0,2.5321,0,2.5321,2.5321,True
E118,2017-12,0,0,0,0,0,0,0,0,0,0,0,0,0,21,21,0,21,0,0,21,0,0,2.1843,0,2.1843,2.1843,True
E118,2018-01,0,0,0,0,0,0,0,0,0,0,0,0,0,16,16,0,16,0,0,16,0,0,0.6991,0,0.6991,0.6991,True
E118,2018-02,0,0,0,0,0,0,0,0,0,0,0,0,0,3,3,0,3,0,0,3,0,0,7.0011,0,7.0011,7.0011,True
E118,2018-03,0,0,0,0,0,0,0,0,0,0,0,0,0,8,8,0,8,0,0,8,0,0,1.4922,0,1.4922,1.4922,True
E118,2018-04,0,0,0,0,0,0,0,0,0,0,0,0,0,10,10,0,10,0,0,10,0,0,0.3758,0,0.3758,0.3758,True
E118,2018-05,0,0,0,0,0,0,0,0,0,0,0,0,0,5,5,0,5,0,0,5,0,0,1.243758,0,1.243758,1.243758,True
E118,2018-06,0,0,0,0,0,0,0,0,0,0,0,0,0,14,12,2,14,0,0,12,0,0,1.72988,0,1.72988,1.72988,True
E118,2018-07,1,1,0,1,0,0,1,0,0,0.028,0,0.028,0.028,11,9,2,11,0,0,9,0,0,1.4083,0,1.4083,1.4083,True
E118,2018-08,0,0,0,0,0,0,0,0,0,0,0,0,0,2,2,0,2,0,0,2,0,0,0.1664,0,0.1664,0.1664,True
E118,2018-09,0,0,0,0,0,0,0,0,0,0,0,0,0,1,1,0,1,0,0,1,0,0,0.0517,0,0.0517,0.0517,True
E118,2018-10,0,0,0,0,0,0,0,0,0,0,0,0,0,4,4,0,3,1,0,3,1,0,0.1673,0.0517,0.1156,0.219,True
E118,2018-11,0,0,0,0,0,0,0,0,0,0,0,0,0,2,2,0,2,0,0,2,0,0,0.437,0,0.437,0.437,True
E118,2018-12,0,0,0,0,0,0,0,0,0,0,0,0,0,2,2,0,2,0,0,2,0,0,0.1444,0,0.1444,0.1444,True
E118,2019-01,0,0,0,0,0,0,0,0,0,0,0,0,0,1,1,0,1,0,0,1,0,0,1.4365,0,1.4365,1.4365,True
E118,2019-02,0,0,0,0,0,0,0,0,0,0,0,0,0,0,0,0,0,0,0,0,0,0,0,0,0,0,False
E118,2019-03,4,4,0,4,0,0,4,0,0,1.4419,0,1.4419,1.4419,3,2,1,3,0,0,2,0,0,0.0352,0,0.0352,0.0352,True
E118,2019-04,2,2,0,2,0,0,2,0,0,0.1596,0,0.1596,0.1596,5,5,0,5,0,0,5,0,0,0.253382,0,0.253382,0.253382,True
E118,2019-05,4,2,2,4,0,0,2,0,0,3.4677,0,3.4677,3.4677,2,2,0,2,0,0,2,0,0,0.0835,0,0.0835,0.0835,True
E118,2019-06,3,3,0,3,0,0,3,0,0,0.2247,0,0.2247,0.2247,4,3,1,4,0,0,3,0,0,0.062,0,0.062,0.062,True
E118,2019-07,1,1,0,1,0,0,1,0,0,0.1032,0,0.1032,0.1032,1,1,0,1,0,0,1,0,0,0.0248,0,0.0248,0.0248,True
E118,2019-08,3,3,0,3,0,0,3,0,0,0.201579,0,0.201579,0.201579,2,2,0,2,0,0,2,0,0,0.2644,0,0.2644,0.2644,True
E118,2019-09,2,2,0,2,0,0,2,0,0,0.1819,0,0.1819,0.1819,0,0,0,0,0,0,0,0,0,0,0,0,0,True
E118,2019-10,2,2,0,2,0,0,2,0,0,0.161,0,0.161,0.161,0,0,0,0,0,0,0,0,0,0,0,0,0,True
E118,2019-11,1,1,0,1,0,0,1,0,0,0.1032,0,0.1032,0.1032,3,3,0,3,0,0,3,0,0,0.0962,0,0.0962,0.0962,True
E118,2019-12,2,2,0,2,0,0,2,0,0,0.2385,0,0.2385,0.2385,0,0,0,0,0,0,0,0,0,0,0,0,0,True
E118,2020-01,2,2,0,2,0,0,2,0,0,0.312,0,0.312,0.312,0,0,0,0,0,0,0,0,0,0,0,0,0,True
E118,2020-02,1,1,0,1,0,0,1,0,0,0.028,0,0.028,0.028,0,0,0,0,0,0,0,0,0,0,0,0,0,True
E119,2016-10,0,0,0,0,0,0,0,0,0,0,0,0,0,0,0,0,0,0,0,0,0,0,0,0,0,0,False
E119,2016-11,0,0,0,0,0,0,0,0,0,0,0,0,0,0,0,0,0,0,0,0,0,0,0,0,0,0,False
E119,2016-12,0,0,0,0,0,0,0,0,0,0,0,0,0,0,0,0,0,0,0,0,0,0,0,0,0,0,False
E119,2017-01,0,0,0,0,0,0,0,0,0,0,0,0,0,0,0,0,0,0,0,0,0,0,0,0,0,0,False
E119,2017-02,0,0,0,0,0,0,0,0,0,0,0,0,0,0,0,0,0,0,0,0,0,0,0,0,0,0,False
E119,2017-03,0,0,0,0,0,0,0,0,0,0,0,0,0,0,0,0,0,0,0,0,0,0,0,0,0,0,False
E119,2017-04,0,0,0,0,0,0,0,0,0,0,0,0,0,0,0,0,0,0,0,0,0,0,0,0,0,0,False
E119,2017-05,0,0,0,0,0,0,0,0,0,0,0,0,0,0,0,0,0,0,0,0,0,0,0,0,0,0,False
E119,2017-06,0,0,0,0,0,0,0,0,0,0,0,0,0,0,0,0,0,0,0,0,0,0,0,0,0,0,False
E119,2017-07,6,6,0,6,0,0,6,0,0,0.58693,0,0.58693,0.58693,0,0,0,0,0,0,0,0,0,0,0,0,0,True
E119,2017-08,5,5,0,5,0,0,5,0,0,0.63981,0,0.63981,0.63981,5,5,0,5,0,0,5,0,0,0.72,0,0.72,0.72,True
E119,2017-09,2,2,0,2,0,0,2,0,0,0.0645,0,0.0645,0.0645,0,0,0,0,0,0,0,0,0,0,0,0,0,True
E119,2017-10,4,4,0,4,0,0,4,0,0,0.38285,0,0.38285,0.38285,0,0,0,0,0,0,0,0,0,0,0,0,0,True
E119,2017-11,3,3,0,3,0,0,3,0,0,0.219,0,0.219,0.219,0,0,0,0,0,0,0,0,0,0,0,0,0,True
E119,2017-12,1,1,0,1,0,0,1,0,0,0.24996,0,0.24996,0.24996,0,0,0,0,0,0,0,0,0,0,0,0,0,True
E119,2018-01,5,4,1,5,0,0,4,0,0,0.33395,0,0.33395,0.33395,0,0,0,0,0,0,0,0,0,0,0,0,0,True
E119,2018-02,0,0,0,0,0,0,0,0,0,0,0,0,0,0,0,0,0,0,0,0,0,0,0,0,0,0,False
E119,2018-03,34,34,0,34,0,0,34,0,0,1.795733,0,1.795733,1.795733,0,0,0,0,0,0,0,0,0,0,0,0,0,True
E119,2018-04,13,13,0,13,0,0,13,0,0,1.904534,0,1.904534,1.904534,0,0,0,0,0,0,0,0,0,0,0,0,0,True
E119,2018-05,10,10,0,10,0,0,10,0,0,0.54328,0,0.54328,0.54328,0,0,0,0,0,0,0,0,0,0,0,0,0,True
E119,2018-06,5,5,0,5,0,0,5,0,0,0.31006,0,0.31006,0.31006,2,1,1,2,0,0,1,0,0,0.054,0,0.054,0.054,True
E119,2018-07,4,4,0,4,0,0,4,0,0,0.14053,0,0.14053,0.14053,0,0,0,0,0,0,0,0,0,0,0,0,0,True
E119,2018-08,9,9,0,9,0,0,9,0,0,0.408018,0,0.408018,0.408018,1,1,0,1,0,0,1,0,0,0.228,0,0.228,0.228,True
E119,2018-09,15,15,0,15,0,0,15,0,0,0.735,0,0.735,0.735,1,1,0,1,0,0,1,0,0,0.24,0,0.24,0.24,True
E119,2018-10,6,6,0,6,0,0,6,0,0,0.596375,0,0.596375,0.596375,1,1,0,1,0,0,1,0,0,0.246,0,0.246,0.246,True
E119,2018-11,6,6,0,6,0,0,6,0,0,0.282816,0,0.282816,0.282816,0,0,0,0,0,0,0,0,0,0,0,0,0,True
E119,2018-12,39,39,0,39,0,0,39,0,0,2.308945,0,2.308945,2.308945,0,0,0,0,0,0,0,0,0,0,0,0,0,True
E119,2019-01,6,6,0,6,0,0,6,0,0,0.3542,0,0.3542,0.3542,0,0,0,0,0,0,0,0,0,0,0,0,0,True
E119,2019-02,5,5,0,5,0,0,5,0,0,0.23067,0,0.23067,0.23067,0,0,0,0,0,0,0,0,0,0,0,0,0,True
E119,2019-03,4,4,0,4,0,0,4,0,0,0.3595,0,0.3595,0.3595,0,0,0,0,0,0,0,0,0,0,0,0,0,True
E119,2019-04,6,6,0,6,0,0,6,0,0,1.40759,0,1.40759,1.40759,0,0,0,0,0,0,0,0,0,0,0,0,0,True
E119,2019-05,9,9,0,9,0,0,9,0,0,0.721135,0,0.721135,0.721135,0,0,0,0,0,0,0,0,0,0,0,0,0,True
E119,2019-06,6,6,0,6,0,0,6,0,0,0.4953,0,0.4953,0.4953,1,1,0,1,0,0,1,0,0,0.2462,0,0.2462,0.2462,True
E119,2019-07,12,12,0,11,1,0,11,1,0,1.869859,0.0039,1.865959,1.873759,3,3,0,3,0,0,3,0,0,0.72,0,0.72,0.72,True
E119,2019-08,6,6,0,6,0,0,6,0,0,1.02066,0,1.02066,1.02066,3,3,0,3,0,0,3,0,0,0.74,0,0.74,0.74,True
E119,2019-09,18,18,0,18,0,0,18,0,0,2.068852,0,2.068852,2.068852,2,2,0,2,0,0,2,0,0,0.48,0,0.48,0.48,True
E119,2019-10,8,8,0,8,0,0,8,0,0,1.323221,0,1.323221,1.323221,0,0,0,0,0,0,0,0,0,0,0,0,0,True
E119,2019-11,11,11,0,11,0,0,11,0,0,0.366401,0,0.366401,0.366401,2,0,2,0,0,2,0,0,0,0,0,0,0,True
E119,2019-12,18,18,0,18,0,0,18,0,0,1.169793,0,1.169793,1.169793,0,0,0,0,0,0,0,0,0,0,0,0,0,True
E119,2020-01,15,15,0,15,0,0,15,0,0,0.850907,0,0.850907,0.850907,0,0,0,0,0,0,0,0,0,0,0,0,0,True
E119,2020-02,24,24,0,24,0,0,24,0,0,1.237004,0,1.237004,1.237004,0,0,0,0,0,0,0,0,0,0,0,0,0,True
E12,2016-10,0,0,0,0,0,0,0,0,0,0,0,0,0,0,0,0,0,0,0,0,0,0,0,0,0,0,False
E12,2016-11,0,0,0,0,0,0,0,0,0,0,0,0,0,0,0,0,0,0,0,0,0,0,0,0,0,0,False
E12,2016-12,0,0,0,0,0,0,0,0,0,0,0,0,0,0,0,0,0,0,0,0,0,0,0,0,0,0,False
E12,2017-01,1,1,0,1,0,0,1,0,0,0.201965,0,0.201965,0.201965,0,0,0,0,0,0,0,0,0,0,0,0,0,True
E12,2017-02,23,23,0,23,0,0,23,0,0,17.12845,0,17.12845,17.12845,0,0,0,0,0,0,0,0,0,0,0,0,0,True
E12,2017-03,2,2,0,2,0,0,2,0,0,2.242311,0,2.242311,2.242311,0,0,0,0,0,0,0,0,0,0,0,0,0,True
E12,2017-04,7,7,0,7,0,0,7,0,0,7.103035,0,7.103035,7.103035,0,0,0,0,0,0,0,0,0,0,0,0,0,True
E12,2017-05,0,0,0,0,0,0,0,0,0,0,0,0,0,0,0,0,0,0,0,0,0,0,0,0,0,0,False
E12,2017-06,8,5,3,8,0,0,5,0,0,3.7243,0,3.7243,3.7243,0,0,0,0,0,0,0,0,0,0,0,0,0,True
E12,2017-07,3,3,0,3,0,0,3,0,0,3.191922,0,3.191922,3.191922,0,0,0,0,0,0,0,0,0,0,0,0,0,True
E12,2017-08,5,5,0,5,0,0,5,0,0,0.28212,0,0.28212,0.28212,0,0,0,0,0,0,0,0,0,0,0,0,0,True
E12,2017-09,10,10,0,10,0,0,10,0,0,0.7632,0,0.7632,0.7632,0,0,0,0,0,0,0,0,0,0,0,0,0,True
E12,2017-10,7,7,0,7,0,0,7,0,0,1.683222,0,1.683222,1.683222,0,0,0,0,0,0,0,0,0,0,0,0,0,True
E12,2017-11,3,3,0,3,0,0,3,0,0,1.3263,0,1.3263,1.3263,0,0,0,0,0,0,0,0,0,0,0,0,0,True
E12,2017-12,15,15,0,15,0,0,15,0,0,3.430457,0,3.430457,3.430457,0,0,0,0,0,0,0,0,0,0,0,0,0,True
E12,2018-01,39,39,0,38,1,0,38,1,0,317.253841,0.1369,317.116941,317.390741,34,34,0,34,0,0,34,0,0,3360,0,3360,3360,True
E12,2018-02,42,39,3,42,0,0,39,0,0,549.632124,0,549.632124,549.632124,34,33,1,33,1,0,32,1,0,3246.407,100,3146.407,3346.407,True
E12,2018-03,52,52,0,52,0,0,52,0,0,387.565568,0,387.565568,387.565568,0,0,0,0,0,0,0,0,0,0,0,0,0,True
E12,2018-04,65,65,0,62,3,0,62,3,0,189.775545,0.826,188.949545,190.601545,5,4,1,5,0,0,4,0,0,233.59296,0,233.59296,233.59296,True
E12,2018-05,52,50,2,52,0,0,50,0,0,363.05309,0,363.05309,363.05309,19,18,1,19,0,0,18,0,0,1640,0,1640,1640,True
E12,2018-06,62,58,4,62,0,0,58,0,0,280.987807,0,280.987807,280.987807,2,1,1,2,0,0,1,0,0,59.3,0,59.3,59.3,True
E12,2018-07,35,35,0,35,0,0,35,0,0,149.061602,0,149.061602,149.061602,0,0,0,0,0,0,0,0,0,0,0,0,0,True
E12,2018-08,40,36,4,38,2,0,34,2,0,692.764597,0.2598,692.504797,693.024397,18,17,1,18,0,0,17,0,0,1569.4826,0,1569.4826,1569.4826,True
E12,2018-09,33,33,0,33,0,0,33,0,0,356.509973,0,356.509973,356.509973,7,7,0,7,0,0,7,0,0,600.108458,0,600.108458,600.108458,True
E12,2018-10,32,32,0,32,0,0,32,0,0,124.800073,0,124.800073,124.800073,0,0,0,0,0,0,0,0,0,0,0,0,0,True
E12,2018-11,43,43,0,43,0,0,43,0,0,539.183225,0,539.183225,539.183225,0,0,0,0,0,0,0,0,0,0,0,0,0,True
E12,2018-12,65,61,4,65,0,0,61,0,0,1749.487082,0,1749.487082,1749.487082,34,30,4,34,0,0,30,0,0,2900,0,2900,2900,True
E12,2019-01,55,55,0,55,0,0,55,0,0,417.497519,0,417.497519,417.497519,35,33,2,35,0,0,33,0,0,3150.027182,0,3150.027182,3150.027182,True
E12,2019-02,64,63,1,64,0,0,63,0,0,404.201002,0,404.201002,404.201002,7,7,0,7,0,0,7,0,0,541.4,0,541.4,541.4,True
E12,2019-03,62,61,1,62,0,0,61,0,0,286.438248,0,286.438248,286.438248,12,12,0,12,0,0,12,0,0,1160.643725,0,1160.643725,1160.643725,True
E12,2019-04,65,63,2,65,0,0,63,0,0,287.945384,0,287.945384,287.945384,0,0,0,0,0,0,0,0,0,0,0,0,0,True
E12,2019-05,149,144,5,148,1,0,143,1,0,457.129728,0.268,456.861728,457.397728,0,0,0,0,0,0,0,0,0,0,0,0,0,True
E12,2019-06,122,121,1,122,0,0,121,0,0,274.08397,0,274.08397,274.08397,0,0,0,0,0,0,0,0,0,0,0,0,0,True
E12,2019-07,127,125,2,124,3,0,122,3,0,154.755143,15.2324,139.522743,169.987543,2,1,1,2,0,0,1,0,0,100,0,100,100,True
E12,2019-08,97,94,3,96,1,0,93,1,0,726.942798,0.0298,726.912998,726.972598,31,24,7,31,0,0,24,0,0,2106.700126,0,2106.700126,2106.700126,True
E12,2019-09,76,76,0,76,0,0,76,0,0,173.768371,0,173.768371,173.768371,0,0,0,0,0,0,0,0,0,0,0,0,0,True
E12,2019-10,66,65,1,66,0,0,65,0,0,42.273788,0,42.273788,42.273788,1,1,0,1,0,0,1,0,0,40,0,40,40,True
E12,2019-11,100,99,1,100,0,0,99,0,0,124.217032,0,124.217032,124.217032,0,0,0,0,0,0,0,0,0,0,0,0,0,True
E12,2019-12,96,95,1,94,2,0,93,2,0,53.419915,9.902113,43.517802,63.322028,8,7,1,8,0,0,7,0,0,509.48,0,509.48,509.48,True
E12,2020-01,73,72,1,73,0,0,72,0,0,427.531576,0,427.531576,427.531576,36,34,2,36,0,0,34,0,0,3183.16,0,3183.16,3183.16,True
E12,2020-02,0,0,0,0,0,0,0,0,0,0,0,0,0,0,0,0,0,0,0,0,0,0,0,0,0,0,False
E120,2016-10,0,0,0,0,0,0,0,0,0,0,0,0,0,0,0,0,0,0,0,0,0,0,0,0,0,0,False
E120,2016-11,0,0,0,0,0,0,0,0,0,0,0,0,0,0,0,0,0,0,0,0,0,0,0,0,0,0,False
E120,2016-12,0,0,0,0,0,0,0,0,0,0,0,0,0,0,0,0,0,0,0,0,0,0,0,0,0,0,False
E120,2017-01,0,0,0,0,0,0,0,0,0,0,0,0,0,0,0,0,0,0,0,0,0,0,0,0,0,0,False
E120,2017-02,0,0,0,0,0,0,0,0,0,0,0,0,0,0,0,0,0,0,0,0,0,0,0,0,0,0,False
E120,2017-03,0,0,0,0,0,0,0,0,0,0,0,0,0,0,0,0,0,0,0,0,0,0,0,0,0,0,False
E120,2017-04,0,0,0,0,0,0,0,0,0,0,0,0,0,0,0,0,0,0,0,0,0,0,0,0,0,0,False
E120,2017-05,0,0,0,0,0,0,0,0,0,0,0,0,0,0,0,0,0,0,0,0,0,0,0,0,0,0,False
E120,2017-06,0,0,0,0,0,0,0,0,0,0,0,0,0,0,0,0,0,0,0,0,0,0,0,0,0,0,False
E120,2017-07,0,0,0,0,0,0,0,0,0,0,0,0,0,0,0,0,0,0,0,0,0,0,0,0,0,0,False
E120,2017-08,0,0,0,0,0,0,0,0,0,0,0,0,0,0,0,0,0,0,0,0,0,0,0,0,0,0,False
E120,2017-09,0,0,0,0,0,0,0,0,0,0,0,0,0,0,0,0,0,0,0,0,0,0,0,0,0,0,False
E120,2017-10,0,0,0,0,0,0,0,0,0,0,0,0,0,1,1,0,1,0,0,1,0,0,7.8,0,7.8,7.8,True
E120,2017-11,0,0,0,0,0,0,0,0,0,0,0,0,0,0,0,0,0,0,0,0,0,0,0,0,0,0,False
E120,2017-12,0,0,0,0,0,0,0,0,0,0,0,0,0,1,1,0,1,0,0,1,0,0,0.173942,0,0.173942,0.173942,True
E120,2018-01,0,0,0,0,0,0,0,0,0,0,0,0,0,0,0,0,0,0,0,0,0,0,0,0,0,0,False
E120,2018-02,0,0,0,0,0,0,0,0,0,0,0,0,0,0,0,0,0,0,0,0,0,0,0,0,0,0,False
E120,2018-03,0,0,0,0,0,0,0,0,0,0,0,0,0,0,0,0,0,0,0,0,0,0,0,0,0,0,False
E120,2018-04,0,0,0,0,0,0,0,0,0,0,0,0,0,0,0,0,0,0,0,0,0,0,0,0,0,0,False
E120,2018-05,3,2,1,3,0,0,2,0,0,1.09,0,1.09,1.09,1,1,0,1,0,0,1,0,0,3.8,0,3.8,3.8,True
E120,2018-06,6,6,0,6,0,0,6,0,0,0.123,0,0.123,0.123,0,0,0,0,0,0,0,0,0,0,0,0,0,True
E120,2018-07,3,3,0,3,0,0,3,0,0,0.06,0,0.06,0.06,0,0,0,0,0,0,0,0,0,0,0,0,0,True
E120,2018-08,0,0,0,0,0,0,0,0,0,0,0,0,0,0,0,0,0,0,0,0,0,0,0,0,0,0,False
E120,2018-09,4,4,0,4,0,0,4,0,0,0.063,0,0.063,0.063,0,0,0,0,0,0,0,0,0,0,0,0,0,True
E120,2018-10,0,0,0,0,0,0,0,0,0,0,0,0,0,0,0,0,0,0,0,0,0,0,0,0,0,0,False
E120,2018-11,0,0,0,0,0,0,0,0,0,0,0,0,0,0,0,0,0,0,0,0,0,0,0,0,0,0,False
E120,2018-12,5,5,0,5,0,0,5,0,0,0.16295,0,0.16295,0.16295,0,0,0,0,0,0,0,0,0,0,0,0,0,True
E120,2019-01,2,2,0,2,0,0,2,0,0,0.0426,0,0.0426,0.0426,0,0,0,0,0,0,0,0,0,0,0,0,0,True
E120,2019-02,3,3,0,3,0,0,3,0,0,0.19999,0,0.19999,0.19999,0,0,0,0,0,0,0,0,0,0,0,0,0,True
E120,2019-03,1,1,0,1,0,0,1,0,0,0.02,0,0.02,0.02,21,1,20,1,0,20,1,0,0,0.24,0,0.24,0.24,True
E120,2019-04,0,0,0,0,0,0,0,0,0,0,0,0,0,0,0,0,0,0,0,0,0,0,0,0,0,0,False
E120,2019-05,2,2,0,2,0,0,2,0,0,0.0348,0,0.0348,0.0348,0,0,0,0,0,0,0,0,0,0,0,0,0,True
E120,2019-06,1,1,0,1,0,0,1,0,0,0.028,0,0.028,0.028,1,1,0,1,0,0,1,0,0,1.225,0,1.225,1.225,True
E120,2019-07,0,0,0,0,0,0,0,0,0,0,0,0,0,0,0,0,0,0,0,0,0,0,0,0,0,0,False
E120,2019-08,0,0,0,0,0,0,0,0,0,0,0,0,0,0,0,0,0,0,0,0,0,0,0,0,0,0,False
E120,2019-09,0,0,0,0,0,0,0,0,0,0,0,0,0,0,0,0,0,0,0,0,0,0,0,0,0,0,False
E120,2019-10,0,0,0,0,0,0,0,0,0,0,0,0,0,0,0,0,0,0,0,0,0,0,0,0,0,0,False
E120,2019-11,0,0,0,0,0,0,0,0,0,0,0,0,0,4,4,0,4,0,0,4,0,0,6.4004,0,6.4004,6.4004,True
E120,2019-12,5,5,0,5,0,0,5,0,0,0.097694,0,0.097694,0.097694,0,0,0,0,0,0,0,0,0,0,0,0,0,True
E120,2020-01,1,1,0,1,0,0,1,0,0,0.0226,0,0.0226,0.0226,0,0,0,0,0,0,0,0,0,0,0,0,0,True
E120,2020-02,0,0,0,0,0,0,0,0,0,0,0,0,0,0,0,0,0,0,0,0,0,0,0,0,0,0,False
E121,2016-10,0,0,0,0,0,0,0,0,0,0,0,0,0,0,0,0,0,0,0,0,0,0,0,0,0,0,False
E121,2016-11,0,0,0,0,0,0,0,0,0,0,0,0,0,0,0,0,0,0,0,0,0,0,0,0,0,0,False
E121,2016-12,0,0,0,0,0,0,0,0,0,0,0,0,0,0,0,0,0,0,0,0,0,0,0,0,0,0,False
E121,2017-01,1,1,0,1,0,0,1,0,0,7.001229,0,7.001229,7.001229,4,4,0,4,0,0,4,0,0,0.239218,0,0.239218,0.239218,True
E121,2017-02,1,1,0,1,0,0,1,0,0,6.899682,0,6.899682,6.899682,4,4,0,4,0,0,4,0,0,0.114882,0,0.114882,0.114882,True
E121,2017-03,2,2,0,2,0,0,2,0,0,7.500327,0,7.500327,7.500327,6,6,0,6,0,0,6,0,0,0.598806,0,0.598806,0.598806,True
E121,2017-04,3,3,0,3,0,0,3,0,0,7.572795,0,7.572795,7.572795,6,6,0,6,0,0,6,0,0,0.466879,0,0.466879,0.466879,True
E121,2017-05,1,1,0,1,0,0,1,0,0,7.560891,0,7.560891,7.560891,2,2,0,2,0,0,2,0,0,0.1514,0,0.1514,0.1514,True
E121,2017-06,2,2,0,2,0,0,2,0,0,6.32051,0,6.32051,6.32051,5,4,1,5,0,0,4,0,0,0.3267,0,0.3267,0.3267,True
E121,2017-07,3,3,0,3,0,0,3,0,0,6.133264,0,6.133264,6.133264,4,4,0,4,0,0,4,0,0,0.2743,0,0.2743,0.2743,True
E121,2017-08,1,1,0,1,0,0,1,0,0,5.950296,0,5.950296,5.950296,3,3,0,3,0,0,3,0,0,0.1656,0,0.1656,0.1656,True
E121,2017-09,3,3,0,3,0,0,3,0,0,6.545697,0,6.545697,6.545697,20,19,1,20,0,0,19,0,0,1.68786,0,1.68786,1.68786,True
E121,2017-10,3,3,0,3,0,0,3,0,0,6.456098,0,6.456098,6.456098,5,5,0,5,0,0,5,0,0,0.36515,0,0.36515,0.36515,True
E121,2017-11,1,1,0,1,0,0,1,0,0,7.285248,0,7.285248,7.285248,15,15,0,15,0,0,15,0,0,1.27368,0,1.27368,1.27368,True
E121,2017-12,2,2,0,2,0,0,2,0,0,6.176194,0,6.176194,6.176194,12,11,1,12,0,0,11,0,0,0.669473,0,0.669473,0.669473,True
E121,2018-01,2,2,0,2,0,0,2,0,0,5.567217,0,5.567217,5.567217,6,6,0,6,0,0,6,0,0,0.315993,0,0.315993,0.315993,True
E121,2018-02,1,1,0,1,0,0,1,0,0,5.600617,0,5.600617,5.600617,2,1,1,2,0,0,1,0,0,0.18018,0,0.18018,0.18018,True
E121,2018-03,2,2,0,2,0,0,2,0,0,5.959425,0,5.959425,5.959425,7,7,0,7,0,0,7,0,0,0.518227,0,0.518227,0.518227,True
E121,2018-04,3,3,0,3,0,0,3,0,0,5.899119,0,5.899119,5.899119,7,6,1,7,0,0,6,0,0,0.40296,0,0.40296,0.40296,True
E121,2018-05,5,5,0,5,0,0,5,0,0,6.232152,0,6.232152,6.232152,5,5,0,5,0,0,5,0,0,0.198082,0,0.198082,0.198082,True
E121,2018-06,2,2,0,2,0,0,2,0,0,4.51554,0,4.51554,4.51554,18,3,15,3,0,15,3,0,0,0.253958,0,0.253958,0.253958,True
E121,2018-07,3,3,0,3,0,0,3,0,0,4.561958,0,4.561958,4.561958,4,4,0,4,0,0,4,0,0,0.173689,0,0.173689,0.173689,True
E121,2018-08,0,0,0,0,0,0,0,0,0,0,0,0,0,21,21,0,21,0,0,21,0,0,1.169649,0,1.169649,1.169649,True
E121,2018-09,1,1,0,1,0,0,1,0,0,0.028,0,0.028,0.028,7,7,0,7,0,0,7,0,0,0.470588,0,0.470588,0.470588,True
E121,2018-10,3,3,0,3,0,0,3,0,0,4.347072,0,4.347072,4.347072,11,9,2,11,0,0,9,0,0,0.516226,0,0.516226,0.516226,True
E121,2018-11,2,2,0,2,0,0,2,0,0,1.098657,0,1.098657,1.098657,6,5,1,6,0,0,5,0,0,0.395396,0,0.395396,0.395396,True
E121,2018-12,0,0,0,0,0,0,0,0,0,0,0,0,0,6,6,0,6,0,0,6,0,0,0.499859,0,0.499859,0.499859,True
E121,2019-01,0,0,0,0,0,0,0,0,0,0,0,0,0,0,0,0,0,0,0,0,0,0,0,0,0,0,False
E121,2019-02,0,0,0,0,0,0,0,0,0,0,0,0,0,0,0,0,0,0,0,0,0,0,0,0,0,0,False
E121,2019-03,0,0,0,0,0,0,0,0,0,0,0,0,0,0,0,0,0,0,0,0,0,0,0,0,0,0,False
E121,2019-04,0,0,0,0,0,0,0,0,0,0,0,0,0,0,0,0,0,0,0,0,0,0,0,0,0,0,False
E121,2019-05,1,1,0,0,1,0,0,1,0,0,0.24,-0.24,0.24,0,0,0,0,0,0,0,0,0,0,0,0,0,True
E121,2019-06,0,0,0,0,0,0,0,0,0,0,0,0,0,0,0,0,0,0,0,0,0,0,0,0,0,0,False
E121,2019-07,0,0,0,0,0,0,0,0,0,0,0,0,0,0,0,0,0,0,0,0,0,0,0,0,0,0,False
E121,2019-08,2,2,0,2,0,0,2,0,0,0.14,0,0.14,0.14,0,0,0,0,0,0,0,0,0,0,0,0,0,True
E121,2019-09,0,0,0,0,0,0,0,0,0,0,0,0,0,0,0,0,0,0,0,0,0,0,0,0,0,0,False
E121,2019-10,0,0,0,0,0,0,0,0,0,0,0,0,0,0,0,0,0,0,0,0,0,0,0,0,0,0,False
E121,2019-11,0,0,0,0,0,0,0,0,0,0,0,0,0,0,0,0,0,0,0,0,0,0,0,0,0,0,False
E121,2019-12,0,0,0,0,0,0,0,0,0,0,0,0,0,0,0,0,0,0,0,0,0,0,0,0,0,0,False
E121,2020-01,0,0,0,0,0,0,0,0,0,0,0,0,0,0,0,0,0,0,0,0,0,0,0,0,0,0,False
E121,2020-02,0,0,0,0,0,0,0,0,0,0,0,0,0,0,0,0,0,0,0,0,0,0,0,0,0,0,False
E122,2016-10,0,0,0,0,0,0,0,0,0,0,0,0,0,0,0,0,0,0,0,0,0,0,0,0,0,0,False
E122,2016-11,0,0,0,0,0,0,0,0,0,0,0,0,0,0,0,0,0,0,0,0,0,0,0,0,0,0,False
E122,2016-12,0,0,0,0,0,0,0,0,0,0,0,0,0,0,0,0,0,0,0,0,0,0,0,0,0,0,False
E122,2017-01,0,0,0,0,0,0,0,0,0,0,0,0,0,0,0,0,0,0,0,0,0,0,0,0,0,0,False
E122,2017-02,0,0,0,0,0,0,0,0,0,0,0,0,0,0,0,0,0,0,0,0,0,0,0,0,0,0,False
E122,2017-03,0,0,0,0,0,0,0,0,0,0,0,0,0,0,0,0,0,0,0,0,0,0,0,0,0,0,False
E122,2017-04,0,0,0,0,0,0,0,0,0,0,0,0,0,12,6,6,12,0,0,6,0,0,1.1681,0,1.1681,1.1681,True
E122,2017-05,0,0,0,0,0,0,0,0,0,0,0,0,0,5,4,1,5,0,0,4,0,0,0.944091,0,0.944091,0.944091,True
E122,2017-06,1,1,0,1,0,0,1,0,0,0.0396,0,0.0396,0.0396,10,7,3,10,0,0,7,0,0,0.384219,0,0.384219,0.384219,True
E122,2017-07,0,0,0,0,0,0,0,0,0,0,0,0,0,4,4,0,4,0,0,4,0,0,0.095911,0,0.095911,0.095911,True
E122,2017-08,4,4,0,4,0,0,4,0,0,0.4894,0,0.4894,0.4894,11,11,0,10,1,0,10,1,0,0.269591,0.0248,0.244791,0.294391,True
E122,2017-09,5,5,0,5,0,0,5,0,0,0.2252,0,0.2252,0.2252,1,1,0,1,0,0,1,0,0,0.028386,0,0.028386,0.028386,True
E122,2017-10,1,1,0,1,0,0,1,0,0,0.1392,0,0.1392,0.1392,13,11,2,6,7,0,4,7,0,0.09815,0.1802,-0.08205,0.27835,True
E122,2017-11,1,1,0,1,0,0,1,0,0,0.4874,0,0.4874,0.4874,5,5,0,5,0,0,5,0,0,0.1157,0,0.1157,0.1157,True
E122,2017-12,1,1,0,1,0,0,1,0,0,0.4119,0,0.4119,0.4119,4,4,0,4,0,0,4,0,0,0.53005,0,0.53005,0.53005,True
E122,2018-01,2,2,0,2,0,0,2,0,0,0.2817,0,0.2817,0.2817,6,6,0,6,0,0,6,0,0,0.195545,0,0.195545,0.195545,True
E122,2018-02,4,4,0,4,0,0,4,0,0,0.3947,0,0.3947,0.3947,1,1,0,1,0,0,1,0,0,0.018898,0,0.018898,0.018898,True
E122,2018-03,6,6,0,6,0,0,6,0,0,0.5682,0,0.5682,0.5682,2,2,0,2,0,0,2,0,0,0.4116,0,0.4116,0.4116,True
E122,2018-04,3,2,1,3,0,0,2,0,0,0.1228,0,0.1228,0.1228,0,0,0,0,0,0,0,0,0,0,0,0,0,True
E122,2018-05,3,3,0,3,0,0,3,0,0,0.1344,0,0.1344,0.1344,0,0,0,0,0,0,0,0,0,0,0,0,0,True
E122,2018-06,2,2,0,2,0,0,2,0,0,0.0395,0,0.0395,0.0395,2,1,1,2,0,0,1,0,0,0.0243,0,0.0243,0.0243,True
E122,2018-07,1,1,0,1,0,0,1,0,0,0.0013,0,0.0013,0.0013,0,0,0,0,0,0,0,0,0,0,0,0,0,True
E122,2018-08,3,3,0,3,0,0,3,0,0,0.0439,0,0.0439,0.0439,1,1,0,1,0,0,1,0,0,0.4296,0,0.4296,0.4296,True
E122,2018-09,0,0,0,0,0,0,0,0,0,0,0,0,0,0,0,0,0,0,0,0,0,0,0,0,0,0,False
E122,2018-10,0,0,0,0,0,0,0,0,0,0,0,0,0,3,2,1,3,0,0,2,0,0,0.4186,0,0.4186,0.4186,True
E122,2018-11,0,0,0,0,0,0,0,0,0,0,0,0,0,4,3,1,4,0,0,3,0,0,0.086241,0,0.086241,0.086241,True
E122,2018-12,0,0,0,0,0,0,0,0,0,0,0,0,0,6,6,0,6,0,0,6,0,0,0.200319,0,0.200319,0.200319,True
E122,2019-01,1,1,0,1,0,0,1,0,0,0.01,0,0.01,0.01,1,1,0,1,0,0,1,0,0,0.0308,0,0.0308,0.0308,True
E122,2019-02,7,7,0,6,1,0,6,1,0,0.6238,0.5588,0.065,1.1826,0,0,0,0,0,0,0,0,0,0,0,0,0,True
E122,2019-03,1,1,0,1,0,0,1,0,0,1.869426,0,1.869426,1.869426,9,9,0,9,0,0,9,0,0,0.255542,0,0.255542,0.255542,True
E122,2019-04,1,1,0,1,0,0,1,0,0,0.023,0,0.023,0.023,5,5,0,5,0,0,5,0,0,0.131042,0,0.131042,0.131042,True
E122,2019-05,0,0,0,0,0,0,0,0,0,0,0,0,0,3,3,0,3,0,0,3,0,0,0.0834,0,0.0834,0.0834,True
E122,2019-06,0,0,0,0,0,0,0,0,0,0,0,0,0,0,0,0,0,0,0,0,0,0,0,0,0,0,False
E122,2019-07,0,0,0,0,0,0,0,0,0,0,0,0,0,2,1,1,2,0,0,1,0,0,0.028986,0,0.028986,0.028986,True
E122,2019-08,0,0,0,0,0,0,0,0,0,0,0,0,0,1,1,0,1,0,0,1,0,0,0.027759,0,0.027759,0.027759,True
E122,2019-09,0,0,0,0,0,0,0,0,0,0,0,0,0,0,0,0,0,0,0,0,0,0,0,0,0,0,False
E122,2019-10,0,0,0,0,0,0,0,0,0,0,0,0,0,2,2,0,2,0,0,2,0,0,0.0819,0,0.0819,0.0819,True
E122,2019-11,0,0,0,0,0,0,0,0,0,0,0,0,0,3,3,0,3,0,0,3,0,0,0.125073,0,0.125073,0.125073,True
E122,2019-12,0,0,0,0,0,0,0,0,0,0,0,0,0,0,0,0,0,0,0,0,0,0,0,0,0,0,False
E122,2020-01,1,1,0,1,0,0,1,0,0,0.028,0,0.028,0.028,2,2,0,2,0,0,2,0,0,0.095257,0,0.095257,0.095257,True
E122,2020-02,0,0,0,0,0,0,0,0,0,0,0,0,0,0,0,0,0,0,0,0,0,0,0,0,0,0,False
E123,2016-10,0,0,0,0,0,0,0,0,0,0,0,0,0,0,0,0,0,0,0,0,0,0,0,0,0,0,False
E123,2016-11,0,0,0,0,0,0,0,0,0,0,0,0,0,0,0,0,0,0,0,0,0,0,0,0,0,0,False
E123,2016-12,0,0,0,0,0,0,0,0,0,0,0,0,0,0,0,0,0,0,0,0,0,0,0,0,0,0,False
E123,2017-01,0,0,0,0,0,0,0,0,0,0,0,0,0,0,0,0,0,0,0,0,0,0,0,0,0,0,False
E123,2017-02,0,0,0,0,0,0,0,0,0,0,0,0,0,0,0,0,0,0,0,0,0,0,0,0,0,0,False
E123,2017-03,0,0,0,0,0,0,0,0,0,0,0,0,0,1,1,0,1,0,0,1,0,0,0.3826,0,0.3826,0.3826,True
E123,2017-04,0,0,0,0,0,0,0,0,0,0,0,0,0,3,1,2,3,0,0,1,0,0,0.8528,0,0.8528,0.8528,True
E123,2017-05,0,0,0,0,0,0,0,0,0,0,0,0,0,1,1,0,1,0,0,1,0,0,1.0773,0,1.0773,1.0773,True
E123,2017-06,0,0,0,0,0,0,0,0,0,0,0,0,0,1,1,0,1,0,0,1,0,0,0.0524,0,0.0524,0.0524,True
E123,2017-07,0,0,0,0,0,0,0,0,0,0,0,0,0,0,0,0,0,0,0,0,0,0,0,0,0,0,False
E123,2017-08,0,0,0,0,0,0,0,0,0,0,0,0,0,0,0,0,0,0,0,0,0,0,0,0,0,0,False
E123,2017-09,0,0,0,0,0,0,0,0,0,0,0,0,0,0,0,0,0,0,0,0,0,0,0,0,0,0,False
E123,2017-10,0,0,0,0,0,0,0,0,0,0,0,0,0,0,0,0,0,0,0,0,0,0,0,0,0,0,False
E123,2017-11,0,0,0,0,0,0,0,0,0,0,0,0,0,0,0,0,0,0,0,0,0,0,0,0,0,0,False
E123,2017-12,1,1,0,1,0,0,1,0,0,0.028,0,0.028,0.028,1,1,0,1,0,0,1,0,0,0.143,0,0.143,0.143,True
E123,2018-01,0,0,0,0,0,0,0,0,0,0,0,0,0,0,0,0,0,0,0,0,0,0,0,0,0,0,False
E123,2018-02,0,0,0,0,0,0,0,0,0,0,0,0,0,0,0,0,0,0,0,0,0,0,0,0,0,0,False
E123,2018-03,0,0,0,0,0,0,0,0,0,0,0,0,0,0,0,0,0,0,0,0,0,0,0,0,0,0,False
E123,2018-04,0,0,0,0,0,0,0,0,0,0,0,0,0,2,2,0,2,0,0,2,0,0,1.4922,0,1.4922,1.4922,True
E123,2018-05,0,0,0,0,0,0,0,0,0,0,0,0,0,12,12,0,12,0,0,12,0,0,13.40064,0,13.40064,13.40064,True
E123,2018-06,0,0,0,0,0,0,0,0,0,0,0,0,0,0,0,0,0,0,0,0,0,0,0,0,0,0,False
E123,2018-07,0,0,0,0,0,0,0,0,0,0,0,0,0,1,1,0,1,0,0,1,0,0,0.1875,0,0.1875,0.1875,True
E123,2018-08,0,0,0,0,0,0,0,0,0,0,0,0,0,2,2,0,2,0,0,2,0,0,1.1618,0,1.1618,1.1618,True
E123,2018-09,0,0,0,0,0,0,0,0,0,0,0,0,0,0,0,0,0,0,0,0,0,0,0,0,0,0,False
E123,2018-10,0,0,0,0,0,0,0,0,0,0,0,0,0,0,0,0,0,0,0,0,0,0,0,0,0,0,False
E123,2018-11,0,0,0,0,0,0,0,0,0,0,0,0,0,26,0,26,0,0,26,0,0,0,0,0,0,0,False
E123,2018-12,1,1,0,1,0,0,1,0,0,0.028,0,0.028,0.028,0,0,0,0,0,0,0,0,0,0,0,0,0,True
E123,2019-01,0,0,0,0,0,0,0,0,0,0,0,0,0,2,2,0,2,0,0,2,0,0,0.04395,0,0.04395,0.04395,True
E123,2019-02,0,0,0,0,0,0,0,0,0,0,0,0,0,0,0,0,0,0,0,0,0,0,0,0,0,0,False
E123,2019-03,0,0,0,0,0,0,0,0,0,0,0,0,0,1,1,0,1,0,0,1,0,0,0.05895,0,0.05895,0.05895,True
E123,2019-04,0,0,0,0,0,0,0,0,0,0,0,0,0,0,0,0,0,0,0,0,0,0,0,0,0,0,False
E123,2019-05,0,0,0,0,0,0,0,0,0,0,0,0,0,1,1,0,1,0,0,1,0,0,0.24016,0,0.24016,0.24016,True
E123,2019-06,0,0,0,0,0,0,0,0,0,0,0,0,0,0,0,0,0,0,0,0,0,0,0,0,0,0,False
E123,2019-07,0,0,0,0,0,0,0,0,0,0,0,0,0,0,0,0,0,0,0,0,0,0,0,0,0,0,False
E123,2019-08,0,0,0,0,0,0,0,0,0,0,0,0,0,2,2,0,2,0,0,2,0,0,0.77142,0,0.77142,0.77142,True
E123,2019-09,0,0,0,0,0,0,0,0,0,0,0,0,0,0,0,0,0,0,0,0,0,0,0,0,0,0,False
E123,2019-10,0,0,0,0,0,0,0,0,0,0,0,0,0,0,0,0,0,0,0,0,0,0,0,0,0,0,False
E123,2019-11,0,0,0,0,0,0,0,0,0,0,0,0,0,0,0,0,0,0,0,0,0,0,0,0,0,0,False
E123,2019-12,1,1,0,1,0,0,1,0,0,0.028,0,0.028,0.028,9,5,4,9,0,0,5,0,0,2.89125,0,2.89125,2.89125,True
E123,2020-01,0,0,0,0,0,0,0,0,0,0,0,0,0,0,0,0,0,0,0,0,0,0,0,0,0,0,False
E123,2020-02,0,0,0,0,0,0,0,0,0,0,0,0,0,0,0,0,0,0,0,0,0,0,0,0,0,0,False
E13,2016-10,0,0,0,0,0,0,0,0,0,0,0,0,0,0,0,0,0,0,0,0,0,0,0,0,0,0,False
E13,2016-11,0,0,0,0,0,0,0,0,0,0,0,0,0,0,0,0,0,0,0,0,0,0,0,0,0,0,False
E13,2016-12,0,0,0,0,0,0,0,0,0,0,0,0,0,0,0,0,0,0,0,0,0,0,0,0,0,0,False
E13,2017-01,63,60,3,61,2,0,58,2,0,204.67812,4.656,200.02212,209.33412,193,184,9,191,2,0,182,2,0,454.257184,2.4455,451.811684,456.702684,True
E13,2017-02,76,75,1,76,0,0,75,0,0,357.670439,0,357.670439,357.670439,871,203,668,214,1,656,202,1,0,474.827655,0.48,474.347655,475.307655,True
E13,2017-03,76,74,2,76,0,0,74,0,0,231.930813,0,231.930813,231.930813,226,213,13,226,0,0,213,0,0,531.049656,0,531.049656,531.049656,True
E13,2017-04,66,63,3,66,0,0,63,0,0,186.369168,0,186.369168,186.369168,200,191,9,199,1,0,190,1,0,615.468895,1.8305,613.638395,617.299395,True
E13,2017-05,87,86,1,87,0,0,86,0,0,330.300747,0,330.300747,330.300747,246,220,26,245,1,0,219,1,0,678.47406,5.031,673.44306,683.50506,True
E13,2017-06,119,111,8,117,2,0,110,1,0,377.473759,0.09,377.383759,377.563759,218,205,13,215,2,1,203,2,0,1179.010566,0.2052,1178.805366,1179.215766,True
E13,2017-07,148,139,9,148,0,0,139,0,0,420.555485,0,420.555485,420.555485,193,177,16,191,2,0,175,2,0,394.254515,36.0926,358.161915,430.347115,True
E13,2017-08,204,197,7,204,0,0,197,0,0,460.994201,0,460.994201,460.994201,259,242,17,257,1,1,241,1,0,970.61118,5.5572,965.05398,976.16838,True
E13,2017-09,287,280,7,287,0,0,280,0,0,289.732092,0,289.732092,289.732092,217,205,12,210,7,0,198,7,0,867.792002,233.8008,633.991202,1101.592802,True
E13,2017-10,173,169,4,172,1,0,168,1,0,190.22621,0.09,190.13621,190.31621,210,203,7,208,2,0,201,2,0,626.915795,0.9054,626.010395,627.821195,True
E13,2017-11,222,211,11,221,1,0,210,1,0,461.809272,0.271812,461.53746,462.081084,200,188,12,199,1,0,187,1,0,323.608991,0.9513,322.657691,324.560291,True
E13,2017-12,253,243,10,253,0,0,243,0,0,411.780762,0,411.780762,411.780762,245,222,23,241,4,0,219,3,0,412.570581,1.0474,411.523181,413.617981,True
E13,2018-01,271,261,10,271,0,0,261,0,0,281.931201,0,281.931201,281.931201,192,183,9,192,0,0,183,0,0,432.622106,0,432.622106,432.622106,True
E13,2018-02,259,255,4,259,0,0,255,0,0,254.58486,0,254.58486,254.58486,160,151,9,157,0,3,151,0,0,422.491371,0,422.491371,422.491371,True
E13,2018-03,413,406,7,413,0,0,406,0,0,179.862738,0,179.862738,179.862738,255,239,16,251,0,4,239,0,0,681.135251,0,681.135251,681.135251,True
E13,2018-04,496,490,6,493,3,0,487,3,0,357.346218,0.288714,357.057504,357.634932,206,190,16,205,1,0,189,1,0,243.206454,0.6425,242.563954,243.848954,True
E13,2018-05,346,335,11,345,1,0,334,1,0,176.154806,0.0664,176.088406,176.221206,196,182,14,193,3,0,179,3,0,373.060589,1.703738,371.356851,374.764327,True
E13,2018-06,429,423,6,425,4,0,419,4,0,239.643411,18.73,220.913411,258.373411,156,152,4,153,3,0,149,3,0,289.045967,1.877,287.168967,290.922967,True
E13,2018-07,431,427,4,429,2,0,425,2,0,149.045757,1.706545,147.339212,150.752302,194,184,10,192,2,0,182,2,0,246.862097,2.765,244.097097,249.627097,True
E13,2018-08,664,658,6,661,3,0,655,3,0,302.084734,0.10029,301.984444,302.185024,225,209,16,224,1,0,208,1,0,413.087746,6.03515,407.052596,419.122896,True
E13,2018-09,442,437,5,440,2,0,435,2,0,291.58605,1.9782,289.60785,293.56425,206,193,13,203,3,0,190,3,0,571.509575,2.78798,568.721595,574.297555,True
E13,2018-10,399,396,3,399,0,0,396,0,0,295.270127,0,295.270127,295.270127,258,238,20,255,2,1,236,2,0,2238.858433,7.7917,2231.066733,2246.650133,True
E13,2018-11,318,314,4,315,3,0,311,3,0,206.036974,0.991987,205.044987,207.028961,213,186,27,207,6,0,180,6,0,1230.889337,58.6624,1172.226937,1289.551737,True
E13,2018-12,533,522,11,533,0,0,522,0,0,478.716359,0,478.716359,478.716359,219,201,18,216,3,0,198,3,0,1735.430837,2.9179,1732.512937,1738.348737,True
E13,2019-01,590,576,14,588,2,0,574,2,0,421.506266,0.020477,421.485789,421.526743,212,197,15,211,1,0,196,1,0,369.482246,0.13185,369.350396,369.614096,True
E13,2019-02,510,508,2,510,0,0,508,0,0,242.210069,0,242.210069,242.210069,121,108,13,120,1,0,107,1,0,253.222695,0.055,253.167695,253.277695,True
E13,2019-03,482,478,4,482,0,0,478,0,0,144.266849,0,144.266849,144.266849,195,178,17,192,3,0,175,3,0,763.1738,5.6228,757.551,768.7966,True
E13,2019-04,486,477,9,485,1,0,476,1,0,354.351862,0.000799,354.351063,354.352661,189,172,17,187,1,1,171,1,0,771.870398,5.7815,766.088898,777.651898,True
E13,2019-05,597,587,10,596,1,0,586,1,0,220.837926,0.007727,220.830199,220.845653,209,180,29,203,6,0,174,6,0,222.853377,18.9692,203.884177,241.822577,True
E13,2019-06,583,578,5,582,1,0,577,1,0,428.640156,0.007069,428.633087,428.647225,161,147,14,159,2,0,145,2,0,232.685428,5.16065,227.524778,237.846078,True
E13,2019-07,466,462,4,464,2,0,460,2,0,203.429944,0.378867,203.051077,203.808811,168,161,7,167,0,1,161,0,0,291.257773,0,291.257773,291.257773,True
E13,2019-08,373,370,3,371,2,0,368,2,0,118.063698,3.261695,114.802003,121.325393,180,163,17,176,4,0,159,4,0,593.661832,22.35546,571.306372,616.017292,True
E13,2019-09,535,534,1,535,0,0,534,0,0,195.905196,0,195.905196,195.905196,152,135,17,152,0,0,135,0,0,271.96676,0,271.96676,271.96676,True
E13,2019-10,488,480,8,485,3,0,477,3,0,355.627241,8.085198,347.542043,363.712439,154,134,20,152,2,0,132,2,0,319.21978,6.47016,312.74962,325.68994,True
E13,2019-11,364,363,1,364,0,0,363,0,0,153.287799,0,153.287799,153.287799,178,166,12,174,4,0,162,4,0,907.300937,7.0904,900.210537,914.391337,True
E13,2019-12,603,595,8,603,0,0,595,0,0,209.887814,0,209.887814,209.887814,226,209,17,223,2,1,207,2,0,3239.111958,1.457535,3237.654423,3240.569493,True
E13,2020-01,447,445,2,444,3,0,442,3,0,180.766385,1.4388,179.327585,182.205185,100,95,5,99,0,1,95,0,0,201.21381,0,201.21381,201.21381,True
E13,2020-02,170,170,0,169,1,0,169,1,0,40.455779,0.00041,40.455369,40.456189,2,2,0,2,0,0,2,0,0,0.365518,0,0.365518,0.365518,True
E14,2016-10,0,0,0,0,0,0,0,0,0,0,0,0,0,0,0,0,0,0,0,0,0,0,0,0,0,0,False
E14,2016-11,0,0,0,0,0,0,0,0,0,0,0,0,0,0,0,0,0,0,0,0,0,0,0,0,0,0,False
E14,2016-12,0,0,0,0,0,0,0,0,0,0,0,0,0,0,0,0,0,0,0,0,0,0,0,0,0,0,False
E14,2017-01,103,92,11,100,3,0,89,3,0,233.515774,11.5438,221.971974,245.059574,69,65,4,69,0,0,65,0,0,786.3721,0,786.3721,786.3721,True
E14,2017-02,69,65,4,69,0,0,65,0,0,85.260937,0,85.260937,85.260937,51,48,3,50,1,0,47,1,0,310.6706,4.019,306.6516,314.6896,True
E14,2017-03,100,92,8,98,2,0,90,2,0,145.942083,3.3918,142.550283,149.333883,80,69,11,80,0,0,69,0,0,438.2189,0,438.2189,438.2189,True
E14,2017-04,83,72,11,80,3,0,69,3,0,150.857864,11.03984,139.818024,161.897704,58,55,3,58,0,0,55,0,0,407.1361,0,407.1361,407.1361,True
E14,2017-05,99,92,7,99,0,0,92,0,0,193.309775,0,193.309775,193.309775,74,70,4,74,0,0,70,0,0,383.431,0,383.431,383.431,True
E14,2017-06,113,97,16,109,4,0,93,4,0,181.483605,18.157888,163.325717,199.641493,88,85,3,88,0,0,85,0,0,550.2278,0,550.2278,550.2278,True
E14,2017-07,129,115,14,126,3,0,112,3,0,189.648171,6.781089,182.867082,196.42926,64,59,5,63,1,0,58,1,0,600.7584,15.671,585.0874,616.4294,True
E14,2017-08,127,119,8,126,1,0,118,1,0,237.586463,5.694168,231.892295,243.280631,93,86,7,92,1,0,85,1,0,752.7788,1.046,751.7328,753.8248,True
E14,2017-09,185,164,21,180,5,0,159,5,0,268.041009,3.1094,264.931609,271.150409,106,101,5,104,2,0,99,2,0,742.8161,19.49,723.3261,762.3061,True
E14,2017-10,192,166,26,190,2,0,164,2,0,258.373031,2.036727,256.336304,260.409758,90,79,11,90,0,0,79,0,0,507.6384,0,507.6384,507.6384,True
E14,2017-11,229,194,35,227,2,0,192,2,0,949.119775,10.76875,938.351025,959.888525,131,108,23,130,1,0,107,1,0,1324.63855,2.95,1321.68855,1327.58855,True
E14,2017-12,218,201,17,217,1,0,200,1,0,1292.504692,2.968675,1289.536017,1295.473367,121,115,6,119,2,0,113,2,0,1109.6863,15.6265,1094.0598,1125.3128,True
E14,2018-01,244,202,42,237,7,0,195,7,0,307.396402,55.70356,251.692842,363.099962,106,95,11,105,1,0,94,1,0,925.00488,21.42,903.58488,946.42488,True
E14,2018-02,150,130,20,145,5,0,125,5,0,244.466233,8.220378,236.245855,252.686611,40,38,2,40,0,0,38,0,0,328.0711,0,328.0711,328.0711,True
E14,2018-03,214,193,21,209,5,0,188,5,0,285.339453,2.038577,283.300876,287.37803,76,71,5,76,0,0,71,0,0,527.021467,0,527.021467,527.021467,True
E14,2018-04,303,279,24,300,3,0,276,3,0,338.310985,1.31466,336.996325,339.625645,120,111,9,113,7,0,104,7,0,633.137563,36.990467,596.147096,670.12803,True
E14,2018-05,231,204,27,223,8,0,196,8,0,261.782907,20.00495,241.777957,281.787857,95,84,11,92,3,0,81,3,0,630.694016,11.76,618.934016,642.454016,True
E14,2018-06,233,212,21,226,7,0,205,7,0,243.418367,11.861006,231.557361,255.279373,89,81,8,87,2,0,79,2,0,629.842535,9.718,620.124535,639.560535,True
E14,2018-07,223,195,28,215,8,0,187,8,0,247.067882,28.479296,218.588586,275.547178,86,80,6,86,0,0,80,0,0,567.757439,0,567.757439,567.757439,True
E14,2018-08,188,178,10,186,2,0,176,2,0,226.210202,0.493,225.717202,226.703202,99,87,12,98,1,0,86,1,0,625.960963,2.26,623.700963,628.220963,True
E14,2018-09,182,176,6,180,2,0,174,2,0,207.635399,0.51166,207.123739,208.147059,111,99,12,110,1,0,98,1,0,613.7119,6.757,606.9549,620.4689,True
E14,2018-10,218,208,10,217,1,0,207,1,0,202.470007,0.001489,202.468518,202.471496,93,92,1,92,1,0,91,1,0,722.101069,1.4,720.701069,723.501069,True
E14,2018-11,253,235,18,252,1,0,234,1,0,260.53735,0.1662,260.37115,260.70355,118,106,12,114,4,0,103,3,0,956.642153,11.779,944.863153,968.421153,True
E14,2018-12,283,272,11,281,2,0,270,2,0,2236.261092,4.952251,2231.308841,2241.213343,158,147,11,157,1,0,146,1,0,1341.873362,2.219,1339.654362,1344.092362,True
E14,2019-01,220,209,11,216,4,0,205,4,0,291.563123,5.528187,286.034936,297.09131,103,97,6,101,2,0,95,2,0,710.5803,52.495,658.0853,763.0753,True
E14,2019-02,168,160,8,166,2,0,158,2,0,84.253545,0.146169,84.107376,84.399714,32,30,2,32,0,0,30,0,0,305.7916,0,305.7916,305.7916,True
E14,2019-03,243,228,15,240,3,0,225,3,0,599.761619,3.0017,596.759919,602.763319,129,125,4,127,2,0,123,2,0,736.1993,3.7144,732.4849,739.9137,True
E14,2019-04,209,201,8,206,3,0,198,3,0,105.960609,0.094692,105.865917,106.055301,76,73,3,75,1,0,72,1,0,1107.319566,1.39,1105.929566,1108.709566,True
E14,2019-05,287,276,11,279,8,0,268,8,0,343.430116,26.585598,316.844518,370.015714,96,91,5,95,1,0,90,1,0,427.601975,5.9,421.701975,433.501975,True
E14,2019-06,262,247,15,256,6,0,241,6,0,228.070632,0.391896,227.678736,228.462528,87,79,8,85,2,0,77,2,0,414.7277,2.21,412.5177,416.9377,True
E14,2019-07,256,238,18,250,6,0,232,6,0,439.491849,1.59763,437.894219,441.089479,106,99,7,106,0,0,99,0,0,671.567344,0,671.567344,671.567344,True
E14,2019-08,268,259,9,264,4,0,255,4,0,491.236373,1.734227,489.502146,492.9706,90,87,3,90,0,0,87,0,0,674.106808,0,674.106808,674.106808,True
E14,2019-09,224,215,9,222,2,0,213,2,0,445.316849,0.008228,445.308621,445.325077,114,111,3,114,0,0,111,0,0,739.270873,0,739.270873,739.270873,True
E14,2019-10,221,202,19,215,6,0,196,6,0,191.015992,1.867766,189.148226,192.883758,108,102,6,107,1,0,101,1,0,876.884672,2.2,874.684672,879.084672,True
E14,2019-11,237,227,10,228,9,0,218,9,0,216.625322,1.533975,215.091347,218.159297,115,112,3,110,5,0,107,5,0,908.152469,28.9475,879.204969,937.099969,True
E14,2019-12,113,112,1,113,0,0,112,0,0,78.830769,0,78.830769,78.830769,64,60,4,64,0,0,60,0,0,447.6285,0,447.6285,447.6285,True
E14,2020-01,0,0,0,0,0,0,0,0,0,0,0,0,0,0,0,0,0,0,0,0,0,0,0,0,0,0,False
E14,2020-02,0,0,0,0,0,0,0,0,0,0,0,0,0,0,0,0,0,0,0,0,0,0,0,0,0,0,False
E15,2016-10,0,0,0,0,0,0,0,0,0,0,0,0,0,12,11,1,12,0,0,11,0,0,101.785287,0,101.785287,101.785287,True
E15,2016-11,0,0,0,0,0,0,0,0,0,0,0,0,0,21,9,12,21,0,0,9,0,0,82.4468,0,82.4468,82.4468,True
E15,2016-12,0,0,0,0,0,0,0,0,0,0,0,0,0,274,270,4,274,0,0,270,0,0,2680.292336,0,2680.292336,2680.292336,True
E15,2017-01,0,0,0,0,0,0,0,0,0,0,0,0,0,41,41,0,41,0,0,41,0,0,383.620092,0,383.620092,383.620092,True
E15,2017-02,0,0,0,0,0,0,0,0,0,0,0,0,0,0,0,0,0,0,0,0,0,0,0,0,0,0,False
E15,2017-03,0,0,0,0,0,0,0,0,0,0,0,0,0,0,0,0,0,0,0,0,0,0,0,0,0,0,False
E15,2017-04,0,0,0,0,0,0,0,0,0,0,0,0,0,42,41,1,42,0,0,41,0,0,394.5504,0,394.5504,394.5504,True
E15,2017-05,1,1,0,1,0,0,1,0,0,0.033,0,0.033,0.033,1,1,0,1,0,0,1,0,0,7.2118,0,7.2118,7.2118,True
E15,2017-06,0,0,0,0,0,0,0,0,0,0,0,0,0,15,15,0,15,0,0,15,0,0,134.105366,0,134.105366,134.105366,True
E15,2017-07,0,0,0,0,0,0,0,0,0,0,0,0,0,91,89,2,91,0,0,89,0,0,864.268955,0,864.268955,864.268955,True
E15,2017-08,0,0,0,0,0,0,0,0,0,0,0,0,0,0,0,0,0,0,0,0,0,0,0,0,0,0,False
E15,2017-09,1,1,0,1,0,0,1,0,0,0.25,0,0.25,0.25,86,72,14,86,0,0,72,0,0,679.808095,0,679.808095,679.808095,True
E15,2017-10,1,1,0,1,0,0,1,0,0,0.24,0,0.24,0.24,21,19,2,21,0,0,19,0,0,179.902125,0,179.902125,179.902125,True
E15,2017-11,0,0,0,0,0,0,0,0,0,0,0,0,0,22,22,0,22,0,0,22,0,0,207.2515,0,207.2515,207.2515,True
E15,2017-12,0,0,0,0,0,0,0,0,0,0,0,0,0,175,174,1,175,0,0,174,0,0,1698.719001,0,1698.719001,1698.719001,True
E15,2018-01,1,1,0,1,0,0,1,0,0,0.018,0,0.018,0.018,136,132,4,136,0,0,132,0,0,1292.98509,0,1292.98509,1292.98509,True
E15,2018-02,0,0,0,0,0,0,0,0,0,0,0,0,0,0,0,0,0,0,0,0,0,0,0,0,0,0,False
E15,2018-03,1,1,0,1,0,0,1,0,0,0.028,0,0.028,0.028,0,0,0,0,0,0,0,0,0,0,0,0,0,True
E15,2018-04,1,1,0,1,0,0,1,0,0,0.096,0,0.096,0.096,0,0,0,0,0,0,0,0,0,0,0,0,0,True
E15,2018-05,0,0,0,0,0,0,0,0,0,0,0,0,0,46,46,0,46,0,0,46,0,0,438.808423,0,438.808423,438.808423,True
E15,2018-06,1,1,0,1,0,0,1,0,0,0.1406,0,0.1406,0.1406,183,176,7,183,0,0,176,0,0,1726.950595,0,1726.950595,1726.950595,True
E15,2018-07,0,0,0,0,0,0,0,0,0,0,0,0,0,25,25,0,25,0,0,25,0,0,221.695758,0,221.695758,221.695758,True
E15,2018-08,2,2,0,2,0,0,2,0,0,4.496,0,4.496,4.496,161,124,37,161,0,0,124,0,0,1217.23566,0,1217.23566,1217.23566,True
E15,2018-09,1,1,0,1,0,0,1,0,0,0.0731,0,0.0731,0.0731,38,32,6,38,0,0,32,0,0,308.651097,0,308.651097,308.651097,True
E15,2018-10,0,0,0,0,0,0,0,0,0,0,0,0,0,137,126,11,137,0,0,126,0,0,1218.109525,0,1218.109525,1218.109525,True
E15,2018-11,2,2,0,2,0,0,2,0,0,17.6672,0,17.6672,17.6672,0,0,0,0,0,0,0,0,0,0,0,0,0,True
E15,2018-12,10,10,0,10,0,0,10,0,0,65.3677,0,65.3677,65.3677,194,193,1,194,0,0,193,0,0,1899.227866,0,1899.227866,1899.227866,True
E15,2019-01,10,10,0,10,0,0,10,0,0,103.5642,0,103.5642,103.5642,108,100,8,108,0,0,100,0,0,984.804659,0,984.804659,984.804659,True
E15,2019-02,0,0,0,0,0,0,0,0,0,0,0,0,0,0,0,0,0,0,0,0,0,0,0,0,0,0,False
E15,2019-03,1,1,0,1,0,0,1,0,0,0.0049,0,0.0049,0.0049,88,59,29,88,0,0,59,0,0,580.813385,0,580.813385,580.813385,True
E15,2019-04,12,12,0,12,0,0,12,0,0,78.045799,0,78.045799,78.045799,42,42,0,42,0,0,42,0,0,395.623292,0,395.623292,395.623292,True
E15,2019-05,11,11,0,11,0,0,11,0,0,26.66664,0,26.66664,26.66664,34,34,0,34,0,0,34,0,0,333.186747,0,333.186747,333.186747,True
E15,2019-06,8,8,0,8,0,0,8,0,0,38.909205,0,38.909205,38.909205,123,121,2,123,0,0,121,0,0,1172.761037,0,1172.761037,1172.761037,True
E15,2019-07,11,11,0,11,0,0,11,0,0,79.4889,0,79.4889,79.4889,97,91,6,97,0,0,91,0,0,881.517168,0,881.517168,881.517168,True
E15,2019-08,1,1,0,1,0,0,1,0,0,0.0018,0,0.0018,0.0018,108,106,2,108,0,0,106,0,0,1020.483578,0,1020.483578,1020.483578,True
E15,2019-09,9,9,0,9,0,0,9,0,0,65.0883,0,65.0883,65.0883,25,25,0,25,0,0,25,0,0,229.201516,0,229.201516,229.201516,True
E15,2019-10,7,7,0,7,0,0,7,0,0,0.2151,0,0.2151,0.2151,66,64,2,66,0,0,64,0,0,624.068063,0,624.068063,624.068063,True
E15,2019-11,0,0,0,0,0,0,0,0,0,0,0,0,0,0,0,0,0,0,0,0,0,0,0,0,0,0,False
E15,2019-12,0,0,0,0,0,0,0,0,0,0,0,0,0,0,0,0,0,0,0,0,0,0,0,0,0,0,False
E15,2020-01,0,0,0,0,0,0,0,0,0,0,0,0,0,0,0,0,0,0,0,0,0,0,0,0,0,0,False
E15,2020-02,0,0,0,0,0,0,0,0,0,0,0,0,0,0,0,0,0,0,0,0,0,0,0,0,0,0,False
E16,2016-10,0,0,0,0,0,0,0,0,0,0,0,0,0,0,0,0,0,0,0,0,0,0,0,0,0,0,False
E16,2016-11,0,0,0,0,0,0,0,0,0,0,0,0,0,0,0,0,0,0,0,0,0,0,0,0,0,0,False
E16,2016-12,0,0,0,0,0,0,0,0,0,0,0,0,0,21,21,0,21,0,0,21,0,0,1169.629422,0,1169.629422,1169.629422,True
E16,2017-01,0,0,0,0,0,0,0,0,0,0,0,0,0,21,19,2,21,0,0,19,0,0,1333.089663,0,1333.089663,1333.089663,True
E16,2017-02,0,0,0,0,0,0,0,0,0,0,0,0,0,0,0,0,0,0,0,0,0,0,0,0,0,0,False
E16,2017-03,0,0,0,0,0,0,0,0,0,0,0,0,0,6,6,0,6,0,0,6,0,0,105.217508,0,105.217508,105.217508,True
E16,2017-04,1,1,0,1,0,0,1,0,0,0.033,0,0.033,0.033,3,3,0,3,0,0,3,0,0,177,0,177,177,True
E16,2017-05,0,0,0,0,0,0,0,0,0,0,0,0,0,4,4,0,4,0,0,4,0,0,166.06785,0,166.06785,166.06785,True
E16,2017-06,3,3,0,3,0,0,3,0,0,0.756,0,0.756,0.756,10,7,3,10,0,0,7,0,0,406.924,0,406.924,406.924,True
E16,2017-07,0,0,0,0,0,0,0,0,0,0,0,0,0,3,3,0,3,0,0,3,0,0,57,0,57,57,True
E16,2017-08,0,0,0,0,0,0,0,0,0,0,0,0,0,20,19,1,20,0,0,19,0,0,1356.138503,0,1356.138503,1356.138503,True
E16,2017-09,3,3,0,3,0,0,3,0,0,0.2373,0,0.2373,0.2373,3,3,0,3,0,0,3,0,0,28.458,0,28.458,28.458,True
E16,2017-10,0,0,0,0,0,0,0,0,0,0,0,0,0,24,12,12,13,0,11,12,0,0,959.932086,0,959.932086,959.932086,True
E16,2017-11,0,0,0,0,0,0,0,0,0,0,0,0,0,12,11,1,12,0,0,11,0,0,714.08316,0,714.08316,714.08316,True
E16,2017-12,1,1,0,1,0,0,1,0,0,1.4234,0,1.4234,1.4234,10,10,0,10,0,0,10,0,0,604.230069,0,604.230069,604.230069,True
E16,2018-01,0,0,0,0,0,0,0,0,0,0,0,0,0,2,2,0,2,0,0,2,0,0,102,0,102,102,True
E16,2018-02,0,0,0,0,0,0,0,0,0,0,0,0,0,16,15,1,16,0,0,15,0,0,1050.380243,0,1050.380243,1050.380243,True
E16,2018-03,1,1,0,1,0,0,1,0,0,0.032,0,0.032,0.032,2,2,0,2,0,0,2,0,0,12,0,12,12,True
E16,2018-04,8,8,0,8,0,0,8,0,0,0.823502,0,0.823502,0.823502,6,6,0,6,0,0,6,0,0,448.352593,0,448.352593,448.352593,True
E16,2018-05,7,7,0,7,0,0,7,0,0,0.819687,0,0.819687,0.819687,25,16,9,25,0,0,16,0,0,1131.424309,0,1131.424309,1131.424309,True
E16,2018-06,7,7,0,7,0,0,7,0,0,1.792725,0,1.792725,1.792725,8,7,1,8,0,0,7,0,0,486,0,486,486,True
E16,2018-07,12,12,0,12,0,0,12,0,0,1.257591,0,1.257591,1.257591,12,11,1,12,0,0,11,0,0,325.804054,0,325.804054,325.804054,True
E16,2018-08,5,5,0,5,0,0,5,0,0,0.316632,0,0.316632,0.316632,7,7,0,7,0,0,7,0,0,276.361551,0,276.361551,276.361551,True
E16,2018-09,20,19,1,20,0,0,19,0,0,1.352712,0,1.352712,1.352712,6,5,1,6,0,0,5,0,0,153.483582,0,153.483582,153.483582,True
E16,2018-10,8,8,0,8,0,0,8,0,0,0.421344,0,0.421344,0.421344,32,24,8,32,0,0,24,0,0,1678.976564,0,1678.976564,1678.976564,True
E16,2018-11,14,14,0,14,0,0,14,0,0,0.884166,0,0.884166,0.884166,17,17,0,17,0,0,17,0,0,971.99207,0,971.99207,971.99207,True
E16,2018-12,11,11,0,11,0,0,11,0,0,1.237024,0,1.237024,1.237024,43,40,3,43,0,0,40,0,0,2362.613128,0,2362.613128,2362.613128,True
E16,2019-01,6,6,0,6,0,0,6,0,0,0.84938,0,0.84938,0.84938,16,13,3,16,0,0,13,0,0,668.544145,0,668.544145,668.544145,True
E16,2019-02,9,9,0,9,0,0,9,0,0,0.752587,0,0.752587,0.752587,8,8,0,8,0,0,8,0,0,379.1391,0,379.1391,379.1391,True
E16,2019-03,12,12,0,12,0,0,12,0,0,0.97919,0,0.97919,0.97919,4,4,0,4,0,0,4,0,0,118.1031,0,118.1031,118.1031,True
E16,2019-04,21,21,0,21,0,0,21,0,0,1.4355,0,1.4355,1.4355,9,8,1,9,0,0,8,0,0,334.110541,0,334.110541,334.110541,True
E16,2019-05,26,26,0,26,0,0,26,0,0,1.434562,0,1.434562,1.434562,15,15,0,15,0,0,15,0,0,1084.5,0,1084.5,1084.5,True
E16,2019-06,23,23,0,23,0,0,23,0,0,5.662282,0,5.662282,5.662282,3,3,0,3,0,0,3,0,0,80.932675,0,80.932675,80.932675,True
E16,2019-07,23,23,0,22,1,0,22,1,0,3.171248,2.05,1.121248,5.221248,5,5,0,5,0,0,5,0,0,241,0,241,241,True
E16,2019-08,20,20,0,20,0,0,20,0,0,1.3655,0,1.3655,1.3655,9,9,0,9,0,0,9,0,0,443.529324,0,443.529324,443.529324,True
E16,2019-09,13,13,0,13,0,0,13,0,0,1.808819,0,1.808819,1.808819,14,12,2,14,0,0,12,0,0,311.90848,0,311.90848,311.90848,True
E16,2019-10,7,7,0,7,0,0,7,0,0,0.3528,0,0.3528,0.3528,6,6,0,6,0,0,6,0,0,226,0,226,226,True
E16,2019-11,9,9,0,9,0,0,9,0,0,0.549125,0,0.549125,0.549125,11,11,0,11,0,0,11,0,0,237.018874,0,237.018874,237.018874,True
E16,2019-12,20,20,0,20,0,0,20,0,0,1.576766,0,1.576766,1.576766,26,26,0,26,0,0,26,0,0,1153.724,0,1153.724,1153.724,True
E16,2020-01,0,0,0,0,0,0,0,0,0,0,0,0,0,0,0,0,0,0,0,0,0,0,0,0,0,0,False
E16,2020-02,0,0,0,0,0,0,0,0,0,0,0,0,0,0,0,0,0,0,0,0,0,0,0,0,0,0,False
E17,2016-10,9,6,3,9,0,0,6,0,0,24.959296,0,24.959296,24.959296,13,13,0,13,0,0,13,0,0,76.582676,0,76.582676,76.582676,True
E17,2016-11,30,12,18,29,1,0,11,1,0,14.42164,9.482096,4.939544,23.903736,18,15,3,17,1,0,14,1,0,92.6,0.3,92.3,92.9,True
E17,2016-12,12,12,0,12,0,0,12,0,0,29.448413,0,29.448413,29.448413,34,29,5,34,0,0,29,0,0,204.347173,0,204.347173,204.347173,True
E17,2017-01,19,18,1,19,0,0,18,0,0,33.9218,0,33.9218,33.9218,15,15,0,15,0,0,15,0,0,321.307521,0,321.307521,321.307521,True
E17,2017-02,6,6,0,6,0,0,6,0,0,36.37417,0,36.37417,36.37417,2,2,0,2,0,0,2,0,0,6.333,0,6.333,6.333,True
E17,2017-03,15,15,0,15,0,0,15,0,0,45.477787,0,45.477787,45.477787,7,7,0,7,0,0,7,0,0,129.237712,0,129.237712,129.237712,True
E17,2017-04,33,33,0,33,0,0,33,0,0,80.542646,0,80.542646,80.542646,5,4,1,5,0,0,4,0,0,6.854663,0,6.854663,6.854663,True
E17,2017-05,37,37,0,37,0,0,37,0,0,71.614146,0,71.614146,71.614146,11,10,1,11,0,0,10,0,0,341.6287,0,341.6287,341.6287,True
E17,2017-06,50,49,1,50,0,0,49,0,0,194.777458,0,194.777458,194.777458,16,11,5,15,0,1,11,0,0,229.468401,0,229.468401,229.468401,True
E17,2017-07,115,112,3,115,0,0,112,0,0,269.379825,0,269.379825,269.379825,16,11,5,16,0,0,11,0,0,493.324045,0,493.324045,493.324045,True
E17,2017-08,127,124,3,125,2,0,122,2,0,224.642383,1.286055,223.356328,225.928438,11,10,1,10,1,0,9,1,0,205.34352,0.48,204.86352,205.82352,True
E17,2017-09,232,216,16,224,8,0,208,8,0,294.13663,13.62408,280.51255,307.76071,17,15,2,17,0,0,15,0,0,441.28852,0,441.28852,441.28852,True
E17,2017-10,108,105,3,108,0,0,105,0,0,229.289373,0,229.289373,229.289373,12,12,0,9,3,0,9,3,0,270.514768,138.790044,131.724724,409.304812,True
E17,2017-11,170,163,7,170,0,0,163,0,0,277.877769,0,277.877769,277.877769,17,16,1,17,0,0,16,0,0,573.921585,0,573.921585,573.921585,True
E17,2017-12,214,201,13,213,1,0,200,1,0,455.769322,0.3,455.469322,456.069322,30,22,8,29,1,0,21,1,0,325.538569,34.4099,291.128669,359.948469,True
E17,2018-01,288,280,8,288,0,0,280,0,0,641.893765,0,641.893765,641.893765,26,19,7,26,0,0,19,0,0,673.771165,0,673.771165,673.771165,True
E17,2018-02,132,120,12,132,0,0,120,0,0,340.637455,0,340.637455,340.637455,26,19,7,22,4,0,15,4,0,592.988814,141.80397,451.184844,734.792784,True
E17,2018-03,186,180,6,185,1,0,179,1,0,499.848008,0.9999,498.848108,500.847908,11,9,2,11,0,0,9,0,0,495.822907,0,495.822907,495.822907,True
E17,2018-04,266,256,10,266,0,0,256,0,0,652.847566,0,652.847566,652.847566,5,3,2,5,0,0,3,0,0,105.338923,0,105.338923,105.338923,True
E17,2018-05,226,211,15,224,2,0,209,2,0,699.577741,16.095,683.482741,715.672741,24,14,10,24,0,0,14,0,0,545.341545,0,545.341545,545.341545,True
E17,2018-06,339,291,48,332,7,0,284,7,0,639.840626,130.27402,509.566606,770.114646,11,7,4,11,0,0,7,0,0,271.472567,0,271.472567,271.472567,True
E17,2018-07,414,382,32,394,20,0,362,20,0,704.399666,20,684.399666,724.399666,18,15,3,18,0,0,15,0,0,601.113402,0,601.113402,601.113402,True
E17,2018-08,254,234,20,251,3,0,231,3,0,552.206315,2.6433,549.563015,554.849615,16,14,2,15,1,0,13,1,0,524.241585,6.816,517.425585,531.057585,True
E17,2018-09,247,236,11,244,3,0,233,3,0,474.651145,83.699723,390.951422,558.350868,20,17,3,20,0,0,17,0,0,740.674976,0,740.674976,740.674976,True
E17,2018-10,235,218,17,234,1,0,217,1,0,599.941824,0.75,599.191824,600.691824,12,10,2,12,0,0,10,0,0,409.626569,0,409.626569,409.626569,True
E17,2018-11,240,235,5,239,1,0,234,1,0,442.107108,0.01776,442.089348,442.124868,13,11,2,13,0,0,11,0,0,202.703083,0,202.703083,202.703083,True
E17,2018-12,215,187,28,214,1,0,186,1,0,332.856794,1.46,331.396794,334.316794,34,27,7,34,0,0,27,0,0,1034.705781,0,1034.705781,1034.705781,True
E17,2019-01,617,589,28,610,7,0,582,7,0,1137.086238,6.492,1130.594238,1143.578238,42,34,8,42,0,0,34,0,0,1184.190161,0,1184.190161,1184.190161,True
E17,2019-02,142,138,4,142,0,0,138,0,0,210.568625,0,210.568625,210.568625,8,7,1,7,1,0,6,1,0,384.46985,4.9,379.56985,389.36985,True
E17,2019-03,229,218,11,227,2,0,216,2,0,347.705576,1.4765,346.229076,349.182076,16,16,0,16,0,0,16,0,0,500.839822,0,500.839822,500.839822,True
E17,2019-04,377,348,29,365,12,0,336,12,0,525.597103,7.55,518.047103,533.147103,20,16,4,20,0,0,16,0,0,815.563754,0,815.563754,815.563754,True
E17,2019-05,274,258,16,271,3,0,255,3,0,340.203024,14.35575,325.847274,354.558774,18,16,2,18,0,0,16,0,0,397.238494,0,397.238494,397.238494,True
E17,2019-06,300,293,7,299,1,0,292,1,0,625.93152,10.61775,615.31377,636.54927,24,22,2,23,1,0,21,1,0,492.758738,13.315334,479.443404,506.074072,True
E17,2019-07,393,379,14,381,12,0,367,12,0,750.96941,11.79978,739.16963,762.76919,35,27,8,35,0,0,27,0,0,994.141733,0,994.141733,994.141733,True
E17,2019-08,286,272,14,286,0,0,272,0,0,571.7387,0,571.7387,571.7387,34,30,4,34,0,0,30,0,0,1292.608076,0,1292.608076,1292.608076,True
E17,2019-09,409,400,9,407,2,0,398,2,0,599.496191,6.905355,592.590836,606.401546,23,21,2,23,0,0,21,0,0,622.689552,0,622.689552,622.689552,True
E17,2019-10,322,309,13,321,1,0,308,1,0,649.22093,3.927,645.29393,653.14793,16,15,1,16,0,0,15,0,0,549.028641,0,549.028641,549.028641,True
E17,2019-11,0,0,0,0,0,0,0,0,0,0,0,0,0,0,0,0,0,0,0,0,0,0,0,0,0,0,False
E17,2019-12,0,0,0,0,0,0,0,0,0,0,0,0,0,0,0,0,0,0,0,0,0,0,0,0,0,0,False
E17,2020-01,0,0,0,0,0,0,0,0,0,0,0,0,0,0,0,0,0,0,0,0,0,0,0,0,0,0,False
E17,2020-02,0,0,0,0,0,0,0,0,0,0,0,0,0,0,0,0,0,0,0,0,0,0,0,0,0,0,False
E18,2016-10,0,0,0,0,0,0,0,0,0,0,0,0,0,0,0,0,0,0,0,0,0,0,0,0,0,0,False
E18,2016-11,0,0,0,0,0,0,0,0,0,0,0,0,0,0,0,0,0,0,0,0,0,0,0,0,0,0,False
E18,2016-12,67,67,0,67,0,0,67,0,0,240.289151,0,240.289151,240.289151,11,7,4,11,0,0,7,0,0,308.839496,0,308.839496,308.839496,True
E18,2017-01,27,26,1,27,0,0,26,0,0,169.75121,0,169.75121,169.75121,22,17,5,22,0,0,17,0,0,670.420413,0,670.420413,670.420413,True
E18,2017-02,3,3,0,3,0,0,3,0,0,3,0,3,3,4,3,1,4,0,0,3,0,0,252.8175,0,252.8175,252.8175,True
E18,2017-03,34,33,1,34,0,0,33,0,0,85.61787,0,85.61787,85.61787,9,9,0,8,1,0,8,1,0,193.390451,32,161.390451,225.390451,True
E18,2017-04,4,4,0,4,0,0,4,0,0,2.5179,0,2.5179,2.5179,8,8,0,7,1,0,7,1,0,302.099916,75.00401,227.095906,377.103926,True
E18,2017-05,29,28,1,29,0,0,28,0,0,116.262503,0,116.262503,116.262503,8,7,1,8,0,0,7,0,0,237.167449,0,237.167449,237.167449,True
E18,2017-06,56,50,6,56,0,0,50,0,0,108.4487,0,108.4487,108.4487,12,12,0,12,0,0,12,0,0,593.41405,0,593.41405,593.41405,True
E18,2017-07,57,53,4,57,0,0,53,0,0,104.637391,0,104.637391,104.637391,15,14,1,15,0,0,14,0,0,629.435971,0,629.435971,629.435971,True
E18,2017-08,71,69,2,71,0,0,69,0,0,208.393545,0,208.393545,208.393545,14,13,1,14,0,0,13,0,0,676.67699,0,676.67699,676.67699,True
E18,2017-09,42,41,1,42,0,0,41,0,0,188.141277,0,188.141277,188.141277,12,12,0,12,0,0,12,0,0,746.445932,0,746.445932,746.445932,True
E18,2017-10,92,88,4,92,0,0,88,0,0,178.206968,0,178.206968,178.206968,15,12,3,15,0,0,12,0,0,469.277654,0,469.277654,469.277654,True
E18,2017-11,120,116,4,119,1,0,115,1,0,142.841178,1.005,141.836178,143.846178,12,12,0,12,0,0,12,0,0,746.833651,0,746.833651,746.833651,True
E18,2017-12,207,197,10,207,0,0,197,0,0,1894.780807,0,1894.780807,1894.780807,12,10,2,12,0,0,10,0,0,528.515255,0,528.515255,528.515255,True
E18,2018-01,233,213,20,232,1,0,212,1,0,586.447916,0.575597,585.872319,587.023513,20,19,1,20,0,0,19,0,0,1153.026419,0,1153.026419,1153.026419,True
E18,2018-02,114,101,13,114,0,0,101,0,0,181.193557,0,181.193557,181.193557,5,3,2,5,0,0,3,0,0,111,0,111,111,True
E18,2018-03,116,109,7,116,0,0,109,0,0,306.94389,0,306.94389,306.94389,9,9,0,9,0,0,9,0,0,511.32113,0,511.32113,511.32113,True
E18,2018-04,95,92,3,95,0,0,92,0,0,251.981932,0,251.981932,251.981932,9,8,1,9,0,0,8,0,0,378.984645,0,378.984645,378.984645,True
E18,2018-05,89,85,4,89,0,0,85,0,0,174.302614,0,174.302614,174.302614,8,6,2,8,0,0,6,0,0,384.645169,0,384.645169,384.645169,True
E18,2018-06,282,280,2,282,0,0,280,0,0,491.991434,0,491.991434,491.991434,8,8,0,8,0,0,8,0,0,493.928467,0,493.928467,493.928467,True
E18,2018-07,144,138,6,144,0,0,138,0,0,560.641877,0,560.641877,560.641877,19,16,3,19,0,0,16,0,0,1135.64526,0,1135.64526,1135.64526,True
E18,2018-08,115,107,8,115,0,0,107,0,0,165.805585,0,165.805585,165.805585,2,2,0,2,0,0,2,0,0,51.717113,0,51.717113,51.717113,True
E18,2018-09,616,601,15,616,0,0,601,0,0,716.234152,0,716.234152,716.234152,8,8,0,8,0,0,8,0,0,230.508789,0,230.508789,230.508789,True
E18,2018-10,60,60,0,60,0,0,60,0,0,77.045805,0,77.045805,77.045805,6,6,0,6,0,0,6,0,0,379.968118,0,379.968118,379.968118,True
E18,2018-11,139,133,6,139,0,0,133,0,0,208.286375,0,208.286375,208.286375,10,9,1,10,0,0,9,0,0,399.661869,0,399.661869,399.661869,True
E18,2018-12,184,177,7,184,0,0,177,0,0,652.791089,0,652.791089,652.791089,8,8,0,8,0,0,8,0,0,446.393953,0,446.393953,446.393953,True
E18,2019-01,262,251,11,261,1,0,250,1,0,1314.3676,8,1306.3676,1322.3676,37,37,0,37,0,0,37,0,0,2934.330867,0,2934.330867,2934.330867,True
E18,2019-02,76,74,2,72,4,0,70,4,0,167.888188,109.137,58.751188,277.025188,1,1,0,1,0,0,1,0,0,26,0,26,26,True
E18,2019-03,129,106,23,127,2,0,104,2,0,459.84134,0.72216,459.11918,460.5635,5,5,0,5,0,0,5,0,0,271.964137,0,271.964137,271.964137,True
E18,2019-04,244,194,50,241,3,0,191,3,0,257.088002,18.808498,238.279504,275.8965,7,7,0,7,0,0,7,0,0,438.7805,0,438.7805,438.7805,True
E18,2019-05,197,188,9,195,2,0,186,2,0,458.414777,1.8,456.614777,460.214777,11,10,1,11,0,0,10,0,0,911.546784,0,911.546784,911.546784,True
E18,2019-06,196,187,9,195,1,0,186,1,0,434.928664,10,424.928664,444.928664,9,9,0,9,0,0,9,0,0,668.144608,0,668.144608,668.144608,True
E18,2019-07,106,100,6,106,0,0,100,0,0,336.858645,0,336.858645,336.858645,3,3,0,3,0,0,3,0,0,134.89427,0,134.89427,134.89427,True
E18,2019-08,138,128,10,137,1,0,127,1,0,219.659437,0.15673,219.502707,219.816167,8,8,0,8,0,0,8,0,0,614.284345,0,614.284345,614.284345,True
E18,2019-09,375,359,16,375,0,0,359,0,0,766.573009,0,766.573009,766.573009,7,7,0,7,0,0,7,0,0,653.795265,0,653.795265,653.795265,True
E18,2019-10,290,282,8,289,1,0,281,1,0,346.069499,0.7872,345.282299,346.856699,11,7,4,11,0,0,7,0,0,493.256568,0,493.256568,493.256568,True
E18,2019-11,284,260,24,282,2,0,258,2,0,294.456826,0.025746,294.43108,294.482572,5,4,1,5,0,0,4,0,0,248.367844,0,248.367844,248.367844,True
E18,2019-12,472,455,17,460,12,0,443,12,0,1067.357939,13.757,1053.600939,1081.114939,11,9,2,11,0,0,9,0,0,445.142239,0,445.142239,445.142239,True
E18,2020-01,0,0,0,0,0,0,0,0,0,0,0,0,0,0,0,0,0,0,0,0,0,0,0,0,0,0,False
E18,2020-02,0,0,0,0,0,0,0,0,0,0,0,0,0,0,0,0,0,0,0,0,0,0,0,0,0,0,False
E19,2016-10,16,16,0,16,0,0,16,0,0,176.542298,0,176.542298,176.542298,42,40,2,42,0,0,40,0,0,282.56664,0,282.56664,282.56664,True
E19,2016-11,15,14,1,15,0,0,14,0,0,297.6019,0,297.6019,297.6019,84,74,10,81,3,0,71,3,0,467.32661,3.89901,463.4276,471.22562,True
E19,2016-12,40,40,0,40,0,0,40,0,0,503.911723,0,503.911723,503.911723,75,60,15,74,1,0,59,1,0,413.992599,0.27,413.722599,414.262599,True
E19,2017-01,13,11,2,13,0,0,11,0,0,504.568376,0,504.568376,504.568376,65,62,3,65,0,0,62,0,0,481.574052,0,481.574052,481.574052,True
E19,2017-02,8,8,0,8,0,0,8,0,0,219.090521,0,219.090521,219.090521,22,17,5,22,0,0,17,0,0,100.69925,0,100.69925,100.69925,True
E19,2017-03,26,25,1,26,0,0,25,0,0,410.118115,0,410.118115,410.118115,66,59,7,66,0,0,59,0,0,466.236469,0,466.236469,466.236469,True
E19,2017-04,23,22,1,23,0,0,22,0,0,357.228607,0,357.228607,357.228607,65,59,6,61,4,0,56,3,0,341.118408,16.42076,324.697648,357.539168,True
E19,2017-05,18,18,0,18,0,0,18,0,0,183.041558,0,183.041558,183.041558,47,43,4,47,0,0,43,0,0,264.401699,0,264.401699,264.401699,True
E19,2017-06,20,20,0,20,0,0,20,0,0,265.241353,0,265.241353,265.241353,47,44,3,47,0,0,44,0,0,319.756265,0,319.756265,319.756265,True
E19,2017-07,23,23,0,23,0,0,23,0,0,381.2051,0,381.2051,381.2051,58,54,4,57,1,0,53,1,0,391.131477,2.67932,388.452157,393.810797,True
E19,2017-08,41,36,5,41,0,0,36,0,0,484.100259,0,484.100259,484.100259,71,60,11,70,1,0,59,1,0,438.447596,0.62,437.827596,439.067596,True
E19,2017-09,27,27,0,27,0,0,27,0,0,617.571695,0,617.571695,617.571695,64,60,4,64,0,0,60,0,0,475.429284,0,475.429284,475.429284,True
E19,2017-10,34,33,1,34,0,0,33,0,0,683.068292,0,683.068292,683.068292,64,59,5,62,2,0,57,2,0,489.718004,3.81556,485.902444,493.533564,True
E19,2017-11,40,38,2,40,0,0,38,0,0,837.427399,0,837.427399,837.427399,79,75,4,79,0,0,75,0,0,646.967031,0,646.967031,646.967031,True
E19,2017-12,38,35,3,38,0,0,35,0,0,702.239713,0,702.239713,702.239713,108,103,5,107,1,0,102,1,0,839.998237,2.11395,837.884287,842.112187,True
E19,2018-01,67,66,1,67,0,0,66,0,0,682.561664,0,682.561664,682.561664,113,106,7,113,0,0,106,0,0,893.424054,0,893.424054,893.424054,True
E19,2018-02,7,7,0,7,0,0,7,0,0,100.865774,0,100.865774,100.865774,57,54,3,57,0,0,54,0,0,396.039547,0,396.039547,396.039547,True
E19,2018-03,47,44,3,47,0,0,44,0,0,746.001469,0,746.001469,746.001469,86,79,7,86,0,0,79,0,0,665.79294,0,665.79294,665.79294,True
E19,2018-04,62,60,2,62,0,0,60,0,0,1221.303393,0,1221.303393,1221.303393,125,111,14,124,1,0,110,1,0,878.902591,2.2062,876.696391,881.108791,True
E19,2018-05,53,52,1,53,0,0,52,0,0,807.361272,0,807.361272,807.361272,104,92,12,104,0,0,92,0,0,732.00096,0,732.00096,732.00096,True
E19,2018-06,52,52,0,52,0,0,52,0,0,720.898798,0,720.898798,720.898798,105,95,10,104,1,0,94,1,0,765.849421,11.594,754.255421,777.443421,True
E19,2018-07,28,27,1,28,0,0,27,0,0,653.256645,0,653.256645,653.256645,116,106,10,100,16,0,90,16,0,731.614371,149.162493,582.451878,880.776864,True
E19,2018-08,29,29,0,29,0,0,29,0,0,643.089745,0,643.089745,643.089745,100,95,5,100,0,0,95,0,0,782.647512,0,782.647512,782.647512,True
E19,2018-09,49,48,1,49,0,0,48,0,0,709.803909,0,709.803909,709.803909,121,112,9,113,8,0,104,8,0,891.730926,67.280968,824.449958,959.011894,True
E19,2018-10,52,52,0,52,0,0,52,0,0,737.644829,0,737.644829,737.644829,79,74,5,79,0,0,74,0,0,606.590031,0,606.590031,606.590031,True
E19,2018-11,65,63,2,65,0,0,63,0,0,741.103751,0,741.103751,741.103751,135,130,5,128,7,0,123,7,0,999.743814,62.480968,937.262846,1062.224782,True
E19,2018-12,135,134,1,135,0,0,134,0,0,1468.470856,0,1468.470856,1468.470856,125,115,10,125,0,0,115,0,0,882.170117,0,882.170117,882.170117,True
E19,2019-01,76,75,1,74,2,0,73,2,0,660.341711,15.961,644.380711,676.302711,136,120,16,134,2,0,118,2,0,885.051752,18.78914,866.262612,903.840892,True
E19,2019-02,23,23,0,22,1,0,22,1,0,337.523137,0.6,336.923137,338.123137,57,55,2,47,10,0,45,10,0,392.133031,92.485001,299.64803,484.618032,True
E19,2019-03,101,96,5,101,0,0,96,0,0,883.426359,0,883.426359,883.426359,117,110,7,115,2,0,108,2,0,709.890007,18.688383,691.201624,728.57839,True
E19,2019-04,45,42,3,45,0,0,42,0,0,352.62474,0,352.62474,352.62474,92,68,24,90,2,0,66,2,0,485.324801,12.96341,472.361391,498.288211,True
E19,2019-05,39,39,0,39,0,0,39,0,0,455.787468,0,455.787468,455.787468,51,47,4,51,0,0,47,0,0,293.837992,0,293.837992,293.837992,True
E19,2019-06,32,32,0,32,0,0,32,0,0,588.096177,0,588.096177,588.096177,100,91,9,100,0,0,91,0,0,727.563533,0,727.563533,727.563533,True
E19,2019-07,41,39,2,41,0,0,39,0,0,476.340601,0,476.340601,476.340601,92,76,16,92,0,0,76,0,0,620.357392,0,620.357392,620.357392,True
E19,2019-08,44,44,0,44,0,0,44,0,0,583.054255,0,583.054255,583.054255,108,99,9,108,0,0,99,0,0,810.989678,0,810.989678,810.989678,True
E19,2019-09,50,49,1,50,0,0,49,0,0,519.689226,0,519.689226,519.689226,87,84,3,83,4,0,80,4,0,635.996702,16.491138,619.505564,652.48784,True
E19,2019-10,45,45,0,45,0,0,45,0,0,518.414042,0,518.414042,518.414042,36,33,3,36,0,0,33,0,0,186.462422,0,186.462422,186.462422,True
E19,2019-11,0,0,0,0,0,0,0,0,0,0,0,0,0,0,0,0,0,0,0,0,0,0,0,0,0,0,False
E19,2019-12,0,0,0,0,0,0,0,0,0,0,0,0,0,0,0,0,0,0,0,0,0,0,0,0,0,0,False
E19,2020-01,0,0,0,0,0,0,0,0,0,0,0,0,0,0,0,0,0,0,0,0,0,0,0,0,0,0,False
E19,2020-02,0,0,0,0,0,0,0,0,0,0,0,0,0,0,0,0,0,0,0,0,0,0,0,0,0,0,False
E2,2016-10,0,0,0,0,0,0,0,0,0,0,0,0,0,0,0,0,0,0,0,0,0,0,0,0,0,0,False
E2,2016-11,0,0,0,0,0,0,0,0,0,0,0,0,0,0,0,0,0,0,0,0,0,0,0,0,0,0,False
E2,2016-12,0,0,0,0,0,0,0,0,0,0,0,0,0,0,0,0,0,0,0,0,0,0,0,0,0,0,False
E2,2017-01,33,32,1,33,0,0,32,0,0,327.919343,0,327.919343,327.919343,262,244,18,257,5,0,239,5,0,1749.132067,31.9485,1717.183567,1781.080567,True
E2,2017-02,24,24,0,24,0,0,24,0,0,27.977119,0,27.977119,27.977119,64,53,11,60,4,0,49,4,0,190.9991,31.8622,159.1369,222.8613,True
E2,2017-03,80,77,3,80,0,0,77,0,0,427.219143,0,427.219143,427.219143,171,165,6,167,4,0,161,4,0,851.69917,19.2101,832.48907,870.90927,True
E2,2017-04,38,37,1,38,0,0,37,0,0,73.608317,0,73.608317,73.608317,101,95,6,97,4,0,91,4,0,317.782325,10.764303,307.018022,328.546628,True
E2,2017-05,43,41,2,43,0,0,41,0,0,315.138264,0,315.138264,315.138264,156,144,12,155,1,0,143,1,0,654.772986,7.616,647.156986,662.388986,True
E2,2017-06,110,100,10,110,0,0,100,0,0,141.286914,0,141.286914,141.286914,398,383,15,391,6,1,377,6,0,2750.453964,9.958546,2740.495418,2760.41251,True
E2,2017-07,267,252,15,266,1,0,251,1,0,310.480091,4.28668,306.193411,314.766771,158,148,10,153,5,0,144,4,0,799.325062,2.274,797.051062,801.599062,True
E2,2017-08,397,389,8,397,0,0,389,0,0,240.542821,0,240.542821,240.542821,211,198,13,209,1,1,197,1,0,897.776067,6.4,891.376067,904.176067,True
E2,2017-09,409,383,26,408,1,0,382,1,0,252.71416,0.392,252.32216,253.10616,275,262,13,265,10,0,252,10,0,1618.964234,58.6487,1560.315534,1677.612934,True
E2,2017-10,476,466,10,475,1,0,465,1,0,271.144059,0.246,270.898059,271.390059,240,204,36,237,3,0,201,3,0,1303.854842,19.5,1284.354842,1323.354842,True
E2,2017-11,604,578,26,603,1,0,577,1,0,666.496614,0.072762,666.423852,666.569376,406,339,67,351,55,0,285,54,0,1740.089182,396.962,1343.127182,2137.051182,True
E2,2017-12,704,686,18,704,0,0,686,0,0,873.804166,0,873.804166,873.804166,295,251,44,285,10,0,241,10,0,1495.406396,57.8401,1437.566296,1553.246496,True
E2,2018-01,768,750,18,767,1,0,749,1,0,717.44116,0.8484,716.59276,718.28956,444,409,35,430,14,0,395,14,0,2446.512414,87.9709,2358.541514,2534.483314,True
E2,2018-02,638,603,35,631,7,0,596,7,0,331.783796,13.637,318.146796,345.420796,160,154,6,154,6,0,148,6,0,1048.343195,41.031,1007.312195,1089.374195,True
E2,2018-03,1097,1077,20,1089,8,0,1069,8,0,460.582279,5.8766,454.705679,466.458879,160,153,7,160,0,0,153,0,0,609.299807,0,609.299807,609.299807,True
E2,2018-04,1281,1248,33,1272,9,0,1239,9,0,402.598682,3.7314,398.867282,406.330082,146,138,8,144,2,0,136,2,0,448.234109,0.56775,447.666359,448.801859,True
E2,2018-05,1448,1423,25,1446,2,0,1421,2,0,282.48355,0.246571,282.236979,282.730121,264,246,18,253,11,0,235,11,0,996.778509,91.0844,905.694109,1087.862909,True
E2,2018-06,1034,1009,25,1033,1,0,1008,1,0,345.530144,10,335.530144,355.530144,302,268,34,299,2,1,266,2,0,1328.050747,8.798,1319.252747,1336.848747,True
E2,2018-07,1107,1086,21,1107,0,0,1086,0,0,279.65479,0,279.65479,279.65479,279,243,36,274,4,1,239,4,0,1036.017514,19.1885,1016.829014,1055.206014,True
E2,2018-08,1271,1243,28,1268,3,0,1240,3,0,443.129148,0.892978,442.23617,444.022126,232,223,9,227,5,0,218,5,0,1028.882605,15.5022,1013.380405,1044.384805,True
E2,2018-09,1187,1165,22,1185,2,0,1163,2,0,320.519403,0.210305,320.309098,320.729708,190,185,5,188,2,0,183,2,0,734.038956,15.49,718.548956,749.528956,True
E2,2018-10,1180,1163,17,1180,0,0,1163,0,0,404.848143,0,404.848143,404.848143,187,180,7,183,4,0,176,4,0,898.854998,7.9851,890.869898,906.840098,True
E2,2018-11,1155,1136,19,1155,0,0,1136,0,0,251.990716,0,251.990716,251.990716,510,492,18,501,9,0,483,9,0,3313.819349,51.941902,3261.877447,3365.761251,True
E2,2018-12,1302,1280,22,1299,3,0,1277,3,0,1062.009206,0.6879,1061.321306,1062.697106,517,434,83,505,12,0,422,12,0,2425.510485,57.343328,2368.167157,2482.853813,True
E2,2019-01,1170,1152,18,1162,8,0,1144,8,0,996.151726,0.258988,995.892738,996.410714,591,526,65,577,14,0,512,14,0,3813.402895,85.45234,3727.950555,3898.855235,True
E2,2019-02,763,751,12,756,7,0,744,7,0,208.086272,29.682582,178.40369,237.768854,69,68,1,68,1,0,67,1,0,395.616356,2.4,393.216356,398.016356,True
E2,2019-03,1114,1093,21,1112,2,0,1091,2,0,255.381894,1.0727,254.309194,256.454594,167,157,10,163,4,0,153,4,0,646.282488,20.9902,625.292288,667.272688,True
E2,2019-04,1130,1112,18,1127,3,0,1109,3,0,463.090035,0.5134,462.576635,463.603435,234,218,16,231,3,0,215,3,0,856.704749,0.6035,856.101249,857.308249,True
E2,2019-05,1138,1123,15,1133,5,0,1118,5,0,265.274947,0.64282,264.632127,265.917767,238,220,18,232,6,0,214,6,0,825.438074,21.9398,803.498274,847.377874,True
E2,2019-06,1169,1131,38,1159,10,0,1121,10,0,216.351374,0.46993,215.881444,216.821304,284,270,14,272,12,0,258,12,0,1290.342855,57.079,1233.263855,1347.421855,True
E2,2019-07,1106,1087,19,1102,4,0,1083,4,0,412.430139,0.117456,412.312683,412.547595,441,379,62,434,7,0,372,7,0,2178.686909,30.67775,2148.009159,2209.364659,True
E2,2019-08,1026,1012,14,1019,7,0,1005,7,0,366.24694,0.051451,366.195489,366.298391,311,292,19,300,11,0,281,11,0,1483.622554,65.762118,1417.860436,1549.384672,True
E2,2019-09,1084,1062,22,1075,9,0,1053,9,0,405.577965,0.45426,405.123705,406.032225,278,246,32,270,8,0,238,8,0,1291.933176,23.91985,1268.013326,1315.853026,True
E2,2019-10,1217,1178,39,1215,2,0,1176,2,0,552.602653,0.02994,552.572713,552.632593,330,298,32,308,20,2,278,20,0,1526.690366,197.896,1328.794366,1724.586366,True
E2,2019-11,1242,1200,42,1225,17,0,1183,17,0,518.570854,5.550191,513.020663,524.121045,376,362,14,367,9,0,353,9,0,2197.991936,38.0584,2159.933536,2236.050336,True
E2,2019-12,1891,1852,39,1871,20,0,1832,20,0,1519.978945,15.191079,1504.787866,1535.170024,623,570,53,603,20,0,550,20,0,4043.517354,124.070825,3919.446529,4167.588179,True
E2,2020-01,1274,1255,19,1257,17,0,1238,17,0,932.160117,8.456305,923.703812,940.616422,482,460,22,466,16,0,444,16,0,3397.146416,107.53712,3289.609296,3504.683536,True
E2,2020-02,179,179,0,174,5,0,174,5,0,9.764033,0.154562,9.609471,9.918595,0,0,0,0,0,0,0,0,0,0,0,0,0,True
E20,2016-10,0,0,0,0,0,0,0,0,0,0,0,0,0,0,0,0,0,0,0,0,0,0,0,0,0,0,False
E20,2016-11,21,21,0,21,0,0,21,0,0,649.897659,0,649.897659,649.897659,62,58,4,62,0,0,58,0,0,637.609302,0,637.609302,637.609302,True
E20,2016-12,48,47,1,48,0,0,47,0,0,637.885114,0,637.885114,637.885114,85,83,2,85,0,0,83,0,0,867.639642,0,867.639642,867.639642,True
E20,2017-01,15,12,3,15,0,0,12,0,0,134.680641,0,134.680641,134.680641,21,16,5,21,0,0,16,0,0,175.905163,0,175.905163,175.905163,True
E20,2017-02,39,34,5,39,0,0,34,0,0,377.725094,0,377.725094,377.725094,40,37,3,40,0,0,37,0,0,372.886019,0,372.886019,372.886019,True
E20,2017-03,11,5,6,11,0,0,5,0,0,195.781185,0,195.781185,195.781185,12,12,0,12,0,0,12,0,0,99.842173,0,99.842173,99.842173,True
E20,2017-04,8,8,0,8,0,0,8,0,0,300.405334,0,300.405334,300.405334,33,32,1,33,0,0,32,0,0,318.855508,0,318.855508,318.855508,True
E20,2017-05,11,11,0,11,0,0,11,0,0,271.529677,0,271.529677,271.529677,24,24,0,24,0,0,24,0,0,259.604643,0,259.604643,259.604643,True
E20,2017-06,8,3,5,8,0,0,3,0,0,726.262032,0,726.262032,726.262032,59,58,1,59,0,0,58,0,0,647.914579,0,647.914579,647.914579,True
E20,2017-07,58,56,2,58,0,0,56,0,0,1720.802189,0,1720.802189,1720.802189,127,127,0,127,0,0,127,0,0,1447.930132,0,1447.930132,1447.930132,True
E20,2017-08,14,13,1,14,0,0,13,0,0,240.042027,0,240.042027,240.042027,98,95,3,98,0,0,95,0,0,1090.092018,0,1090.092018,1090.092018,True
E20,2017-09,32,31,1,32,0,0,31,0,0,1188.956704,0,1188.956704,1188.956704,15,14,1,15,0,0,14,0,0,799.815267,0,799.815267,799.815267,True
E20,2017-10,4,4,0,4,0,0,4,0,0,308.134174,0,308.134174,308.134174,4,2,2,4,0,0,2,0,0,117.608079,0,117.608079,117.608079,True
E20,2017-11,16,15,1,16,0,0,15,0,0,643.864253,0,643.864253,643.864253,9,9,0,9,0,0,9,0,0,755.138512,0,755.138512,755.138512,True
E20,2017-12,10,10,0,9,1,0,9,1,0,147.666791,0.6,147.066791,148.266791,11,10,1,11,0,0,10,0,0,779.850487,0,779.850487,779.850487,True
E20,2018-01,30,16,14,30,0,0,16,0,0,271.760897,0,271.760897,271.760897,6,4,2,6,0,0,4,0,0,244.838829,0,244.838829,244.838829,True
E20,2018-02,87,87,0,87,0,0,87,0,0,1014.828046,0,1014.828046,1014.828046,7,6,1,7,0,0,6,0,0,397.783264,0,397.783264,397.783264,True
E20,2018-03,4,4,0,4,0,0,4,0,0,0.974974,0,0.974974,0.974974,0,0,0,0,0,0,0,0,0,0,0,0,0,True
E20,2018-04,24,23,1,24,0,0,23,0,0,128.771218,0,128.771218,128.771218,0,0,0,0,0,0,0,0,0,0,0,0,0,True
E20,2018-05,6,6,0,6,0,0,6,0,0,14.360686,0,14.360686,14.360686,5,5,0,5,0,0,5,0,0,463.98615,0,463.98615,463.98615,True
E20,2018-06,18,18,0,18,0,0,18,0,0,271.007516,0,271.007516,271.007516,8,7,1,8,0,0,7,0,0,700.050366,0,700.050366,700.050366,True
E20,2018-07,95,72,23,95,0,0,72,0,0,1117.373196,0,1117.373196,1117.373196,9,8,1,9,0,0,8,0,0,784.234214,0,784.234214,784.234214,True
E20,2018-08,57,42,15,56,1,0,41,1,0,753.965551,0.210626,753.754925,754.176177,12,11,1,11,0,1,11,0,0,1081.758919,0,1081.758919,1081.758919,True
E20,2018-09,53,53,0,53,0,0,53,0,0,868.268635,0,868.268635,868.268635,10,10,0,10,0,0,10,0,0,982.574384,0,982.574384,982.574384,True
E20,2018-10,43,43,0,42,1,0,42,1,0,631.09014,4.325,626.76514,635.41514,7,6,1,7,0,0,6,0,0,589.28904,0,589.28904,589.28904,True
E20,2018-11,48,48,0,48,0,0,48,0,0,871.686759,0,871.686759,871.686759,8,7,1,8,0,0,7,0,0,674.757734,0,674.757734,674.757734,True
E20,2018-12,37,36,1,37,0,0,36,0,0,758.427422,0,758.427422,758.427422,10,10,0,10,0,0,10,0,0,1005.198631,0,1005.198631,1005.198631,True
E20,2019-01,28,28,0,28,0,0,28,0,0,415.558292,0,415.558292,415.558292,10,5,5,10,0,0,5,0,0,452.810821,0,452.810821,452.810821,True
E20,2019-02,63,62,1,63,0,0,62,0,0,805.160617,0,805.160617,805.160617,9,8,1,9,0,0,8,0,0,802.152947,0,802.152947,802.152947,True
E20,2019-03,30,29,1,30,0,0,29,0,0,514.586981,0,514.586981,514.586981,5,5,0,5,0,0,5,0,0,417.233047,0,417.233047,417.233047,True
E20,2019-04,38,33,5,38,0,0,33,0,0,671.438264,0,671.438264,671.438264,9,9,0,9,0,0,9,0,0,849.378013,0,849.378013,849.378013,True
E20,2019-05,34,33,1,34,0,0,33,0,0,704.645788,0,704.645788,704.645788,12,11,1,12,0,0,11,0,0,780.860931,0,780.860931,780.860931,True
E20,2019-06,49,49,0,49,0,0,49,0,0,568.928381,0,568.928381,568.928381,8,8,0,8,0,0,8,0,0,639.845249,0,639.845249,639.845249,True
E20,2019-07,15,15,0,15,0,0,15,0,0,327.969127,0,327.969127,327.969127,4,4,0,4,0,0,4,0,0,316.317573,0,316.317573,316.317573,True
E20,2019-08,25,23,2,25,0,0,23,0,0,227.694057,0,227.694057,227.694057,10,8,2,10,0,0,8,0,0,560.241053,0,560.241053,560.241053,True
E20,2019-09,14,14,0,14,0,0,14,0,0,345.49933,0,345.49933,345.49933,6,6,0,6,0,0,6,0,0,379.054496,0,379.054496,379.054496,True
E20,2019-10,16,16,0,16,0,0,16,0,0,945.750453,0,945.750453,945.750453,11,11,0,11,0,0,11,0,0,945.911059,0,945.911059,945.911059,True
E20,2019-11,21,21,0,21,0,0,21,0,0,665.738139,0,665.738139,665.738139,11,11,0,11,0,0,11,0,0,773.237636,0,773.237636,773.237636,True
E20,2019-12,0,0,0,0,0,0,0,0,0,0,0,0,0,0,0,0,0,0,0,0,0,0,0,0,0,0,False
E20,2020-01,0,0,0,0,0,0,0,0,0,0,0,0,0,0,0,0,0,0,0,0,0,0,0,0,0,0,False
E20,2020-02,0,0,0,0,0,0,0,0,0,0,0,0,0,0,0,0,0,0,0,0,0,0,0,0,0,0,False
E21,2016-10,0,0,0,0,0,0,0,0,0,0,0,0,0,0,0,0,0,0,0,0,0,0,0,0,0,0,False
E21,2016-11,0,0,0,0,0,0,0,0,0,0,0,0,0,0,0,0,0,0,0,0,0,0,0,0,0,0,False
E21,2016-12,17,16,1,17,0,0,16,0,0,130.557356,0,130.557356,130.557356,14,14,0,14,0,0,14,0,0,120.208875,0,120.208875,120.208875,True
E21,2017-01,39,39,0,39,0,0,39,0,0,346.612894,0,346.612894,346.612894,43,39,4,43,0,0,39,0,0,370.540367,0,370.540367,370.540367,True
E21,2017-02,10,10,0,10,0,0,10,0,0,98.0396,0,98.0396,98.0396,29,29,0,29,0,0,29,0,0,288,0,288,288,True
E21,2017-03,17,17,0,17,0,0,17,0,0,130.348253,0,130.348253,130.348253,14,13,1,14,0,0,13,0,0,120.34,0,120.34,120.34,True
E21,2017-04,5,5,0,5,0,0,5,0,0,0.4996,0,0.4996,0.4996,3,3,0,3,0,0,3,0,0,30,0,30,30,True
E21,2017-05,7,7,0,7,0,0,7,0,0,11.39954,0,11.39954,11.39954,0,0,0,0,0,0,0,0,0,0,0,0,0,True
E21,2017-06,16,13,3,16,0,0,13,0,0,10.036366,0,10.036366,10.036366,4,4,0,4,0,0,4,0,0,25.877378,0,25.877378,25.877378,True
E21,2017-07,27,25,2,27,0,0,25,0,0,70.0395,0,70.0395,70.0395,8,7,1,8,0,0,7,0,0,63.68626,0,63.68626,63.68626,True
E21,2017-08,38,38,0,38,0,0,38,0,0,200.81419,0,200.81419,200.81419,3,3,0,3,0,0,3,0,0,25.155896,0,25.155896,25.155896,True
E21,2017-09,34,34,0,34,0,0,34,0,0,102.71258,0,102.71258,102.71258,12,12,0,12,0,0,12,0,0,110.34626,0,110.34626,110.34626,True
E21,2017-10,21,20,1,21,0,0,20,0,0,63.958804,0,63.958804,63.958804,0,0,0,0,0,0,0,0,0,0,0,0,0,True
E21,2017-11,60,59,1,60,0,0,59,0,0,164.277944,0,164.277944,164.277944,21,20,1,21,0,0,20,0,0,179.5206,0,179.5206,179.5206,True
E21,2017-12,48,45,3,42,6,0,39,6,0,196.031774,18.543284,177.48849,214.575058,15,15,0,15,0,0,15,0,0,141.0734,0,141.0734,141.0734,True
E21,2018-01,80,73,7,80,0,0,73,0,0,283.350584,0,283.350584,283.350584,33,20,13,33,0,0,20,0,0,181.640089,0,181.640089,181.640089,True
E21,2018-02,13,12,1,13,0,0,12,0,0,66.0353,0,66.0353,66.0353,37,37,0,37,0,0,37,0,0,338.938257,0,338.938257,338.938257,True
E21,2018-03,51,50,1,51,0,0,50,0,0,40.431133,0,40.431133,40.431133,4,4,0,4,0,0,4,0,0,30.5923,0,30.5923,30.5923,True
E21,2018-04,73,71,2,73,0,0,71,0,0,227.597473,0,227.597473,227.597473,26,26,0,26,0,0,26,0,0,253.478806,0,253.478806,253.478806,True
E21,2018-05,39,39,0,39,0,0,39,0,0,148.698469,0,148.698469,148.698469,1,1,0,1,0,0,1,0,0,10,0,10,10,True
E21,2018-06,49,45,4,49,0,0,45,0,0,103.325516,0,103.325516,103.325516,0,0,0,0,0,0,0,0,0,0,0,0,0,True
E21,2018-07,38,36,2,38,0,0,36,0,0,91.746822,0,91.746822,91.746822,4,4,0,4,0,0,4,0,0,32.43738,0,32.43738,32.43738,True
E21,2018-08,55,48,7,55,0,0,48,0,0,288.393465,0,288.393465,288.393465,18,17,1,18,0,0,17,0,0,163.4701,0,163.4701,163.4701,True
E21,2018-09,106,77,29,105,1,0,76,1,0,435.322039,3.8083,431.513739,439.130339,34,32,2,34,0,0,32,0,0,308.88354,0,308.88354,308.88354,True
E21,2018-10,82,81,1,82,0,0,81,0,0,585.603668,0,585.603668,585.603668,69,69,0,69,0,0,69,0,0,680.001,0,680.001,680.001,True
E21,2018-11,112,106,6,110,2,0,104,2,0,1125.403772,10.898,1114.505772,1136.301772,78,78,0,78,0,0,78,0,0,776.9225,0,776.9225,776.9225,True
E21,2018-12,80,71,9,79,1,0,70,1,0,600.677064,2,598.677064,602.677064,74,73,1,74,0,0,73,0,0,700.185385,0,700.185385,700.185385,True
E21,2019-01,53,48,5,53,0,0,48,0,0,473.299525,0,473.299525,473.299525,46,46,0,46,0,0,46,0,0,452.91976,0,452.91976,452.91976,True
E21,2019-02,36,36,0,36,0,0,36,0,0,116.70295,0,116.70295,116.70295,36,36,0,36,0,0,36,0,0,360,0,360,360,True
E21,2019-03,109,104,5,109,0,0,104,0,0,844.134041,0,844.134041,844.134041,109,108,1,109,0,0,108,0,0,1077.8267,0,1077.8267,1077.8267,True
E21,2019-04,62,57,5,62,0,0,57,0,0,392.940254,0,392.940254,392.940254,80,79,1,80,0,0,79,0,0,787.3463,0,787.3463,787.3463,True
E21,2019-05,83,73,10,83,0,0,73,0,0,442.857081,0,442.857081,442.857081,14,12,2,14,0,0,12,0,0,105.66658,0,105.66658,105.66658,True
E21,2019-06,82,78,4,79,3,0,75,3,0,595.599118,27.93294,567.666178,623.532058,72,72,0,72,0,0,72,0,0,700.644179,0,700.644179,700.644179,True
E21,2019-07,124,109,15,124,0,0,109,0,0,844.868647,0,844.868647,844.868647,12,12,0,12,0,0,12,0,0,111.562801,0,111.562801,111.562801,True
E21,2019-08,120,111,9,120,0,0,111,0,0,745.29654,0,745.29654,745.29654,88,87,1,88,0,0,87,0,0,851.929076,0,851.929076,851.929076,True
E21,2019-09,80,77,3,77,3,0,74,3,0,378.737259,11.7444,366.992859,390.481659,60,58,2,60,0,0,58,0,0,570.383698,0,570.383698,570.383698,True
E21,2019-10,161,151,10,159,2,0,149,2,0,930.333421,14.15275,916.180671,944.486171,112,107,5,66,46,0,61,46,0,581.340989,448.929075,132.411914,1030.270064,True
E21,2019-11,116,112,4,112,4,0,108,4,0,336.867154,18.5662,318.300954,355.433354,121,119,2,121,0,0,119,0,0,1181.751185,0,1181.751185,1181.751185,True
E21,2019-12,169,153,16,169,0,0,153,0,0,803.572186,0,803.572186,803.572186,172,172,0,172,0,0,172,0,0,1688.544001,0,1688.544001,1688.544001,True
E21,2020-01,0,0,0,0,0,0,0,0,0,0,0,0,0,0,0,0,0,0,0,0,0,0,0,0,0,0,False
E21,2020-02,0,0,0,0,0,0,0,0,0,0,0,0,0,0,0,0,0,0,0,0,0,0,0,0,0,0,False
E22,2016-10,6,6,0,6,0,0,6,0,0,19.401365,0,19.401365,19.401365,2,2,0,1,1,0,1,1,0,7.39312,7.39312,0,14.78624,True
E22,2016-11,8,8,0,8,0,0,8,0,0,28.152205,0,28.152205,28.152205,8,5,3,8,0,0,5,0,0,41.81938,0,41.81938,41.81938,True
E22,2016-12,6,6,0,6,0,0,6,0,0,42.191577,0,42.191577,42.191577,4,4,0,4,0,0,4,0,0,16.546735,0,16.546735,16.546735,True
E22,2017-01,7,7,0,7,0,0,7,0,0,24.933907,0,24.933907,24.933907,19,14,5,16,3,0,11,3,0,86.14291,14.548815,71.594095,100.691725,True
E22,2017-02,6,6,0,4,2,0,4,2,0,11.510623,14.198,-2.687377,25.708623,8,7,1,8,0,0,7,0,0,50.680754,0,50.680754,50.680754,True
E22,2017-03,10,10,0,10,0,0,10,0,0,80.242239,0,80.242239,80.242239,9,9,0,9,0,0,9,0,0,35.663588,0,35.663588,35.663588,True
E22,2017-04,22,21,1,22,0,0,21,0,0,153.620359,0,153.620359,153.620359,7,0,7,7,0,0,0,0,0,0,0,0,0,True
E22,2017-05,8,8,0,8,0,0,8,0,0,56.20566,0,56.20566,56.20566,16,14,2,16,0,0,14,0,0,115.020095,0,115.020095,115.020095,True
E22,2017-06,18,14,4,18,0,0,14,0,0,80.769703,0,80.769703,80.769703,5,5,0,5,0,0,5,0,0,27.067345,0,27.067345,27.067345,True
E22,2017-07,16,16,0,16,0,0,16,0,0,52.973025,0,52.973025,52.973025,15,8,7,15,0,0,8,0,0,62.31815,0,62.31815,62.31815,True
E22,2017-08,26,26,0,26,0,0,26,0,0,182.402293,0,182.402293,182.402293,16,14,2,16,0,0,14,0,0,143.600983,0,143.600983,143.600983,True
E22,2017-09,23,23,0,23,0,0,23,0,0,91.080489,0,91.080489,91.080489,14,14,0,14,0,0,14,0,0,130.118475,0,130.118475,130.118475,True
E22,2017-10,18,16,2,18,0,0,16,0,0,168.234766,0,168.234766,168.234766,3,3,0,3,0,0,3,0,0,28.573035,0,28.573035,28.573035,True
E22,2017-11,20,20,0,20,0,0,20,0,0,224.571314,0,224.571314,224.571314,13,13,0,13,0,0,13,0,0,121.65189,0,121.65189,121.65189,True
E22,2017-12,19,19,0,19,0,0,19,0,0,47.204188,0,47.204188,47.204188,18,16,2,18,0,0,16,0,0,158.886349,0,158.886349,158.886349,True
E22,2018-01,8,7,1,8,0,0,7,0,0,55.008087,0,55.008087,55.008087,15,15,0,15,0,0,15,0,0,139.2007,0,139.2007,139.2007,True
E22,2018-02,8,8,0,8,0,0,8,0,0,15.838353,0,15.838353,15.838353,19,19,0,19,0,0,19,0,0,177.019195,0,177.019195,177.019195,True
E22,2018-03,19,16,3,19,0,0,16,0,0,107.182257,0,107.182257,107.182257,13,12,1,13,0,0,12,0,0,87.156717,0,87.156717,87.156717,True
E22,2018-04,11,10,1,10,1,0,9,1,0,23.472989,1.1203,22.352689,24.593289,10,7,3,9,1,0,6,1,0,39.477732,6.2205,33.257232,45.698232,True
E22,2018-05,14,13,1,14,0,0,13,0,0,122.980069,0,122.980069,122.980069,23,23,0,23,0,0,23,0,0,223.747188,0,223.747188,223.747188,True
E22,2018-06,21,19,2,21,0,0,19,0,0,138.200054,0,138.200054,138.200054,24,20,4,24,0,0,20,0,0,188.643025,0,188.643025,188.643025,True
E22,2018-07,20,20,0,20,0,0,20,0,0,54.182515,0,54.182515,54.182515,32,28,4,32,0,0,28,0,0,261.956433,0,261.956433,261.956433,True
E22,2018-08,16,16,0,16,0,0,16,0,0,11.076632,0,11.076632,11.076632,14,10,4,14,0,0,10,0,0,92.969479,0,92.969479,92.969479,True
E22,2018-09,23,21,2,23,0,0,21,0,0,80.505757,0,80.505757,80.505757,8,8,0,8,0,0,8,0,0,66.475855,0,66.475855,66.475855,True
E22,2018-10,15,15,0,15,0,0,15,0,0,24.39051,0,24.39051,24.39051,20,19,1,20,0,0,19,0,0,159.198303,0,159.198303,159.198303,True
E22,2018-11,17,17,0,17,0,0,17,0,0,95.436842,0,95.436842,95.436842,13,13,0,13,0,0,13,0,0,121.540227,0,121.540227,121.540227,True
E22,2018-12,37,35,2,37,0,0,35,0,0,98.512124,0,98.512124,98.512124,11,11,0,11,0,0,11,0,0,103.776437,0,103.776437,103.776437,True
E22,2019-01,28,23,5,28,0,0,23,0,0,93.722796,0,93.722796,93.722796,46,38,8,46,0,0,38,0,0,357.693817,0,357.693817,357.693817,True
E22,2019-02,46,37,9,41,5,0,34,3,0,121.361478,30.06,91.301478,151.421478,15,14,1,15,0,0,14,0,0,135.76426,0,135.76426,135.76426,True
E22,2019-03,26,26,0,26,0,0,26,0,0,44.727629,0,44.727629,44.727629,38,30,8,38,0,0,30,0,0,255.99689,0,255.99689,255.99689,True
E22,2019-04,19,18,1,19,0,0,18,0,0,51.847478,0,51.847478,51.847478,45,40,5,45,0,0,40,0,0,368.943319,0,368.943319,368.943319,True
E22,2019-05,28,24,4,28,0,0,24,0,0,101.016866,0,101.016866,101.016866,49,47,2,49,0,0,47,0,0,442.07457,0,442.07457,442.07457,True
E22,2019-06,70,69,1,67,3,0,66,3,0,650.374959,1.756014,648.618945,652.130973,57,38,19,57,0,0,38,0,0,354.953975,0,354.953975,354.953975,True
E22,2019-07,38,37,1,38,0,0,37,0,0,210.075115,0,210.075115,210.075115,47,46,1,47,0,0,46,0,0,454.026108,0,454.026108,454.026108,True
E22,2019-08,53,53,0,53,0,0,53,0,0,141.71515,0,141.71515,141.71515,68,62,6,67,1,0,61,1,0,575.365825,4.5,570.865825,579.865825,True
E22,2019-09,48,43,5,48,0,0,43,0,0,174.577152,0,174.577152,174.577152,19,19,0,19,0,0,19,0,0,176.382995,0,176.382995,176.382995,True
E22,2019-10,29,29,0,29,0,0,29,0,0,111.995586,0,111.995586,111.995586,39,37,2,39,0,0,37,0,0,370.139747,0,370.139747,370.139747,True
E22,2019-11,0,0,0,0,0,0,0,0,0,0,0,0,0,0,0,0,0,0,0,0,0,0,0,0,0,0,False
E22,2019-12,0,0,0,0,0,0,0,0,0,0,0,0,0,0,0,0,0,0,0,0,0,0,0,0,0,0,False
E22,2020-01,0,0,0,0,0,0,0,0,0,0,0,0,0,0,0,0,0,0,0,0,0,0,0,0,0,0,False
E22,2020-02,0,0,0,0,0,0,0,0,0,0,0,0,0,0,0,0,0,0,0,0,0,0,0,0,0,0,False
E23,2016-10,26,26,0,26,0,0,26,0,0,479.033082,0,479.033082,479.033082,71,70,1,71,0,0,70,0,0,535.71168,0,535.71168,535.71168,True
E23,2016-11,100,51,49,100,0,0,51,0,0,618.865476,0,618.865476,618.865476,85,84,1,85,0,0,84,0,0,586.203623,0,586.203623,586.203623,True
E23,2016-12,36,36,0,36,0,0,36,0,0,430.659085,0,430.659085,430.659085,84,79,5,84,0,0,79,0,0,580.240983,0,580.240983,580.240983,True
E23,2017-01,53,53,0,52,1,0,52,1,0,532.742124,4.02339,528.718734,536.765514,87,85,2,87,0,0,85,0,0,634.997699,0,634.997699,634.997699,True
E23,2017-02,24,23,1,24,0,0,23,0,0,583.228808,0,583.228808,583.228808,96,95,1,96,0,0,95,0,0,694.11107,0,694.11107,694.11107,True
E23,2017-03,221,221,0,219,2,0,219,2,0,992.242488,1.391775,990.850713,993.634263,105,104,1,105,0,0,104,0,0,772.465456,0,772.465456,772.465456,True
E23,2017-04,28,27,1,27,1,0,26,1,0,612.751704,2.71377,610.037934,615.465474,95,92,3,95,0,0,92,0,0,678.73136,0,678.73136,678.73136,True
E23,2017-05,38,37,1,38,0,0,37,0,0,657.153554,0,657.153554,657.153554,86,83,3,86,0,0,83,0,0,507.837756,0,507.837756,507.837756,True
E23,2017-06,34,33,1,33,1,0,33,0,0,552.575144,0,552.575144,552.575144,87,86,1,87,0,0,86,0,0,492.094825,0,492.094825,492.094825,True
E23,2017-07,145,139,6,142,3,0,136,3,0,505.32919,30,475.32919,535.32919,89,87,2,89,0,0,87,0,0,521.14581,0,521.14581,521.14581,True
E23,2017-08,191,185,6,191,0,0,185,0,0,587.701445,0,587.701445,587.701445,78,74,4,78,0,0,74,0,0,416.481071,0,416.481071,416.481071,True
E23,2017-09,142,141,1,141,1,0,140,1,0,402.084796,1.37793,400.706866,403.462726,94,92,2,94,0,0,92,0,0,555.113443,0,555.113443,555.113443,True
E23,2017-10,118,116,2,117,1,0,115,1,0,233.59807,4.203066,229.395004,237.801136,79,78,1,79,0,0,78,0,0,528.321346,0,528.321346,528.321346,True
E23,2017-11,105,101,4,105,0,0,101,0,0,395.131727,0,395.131727,395.131727,97,97,0,97,0,0,97,0,0,616.600472,0,616.600472,616.600472,True
E23,2017-12,125,124,1,124,1,0,123,1,0,388.752874,0.241,388.511874,388.993874,109,108,1,109,0,0,108,0,0,748.039958,0,748.039958,748.039958,True
E23,2018-01,120,117,3,118,2,0,115,2,0,362.308433,1.751013,360.55742,364.059446,100,91,9,100,0,0,91,0,0,616.068448,0,616.068448,616.068448,True
E23,2018-02,95,95,0,95,0,0,95,0,0,669.071953,0,669.071953,669.071953,85,84,1,85,0,0,84,0,0,592.691946,0,592.691946,592.691946,True
E23,2018-03,160,154,6,160,0,0,154,0,0,819.268056,0,819.268056,819.268056,117,116,1,114,3,0,113,3,0,713.48232,1.8401,711.64222,715.32242,True
E23,2018-04,206,202,4,203,3,0,199,3,0,968.887601,6.749097,962.138504,975.636698,154,150,4,148,6,0,146,4,0,928.273313,11.739477,916.533836,940.01279,True
E23,2018-05,188,185,3,186,2,0,183,2,0,39.519428,0.1683,39.351128,39.687728,64,62,2,60,4,0,58,4,0,350.884586,28.356156,322.52843,379.240742,True
E23,2018-06,165,164,1,162,3,0,161,3,0,536.830341,0.2067,536.623641,537.037041,92,91,1,92,0,0,91,0,0,506.138718,0,506.138718,506.138718,True
E23,2018-07,161,153,8,160,1,0,152,1,0,504.289783,3.10845,501.181333,507.398233,86,85,1,84,2,0,83,2,0,464.914344,12.241158,452.673186,477.155502,True
E23,2018-08,153,151,2,149,4,0,147,4,0,490.330285,2.441427,487.888858,492.771712,79,77,2,78,1,0,76,1,0,403.019287,0.009864,403.009423,403.029151,True
E23,2018-09,186,176,10,186,0,0,176,0,0,486.286722,0,486.286722,486.286722,97,92,5,97,0,0,92,0,0,482.248899,0,482.248899,482.248899,True
E23,2018-10,148,146,2,145,3,0,143,3,0,411.556753,2.243121,409.313632,413.799874,97,96,1,97,0,0,96,0,0,551.657292,0,551.657292,551.657292,True
E23,2018-11,191,186,5,189,2,0,184,2,0,520.573237,0.298071,520.275166,520.871308,105,104,1,105,0,0,104,0,0,630.033423,0,630.033423,630.033423,True
E23,2018-12,167,159,8,159,8,0,151,8,0,457.044037,31.468212,425.575825,488.512249,100,99,1,100,0,0,99,0,0,743.394667,0,743.394667,743.394667,True
E23,2019-01,190,188,2,189,1,0,187,1,0,778.531161,0.0099,778.521261,778.541061,96,94,2,96,0,0,94,0,0,511.814014,0,511.814014,511.814014,True
E23,2019-02,158,153,5,158,0,0,153,0,0,938.102442,0,938.102442,938.102442,91,91,0,91,0,0,91,0,0,491.347166,0,491.347166,491.347166,True
E23,2019-03,151,150,1,150,1,0,149,1,0,631.930288,0.005001,631.925287,631.935289,116,116,0,108,8,0,108,8,0,790.251877,49.882831,740.369046,840.134708,True
E23,2019-04,224,220,4,223,1,0,219,1,0,637.60478,3.13467,634.47011,640.73945,116,115,1,114,2,0,113,2,0,576.760491,1.066965,575.693526,577.827456,True
E23,2019-05,160,156,4,156,4,0,152,4,0,604.190886,4.619555,599.571331,608.810441,120,110,10,118,2,0,108,2,0,685.479085,0.839213,684.639872,686.318298,True
E23,2019-06,144,142,2,138,6,0,136,6,0,648.511791,1.498578,647.013213,650.010369,100,97,3,99,1,0,96,1,0,512.643146,2.122865,510.520281,514.766011,True
E23,2019-07,162,161,1,154,8,0,153,8,0,453.632702,2.128628,451.504074,455.76133,144,96,48,94,3,47,93,3,0,556.154887,2.797515,553.357372,558.952402,True
E23,2019-08,162,160,2,159,3,0,157,3,0,492.668177,0.460012,492.208165,493.128189,95,92,3,95,0,0,92,0,0,464.643029,0,464.643029,464.643029,True
E23,2019-09,156,154,2,152,4,0,150,4,0,436.041042,0.214408,435.826634,436.25545,79,78,1,77,2,0,76,2,0,446.362538,0.51626,445.846278,446.878798,True
E23,2019-10,118,117,1,110,8,0,109,8,0,352.325884,7.424662,344.901222,359.750546,95,91,4,92,3,0,89,2,0,429.687589,0.17596,429.511629,429.863549,True
E23,2019-11,0,0,0,0,0,0,0,0,0,0,0,0,0,0,0,0,0,0,0,0,0,0,0,0,0,0,False
E23,2019-12,0,0,0,0,0,0,0,0,0,0,0,0,0,0,0,0,0,0,0,0,0,0,0,0,0,0,False
E23,2020-01,0,0,0,0,0,0,0,0,0,0,0,0,0,0,0,0,0,0,0,0,0,0,0,0,0,0,False
E23,2020-02,0,0,0,0,0,0,0,0,0,0,0,0,0,0,0,0,0,0,0,0,0,0,0,0,0,0,False
E24,2016-10,0,0,0,0,0,0,0,0,0,0,0,0,0,0,0,0,0,0,0,0,0,0,0,0,0,0,False
E24,2016-11,0,0,0,0,0,0,0,0,0,0,0,0,0,0,0,0,0,0,0,0,0,0,0,0,0,0,False
E24,2016-12,0,0,0,0,0,0,0,0,0,0,0,0,0,0,0,0,0,0,0,0,0,0,0,0,0,0,False
E24,2017-01,4,4,0,4,0,0,4,0,0,151.63641,0,151.63641,151.63641,22,21,1,22,0,0,21,0,0,201.338401,0,201.338401,201.338401,True
E24,2017-02,0,0,0,0,0,0,0,0,0,0,0,0,0,0,0,0,0,0,0,0,0,0,0,0,0,0,False
E24,2017-03,5,5,0,5,0,0,5,0,0,141.349374,0,141.349374,141.349374,21,21,0,21,0,0,21,0,0,225,0,225,225,True
E24,2017-04,16,16,0,16,0,0,16,0,0,101.2736,0,101.2736,101.2736,15,15,0,15,0,0,15,0,0,165,0,165,165,True
E24,2017-05,13,13,0,12,1,0,12,1,0,175.469029,10,165.469029,185.469029,20,20,0,20,0,0,20,0,0,215,0,215,215,True
E24,2017-06,8,8,0,8,0,0,8,0,0,131.190894,0,131.190894,131.190894,25,24,1,25,0,0,24,0,0,242.28,0,242.28,242.28,True
E24,2017-07,6,6,0,6,0,0,6,0,0,51.742832,0,51.742832,51.742832,20,20,0,20,0,0,20,0,0,212.3,0,212.3,212.3,True
E24,2017-08,22,21,1,22,0,0,21,0,0,157.228037,0,157.228037,157.228037,0,0,0,0,0,0,0,0,0,0,0,0,0,True
E24,2017-09,20,20,0,15,5,0,15,5,0,120.341591,48.438991,71.9026,168.780582,19,19,0,19,0,0,19,0,0,199.05,0,199.05,199.05,True
E24,2017-10,14,14,0,13,1,0,13,1,0,140.822264,10,130.822264,150.822264,16,11,5,16,0,0,11,0,0,112.1296,0,112.1296,112.1296,True
E24,2017-11,8,8,0,8,0,0,8,0,0,4.424577,0,4.424577,4.424577,27,14,13,27,0,0,14,0,0,145.892425,0,145.892425,145.892425,True
E24,2017-12,8,8,0,8,0,0,8,0,0,71.095643,0,71.095643,71.095643,28,28,0,28,0,0,28,0,0,254.122238,0,254.122238,254.122238,True
E24,2018-01,48,47,1,48,0,0,47,0,0,446.976161,0,446.976161,446.976161,81,74,7,81,0,0,74,0,0,721.789893,0,721.789893,721.789893,True
E24,2018-02,18,18,0,18,0,0,18,0,0,192.482163,0,192.482163,192.482163,27,24,3,27,0,0,24,0,0,255.670556,0,255.670556,255.670556,True
E24,2018-03,9,9,0,9,0,0,9,0,0,1.586041,0,1.586041,1.586041,2,2,0,2,0,0,2,0,0,11.8,0,11.8,11.8,True
E24,2018-04,25,24,1,25,0,0,24,0,0,116.503062,0,116.503062,116.503062,13,7,6,13,0,0,7,0,0,62.6728,0,62.6728,62.6728,True
E24,2018-05,41,41,0,41,0,0,41,0,0,218.808554,0,218.808554,218.808554,67,52,15,66,1,0,51,1,0,486.984645,8.444645,478.54,495.42929,True
E24,2018-06,69,66,3,69,0,0,66,0,0,360.079148,0,360.079148,360.079148,69,69,0,69,0,0,69,0,0,732.878551,0,732.878551,732.878551,True
E24,2018-07,74,70,4,74,0,0,70,0,0,242.81772,0,242.81772,242.81772,57,50,7,57,0,0,50,0,0,504.48248,0,504.48248,504.48248,True
E24,2018-08,106,103,3,106,0,0,103,0,0,301.887334,0,301.887334,301.887334,62,59,3,62,0,0,59,0,0,609.745903,0,609.745903,609.745903,True
E24,2018-09,80,79,1,80,0,0,79,0,0,331.064813,0,331.064813,331.064813,78,77,1,78,0,0,77,0,0,749.95986,0,749.95986,749.95986,True
E24,2018-10,57,55,2,57,0,0,55,0,0,373.031822,0,373.031822,373.031822,38,38,0,38,0,0,38,0,0,362.163042,0,362.163042,362.163042,True
E24,2018-11,65,65,0,65,0,0,65,0,0,202.537343,0,202.537343,202.537343,60,51,9,60,0,0,51,0,0,479.47895,0,479.47895,479.47895,True
E24,2018-12,87,86,1,87,0,0,86,0,0,493.596962,0,493.596962,493.596962,96,82,14,96,0,0,82,0,0,810.95634,0,810.95634,810.95634,True
E24,2019-01,130,130,0,130,0,0,130,0,0,466.1914,0,466.1914,466.1914,105,105,0,105,0,0,105,0,0,1018.265,0,1018.265,1018.265,True
E24,2019-02,45,44,1,42,3,0,41,3,0,59.528944,25.839043,33.689901,85.367987,2,2,0,2,0,0,2,0,0,15,0,15,15,True
E24,2019-03,85,84,1,85,0,0,84,0,0,500.812846,0,500.812846,500.812846,26,26,0,26,0,0,26,0,0,216.88233,0,216.88233,216.88233,True
E24,2019-04,62,60,2,61,1,0,59,1,0,136.063113,1.036374,135.026739,137.099487,55,52,3,53,2,0,50,2,0,456.296839,13,443.296839,469.296839,True
E24,2019-05,53,53,0,53,0,0,53,0,0,289.3075,0,289.3075,289.3075,78,77,1,77,1,0,76,1,0,718.913765,4.567639,714.346126,723.481404,True
E24,2019-06,104,97,7,103,1,0,96,1,0,315.402613,0.0266,315.376013,315.429213,90,85,5,82,8,0,77,8,0,737.087992,66.6795,670.408492,803.767492,True
E24,2019-07,99,97,2,99,0,0,97,0,0,313.800656,0,313.800656,313.800656,109,108,1,109,0,0,108,0,0,1085.015302,0,1085.015302,1085.015302,True
E24,2019-08,78,72,6,78,0,0,72,0,0,301.626166,0,301.626166,301.626166,68,54,14,68,0,0,54,0,0,497.655163,0,497.655163,497.655163,True
E24,2019-09,90,90,0,90,0,0,90,0,0,523.693551,0,523.693551,523.693551,42,41,1,42,0,0,41,0,0,381.314516,0,381.314516,381.314516,True
E24,2019-10,106,106,0,106,0,0,106,0,0,212.232996,0,212.232996,212.232996,84,76,8,82,2,0,74,2,0,728.527585,20,708.527585,748.527585,True
E24,2019-11,139,135,4,139,0,0,135,0,0,460.114788,0,460.114788,460.114788,97,92,5,88,9,0,83,9,0,787.366657,84.524948,702.841709,871.891605,True
E24,2019-12,129,128,1,128,1,0,127,1,0,420.407198,0.269,420.138198,420.676198,62,57,5,61,1,0,56,1,0,527.046096,3.813281,523.232815,530.859377,True
E24,2020-01,124,122,2,121,3,0,119,3,0,191.856204,0.3064,191.549804,192.162604,101,85,16,97,4,0,81,4,0,720.436377,24.62801,695.808367,745.064387,True
E24,2020-02,0,0,0,0,0,0,0,0,0,0,0,0,0,0,0,0,0,0,0,0,0,0,0,0,0,0,False
E25,2016-10,0,0,0,0,0,0,0,0,0,0,0,0,0,0,0,0,0,0,0,0,0,0,0,0,0,0,False
E25,2016-11,0,0,0,0,0,0,0,0,0,0,0,0,0,0,0,0,0,0,0,0,0,0,0,0,0,0,False
E25,2016-12,0,0,0,0,0,0,0,0,0,0,0,0,0,0,0,0,0,0,0,0,0,0,0,0,0,0,False
E25,2017-01,0,0,0,0,0,0,0,0,0,0,0,0,0,0,0,0,0,0,0,0,0,0,0,0,0,0,False
E25,2017-02,0,0,0,0,0,0,0,0,0,0,0,0,0,0,0,0,0,0,0,0,0,0,0,0,0,0,False
E25,2017-03,0,0,0,0,0,0,0,0,0,0,0,0,0,0,0,0,0,0,0,0,0,0,0,0,0,0,False
E25,2017-04,3,3,0,3,0,0,3,0,0,6.606,0,6.606,6.606,6,3,3,6,0,0,3,0,0,3.31225,0,3.31225,3.31225,True
E25,2017-05,6,6,0,6,0,0,6,0,0,5.45,0,5.45,5.45,34,25,9,33,1,0,24,1,0,46.6475,5.2,41.4475,51.8475,True
E25,2017-06,3,3,0,3,0,0,3,0,0,4.9935,0,4.9935,4.9935,33,29,4,32,1,0,28,1,0,92.8275,0.86,91.9675,93.6875,True
E25,2017-07,2,2,0,2,0,0,2,0,0,0.0246,0,0.0246,0.0246,29,24,5,29,0,0,24,0,0,29.60765,0,29.60765,29.60765,True
E25,2017-08,12,12,0,12,0,0,12,0,0,44.6743,0,44.6743,44.6743,28,25,3,27,1,0,24,1,0,58.3105,0.78,57.5305,59.0905,True
E25,2017-09,19,19,0,19,0,0,19,0,0,10.406259,0,10.406259,10.406259,16,14,2,16,0,0,14,0,0,5.077,0,5.077,5.077,True
E25,2017-10,7,7,0,7,0,0,7,0,0,24.7751,0,24.7751,24.7751,41,35,6,41,0,0,35,0,0,151.798,0,151.798,151.798,True
E25,2017-11,14,14,0,14,0,0,14,0,0,32.333,0,32.333,32.333,27,24,3,27,0,0,24,0,0,56.90949,0,56.90949,56.90949,True
E25,2017-12,12,12,0,12,0,0,12,0,0,7.5988,0,7.5988,7.5988,54,50,4,53,1,0,49,1,0,242.765,10.57,232.195,253.335,True
E25,2018-01,31,31,0,31,0,0,31,0,0,21.2778,0,21.2778,21.2778,60,30,30,33,0,27,30,0,0,252.431,0,252.431,252.431,True
E25,2018-02,40,40,0,39,1,0,39,1,0,40.5551,6.2748,34.2803,46.8299,13,11,2,12,1,0,10,1,0,68.982,1.2,67.782,70.182,True
E25,2018-03,74,74,0,74,0,0,74,0,0,50.826825,0,50.826825,50.826825,19,17,2,19,0,0,17,0,0,90.235,0,90.235,90.235,True
E25,2018-04,56,54,2,55,1,0,53,1,0,22.617715,0.021787,22.595928,22.639502,23,17,6,23,0,0,17,0,0,117.077,0,117.077,117.077,True
E25,2018-05,67,66,1,67,0,0,66,0,0,42.079695,0,42.079695,42.079695,45,27,18,45,0,0,27,0,0,136.78941,0,136.78941,136.78941,True
E25,2018-06,51,51,0,51,0,0,51,0,0,7.286479,0,7.286479,7.286479,24,20,4,23,1,0,19,1,0,42.81243,3.56,39.25243,46.37243,True
E25,2018-07,50,50,0,50,0,0,50,0,0,94.507065,0,94.507065,94.507065,32,29,3,31,1,0,28,1,0,33.3965,0.471,32.9255,33.8675,True
E25,2018-08,47,46,1,47,0,0,46,0,0,4.076124,0,4.076124,4.076124,17,17,0,17,0,0,17,0,0,32.780864,0,32.780864,32.780864,True
E25,2018-09,54,52,2,54,0,0,52,0,0,50.469405,0,50.469405,50.469405,27,25,2,27,0,0,25,0,0,540.901,0,540.901,540.901,True
E25,2018-10,53,53,0,53,0,0,53,0,0,57.512397,0,57.512397,57.512397,31,27,4,31,0,0,27,0,0,229.67843,0,229.67843,229.67843,True
E25,2018-11,47,47,0,47,0,0,47,0,0,14.456639,0,14.456639,14.456639,24,23,1,24,0,0,23,0,0,57.0035,0,57.0035,57.0035,True
E25,2018-12,62,62,0,61,1,0,61,1,0,70.328981,0.016892,70.312089,70.345873,40,37,3,40,0,0,37,0,0,642.268,0,642.268,642.268,True
E25,2019-01,80,76,4,80,0,0,76,0,0,28.927006,0,28.927006,28.927006,22,16,6,22,0,0,16,0,0,77.5305,0,77.5305,77.5305,True
E25,2019-02,32,32,0,32,0,0,32,0,0,1.389126,0,1.389126,1.389126,17,15,2,17,0,0,15,0,0,40.589796,0,40.589796,40.589796,True
E25,2019-03,37,36,1,37,0,0,36,0,0,1.72461,0,1.72461,1.72461,34,28,6,34,0,0,28,0,0,36.4045,0,36.4045,36.4045,True
E25,2019-04,55,54,1,55,0,0,54,0,0,7.051179,0,7.051179,7.051179,23,19,4,23,0,0,19,0,0,88.41805,0,88.41805,88.41805,True
E25,2019-05,57,57,0,57,0,0,57,0,0,5.987505,0,5.987505,5.987505,26,23,3,25,1,0,22,1,0,71.555,0.21,71.345,71.765,True
E25,2019-06,46,46,0,46,0,0,46,0,0,4.078842,0,4.078842,4.078842,22,20,2,21,1,0,19,1,0,418.3125,0.21,418.1025,418.5225,True
E25,2019-07,58,58,0,58,0,0,58,0,0,72.605381,0,72.605381,72.605381,18,17,1,18,0,0,17,0,0,248.2885,0,248.2885,248.2885,True
E25,2019-08,52,50,2,52,0,0,50,0,0,36.375597,0,36.375597,36.375597,28,24,4,27,1,0,23,1,0,98.4075,0.9,97.5075,99.3075,True
E25,2019-09,49,48,1,48,1,0,47,1,0,17.981471,0.1299,17.851571,18.111371,30,24,6,30,0,0,24,0,0,54.635,0,54.635,54.635,True
E25,2019-10,64,64,0,64,0,0,64,0,0,40.590015,0,40.590015,40.590015,34,30,4,31,3,0,27,3,0,60.75801,1.135,59.62301,61.89301,True
E25,2019-11,59,57,2,57,2,0,55,2,0,119.1508,1.47,117.6808,120.6208,38,35,3,31,7,0,29,6,0,60.343514,4.9,55.443514,65.243514,True
E25,2019-12,70,68,2,70,0,0,68,0,0,47.370927,0,47.370927,47.370927,47,39,8,44,3,0,36,3,0,137.052409,25.2,111.852409,162.252409,True
E25,2020-01,41,41,0,41,0,0,41,0,0,12.244023,0,12.244023,12.244023,16,15,1,16,0,0,15,0,0,114.6703,0,114.6703,114.6703,True
E25,2020-02,0,0,0,0,0,0,0,0,0,0,0,0,0,0,0,0,0,0,0,0,0,0,0,0,0,0,False
E26,2016-10,0,0,0,0,0,0,0,0,0,0,0,0,0,0,0,0,0,0,0,0,0,0,0,0,0,0,False
E26,2016-11,7,7,0,7,0,0,7,0,0,17.26944,0,17.26944,17.26944,0,0,0,0,0,0,0,0,0,0,0,0,0,True
E26,2016-12,8,8,0,8,0,0,8,0,0,20.454354,0,20.454354,20.454354,2,1,1,2,0,0,1,0,0,1.5801,0,1.5801,1.5801,True
E26,2017-01,5,5,0,5,0,0,5,0,0,134.828029,0,134.828029,134.828029,3,3,0,3,0,0,3,0,0,27,0,27,27,True
E26,2017-02,17,13,4,17,0,0,13,0,0,67.139476,0,67.139476,67.139476,8,7,1,8,0,0,7,0,0,65.4277,0,65.4277,65.4277,True
E26,2017-03,11,11,0,11,0,0,11,0,0,31.77142,0,31.77142,31.77142,4,4,0,4,0,0,4,0,0,30.5909,0,30.5909,30.5909,True
E26,2017-04,15,15,0,14,1,0,14,1,0,97.261107,7.94808,89.313027,105.209187,17,15,2,17,0,0,15,0,0,122.704774,0,122.704774,122.704774,True
E26,2017-05,16,16,0,16,0,0,16,0,0,89.283599,0,89.283599,89.283599,20,18,2,20,0,0,18,0,0,178.5688,0,178.5688,178.5688,True
E26,2017-06,20,19,1,20,0,0,19,0,0,136.968837,0,136.968837,136.968837,11,10,1,11,0,0,10,0,0,93.861522,0,93.861522,93.861522,True
E26,2017-07,28,23,5,28,0,0,23,0,0,66.803141,0,66.803141,66.803141,8,7,1,8,0,0,7,0,0,74.6747,0,74.6747,74.6747,True
E26,2017-08,26,23,3,26,0,0,23,0,0,80.376222,0,80.376222,80.376222,17,12,5,17,0,0,12,0,0,117.417632,0,117.417632,117.417632,True
E26,2017-09,41,41,0,41,0,0,41,0,0,176.217517,0,176.217517,176.217517,22,18,4,21,1,0,17,1,0,156.64279,2.8872,153.75559,159.52999,True
E26,2017-10,26,26,0,26,0,0,26,0,0,102.930987,0,102.930987,102.930987,12,11,1,12,0,0,11,0,0,114,0,114,114,True
E26,2017-11,35,33,2,35,0,0,33,0,0,257.382576,0,257.382576,257.382576,18,18,0,18,0,0,18,0,0,178.8417,0,178.8417,178.8417,True
E26,2017-12,22,22,0,22,0,0,22,0,0,105.538802,0,105.538802,105.538802,24,22,2,24,0,0,22,0,0,194.7348,0,194.7348,194.7348,True
E26,2018-01,38,37,1,38,0,0,37,0,0,221.751545,0,221.751545,221.751545,25,21,4,25,0,0,21,0,0,206.59145,0,206.59145,206.59145,True
E26,2018-02,12,11,1,12,0,0,11,0,0,107.979182,0,107.979182,107.979182,8,8,0,8,0,0,8,0,0,82.626,0,82.626,82.626,True
E26,2018-03,18,18,0,18,0,0,18,0,0,87.561624,0,87.561624,87.561624,6,4,2,6,0,0,4,0,0,23.86135,0,23.86135,23.86135,True
E26,2018-04,20,20,0,20,0,0,20,0,0,89.935769,0,89.935769,89.935769,11,11,0,11,0,0,11,0,0,92.451447,0,92.451447,92.451447,True
E26,2018-05,9,9,0,9,0,0,9,0,0,35.507621,0,35.507621,35.507621,6,4,2,6,0,0,4,0,0,25.6322,0,25.6322,25.6322,True
E26,2018-06,14,12,2,14,0,0,12,0,0,57.989956,0,57.989956,57.989956,6,6,0,6,0,0,6,0,0,43.525088,0,43.525088,43.525088,True
E26,2018-07,21,21,0,21,0,0,21,0,0,79.154883,0,79.154883,79.154883,13,10,3,13,0,0,10,0,0,103.876,0,103.876,103.876,True
E26,2018-08,27,27,0,27,0,0,27,0,0,56.284576,0,56.284576,56.284576,9,9,0,9,0,0,9,0,0,56.309867,0,56.309867,56.309867,True
E26,2018-09,47,47,0,47,0,0,47,0,0,156.9481,0,156.9481,156.9481,18,16,2,17,1,0,15,1,0,139.335127,3.29,136.045127,142.625127,True
E26,2018-10,29,29,0,29,0,0,29,0,0,158.386819,0,158.386819,158.386819,22,21,1,22,0,0,21,0,0,232.837577,0,232.837577,232.837577,True
E26,2018-11,31,25,6,31,0,0,25,0,0,144.40002,0,144.40002,144.40002,17,16,1,17,0,0,16,0,0,146.399272,0,146.399272,146.399272,True
E26,2018-12,27,25,2,27,0,0,25,0,0,151.915531,0,151.915531,151.915531,14,14,0,14,0,0,14,0,0,131.979966,0,131.979966,131.979966,True
E26,2019-01,18,18,0,18,0,0,18,0,0,102.225304,0,102.225304,102.225304,24,21,3,24,0,0,21,0,0,217.919013,0,217.919013,217.919013,True
E26,2019-02,10,10,0,10,0,0,10,0,0,35.407222,0,35.407222,35.407222,7,6,1,7,0,0,6,0,0,50.1495,0,50.1495,50.1495,True
E26,2019-03,37,36,1,37,0,0,36,0,0,453.698425,0,453.698425,453.698425,46,45,1,46,0,0,45,0,0,462.183065,0,462.183065,462.183065,True
E26,2019-04,19,19,0,19,0,0,19,0,0,102.773468,0,102.773468,102.773468,11,10,1,11,0,0,10,0,0,93.4153,0,93.4153,93.4153,True
E26,2019-05,21,21,0,21,0,0,21,0,0,157.60183,0,157.60183,157.60183,12,11,1,12,0,0,11,0,0,101.242183,0,101.242183,101.242183,True
E26,2019-06,24,24,0,24,0,0,24,0,0,176.521648,0,176.521648,176.521648,20,18,2,20,0,0,18,0,0,196,0,196,196,True
E26,2019-07,22,20,2,22,0,0,20,0,0,166.809235,0,166.809235,166.809235,19,16,3,19,0,0,16,0,0,150.5746,0,150.5746,150.5746,True
E26,2019-08,20,18,2,20,0,0,18,0,0,113.470614,0,113.470614,113.470614,12,12,0,12,0,0,12,0,0,108.693011,0,108.693011,108.693011,True
E26,2019-09,20,20,0,20,0,0,20,0,0,127.749825,0,127.749825,127.749825,14,12,2,14,0,0,12,0,0,124.938018,0,124.938018,124.938018,True
E26,2019-10,12,11,1,12,0,0,11,0,0,38.389816,0,38.389816,38.389816,9,8,1,9,0,0,8,0,0,63.778412,0,63.778412,63.778412,True
E26,2019-11,18,18,0,18,0,0,18,0,0,65.800612,0,65.800612,65.800612,9,5,4,9,0,0,5,0,0,38.720418,0,38.720418,38.720418,True
E26,2019-12,0,0,0,0,0,0,0,0,0,0,0,0,0,0,0,0,0,0,0,0,0,0,0,0,0,0,False
E26,2020-01,0,0,0,0,0,0,0,0,0,0,0,0,0,0,0,0,0,0,0,0,0,0,0,0,0,0,False
E26,2020-02,0,0,0,0,0,0,0,0,0,0,0,0,0,0,0,0,0,0,0,0,0,0,0,0,0,0,False
E27,2016-10,0,0,0,0,0,0,0,0,0,0,0,0,0,0,0,0,0,0,0,0,0,0,0,0,0,0,False
E27,2016-11,19,15,4,19,0,0,15,0,0,63.70143,0,63.70143,63.70143,18,18,0,18,0,0,18,0,0,83.558672,0,83.558672,83.558672,True
E27,2016-12,32,32,0,32,0,0,32,0,0,76.937908,0,76.937908,76.937908,11,11,0,11,0,0,11,0,0,50.519415,0,50.519415,50.519415,True
E27,2017-01,36,34,2,35,1,0,33,1,0,168.212077,4.3935,163.818577,172.605577,38,36,2,38,0,0,36,0,0,146.044987,0,146.044987,146.044987,True
E27,2017-02,23,22,1,22,1,0,21,1,0,110.996996,2.58835,108.408646,113.585346,39,36,3,39,0,0,36,0,0,174.451058,0,174.451058,174.451058,True
E27,2017-03,56,55,1,56,0,0,55,0,0,87.097564,0,87.097564,87.097564,22,22,0,22,0,0,22,0,0,71.361074,0,71.361074,71.361074,True
E27,2017-04,22,22,0,22,0,0,22,0,0,47.89299,0,47.89299,47.89299,30,29,1,30,0,0,29,0,0,45.482177,0,45.482177,45.482177,True
E27,2017-05,28,26,2,28,0,0,26,0,0,47.744952,0,47.744952,47.744952,6,6,0,6,0,0,6,0,0,11.710426,0,11.710426,11.710426,True
E27,2017-06,23,22,1,22,1,0,21,1,0,42.667155,0.859564,41.807591,43.526719,33,32,1,33,0,0,32,0,0,128.612838,0,128.612838,128.612838,True
E27,2017-07,24,24,0,24,0,0,24,0,0,12.174337,0,12.174337,12.174337,24,21,3,24,0,0,21,0,0,20.449691,0,20.449691,20.449691,True
E27,2017-08,48,46,2,40,8,0,38,8,0,79.132197,0.16059,78.971607,79.292787,27,25,2,27,0,0,25,0,0,61.315471,0,61.315471,61.315471,True
E27,2017-09,61,60,1,61,0,0,60,0,0,180.99757,0,180.99757,180.99757,39,39,0,39,0,0,39,0,0,144.720143,0,144.720143,144.720143,True
E27,2017-10,60,56,4,54,6,0,50,6,0,139.880195,0.085378,139.794817,139.965573,37,35,2,37,0,0,35,0,0,108.430487,0,108.430487,108.430487,True
E27,2017-11,51,51,0,51,0,0,51,0,0,81.44899,0,81.44899,81.44899,29,27,2,29,0,0,27,0,0,111.169216,0,111.169216,111.169216,True
E27,2017-12,54,51,3,53,1,0,50,1,0,107.954831,2.0188,105.936031,109.973631,62,58,4,62,0,0,58,0,0,114.785215,0,114.785215,114.785215,True
E27,2018-01,75,66,9,75,0,0,66,0,0,228.443524,0,228.443524,228.443524,41,41,0,41,0,0,41,0,0,177.849114,0,177.849114,177.849114,True
E27,2018-02,40,40,0,40,0,0,40,0,0,64.67836,0,64.67836,64.67836,15,13,2,15,0,0,13,0,0,51.07012,0,51.07012,51.07012,True
E27,2018-03,66,66,0,66,0,0,66,0,0,98.145589,0,98.145589,98.145589,37,32,5,37,0,0,32,0,0,127.231549,0,127.231549,127.231549,True
E27,2018-04,70,69,1,70,0,0,69,0,0,141.279847,0,141.279847,141.279847,59,58,1,59,0,0,58,0,0,198.538917,0,198.538917,198.538917,True
E27,2018-05,71,65,6,71,0,0,65,0,0,122.027062,0,122.027062,122.027062,26,25,1,26,0,0,25,0,0,60.707983,0,60.707983,60.707983,True
E27,2018-06,55,52,3,54,1,0,51,1,0,95.83354,0.0329,95.80064,95.86644,44,42,2,43,1,0,41,1,0,137.608335,0.01889,137.589445,137.627225,True
E27,2018-07,65,64,1,65,0,0,64,0,0,77.589871,0,77.589871,77.589871,29,29,0,29,0,0,29,0,0,77.840794,0,77.840794,77.840794,True
E27,2018-08,59,57,2,59,0,0,57,0,0,109.795639,0,109.795639,109.795639,40,38,2,39,1,0,37,1,0,113.809249,3.77306,110.036189,117.582309,True
E27,2018-09,89,79,10,89,0,0,79,0,0,143.887854,0,143.887854,143.887854,57,52,5,57,0,0,52,0,0,154.438871,0,154.438871,154.438871,True
E27,2018-10,69,64,5,69,0,0,64,0,0,163.319309,0,163.319309,163.319309,38,37,1,38,0,0,37,0,0,165.233778,0,165.233778,165.233778,True
E27,2018-11,82,77,5,82,0,0,77,0,0,179.236253,0,179.236253,179.236253,41,40,1,40,1,0,39,1,0,156.6016,1.8,154.8016,158.4016,True
E27,2018-12,99,98,1,99,0,0,98,0,0,256.793425,0,256.793425,256.793425,49,46,3,49,0,0,46,0,0,176.691266,0,176.691266,176.691266,True
E27,2019-01,104,101,3,104,0,0,101,0,0,224.524967,0,224.524967,224.524967,19,18,1,19,0,0,18,0,0,57.366379,0,57.366379,57.366379,True
E27,2019-02,50,50,0,49,1,0,49,1,0,70.687668,0.0189,70.668768,70.706568,61,57,4,58,3,0,54,3,0,302.855699,1.227,301.628699,304.082699,True
E27,2019-03,119,115,4,119,0,0,115,0,0,153.014001,0,153.014001,153.014001,43,40,3,43,0,0,40,0,0,183.217229,0,183.217229,183.217229,True
E27,2019-04,90,88,2,90,0,0,88,0,0,128.974041,0,128.974041,128.974041,48,43,5,48,0,0,43,0,0,126.036207,0,126.036207,126.036207,True
E27,2019-05,101,98,3,101,0,0,98,0,0,135.558583,0,135.558583,135.558583,40,39,1,39,1,0,38,1,0,160.61646,0.092786,160.523674,160.709246,True
E27,2019-06,101,99,2,101,0,0,99,0,0,183.810084,0,183.810084,183.810084,74,64,10,71,3,0,61,3,0,185.152254,15.016553,170.135701,200.168807,True
E27,2019-07,117,114,3,117,0,0,114,0,0,87.167048,0,87.167048,87.167048,33,29,4,31,2,0,27,2,0,75.881189,0.128498,75.752691,76.009687,True
E27,2019-08,124,121,3,124,0,0,121,0,0,191.170977,0,191.170977,191.170977,70,67,3,68,2,0,65,2,0,195.197035,0.295862,194.901173,195.492897,True
E27,2019-09,134,133,1,133,1,0,132,1,0,359.630038,2.09783,357.532208,361.727868,55,53,2,52,3,0,50,3,0,254.17618,8.326365,245.849815,262.502545,True
E27,2019-10,97,94,3,97,0,0,94,0,0,156.454784,0,156.454784,156.454784,54,53,1,48,6,0,47,6,0,207.265252,0.850632,206.41462,208.115884,True
E27,2019-11,151,149,2,150,1,0,148,1,0,282.396575,0.035,282.361575,282.431575,80,78,2,79,1,0,77,1,0,279.510476,0.00051,279.509966,279.510986,True
E27,2019-12,0,0,0,0,0,0,0,0,0,0,0,0,0,0,0,0,0,0,0,0,0,0,0,0,0,0,False
E27,2020-01,0,0,0,0,0,0,0,0,0,0,0,0,0,0,0,0,0,0,0,0,0,0,0,0,0,0,False
E27,2020-02,0,0,0,0,0,0,0,0,0,0,0,0,0,0,0,0,0,0,0,0,0,0,0,0,0,0,False
E28,2016-10,0,0,0,0,0,0,0,0,0,0,0,0,0,0,0,0,0,0,0,0,0,0,0,0,0,0,False
E28,2016-11,0,0,0,0,0,0,0,0,0,0,0,0,0,0,0,0,0,0,0,0,0,0,0,0,0,0,False
E28,2016-12,0,0,0,0,0,0,0,0,0,0,0,0,0,0,0,0,0,0,0,0,0,0,0,0,0,0,False
E28,2017-01,2,2,0,2,0,0,2,0,0,1.073,0,1.073,1.073,1,1,0,1,0,0,1,0,0,50.27,0,50.27,50.27,True
E28,2017-02,0,0,0,0,0,0,0,0,0,0,0,0,0,0,0,0,0,0,0,0,0,0,0,0,0,0,False
E28,2017-03,0,0,0,0,0,0,0,0,0,0,0,0,0,1,0,1,1,0,0,0,0,0,0,0,0,0,False
E28,2017-04,0,0,0,0,0,0,0,0,0,0,0,0,0,0,0,0,0,0,0,0,0,0,0,0,0,0,False
E28,2017-05,0,0,0,0,0,0,0,0,0,0,0,0,0,0,0,0,0,0,0,0,0,0,0,0,0,0,False
E28,2017-06,0,0,0,0,0,0,0,0,0,0,0,0,0,3,3,0,3,0,0,3,0,0,23.58753,0,23.58753,23.58753,True
E28,2017-07,2,2,0,2,0,0,2,0,0,8.344994,0,8.344994,8.344994,12,12,0,12,0,0,12,0,0,119.9988,0,119.9988,119.9988,True
E28,2017-08,1,1,0,1,0,0,1,0,0,0.7,0,0.7,0.7,0,0,0,0,0,0,0,0,0,0,0,0,0,True
E28,2017-09,3,3,0,3,0,0,3,0,0,2.83422,0,2.83422,2.83422,0,0,0,0,0,0,0,0,0,0,0,0,0,True
E28,2017-10,4,4,0,4,0,0,4,0,0,0.1922,0,0.1922,0.1922,0,0,0,0,0,0,0,0,0,0,0,0,0,True
E28,2017-11,0,0,0,0,0,0,0,0,0,0,0,0,0,3,3,0,3,0,0,3,0,0,29.05539,0,29.05539,29.05539,True
E28,2017-12,0,0,0,0,0,0,0,0,0,0,0,0,0,15,14,1,15,0,0,14,0,0,130.154527,0,130.154527,130.154527,True
E28,2018-01,4,4,0,4,0,0,4,0,0,26.528,0,26.528,26.528,30,27,3,30,0,0,27,0,0,257.438707,0,257.438707,257.438707,True
E28,2018-02,1,1,0,1,0,0,1,0,0,5.011102,0,5.011102,5.011102,18,3,15,18,0,0,3,0,0,212.59,0,212.59,212.59,True
E28,2018-03,0,0,0,0,0,0,0,0,0,0,0,0,0,16,16,0,16,0,0,16,0,0,156.9985,0,156.9985,156.9985,True
E28,2018-04,0,0,0,0,0,0,0,0,0,0,0,0,0,15,15,0,15,0,0,15,0,0,149.9985,0,149.9985,149.9985,True
E28,2018-05,0,0,0,0,0,0,0,0,0,0,0,0,0,16,16,0,16,0,0,16,0,0,198.453345,0,198.453345,198.453345,True
E28,2018-06,0,0,0,0,0,0,0,0,0,0,0,0,0,0,0,0,0,0,0,0,0,0,0,0,0,0,False
E28,2018-07,2,2,0,2,0,0,2,0,0,1.805482,0,1.805482,1.805482,3,3,0,3,0,0,3,0,0,21.3724,0,21.3724,21.3724,True
E28,2018-08,1,1,0,1,0,0,1,0,0,0.752,0,0.752,0.752,12,10,2,12,0,0,10,0,0,99.826458,0,99.826458,99.826458,True
E28,2018-09,4,4,0,4,0,0,4,0,0,0.3603,0,0.3603,0.3603,8,8,0,8,0,0,8,0,0,71.917661,0,71.917661,71.917661,True
E28,2018-10,10,10,0,10,0,0,10,0,0,0.5842,0,0.5842,0.5842,0,0,0,0,0,0,0,0,0,0,0,0,0,True
E28,2018-11,3,3,0,3,0,0,3,0,0,1.761848,0,1.761848,1.761848,20,17,3,20,0,0,17,0,0,163.58993,0,163.58993,163.58993,True
E28,2018-12,27,17,10,27,0,0,17,0,0,25.7367,0,25.7367,25.7367,49,49,0,49,0,0,49,0,0,458.626888,0,458.626888,458.626888,True
E28,2019-01,8,8,0,8,0,0,8,0,0,24.491379,0,24.491379,24.491379,0,0,0,0,0,0,0,0,0,0,0,0,0,True
E28,2019-02,4,4,0,4,0,0,4,0,0,2.112232,0,2.112232,2.112232,0,0,0,0,0,0,0,0,0,0,0,0,0,True
E28,2019-03,2,2,0,2,0,0,2,0,0,1.6293,0,1.6293,1.6293,35,35,0,35,0,0,35,0,0,350,0,350,350,True
E28,2019-04,6,3,3,6,0,0,3,0,0,2.37,0,2.37,2.37,41,40,1,41,0,0,40,0,0,400,0,400,400,True
E28,2019-05,5,5,0,5,0,0,5,0,0,2.5261,0,2.5261,2.5261,0,0,0,0,0,0,0,0,0,0,0,0,0,True
E28,2019-06,0,0,0,0,0,0,0,0,0,0,0,0,0,1,1,0,1,0,0,1,0,0,5.4,0,5.4,5.4,True
E28,2019-07,1,1,0,1,0,0,1,0,0,0.6025,0,0.6025,0.6025,0,0,0,0,0,0,0,0,0,0,0,0,0,True
E28,2019-08,3,3,0,3,0,0,3,0,0,0.36652,0,0.36652,0.36652,3,3,0,3,0,0,3,0,0,15.752761,0,15.752761,15.752761,True
E28,2019-09,9,9,0,9,0,0,9,0,0,3.0838,0,3.0838,3.0838,61,61,0,61,0,0,61,0,0,597.362117,0,597.362117,597.362117,True
E28,2019-10,18,18,0,18,0,0,18,0,0,4.3355,0,4.3355,4.3355,57,54,3,57,0,0,54,0,0,537.21102,0,537.21102,537.21102,True
E28,2019-11,25,25,0,25,0,0,25,0,0,18.67295,0,18.67295,18.67295,65,61,4,65,0,0,61,0,0,610,0,610,610,True
E28,2019-12,16,16,0,16,0,0,16,0,0,5.1921,0,5.1921,5.1921,3,3,0,3,0,0,3,0,0,30,0,30,30,True
E28,2020-01,8,8,0,8,0,0,8,0,0,0.40892,0,0.40892,0.40892,81,70,11,81,0,0,70,0,0,687.748341,0,687.748341,687.748341,True
E28,2020-02,0,0,0,0,0,0,0,0,0,0,0,0,0,0,0,0,0,0,0,0,0,0,0,0,0,0,False
E29,2016-10,0,0,0,0,0,0,0,0,0,0,0,0,0,0,0,0,0,0,0,0,0,0,0,0,0,0,False
E29,2016-11,0,0,0,0,0,0,0,0,0,0,0,0,0,0,0,0,0,0,0,0,0,0,0,0,0,0,False
E29,2016-12,0,0,0,0,0,0,0,0,0,0,0,0,0,0,0,0,0,0,0,0,0,0,0,0,0,0,False
E29,2017-01,1,1,0,1,0,0,1,0,0,16.68,0,16.68,16.68,0,0,0,0,0,0,0,0,0,0,0,0,0,True
E29,2017-02,0,0,0,0,0,0,0,0,0,0,0,0,0,0,0,0,0,0,0,0,0,0,0,0,0,0,False
E29,2017-03,0,0,0,0,0,0,0,0,0,0,0,0,0,0,0,0,0,0,0,0,0,0,0,0,0,0,False
E29,2017-04,0,0,0,0,0,0,0,0,0,0,0,0,0,0,0,0,0,0,0,0,0,0,0,0,0,0,False
E29,2017-05,0,0,0,0,0,0,0,0,0,0,0,0,0,0,0,0,0,0,0,0,0,0,0,0,0,0,False
E29,2017-06,0,0,0,0,0,0,0,0,0,0,0,0,0,0,0,0,0,0,0,0,0,0,0,0,0,0,False
E29,2017-07,0,0,0,0,0,0,0,0,0,0,0,0,0,0,0,0,0,0,0,0,0,0,0,0,0,0,False
E29,2017-08,0,0,0,0,0,0,0,0,0,0,0,0,0,0,0,0,0,0,0,0,0,0,0,0,0,0,False
E29,2017-09,0,0,0,0,0,0,0,0,0,0,0,0,0,0,0,0,0,0,0,0,0,0,0,0,0,0,False
E29,2017-10,0,0,0,0,0,0,0,0,0,0,0,0,0,0,0,0,0,0,0,0,0,0,0,0,0,0,False
E29,2017-11,5,5,0,5,0,0,5,0,0,0.1197,0,0.1197,0.1197,100,100,0,100,0,0,100,0,0,985.714828,0,985.714828,985.714828,True
E29,2017-12,5,5,0,5,0,0,5,0,0,0.485947,0,0.485947,0.485947,37,37,0,37,0,0,37,0,0,369.391104,0,369.391104,369.391104,True
E29,2018-01,2,2,0,2,0,0,2,0,0,0.1275,0,0.1275,0.1275,0,0,0,0,0,0,0,0,0,0,0,0,0,True
E29,2018-02,0,0,0,0,0,0,0,0,0,0,0,0,0,0,0,0,0,0,0,0,0,0,0,0,0,0,False
E29,2018-03,1,1,0,1,0,0,1,0,0,0.0276,0,0.0276,0.0276,0,0,0,0,0,0,0,0,0,0,0,0,0,True
E29,2018-04,2,2,0,2,0,0,2,0,0,0.05,0,0.05,0.05,0,0,0,0,0,0,0,0,0,0,0,0,0,True
E29,2018-05,5,5,0,5,0,0,5,0,0,0.1708,0,0.1708,0.1708,0,0,0,0,0,0,0,0,0,0,0,0,0,True
E29,2018-06,2,2,0,2,0,0,2,0,0,0.05,0,0.05,0.05,0,0,0,0,0,0,0,0,0,0,0,0,0,True
E29,2018-07,4,4,0,4,0,0,4,0,0,0.1118,0,0.1118,0.1118,0,0,0,0,0,0,0,0,0,0,0,0,0,True
E29,2018-08,3,3,0,3,0,0,3,0,0,0.069,0,0.069,0.069,0,0,0,0,0,0,0,0,0,0,0,0,0,True
E29,2018-09,1,1,0,1,0,0,1,0,0,0.031,0,0.031,0.031,3,3,0,3,0,0,3,0,0,30,0,30,30,True
E29,2018-10,5,5,0,5,0,0,5,0,0,0.124,0,0.124,0.124,10,9,1,10,0,0,9,0,0,80.394068,0,80.394068,80.394068,True
E29,2018-11,5,5,0,5,0,0,5,0,0,0.1395,0,0.1395,0.1395,13,13,0,13,0,0,13,0,0,130,0,130,130,True
E29,2018-12,1,1,0,1,0,0,1,0,0,0.031,0,0.031,0.031,57,56,1,57,0,0,56,0,0,569.57,0,569.57,569.57,True
E29,2019-01,2,2,0,2,0,0,2,0,0,0.057,0,0.057,0.057,20,20,0,20,0,0,20,0,0,200,0,200,200,True
E29,2019-02,0,0,0,0,0,0,0,0,0,0,0,0,0,0,0,0,0,0,0,0,0,0,0,0,0,0,False
E29,2019-03,0,0,0,0,0,0,0,0,0,0,0,0,0,0,0,0,0,0,0,0,0,0,0,0,0,0,False
E29,2019-04,1,1,0,1,0,0,1,0,0,0.028,0,0.028,0.028,0,0,0,0,0,0,0,0,0,0,0,0,0,True
E29,2019-05,0,0,0,0,0,0,0,0,0,0,0,0,0,2,2,0,2,0,0,2,0,0,20.43,0,20.43,20.43,True
E29,2019-06,0,0,0,0,0,0,0,0,0,0,0,0,0,4,4,0,4,0,0,4,0,0,40,0,40,40,True
E29,2019-07,1,0,1,1,0,0,0,0,0,0,0,0,0,23,23,0,23,0,0,23,0,0,230,0,230,230,True
E29,2019-08,0,0,0,0,0,0,0,0,0,0,0,0,0,52,50,2,52,0,0,50,0,0,493.980281,0,493.980281,493.980281,True
E29,2019-09,0,0,0,0,0,0,0,0,0,0,0,0,0,19,19,0,19,0,0,19,0,0,190,0,190,190,True
E29,2019-10,2,2,0,2,0,0,2,0,0,0.1587,0,0.1587,0.1587,29,29,0,29,0,0,29,0,0,296.112525,0,296.112525,296.112525,True
E29,2019-11,0,0,0,0,0,0,0,0,0,0,0,0,0,72,70,2,71,0,1,70,0,0,725.04135,0,725.04135,725.04135,True
E29,2019-12,2,1,1,2,0,0,1,0,0,0.200297,0,0.200297,0.200297,34,34,0,34,0,0,34,0,0,337.003722,0,337.003722,337.003722,True
E29,2020-01,0,0,0,0,0,0,0,0,0,0,0,0,0,0,0,0,0,0,0,0,0,0,0,0,0,0,False
E29,2020-02,0,0,0,0,0,0,0,0,0,0,0,0,0,0,0,0,0,0,0,0,0,0,0,0,0,0,False
E3,2016-10,0,0,0,0,0,0,0,0,0,0,0,0,0,0,0,0,0,0,0,0,0,0,0,0,0,0,False
E3,2016-11,0,0,0,0,0,0,0,0,0,0,0,0,0,0,0,0,0,0,0,0,0,0,0,0,0,0,False
E3,2016-12,0,0,0,0,0,0,0,0,0,0,0,0,0,0,0,0,0,0,0,0,0,0,0,0,0,0,False
E3,2017-01,56,55,1,55,1,0,54,1,0,144.306009,0.0089,144.297109,144.314909,1359,1335,24,1237,122,0,1216,119,0,7577.135575,1020.559096,6556.576479,8597.694671,True
E3,2017-02,43,38,5,41,2,0,36,2,0,32.912738,32.304522,0.608216,65.21726,479,448,31,320,159,0,295,153,0,6867.105454,1175.936906,5691.168548,8043.04236,True
E3,2017-03,64,60,4,64,0,0,60,0,0,160.297818,0,160.297818,160.297818,741,737,4,571,170,0,567,170,0,4950.560987,1449.811115,3500.749872,6400.372102,True
E3,2017-04,48,44,4,48,0,0,44,0,0,81.789764,0,81.789764,81.789764,385,377,8,236,149,0,232,145,0,3658.010464,666.306919,2991.703545,4324.317383,True
E3,2017-05,65,63,2,65,0,0,63,0,0,184.567005,0,184.567005,184.567005,368,361,7,247,121,0,242,119,0,2833.688686,818.368482,2015.320204,3652.057168,True
E3,2017-06,98,79,19,98,0,0,79,0,0,142.099479,0,142.099479,142.099479,427,422,5,290,137,0,285,137,0,1677.655893,922.192239,755.463654,2599.848132,True
E3,2017-07,136,130,6,136,0,0,130,0,0,178.607715,0,178.607715,178.607715,484,478,6,348,136,0,345,133,0,1834.848046,933.439348,901.408698,2768.287394,True
E3,2017-08,79,76,3,79,0,0,76,0,0,113.794701,0,113.794701,113.794701,628,614,14,516,112,0,502,112,0,2304.43437,1058.775576,1245.658794,3363.209946,True
E3,2017-09,104,103,1,104,0,0,103,0,0,95.250259,0,95.250259,95.250259,805,794,11,659,146,0,648,146,0,2798.519085,1039.833331,1758.685754,3838.352416,True
E3,2017-10,85,82,3,85,0,0,82,0,0,214.615841,0,214.615841,214.615841,876,819,57,702,174,0,672,147,0,2212.929687,710.414756,1502.514931,2923.344443,True
E3,2017-11,90,86,4,90,0,0,86,0,0,93.731515,0,93.731515,93.731515,845,842,3,689,156,0,686,156,0,2873.315199,1013.286352,1860.028847,3886.601551,True
E3,2017-12,157,152,5,157,0,0,152,0,0,579.485875,0,579.485875,579.485875,724,701,23,596,128,0,576,125,0,2097.998084,706.499335,1391.498749,2804.497419,True
E3,2018-01,109,107,2,108,1,0,106,1,0,79.605116,0.07,79.535116,79.675116,1070,1065,5,964,106,0,960,105,0,2936.335356,796.789573,2139.545783,3733.124929,True
E3,2018-02,74,73,1,74,0,0,73,0,0,205.74625,0,205.74625,205.74625,343,339,4,269,74,0,265,74,0,2338.577937,405.143414,1933.434523,2743.721351,True
E3,2018-03,116,112,4,116,0,0,112,0,0,118.836632,0,118.836632,118.836632,318,309,9,221,97,0,212,97,0,1814.781267,495.67495,1319.106317,2310.456217,True
E3,2018-04,106,102,4,106,0,0,102,0,0,111.428814,0,111.428814,111.428814,882,881,1,789,93,0,788,93,0,3232.33178,341.601247,2890.730533,3573.933027,True
E3,2018-05,130,125,5,130,0,0,125,0,0,132.465827,0,132.465827,132.465827,814,809,5,720,94,0,715,94,0,1689.246523,436.940901,1252.305622,2126.187424,True
E3,2018-06,169,164,5,169,0,0,164,0,0,82.828701,0,82.828701,82.828701,721,693,28,624,97,0,606,87,0,1825.404641,742.274219,1083.130422,2567.67886,True
E3,2018-07,143,138,5,143,0,0,138,0,0,270.480114,0,270.480114,270.480114,697,688,9,572,125,0,566,122,0,1623.19394,640.732421,982.461519,2263.926361,True
E3,2018-08,141,136,5,140,1,0,135,1,0,109.561014,0.0158,109.545214,109.576814,609,606,3,501,108,0,500,106,0,1190.432004,461.431506,729.000498,1651.86351,True
E3,2018-09,153,147,6,152,1,0,146,1,0,168.521318,0.0288,168.492518,168.550118,554,551,3,449,105,0,449,102,0,2165.506748,356.007128,1809.49962,2521.513876,True
E3,2018-10,88,88,0,88,0,0,88,0,0,147.850592,0,147.850592,147.850592,546,535,11,447,99,0,439,96,0,2128.33114,634.518964,1493.812176,2762.850104,True
E3,2018-11,145,135,10,145,0,0,135,0,0,118.618268,0,118.618268,118.618268,816,812,4,648,168,0,648,164,0,2395.018543,738.578472,1656.440071,3133.597015,True
E3,2018-12,157,148,9,150,7,0,141,7,0,103.142898,0.180414,102.962484,103.323312,924,900,24,758,166,0,746,154,0,1629.767124,627.595073,1002.172051,2257.362197,True
E3,2019-01,158,147,11,158,0,0,147,0,0,118.842172,0,118.842172,118.842172,1195,1183,12,1105,90,0,1093,90,0,3658.451996,659.839558,2998.612438,4318.291554,True
E3,2019-02,92,84,8,92,0,0,84,0,0,37.828454,0,37.828454,37.828454,300,298,2,227,73,0,227,71,0,953.530202,279.073672,674.45653,1232.603874,True
E3,2019-03,163,156,7,163,0,0,156,0,0,178.877862,0,178.877862,178.877862,567,563,4,446,121,0,442,121,0,2762.96971,362.170958,2400.798752,3125.140668,True
E3,2019-04,208,204,4,207,1,0,203,1,0,88.219897,0.25,87.969897,88.469897,468,468,0,318,150,0,318,150,0,1681.706934,595.50114,1086.205794,2277.208074,True
E3,2019-05,175,171,4,173,2,0,169,2,0,180.390173,0.147202,180.242971,180.537375,459,457,2,327,132,0,325,132,0,1947.929235,574.823459,1373.105776,2522.752694,True
E3,2019-06,143,136,7,142,1,0,135,1,0,248.077491,0.039399,248.038092,248.11689,414,404,10,324,90,0,316,88,0,1545.584825,370.189026,1175.395799,1915.773851,True
E3,2019-07,191,181,10,189,2,0,179,2,0,138.757329,0.25,138.507329,139.007329,654,645,9,526,128,0,518,127,0,958.370265,311.645265,646.725,1270.01553,True
E3,2019-08,123,123,0,121,2,0,121,2,0,125.824201,0.62008,125.204121,126.444281,593,572,21,506,87,0,485,87,0,857.507617,167.751952,689.755665,1025.259569,True
E3,2019-09,169,167,2,167,2,0,165,2,0,94.867064,0.03,94.837064,94.897064,583,569,14,464,119,0,450,119,0,1626.957235,374.848504,1252.108731,2001.805739,True
E3,2019-10,120,115,5,119,1,0,114,1,0,78.559825,0.0286,78.531225,78.588425,767,761,6,638,129,0,633,128,0,1660.432067,533.513619,1126.918448,2193.945686,True
E3,2019-11,175,160,15,175,0,0,160,0,0,185.18077,0,185.18077,185.18077,774,771,3,682,92,0,680,91,0,1556.781582,192.393084,1364.388498,1749.174666,True
E3,2019-12,182,178,4,180,2,0,176,2,0,234.019599,0.05482,233.964779,234.074419,444,444,0,335,109,0,335,109,0,1364.787351,244.357307,1120.430044,1609.144658,True
E3,2020-01,88,84,4,88,0,0,84,0,0,71.261266,0,71.261266,71.261266,346,344,2,233,113,0,232,112,0,1287.375247,375.177555,912.197692,1662.552802,True
E3,2020-02,18,18,0,18,0,0,18,0,0,0.713423,0,0.713423,0.713423,94,93,1,68,26,0,68,25,0,908.786754,85.275261,823.511493,994.062015,True
E30,2016-10,0,0,0,0,0,0,0,0,0,0,0,0,0,0,0,0,0,0,0,0,0,0,0,0,0,0,False
E30,2016-11,0,0,0,0,0,0,0,0,0,0,0,0,0,0,0,0,0,0,0,0,0,0,0,0,0,0,False
E30,2016-12,1,1,0,1,0,0,1,0,0,0.6,0,0.6,0.6,0,0,0,0,0,0,0,0,0,0,0,0,0,True
E30,2017-01,0,0,0,0,0,0,0,0,0,0,0,0,0,0,0,0,0,0,0,0,0,0,0,0,0,0,False
E30,2017-02,0,0,0,0,0,0,0,0,0,0,0,0,0,0,0,0,0,0,0,0,0,0,0,0,0,0,False
E30,2017-03,0,0,0,0,0,0,0,0,0,0,0,0,0,0,0,0,0,0,0,0,0,0,0,0,0,0,False
E30,2017-04,0,0,0,0,0,0,0,0,0,0,0,0,0,0,0,0,0,0,0,0,0,0,0,0,0,0,False
E30,2017-05,0,0,0,0,0,0,0,0,0,0,0,0,0,0,0,0,0,0,0,0,0,0,0,0,0,0,False
E30,2017-06,2,2,0,2,0,0,2,0,0,5.48,0,5.48,5.48,0,0,0,0,0,0,0,0,0,0,0,0,0,True
E30,2017-07,26,25,1,26,0,0,25,0,0,28.76168,0,28.76168,28.76168,15,13,2,15,0,0,13,0,0,136.530527,0,136.530527,136.530527,True
E30,2017-08,26,26,0,25,1,0,25,1,0,91.563262,0.28,91.283262,91.843262,13,13,0,13,0,0,13,0,0,143.457058,0,143.457058,143.457058,True
E30,2017-09,33,33,0,33,0,0,33,0,0,62.19163,0,62.19163,62.19163,15,15,0,15,0,0,15,0,0,158.287139,0,158.287139,158.287139,True
E30,2017-10,11,11,0,11,0,0,11,0,0,2.953177,0,2.953177,2.953177,14,14,0,14,0,0,14,0,0,139.149349,0,139.149349,139.149349,True
E30,2017-11,12,12,0,12,0,0,12,0,0,13.77307,0,13.77307,13.77307,27,27,0,27,0,0,27,0,0,292.177096,0,292.177096,292.177096,True
E30,2017-12,16,16,0,16,0,0,16,0,0,61.81944,0,61.81944,61.81944,40,39,1,40,0,0,39,0,0,425.513664,0,425.513664,425.513664,True
E30,2018-01,22,22,0,22,0,0,22,0,0,102.66435,0,102.66435,102.66435,93,73,20,93,0,0,73,0,0,781.527424,0,781.527424,781.527424,True
E30,2018-02,9,9,0,9,0,0,9,0,0,61.169604,0,61.169604,61.169604,53,52,1,53,0,0,52,0,0,565.7976,0,565.7976,565.7976,True
E30,2018-03,14,14,0,14,0,0,14,0,0,1.821814,0,1.821814,1.821814,0,0,0,0,0,0,0,0,0,0,0,0,0,True
E30,2018-04,17,17,0,17,0,0,17,0,0,8.431173,0,8.431173,8.431173,26,26,0,26,0,0,26,0,0,270.254223,0,270.254223,270.254223,True
E30,2018-05,9,9,0,9,0,0,9,0,0,1.167587,0,1.167587,1.167587,38,38,0,38,0,0,38,0,0,408.005039,0,408.005039,408.005039,True
E30,2018-06,15,15,0,15,0,0,15,0,0,31.169,0,31.169,31.169,25,24,1,25,0,0,24,0,0,251.19244,0,251.19244,251.19244,True
E30,2018-07,8,8,0,8,0,0,8,0,0,16.994711,0,16.994711,16.994711,62,62,0,62,0,0,62,0,0,640.254591,0,640.254591,640.254591,True
E30,2018-08,13,13,0,13,0,0,13,0,0,33.315283,0,33.315283,33.315283,36,35,1,36,0,0,35,0,0,333.289681,0,333.289681,333.289681,True
E30,2018-09,17,17,0,17,0,0,17,0,0,63.357781,0,63.357781,63.357781,0,0,0,0,0,0,0,0,0,0,0,0,0,True
E30,2018-10,18,18,0,18,0,0,18,0,0,124.85131,0,124.85131,124.85131,21,21,0,21,0,0,21,0,0,216.252923,0,216.252923,216.252923,True
E30,2018-11,32,24,8,32,0,0,24,0,0,153.070646,0,153.070646,153.070646,7,7,0,7,0,0,7,0,0,54.495859,0,54.495859,54.495859,True
E30,2018-12,19,19,0,19,0,0,19,0,0,93.07606,0,93.07606,93.07606,7,7,0,7,0,0,7,0,0,73.665005,0,73.665005,73.665005,True
E30,2019-01,32,32,0,32,0,0,32,0,0,146.400198,0,146.400198,146.400198,71,71,0,71,0,0,71,0,0,766.073291,0,766.073291,766.073291,True
E30,2019-02,24,24,0,24,0,0,24,0,0,206.321688,0,206.321688,206.321688,0,0,0,0,0,0,0,0,0,0,0,0,0,True
E30,2019-03,30,30,0,30,0,0,30,0,0,227.952563,0,227.952563,227.952563,0,0,0,0,0,0,0,0,0,0,0,0,0,True
E30,2019-04,5,5,0,5,0,0,5,0,0,10.0366,0,10.0366,10.0366,5,5,0,5,0,0,5,0,0,47.315653,0,47.315653,47.315653,True
E30,2019-05,10,10,0,10,0,0,10,0,0,0.10663,0,0.10663,0.10663,0,0,0,0,0,0,0,0,0,0,0,0,0,True
E30,2019-06,3,3,0,3,0,0,3,0,0,0.0554,0,0.0554,0.0554,38,34,4,38,0,0,34,0,0,353.1831,0,353.1831,353.1831,True
E30,2019-07,26,26,0,26,0,0,26,0,0,180.8296,0,180.8296,180.8296,6,6,0,6,0,0,6,0,0,55.118404,0,55.118404,55.118404,True
E30,2019-08,36,34,2,36,0,0,34,0,0,283.517902,0,283.517902,283.517902,58,35,23,58,0,0,35,0,0,350.820023,0,350.820023,350.820023,True
E30,2019-09,28,27,1,28,0,0,27,0,0,57.0341,0,57.0341,57.0341,3,3,0,3,0,0,3,0,0,22.1675,0,22.1675,22.1675,True
E30,2019-10,57,57,0,57,0,0,57,0,0,102.98068,0,102.98068,102.98068,38,38,0,38,0,0,38,0,0,413.412534,0,413.412534,413.412534,True
E30,2019-11,101,99,2,100,1,0,98,1,0,10.253671,0.0575,10.196171,10.311171,89,89,0,89,0,0,89,0,0,912.912058,0,912.912058,912.912058,True
E30,2019-12,82,82,0,82,0,0,82,0,0,238.706526,0,238.706526,238.706526,0,0,0,0,0,0,0,0,0,0,0,0,0,True
E30,2020-01,0,0,0,0,0,0,0,0,0,0,0,0,0,0,0,0,0,0,0,0,0,0,0,0,0,0,False
E30,2020-02,0,0,0,0,0,0,0,0,0,0,0,0,0,0,0,0,0,0,0,0,0,0,0,0,0,0,False
E31,2016-10,0,0,0,0,0,0,0,0,0,0,0,0,0,0,0,0,0,0,0,0,0,0,0,0,0,0,False
E31,2016-11,0,0,0,0,0,0,0,0,0,0,0,0,0,0,0,0,0,0,0,0,0,0,0,0,0,0,False
E31,2016-12,0,0,0,0,0,0,0,0,0,0,0,0,0,0,0,0,0,0,0,0,0,0,0,0,0,0,False
E31,2017-01,8,8,0,8,0,0,8,0,0,44.371418,0,44.371418,44.371418,55,50,5,55,0,0,50,0,0,76.7322,0,76.7322,76.7322,True
E31,2017-02,7,7,0,7,0,0,7,0,0,42.966196,0,42.966196,42.966196,70,68,2,70,0,0,68,0,0,130.721831,0,130.721831,130.721831,True
E31,2017-03,4,4,0,4,0,0,4,0,0,15.01984,0,15.01984,15.01984,60,59,1,60,0,0,59,0,0,87.263201,0,87.263201,87.263201,True
E31,2017-04,7,7,0,7,0,0,7,0,0,43.93885,0,43.93885,43.93885,69,69,0,69,0,0,69,0,0,132.168937,0,132.168937,132.168937,True
E31,2017-05,7,7,0,7,0,0,7,0,0,33.03849,0,33.03849,33.03849,66,64,2,66,0,0,64,0,0,112.998946,0,112.998946,112.998946,True
E31,2017-06,6,6,0,6,0,0,6,0,0,24.092357,0,24.092357,24.092357,81,72,9,81,0,0,72,0,0,129.279762,0,129.279762,129.279762,True
E31,2017-07,2,2,0,2,0,0,2,0,0,1.2023,0,1.2023,1.2023,75,66,9,75,0,0,66,0,0,91.049594,0,91.049594,91.049594,True
E31,2017-08,7,7,0,7,0,0,7,0,0,29.033812,0,29.033812,29.033812,84,75,9,83,1,0,74,1,0,111.306167,0.0457,111.260467,111.351867,True
E31,2017-09,4,4,0,4,0,0,4,0,0,0.291,0,0.291,0.291,97,94,3,97,0,0,94,0,0,254.564707,0,254.564707,254.564707,True
E31,2017-10,6,6,0,6,0,0,6,0,0,7.1909,0,7.1909,7.1909,83,82,1,83,0,0,82,0,0,163.19002,0,163.19002,163.19002,True
E31,2017-11,12,12,0,12,0,0,12,0,0,23.12569,0,23.12569,23.12569,68,66,2,68,0,0,66,0,0,110.338654,0,110.338654,110.338654,True
E31,2017-12,7,7,0,7,0,0,7,0,0,26.2496,0,26.2496,26.2496,75,73,2,74,1,0,72,1,0,109.757388,1.0648,108.692588,110.822188,True
E31,2018-01,19,19,0,19,0,0,19,0,0,1.1347,0,1.1347,1.1347,78,77,1,78,0,0,77,0,0,159.593966,0,159.593966,159.593966,True
E31,2018-02,5,5,0,5,0,0,5,0,0,2.118,0,2.118,2.118,48,47,1,48,0,0,47,0,0,83.520353,0,83.520353,83.520353,True
E31,2018-03,16,16,0,16,0,0,16,0,0,24.900098,0,24.900098,24.900098,65,63,2,65,0,0,63,0,0,121.746675,0,121.746675,121.746675,True
E31,2018-04,13,12,1,13,0,0,12,0,0,2.4006,0,2.4006,2.4006,74,70,4,73,1,0,69,1,0,113.69468,0.576,113.11868,114.27068,True
E31,2018-05,7,7,0,7,0,0,7,0,0,9.204378,0,9.204378,9.204378,67,58,9,67,0,0,58,0,0,135.456025,0,135.456025,135.456025,True
E31,2018-06,10,10,0,10,0,0,10,0,0,5.181227,0,5.181227,5.181227,63,63,0,63,0,0,63,0,0,104.878065,0,104.878065,104.878065,True
E31,2018-07,16,16,0,16,0,0,16,0,0,3.5673,0,3.5673,3.5673,82,79,3,82,0,0,79,0,0,128.129109,0,128.129109,128.129109,True
E31,2018-08,6,6,0,6,0,0,6,0,0,5.9038,0,5.9038,5.9038,86,85,1,85,1,0,84,1,0,144.505568,1.144,143.361568,145.649568,True
E31,2018-09,6,6,0,6,0,0,6,0,0,1.7919,0,1.7919,1.7919,89,85,4,89,0,0,85,0,0,262.13089,0,262.13089,262.13089,True
E31,2018-10,12,12,0,12,0,0,12,0,0,6.8586,0,6.8586,6.8586,72,69,3,72,0,0,69,0,0,150.122824,0,150.122824,150.122824,True
E31,2018-11,18,16,2,17,1,0,15,1,0,12.13735,0.52981,11.60754,12.66716,66,62,4,66,0,0,62,0,0,123.808567,0,123.808567,123.808567,True
E31,2018-12,24,24,0,24,0,0,24,0,0,6.2642,0,6.2642,6.2642,83,80,3,83,0,0,80,0,0,146.210811,0,146.210811,146.210811,True
E31,2019-01,32,30,2,32,0,0,30,0,0,5.431914,0,5.431914,5.431914,84,81,3,84,0,0,81,0,0,196.849408,0,196.849408,196.849408,True
E31,2019-02,7,7,0,7,0,0,7,0,0,1.0715,0,1.0715,1.0715,39,36,3,39,0,0,36,0,0,90.14519,0,90.14519,90.14519,True
E31,2019-03,18,17,1,18,0,0,17,0,0,23.778905,0,23.778905,23.778905,80,74,6,79,1,0,73,1,0,198.246686,0.084,198.162686,198.330686,True
E31,2019-04,5,5,0,5,0,0,5,0,0,0.316412,0,0.316412,0.316412,51,49,2,51,0,0,49,0,0,86.998114,0,86.998114,86.998114,True
E31,2019-05,6,5,1,6,0,0,5,0,0,5.6725,0,5.6725,5.6725,67,65,2,67,0,0,65,0,0,142.539061,0,142.539061,142.539061,True
E31,2019-06,14,14,0,14,0,0,14,0,0,16.11267,0,16.11267,16.11267,59,58,1,59,0,0,58,0,0,125.079878,0,125.079878,125.079878,True
E31,2019-07,8,8,0,8,0,0,8,0,0,2.6259,0,2.6259,2.6259,68,64,4,68,0,0,64,0,0,144.171955,0,144.171955,144.171955,True
E31,2019-08,13,12,1,13,0,0,12,0,0,9.772056,0,9.772056,9.772056,68,66,2,68,0,0,66,0,0,196.227186,0,196.227186,196.227186,True
E31,2019-09,8,8,0,8,0,0,8,0,0,9.154128,0,9.154128,9.154128,76,75,1,76,0,0,75,0,0,296.37955,0,296.37955,296.37955,True
E31,2019-10,4,4,0,4,0,0,4,0,0,0.6015,0,0.6015,0.6015,77,75,2,77,0,0,75,0,0,218.96428,0,218.96428,218.96428,True
E31,2019-11,18,18,0,18,0,0,18,0,0,26.216471,0,26.216471,26.216471,61,60,1,61,0,0,60,0,0,165.978428,0,165.978428,165.978428,True
E31,2019-12,23,23,0,23,0,0,23,0,0,18.8172,0,18.8172,18.8172,77,77,0,77,0,0,77,0,0,259.096389,0,259.096389,259.096389,True
E31,2020-01,27,27,0,27,0,0,27,0,0,14.896806,0,14.896806,14.896806,45,45,0,44,1,0,44,1,0,126.31313,0.0588,126.25433,126.37193,True
E31,2020-02,0,0,0,0,0,0,0,0,0,0,0,0,0,0,0,0,0,0,0,0,0,0,0,0,0,0,False
E32,2016-10,0,0,0,0,0,0,0,0,0,0,0,0,0,0,0,0,0,0,0,0,0,0,0,0,0,0,False
E32,2016-11,0,0,0,0,0,0,0,0,0,0,0,0,0,0,0,0,0,0,0,0,0,0,0,0,0,0,False
E32,2016-12,0,0,0,0,0,0,0,0,0,0,0,0,0,0,0,0,0,0,0,0,0,0,0,0,0,0,False
E32,2017-01,0,0,0,0,0,0,0,0,0,0,0,0,0,7,6,1,7,0,0,6,0,0,52,0,52,52,True
E32,2017-02,0,0,0,0,0,0,0,0,0,0,0,0,0,0,0,0,0,0,0,0,0,0,0,0,0,0,False
E32,2017-03,0,0,0,0,0,0,0,0,0,0,0,0,0,5,5,0,5,0,0,5,0,0,50,0,50,50,True
E32,2017-04,2,2,0,2,0,0,2,0,0,0.036,0,0.036,0.036,10,10,0,10,0,0,10,0,0,92.7,0,92.7,92.7,True
E32,2017-05,0,0,0,0,0,0,0,0,0,0,0,0,0,10,10,0,10,0,0,10,0,0,100,0,100,100,True
E32,2017-06,0,0,0,0,0,0,0,0,0,0,0,0,0,10,10,0,10,0,0,10,0,0,100,0,100,100,True
E32,2017-07,15,15,0,15,0,0,15,0,0,4.4203,0,4.4203,4.4203,25,25,0,25,0,0,25,0,0,250,0,250,250,True
E32,2017-08,17,17,0,17,0,0,17,0,0,2.1706,0,2.1706,2.1706,20,20,0,20,0,0,20,0,0,200,0,200,200,True
E32,2017-09,6,6,0,6,0,0,6,0,0,0.5706,0,0.5706,0.5706,25,25,0,25,0,0,25,0,0,250,0,250,250,True
E32,2017-10,11,11,0,11,0,0,11,0,0,0.7842,0,0.7842,0.7842,0,0,0,0,0,0,0,0,0,0,0,0,0,True
E32,2017-11,17,16,1,17,0,0,16,0,0,0.7812,0,0.7812,0.7812,2,2,0,2,0,0,2,0,0,1.2,0,1.2,1.2,True
E32,2017-12,38,38,0,38,0,0,38,0,0,3.09695,0,3.09695,3.09695,14,7,7,14,0,0,7,0,0,60.15,0,60.15,60.15,True
E32,2018-01,36,35,1,36,0,0,35,0,0,3.1796,0,3.1796,3.1796,28,28,0,28,0,0,28,0,0,280,0,280,280,True
E32,2018-02,39,39,0,39,0,0,39,0,0,10.629864,0,10.629864,10.629864,4,2,2,4,0,0,2,0,0,20,0,20,20,True
E32,2018-03,72,72,0,71,1,0,71,1,0,8.412778,0.0265,8.386278,8.439278,0,0,0,0,0,0,0,0,0,0,0,0,0,True
E32,2018-04,90,90,0,90,0,0,90,0,0,7.964978,0,7.964978,7.964978,4,2,2,4,0,0,2,0,0,20,0,20,20,True
E32,2018-05,87,87,0,87,0,0,87,0,0,8.699445,0,8.699445,8.699445,17,16,1,17,0,0,16,0,0,160,0,160,160,True
E32,2018-06,86,86,0,81,5,0,81,5,0,4.682273,2.987,1.695273,7.669273,0,0,0,0,0,0,0,0,0,0,0,0,0,True
E32,2018-07,80,78,2,80,0,0,78,0,0,4.04485,0,4.04485,4.04485,17,17,0,17,0,0,17,0,0,170,0,170,170,True
E32,2018-08,81,81,0,81,0,0,81,0,0,5.403084,0,5.403084,5.403084,18,6,12,18,0,0,6,0,0,44.84722,0,44.84722,44.84722,True
E32,2018-09,95,95,0,95,0,0,95,0,0,5.134056,0,5.134056,5.134056,0,0,0,0,0,0,0,0,0,0,0,0,0,True
E32,2018-10,87,87,0,87,0,0,87,0,0,24.96411,0,24.96411,24.96411,20,19,1,18,2,0,17,2,0,168.88,20,148.88,188.88,True
E32,2018-11,127,124,3,127,0,0,124,0,0,15.844352,0,15.844352,15.844352,49,0,49,0,0,49,0,0,0,0,0,0,0,True
E32,2018-12,161,161,0,161,0,0,161,0,0,16.667925,0,16.667925,16.667925,10,8,2,10,0,0,8,0,0,62.847308,0,62.847308,62.847308,True
E32,2019-01,194,194,0,194,0,0,194,0,0,16.438881,0,16.438881,16.438881,58,53,5,58,0,0,53,0,0,520.9008,0,520.9008,520.9008,True
E32,2019-02,108,108,0,108,0,0,108,0,0,7.805011,0,7.805011,7.805011,25,24,1,25,0,0,24,0,0,240,0,240,240,True
E32,2019-03,173,173,0,173,0,0,173,0,0,13.254083,0,13.254083,13.254083,25,25,0,25,0,0,25,0,0,250,0,250,250,True
E32,2019-04,155,155,0,155,0,0,155,0,0,8.786907,0,8.786907,8.786907,0,0,0,0,0,0,0,0,0,0,0,0,0,True
E32,2019-05,156,155,1,156,0,0,155,0,0,11.220844,0,11.220844,11.220844,5,5,0,5,0,0,5,0,0,50,0,50,50,True
E32,2019-06,132,129,3,132,0,0,129,0,0,7.126952,0,7.126952,7.126952,6,5,1,6,0,0,5,0,0,50,0,50,50,True
E32,2019-07,135,134,1,135,0,0,134,0,0,4.923796,0,4.923796,4.923796,6,6,0,6,0,0,6,0,0,60,0,60,60,True
E32,2019-08,154,154,0,154,0,0,154,0,0,9.601246,0,9.601246,9.601246,45,45,0,45,0,0,45,0,0,450,0,450,450,True
E32,2019-09,112,111,1,112,0,0,111,0,0,7.874432,0,7.874432,7.874432,6,6,0,6,0,0,6,0,0,60,0,60,60,True
E32,2019-10,106,104,2,106,0,0,104,0,0,10.681628,0,10.681628,10.681628,27,27,0,27,0,0,27,0,0,270,0,270,270,True
E32,2019-11,121,121,0,121,0,0,121,0,0,5.984741,0,5.984741,5.984741,4,4,0,4,0,0,4,0,0,34,0,34,34,True
E32,2019-12,133,133,0,133,0,0,133,0,0,26.085386,0,26.085386,26.085386,50,50,0,50,0,0,50,0,0,500,0,500,500,True
E32,2020-01,0,0,0,0,0,0,0,0,0,0,0,0,0,0,0,0,0,0,0,0,0,0,0,0,0,0,False
E32,2020-02,0,0,0,0,0,0,0,0,0,0,0,0,0,0,0,0,0,0,0,0,0,0,0,0,0,0,False
E33,2016-10,0,0,0,0,0,0,0,0,0,0,0,0,0,0,0,0,0,0,0,0,0,0,0,0,0,0,False
E33,2016-11,0,0,0,0,0,0,0,0,0,0,0,0,0,0,0,0,0,0,0,0,0,0,0,0,0,0,False
E33,2016-12,0,0,0,0,0,0,0,0,0,0,0,0,0,0,0,0,0,0,0,0,0,0,0,0,0,0,False
E33,2017-01,0,0,0,0,0,0,0,0,0,0,0,0,0,0,0,0,0,0,0,0,0,0,0,0,0,0,False
E33,2017-02,0,0,0,0,0,0,0,0,0,0,0,0,0,0,0,0,0,0,0,0,0,0,0,0,0,0,False
E33,2017-03,0,0,0,0,0,0,0,0,0,0,0,0,0,0,0,0,0,0,0,0,0,0,0,0,0,0,False
E33,2017-04,8,8,0,8,0,0,8,0,0,60.438,0,60.438,60.438,30,21,9,30,0,0,21,0,0,147.054665,0,147.054665,147.054665,True
E33,2017-05,43,39,4,43,0,0,39,0,0,324.9665,0,324.9665,324.9665,55,51,4,55,0,0,51,0,0,463.23986,0,463.23986,463.23986,True
E33,2017-06,77,68,9,72,5,0,63,5,0,600.014717,43.2635,556.751217,643.278217,39,37,2,39,0,0,37,0,0,313.364837,0,313.364837,313.364837,True
E33,2017-07,63,51,12,62,1,0,50,1,0,211.661582,0.243,211.418582,211.904582,58,55,3,45,13,0,42,13,0,349.587303,121.765971,227.821332,471.353274,True
E33,2017-08,21,20,1,21,0,0,20,0,0,218.48014,0,218.48014,218.48014,28,28,0,28,0,0,28,0,0,232.83981,0,232.83981,232.83981,True
E33,2017-09,42,34,8,42,0,0,34,0,0,243.495142,0,243.495142,243.495142,10,10,0,10,0,0,10,0,0,77.438992,0,77.438992,77.438992,True
E33,2017-10,17,15,2,17,0,0,15,0,0,108.543191,0,108.543191,108.543191,30,29,1,30,0,0,29,0,0,258.1966,0,258.1966,258.1966,True
E33,2017-11,59,50,9,59,0,0,50,0,0,413.363832,0,413.363832,413.363832,36,29,7,36,0,0,29,0,0,240.317865,0,240.317865,240.317865,True
E33,2017-12,48,44,4,48,0,0,44,0,0,188.4049,0,188.4049,188.4049,129,85,44,128,1,0,84,1,0,768.705672,10,758.705672,778.705672,True
E33,2018-01,64,61,3,64,0,0,61,0,0,240.15272,0,240.15272,240.15272,71,58,13,70,0,1,58,0,0,518.927724,0,518.927724,518.927724,True
E33,2018-02,68,64,4,68,0,0,64,0,0,512.174028,0,512.174028,512.174028,52,50,2,52,0,0,50,0,0,439.899709,0,439.899709,439.899709,True
E33,2018-03,77,72,5,77,0,0,72,0,0,458.848504,0,458.848504,458.848504,31,31,0,31,0,0,31,0,0,257.534477,0,257.534477,257.534477,True
E33,2018-04,33,32,1,32,1,0,31,1,0,185.193291,1.7664,183.426891,186.959691,21,15,6,21,0,0,15,0,0,116.058717,0,116.058717,116.058717,True
E33,2018-05,54,50,4,53,1,0,49,1,0,302.157707,9.981,292.176707,312.138707,17,12,5,17,0,0,12,0,0,108.79617,0,108.79617,108.79617,True
E33,2018-06,33,29,4,33,0,0,29,0,0,198.407033,0,198.407033,198.407033,44,37,7,44,0,0,37,0,0,299.831842,0,299.831842,299.831842,True
E33,2018-07,49,32,17,48,1,0,31,1,0,86.656604,0.00789,86.648714,86.664494,25,20,5,25,0,0,20,0,0,107.27012,0,107.27012,107.27012,True
E33,2018-08,25,23,2,25,0,0,23,0,0,50.609532,0,50.609532,50.609532,12,12,0,12,0,0,12,0,0,97.658877,0,97.658877,97.658877,True
E33,2018-09,29,24,5,29,0,0,24,0,0,57.405,0,57.405,57.405,19,15,4,19,0,0,15,0,0,118.263011,0,118.263011,118.263011,True
E33,2018-10,24,21,3,24,0,0,21,0,0,179.746291,0,179.746291,179.746291,22,18,4,22,0,0,18,0,0,154.840615,0,154.840615,154.840615,True
E33,2018-11,54,49,5,54,0,0,49,0,0,405.475419,0,405.475419,405.475419,50,43,7,50,0,0,43,0,0,394.056155,0,394.056155,394.056155,True
E33,2018-12,57,51,6,57,0,0,51,0,0,211.098343,0,211.098343,211.098343,16,15,1,16,0,0,15,0,0,113.162543,0,113.162543,113.162543,True
E33,2019-01,72,59,13,68,4,0,55,4,0,147.915236,3.124536,144.7907,151.039772,74,69,5,74,0,0,69,0,0,630.819669,0,630.819669,630.819669,True
E33,2019-02,30,28,2,30,0,0,28,0,0,297.356714,0,297.356714,297.356714,7,6,1,7,0,0,6,0,0,47.776208,0,47.776208,47.776208,True
E33,2019-03,20,19,1,20,0,0,19,0,0,97.689975,0,97.689975,97.689975,12,11,1,12,0,0,11,0,0,83.664,0,83.664,83.664,True
E33,2019-04,25,25,0,25,0,0,25,0,0,113.847654,0,113.847654,113.847654,5,3,2,5,0,0,3,0,0,19.652842,0,19.652842,19.652842,True
E33,2019-05,8,8,0,8,0,0,8,0,0,127.4063,0,127.4063,127.4063,21,15,6,18,0,3,15,0,0,126.344137,0,126.344137,126.344137,True
E33,2019-06,9,9,0,9,0,0,9,0,0,0.3759,0,0.3759,0.3759,5,4,1,5,0,0,4,0,0,24.261177,0,24.261177,24.261177,True
E33,2019-07,20,20,0,19,1,0,19,1,0,140.93337,0.0618,140.87157,140.99517,15,15,0,15,0,0,15,0,0,97.681037,0,97.681037,97.681037,True
E33,2019-08,10,10,0,10,0,0,10,0,0,54.471148,0,54.471148,54.471148,7,7,0,7,0,0,7,0,0,38.710624,0,38.710624,38.710624,True
E33,2019-09,4,2,2,4,0,0,2,0,0,12.394162,0,12.394162,12.394162,18,16,2,18,0,0,16,0,0,141.838086,0,141.838086,141.838086,True
E33,2019-10,49,21,28,49,0,0,21,0,0,144.05379,0,144.05379,144.05379,13,13,0,13,0,0,13,0,0,94.03144,0,94.03144,94.03144,True
E33,2019-11,16,14,2,16,0,0,14,0,0,119.605969,0,119.605969,119.605969,27,19,8,27,0,0,19,0,0,156.70211,0,156.70211,156.70211,True
E33,2019-12,31,28,3,31,0,0,28,0,0,120.53739,0,120.53739,120.53739,18,18,0,18,0,0,18,0,0,118.770713,0,118.770713,118.770713,True
E33,2020-01,54,53,1,54,0,0,53,0,0,389.043658,0,389.043658,389.043658,56,45,11,56,0,0,45,0,0,418.50798,0,418.50798,418.50798,True
E33,2020-02,0,0,0,0,0,0,0,0,0,0,0,0,0,0,0,0,0,0,0,0,0,0,0,0,0,0,False
E34,2016-10,0,0,0,0,0,0,0,0,0,0,0,0,0,0,0,0,0,0,0,0,0,0,0,0,0,0,False
E34,2016-11,0,0,0,0,0,0,0,0,0,0,0,0,0,0,0,0,0,0,0,0,0,0,0,0,0,0,False
E34,2016-12,15,11,4,15,0,0,11,0,0,21.93455,0,21.93455,21.93455,5,5,0,4,1,0,4,1,0,29.33243,8.174358,21.158072,37.506788,True
E34,2017-01,6,6,0,6,0,0,6,0,0,4.152,0,4.152,4.152,3,3,0,3,0,0,3,0,0,22.15414,0,22.15414,22.15414,True
E34,2017-02,11,11,0,11,0,0,11,0,0,10.757852,0,10.757852,10.757852,14,14,0,14,0,0,14,0,0,137.208558,0,137.208558,137.208558,True
E34,2017-03,9,9,0,9,0,0,9,0,0,30.77545,0,30.77545,30.77545,11,6,5,11,0,0,6,0,0,37.0624,0,37.0624,37.0624,True
E34,2017-04,7,6,1,5,2,0,4,2,0,14.250949,2,12.250949,16.250949,7,7,0,7,0,0,7,0,0,66.137,0,66.137,66.137,True
E34,2017-05,12,8,4,12,0,0,8,0,0,46.72325,0,46.72325,46.72325,151,151,0,150,1,0,150,1,0,1477.290222,10,1467.290222,1487.290222,True
E34,2017-06,1,1,0,1,0,0,1,0,0,0.0498,0,0.0498,0.0498,4,3,1,4,0,0,3,0,0,20.1172,0,20.1172,20.1172,True
E34,2017-07,15,8,7,14,1,0,7,1,0,2.5633,0.1105,2.4528,2.6738,13,13,0,13,0,0,13,0,0,118.8876,0,118.8876,118.8876,True
E34,2017-08,25,23,2,25,0,0,23,0,0,117.09165,0,117.09165,117.09165,5,5,0,5,0,0,5,0,0,35.9336,0,35.9336,35.9336,True
E34,2017-09,16,16,0,16,0,0,16,0,0,5.282465,0,5.282465,5.282465,16,15,1,16,0,0,15,0,0,131.862868,0,131.862868,131.862868,True
E34,2017-10,31,26,5,31,0,0,26,0,0,121.897286,0,121.897286,121.897286,6,6,0,6,0,0,6,0,0,48.8789,0,48.8789,48.8789,True
E34,2017-11,17,17,0,17,0,0,17,0,0,110.365,0,110.365,110.365,66,64,2,66,0,0,64,0,0,639.507992,0,639.507992,639.507992,True
E34,2017-12,20,19,1,17,3,0,16,3,0,85.613492,31.45,54.163492,117.063492,112,109,3,111,1,0,108,1,0,1038.83044,8.302084,1030.528356,1047.132524,True
E34,2018-01,10,10,0,10,0,0,10,0,0,13.592275,0,13.592275,13.592275,1,1,0,1,0,0,1,0,0,1.95471,0,1.95471,1.95471,True
E34,2018-02,30,24,6,30,0,0,24,0,0,29.132834,0,29.132834,29.132834,31,22,9,31,0,0,22,0,0,188.932201,0,188.932201,188.932201,True
E34,2018-03,36,34,2,36,0,0,34,0,0,68.023887,0,68.023887,68.023887,80,10,70,10,0,70,10,0,0,80.864941,0,80.864941,80.864941,True
E34,2018-04,9,9,0,9,0,0,9,0,0,3.136304,0,3.136304,3.136304,0,0,0,0,0,0,0,0,0,0,0,0,0,True
E34,2018-05,41,39,2,41,0,0,39,0,0,58.438394,0,58.438394,58.438394,5,5,0,5,0,0,5,0,0,20.789845,0,20.789845,20.789845,True
E34,2018-06,15,14,1,15,0,0,14,0,0,6.263951,0,6.263951,6.263951,4,4,0,4,0,0,4,0,0,400,0,400,400,True
E34,2018-07,14,13,1,14,0,0,13,0,0,1.4103,0,1.4103,1.4103,1,1,0,1,0,0,1,0,0,78.11,0,78.11,78.11,True
E34,2018-08,52,44,8,52,0,0,44,0,0,145.90817,0,145.90817,145.90817,5,5,0,5,0,0,5,0,0,66.058141,0,66.058141,66.058141,True
E34,2018-09,29,28,1,28,1,0,27,1,0,30.402958,4.126786,26.276172,34.529744,2,2,0,2,0,0,2,0,0,183,0,183,183,True
E34,2018-10,50,49,1,50,0,0,49,0,0,79.047205,0,79.047205,79.047205,1,1,0,1,0,0,1,0,0,1.998705,0,1.998705,1.998705,True
E34,2018-11,45,44,1,45,0,0,44,0,0,53.513946,0,53.513946,53.513946,2,2,0,2,0,0,2,0,0,5.112267,0,5.112267,5.112267,True
E34,2018-12,60,58,2,58,2,0,56,2,0,136.036625,15,121.036625,151.036625,30,28,2,30,0,0,28,0,0,730.697638,0,730.697638,730.697638,True
E34,2019-01,74,73,1,74,0,0,73,0,0,114.550987,0,114.550987,114.550987,3,3,0,3,0,0,3,0,0,92.668182,0,92.668182,92.668182,True
E34,2019-02,72,68,4,72,0,0,68,0,0,33.546121,0,33.546121,33.546121,12,11,1,12,0,0,11,0,0,104.848098,0,104.848098,104.848098,True
E34,2019-03,134,89,45,133,1,0,88,1,0,58.936624,3.522,55.414624,62.458624,0,0,0,0,0,0,0,0,0,0,0,0,0,True
E34,2019-04,99,93,6,99,0,0,93,0,0,65.945864,0,65.945864,65.945864,15,8,7,15,0,0,8,0,0,77.851277,0,77.851277,77.851277,True
E34,2019-05,81,80,1,80,1,0,79,1,0,70.421167,0.0438,70.377367,70.464967,8,4,4,8,0,0,4,0,0,127.752102,0,127.752102,127.752102,True
E34,2019-06,57,56,1,57,0,0,56,0,0,24.499032,0,24.499032,24.499032,2,2,0,2,0,0,2,0,0,12,0,12,12,True
E34,2019-07,124,113,11,124,0,0,113,0,0,132.019156,0,132.019156,132.019156,13,12,1,13,0,0,12,0,0,116.914728,0,116.914728,116.914728,True
E34,2019-08,162,143,19,162,0,0,143,0,0,399.344842,0,399.344842,399.344842,19,18,1,19,0,0,18,0,0,265.409844,0,265.409844,265.409844,True
E34,2019-09,208,172,36,200,8,0,164,8,0,609.555058,43.5498,566.005258,653.104858,18,15,3,18,0,0,15,0,0,325.2625,0,325.2625,325.2625,True
E34,2019-10,232,211,21,215,17,0,194,17,0,913.946908,183.81,730.136908,1097.756908,18,18,0,18,0,0,18,0,0,1177.595275,0,1177.595275,1177.595275,True
E34,2019-11,219,201,18,219,0,0,201,0,0,1028.197691,0,1028.197691,1028.197691,12,12,0,12,0,0,12,0,0,991.065746,0,991.065746,991.065746,True
E34,2019-12,271,245,26,263,8,0,237,8,0,950.456188,29.18548,921.270708,979.641668,12,11,1,12,0,0,11,0,0,731.259743,0,731.259743,731.259743,True
E34,2020-01,0,0,0,0,0,0,0,0,0,0,0,0,0,0,0,0,0,0,0,0,0,0,0,0,0,0,False
E34,2020-02,0,0,0,0,0,0,0,0,0,0,0,0,0,0,0,0,0,0,0,0,0,0,0,0,0,0,False
E35,2016-10,7,7,0,7,0,0,7,0,0,60.202256,0,60.202256,60.202256,43,43,0,43,0,0,43,0,0,48.084319,0,48.084319,48.084319,True
E35,2016-11,6,5,1,6,0,0,5,0,0,32.585154,0,32.585154,32.585154,33,33,0,33,0,0,33,0,0,36.364764,0,36.364764,36.364764,True
E35,2016-12,12,12,0,11,1,0,11,1,0,85.325782,11.182934,74.142848,96.508716,36,36,0,36,0,0,36,0,0,39.919912,0,39.919912,39.919912,True
E35,2017-01,12,12,0,12,0,0,12,0,0,23.7095,0,23.7095,23.7095,53,48,5,53,0,0,48,0,0,54.227802,0,54.227802,54.227802,True
E35,2017-02,9,9,0,9,0,0,9,0,0,26.094144,0,26.094144,26.094144,47,47,0,47,0,0,47,0,0,50.205309,0,50.205309,50.205309,True
E35,2017-03,9,9,0,9,0,0,9,0,0,40.98686,0,40.98686,40.98686,8,8,0,7,1,0,7,1,0,41.509841,1.16,40.349841,42.669841,True
E35,2017-04,15,15,0,15,0,0,15,0,0,107.381302,0,107.381302,107.381302,10,9,1,10,0,0,9,0,0,55.185073,0,55.185073,55.185073,True
E35,2017-05,9,8,1,9,0,0,8,0,0,12.148086,0,12.148086,12.148086,10,10,0,10,0,0,10,0,0,48.999679,0,48.999679,48.999679,True
E35,2017-06,22,22,0,22,0,0,22,0,0,97.113725,0,97.113725,97.113725,14,13,1,14,0,0,13,0,0,106.450166,0,106.450166,106.450166,True
E35,2017-07,14,13,1,14,0,0,13,0,0,17.619126,0,17.619126,17.619126,7,7,0,7,0,0,7,0,0,42.7253,0,42.7253,42.7253,True
E35,2017-08,13,13,0,13,0,0,13,0,0,70.210604,0,70.210604,70.210604,14,10,4,14,0,0,10,0,0,88.533418,0,88.533418,88.533418,True
E35,2017-09,15,15,0,15,0,0,15,0,0,72.857322,0,72.857322,72.857322,6,6,0,6,0,0,6,0,0,53.302866,0,53.302866,53.302866,True
E35,2017-10,11,11,0,11,0,0,11,0,0,74.09496,0,74.09496,74.09496,14,13,1,14,0,0,13,0,0,93.006278,0,93.006278,93.006278,True
E35,2017-11,31,30,1,31,0,0,30,0,0,98.272876,0,98.272876,98.272876,12,11,1,12,0,0,11,0,0,76.942838,0,76.942838,76.942838,True
E35,2017-12,16,16,0,16,0,0,16,0,0,41.801148,0,41.801148,41.801148,11,10,1,11,0,0,10,0,0,66.250135,0,66.250135,66.250135,True
E35,2018-01,21,21,0,21,0,0,21,0,0,104.983061,0,104.983061,104.983061,25,17,8,18,0,7,17,0,0,107.524269,0,107.524269,107.524269,True
E35,2018-02,12,12,0,12,0,0,12,0,0,88.961071,0,88.961071,88.961071,10,10,0,10,0,0,10,0,0,85.458191,0,85.458191,85.458191,True
E35,2018-03,14,12,2,14,0,0,12,0,0,56.893305,0,56.893305,56.893305,10,10,0,10,0,0,10,0,0,62.605452,0,62.605452,62.605452,True
E35,2018-04,21,21,0,21,0,0,21,0,0,156.572694,0,156.572694,156.572694,26,25,1,26,0,0,25,0,0,181.292691,0,181.292691,181.292691,True
E35,2018-05,18,16,2,18,0,0,16,0,0,56.349476,0,56.349476,56.349476,7,7,0,7,0,0,7,0,0,25.713294,0,25.713294,25.713294,True
E35,2018-06,14,14,0,14,0,0,14,0,0,70.44825,0,70.44825,70.44825,15,15,0,15,0,0,15,0,0,100.501292,0,100.501292,100.501292,True
E35,2018-07,7,7,0,7,0,0,7,0,0,37.0165,0,37.0165,37.0165,14,14,0,13,1,0,13,1,0,81.865376,0.798,81.067376,82.663376,True
E35,2018-08,17,17,0,17,0,0,17,0,0,146.490438,0,146.490438,146.490438,15,15,0,15,0,0,15,0,0,97.425466,0,97.425466,97.425466,True
E35,2018-09,13,13,0,13,0,0,13,0,0,71.33532,0,71.33532,71.33532,11,11,0,11,0,0,11,0,0,72.833794,0,72.833794,72.833794,True
E35,2018-10,19,19,0,18,1,0,18,1,0,93.680391,0.798,92.882391,94.478391,6,6,0,6,0,0,6,0,0,39.116903,0,39.116903,39.116903,True
E35,2018-11,32,29,3,31,1,0,28,1,0,102.702631,3.668,99.034631,106.370631,14,13,1,14,0,0,13,0,0,82.573485,0,82.573485,82.573485,True
E35,2018-12,24,22,2,19,5,0,18,4,0,68.361054,34.7004,33.660654,103.061454,16,16,0,16,0,0,16,0,0,98.92511,0,98.92511,98.92511,True
E35,2019-01,46,35,11,46,0,0,35,0,0,228.427918,0,228.427918,228.427918,13,13,0,13,0,0,13,0,0,75.351236,0,75.351236,75.351236,True
E35,2019-02,17,17,0,13,4,0,13,4,0,72.016039,41.28,30.736039,113.296039,22,22,0,22,0,0,22,0,0,178.466986,0,178.466986,178.466986,True
E35,2019-03,32,31,1,32,0,0,31,0,0,165.472464,0,165.472464,165.472464,17,17,0,17,0,0,17,0,0,101.995567,0,101.995567,101.995567,True
E35,2019-04,22,21,1,22,0,0,21,0,0,124.777843,0,124.777843,124.777843,21,19,2,21,0,0,19,0,0,123.845894,0,123.845894,123.845894,True
E35,2019-05,17,17,0,17,0,0,17,0,0,57.697624,0,57.697624,57.697624,29,27,2,29,0,0,27,0,0,217.070507,0,217.070507,217.070507,True
E35,2019-06,17,16,1,17,0,0,16,0,0,63.415975,0,63.415975,63.415975,22,20,2,22,0,0,20,0,0,129.987562,0,129.987562,129.987562,True
E35,2019-07,23,18,5,23,0,0,18,0,0,156.875565,0,156.875565,156.875565,41,38,3,41,0,0,38,0,0,264.136211,0,264.136211,264.136211,True
E35,2019-08,21,20,1,21,0,0,20,0,0,111.885953,0,111.885953,111.885953,28,28,0,28,0,0,28,0,0,197.065896,0,197.065896,197.065896,True
E35,2019-09,26,25,1,26,0,0,25,0,0,231.322718,0,231.322718,231.322718,40,40,0,40,0,0,40,0,0,265.663662,0,265.663662,265.663662,True
E35,2019-10,35,33,2,35,0,0,33,0,0,310.732422,0,310.732422,310.732422,50,50,0,50,0,0,50,0,0,374.157531,0,374.157531,374.157531,True
E35,2019-11,0,0,0,0,0,0,0,0,0,0,0,0,0,0,0,0,0,0,0,0,0,0,0,0,0,0,False
E35,2019-12,0,0,0,0,0,0,0,0,0,0,0,0,0,0,0,0,0,0,0,0,0,0,0,0,0,0,False
E35,2020-01,0,0,0,0,0,0,0,0,0,0,0,0,0,0,0,0,0,0,0,0,0,0,0,0,0,0,False
E35,2020-02,0,0,0,0,0,0,0,0,0,0,0,0,0,0,0,0,0,0,0,0,0,0,0,0,0,0,False
E36,2016-10,0,0,0,0,0,0,0,0,0,0,0,0,0,0,0,0,0,0,0,0,0,0,0,0,0,0,False
E36,2016-11,0,0,0,0,0,0,0,0,0,0,0,0,0,0,0,0,0,0,0,0,0,0,0,0,0,0,False
E36,2016-12,0,0,0,0,0,0,0,0,0,0,0,0,0,0,0,0,0,0,0,0,0,0,0,0,0,0,False
E36,2017-01,0,0,0,0,0,0,0,0,0,0,0,0,0,0,0,0,0,0,0,0,0,0,0,0,0,0,False
E36,2017-02,0,0,0,0,0,0,0,0,0,0,0,0,0,0,0,0,0,0,0,0,0,0,0,0,0,0,False
E36,2017-03,0,0,0,0,0,0,0,0,0,0,0,0,0,0,0,0,0,0,0,0,0,0,0,0,0,0,False
E36,2017-04,3,2,1,3,0,0,2,0,0,2.904,0,2.904,2.904,18,15,3,18,0,0,15,0,0,49.834469,0,49.834469,49.834469,True
E36,2017-05,24,23,1,24,0,0,23,0,0,82.180172,0,82.180172,82.180172,43,35,8,37,6,0,31,4,0,131.998024,21.341,110.657024,153.339024,True
E36,2017-06,41,36,5,41,0,0,36,0,0,101.120191,0,101.120191,101.120191,31,27,4,31,0,0,27,0,0,88.034004,0,88.034004,88.034004,True
E36,2017-07,41,41,0,40,1,0,40,1,0,40.899428,6.617806,34.281622,47.517234,39,35,4,32,7,0,28,7,0,104.419651,28.378092,76.041559,132.797743,True
E36,2017-08,35,34,1,35,0,0,34,0,0,78.359968,0,78.359968,78.359968,26,25,1,25,1,0,24,1,0,96.70118,7.4109,89.29028,104.11208,True
E36,2017-09,27,25,2,27,0,0,25,0,0,38.360384,0,38.360384,38.360384,36,33,3,35,1,0,32,1,0,103.247237,0.5,102.747237,103.747237,True
E36,2017-10,27,27,0,27,0,0,27,0,0,55.122339,0,55.122339,55.122339,35,35,0,35,0,0,35,0,0,103.218537,0,103.218537,103.218537,True
E36,2017-11,33,31,2,33,0,0,31,0,0,49.830846,0,49.830846,49.830846,49,46,3,49,0,0,46,0,0,92.395587,0,92.395587,92.395587,True
E36,2017-12,39,38,1,39,0,0,38,0,0,83.987865,0,83.987865,83.987865,64,61,3,64,0,0,61,0,0,120.646411,0,120.646411,120.646411,True
E36,2018-01,48,46,2,48,0,0,46,0,0,76.895867,0,76.895867,76.895867,76,73,3,65,11,0,63,10,0,122.311717,14.475689,107.836028,136.787406,True
E36,2018-02,27,24,3,27,0,0,24,0,0,44.294853,0,44.294853,44.294853,25,24,1,25,0,0,24,0,0,48.635534,0,48.635534,48.635534,True
E36,2018-03,49,44,5,49,0,0,44,0,0,61.589173,0,61.589173,61.589173,50,50,0,50,0,0,50,0,0,113.701005,0,113.701005,113.701005,True
E36,2018-04,54,53,1,54,0,0,53,0,0,104.877048,0,104.877048,104.877048,65,62,3,65,0,0,62,0,0,156.659989,0,156.659989,156.659989,True
E36,2018-05,37,35,2,37,0,0,35,0,0,60.024566,0,60.024566,60.024566,35,34,1,35,0,0,34,0,0,80.810921,0,80.810921,80.810921,True
E36,2018-06,44,44,0,44,0,0,44,0,0,74.242253,0,74.242253,74.242253,30,30,0,30,0,0,30,0,0,87.002717,0,87.002717,87.002717,True
E36,2018-07,42,38,4,42,0,0,38,0,0,82.993806,0,82.993806,82.993806,70,67,3,64,6,0,61,6,0,169.664804,6.943925,162.720879,176.608729,True
E36,2018-08,41,39,2,40,1,0,38,1,0,64.137319,0.19,63.947319,64.327319,65,61,4,64,0,1,61,0,0,155.031834,0,155.031834,155.031834,True
E36,2018-09,46,43,3,46,0,0,43,0,0,76.022297,0,76.022297,76.022297,39,38,1,38,1,0,37,1,0,119.07609,6.484,112.59209,125.56009,True
E36,2018-10,20,20,0,20,0,0,20,0,0,41.985351,0,41.985351,41.985351,32,30,2,32,0,0,30,0,0,75.899975,0,75.899975,75.899975,True
E36,2018-11,65,57,8,65,0,0,57,0,0,56.064165,0,56.064165,56.064165,57,49,8,57,0,0,49,0,0,127.205832,0,127.205832,127.205832,True
E36,2018-12,50,49,1,50,0,0,49,0,0,116.652478,0,116.652478,116.652478,64,57,7,59,1,4,56,1,0,147.48431,0.9335,146.55081,148.41781,True
E36,2019-01,66,64,2,66,0,0,64,0,0,50.428682,0,50.428682,50.428682,90,81,9,90,0,0,81,0,0,158.936282,0,158.936282,158.936282,True
E36,2019-02,29,29,0,29,0,0,29,0,0,32.622337,0,32.622337,32.622337,6,6,0,6,0,0,6,0,0,59.5222,0,59.5222,59.5222,True
E36,2019-03,63,59,4,63,0,0,59,0,0,79.885986,0,79.885986,79.885986,65,60,5,65,0,0,60,0,0,190.036657,0,190.036657,190.036657,True
E36,2019-04,64,59,5,64,0,0,59,0,0,81.244112,0,81.244112,81.244112,84,79,5,83,1,0,78,1,0,220.033766,0.44368,219.590086,220.477446,True
E36,2019-05,62,61,1,62,0,0,61,0,0,86.038333,0,86.038333,86.038333,42,42,0,42,0,0,42,0,0,159.987828,0,159.987828,159.987828,True
E36,2019-06,65,64,1,65,0,0,64,0,0,83.915526,0,83.915526,83.915526,47,43,4,46,1,0,42,1,0,199.733281,1.723043,198.010238,201.456324,True
E36,2019-07,57,56,1,57,0,0,56,0,0,77.536684,0,77.536684,77.536684,34,30,4,34,0,0,30,0,0,115.685953,0,115.685953,115.685953,True
E36,2019-08,62,59,3,62,0,0,59,0,0,103.551002,0,103.551002,103.551002,62,58,4,62,0,0,58,0,0,193.853966,0,193.853966,193.853966,True
E36,2019-09,113,112,1,113,0,0,112,0,0,72.681813,0,72.681813,72.681813,43,39,4,43,0,0,39,0,0,117.225474,0,117.225474,117.225474,True
E36,2019-10,128,122,6,126,2,0,120,2,0,102.990539,0.080942,102.909597,103.071481,54,50,4,54,0,0,50,0,0,177.919859,0,177.919859,177.919859,True
E36,2019-11,134,128,6,132,2,0,126,2,0,83.569775,0.0798,83.489975,83.649575,71,54,17,71,0,0,54,0,0,218.885867,0,218.885867,218.885867,True
E36,2019-12,0,0,0,0,0,0,0,0,0,0,0,0,0,0,0,0,0,0,0,0,0,0,0,0,0,0,False
E36,2020-01,0,0,0,0,0,0,0,0,0,0,0,0,0,0,0,0,0,0,0,0,0,0,0,0,0,0,False
E36,2020-02,0,0,0,0,0,0,0,0,0,0,0,0,0,0,0,0,0,0,0,0,0,0,0,0,0,0,False
E37,2016-10,0,0,0,0,0,0,0,0,0,0,0,0,0,0,0,0,0,0,0,0,0,0,0,0,0,0,False
E37,2016-11,0,0,0,0,0,0,0,0,0,0,0,0,0,0,0,0,0,0,0,0,0,0,0,0,0,0,False
E37,2016-12,0,0,0,0,0,0,0,0,0,0,0,0,0,0,0,0,0,0,0,0,0,0,0,0,0,0,False
E37,2017-01,39,38,1,39,0,0,38,0,0,345.124836,0,345.124836,345.124836,63,62,1,63,0,0,62,0,0,355.563911,0,355.563911,355.563911,True
E37,2017-02,5,4,1,5,0,0,4,0,0,40,0,40,40,12,12,0,12,0,0,12,0,0,13.7612,0,13.7612,13.7612,True
E37,2017-03,6,6,0,6,0,0,6,0,0,24.693317,0,24.693317,24.693317,51,51,0,45,6,0,45,6,0,54.966382,6.128,48.838382,61.094382,True
E37,2017-04,9,9,0,9,0,0,9,0,0,93.146076,0,93.146076,93.146076,35,34,1,35,0,0,34,0,0,30.81752,0,30.81752,30.81752,True
E37,2017-05,9,9,0,9,0,0,9,0,0,90.505391,0,90.505391,90.505391,29,29,0,29,0,0,29,0,0,36.265697,0,36.265697,36.265697,True
E37,2017-06,8,8,0,8,0,0,8,0,0,59.105004,0,59.105004,59.105004,98,98,0,97,1,0,97,1,0,108.939505,1.139675,107.79983,110.07918,True
E37,2017-07,3,3,0,3,0,0,3,0,0,28.081397,0,28.081397,28.081397,43,43,0,43,0,0,43,0,0,56.8136,0,56.8136,56.8136,True
E37,2017-08,7,7,0,7,0,0,7,0,0,76.456,0,76.456,76.456,36,28,8,36,0,0,28,0,0,74.726901,0,74.726901,74.726901,True
E37,2017-09,8,8,0,8,0,0,8,0,0,75.17274,0,75.17274,75.17274,49,49,0,49,0,0,49,0,0,54.3671,0,54.3671,54.3671,True
E37,2017-10,11,11,0,11,0,0,11,0,0,82.6723,0,82.6723,82.6723,103,102,1,102,1,0,101,1,0,117.9831,0.959296,117.023804,118.942396,True
E37,2017-11,9,9,0,9,0,0,9,0,0,87.86966,0,87.86966,87.86966,51,48,3,51,0,0,48,0,0,86.79275,0,86.79275,86.79275,True
E37,2017-12,11,11,0,11,0,0,11,0,0,86.779792,0,86.779792,86.779792,17,15,2,16,1,0,14,1,0,72.6003,5,67.6003,77.6003,True
E37,2018-01,20,20,0,20,0,0,20,0,0,182.739755,0,182.739755,182.739755,25,19,6,25,0,0,19,0,0,159.98388,0,159.98388,159.98388,True
E37,2018-02,18,15,3,18,0,0,15,0,0,128.287811,0,128.287811,128.287811,29,26,3,29,0,0,26,0,0,182.3904,0,182.3904,182.3904,True
E37,2018-03,19,18,1,19,0,0,18,0,0,115.771878,0,115.771878,115.771878,30,20,10,25,5,0,15,5,0,70.6995,44.2,26.4995,114.8995,True
E37,2018-04,20,20,0,20,0,0,20,0,0,88.880369,0,88.880369,88.880369,27,27,0,27,0,0,27,0,0,202.2703,0,202.2703,202.2703,True
E37,2018-05,23,17,6,23,0,0,17,0,0,222.153022,0,222.153022,222.153022,28,25,3,28,0,0,25,0,0,214.830447,0,214.830447,214.830447,True
E37,2018-06,19,19,0,19,0,0,19,0,0,156.850022,0,156.850022,156.850022,26,25,1,26,0,0,25,0,0,161.694672,0,161.694672,161.694672,True
E37,2018-07,18,18,0,18,0,0,18,0,0,157.038855,0,157.038855,157.038855,15,15,0,15,0,0,15,0,0,95.50571,0,95.50571,95.50571,True
E37,2018-08,14,14,0,14,0,0,14,0,0,102.878691,0,102.878691,102.878691,19,17,2,19,0,0,17,0,0,96.694543,0,96.694543,96.694543,True
E37,2018-09,13,11,2,13,0,0,11,0,0,81.174097,0,81.174097,81.174097,27,26,1,27,0,0,26,0,0,152.583535,0,152.583535,152.583535,True
E37,2018-10,18,18,0,18,0,0,18,0,0,217.525329,0,217.525329,217.525329,32,29,3,32,0,0,29,0,0,163.650906,0,163.650906,163.650906,True
E37,2018-11,22,18,4,22,0,0,18,0,0,103.153413,0,103.153413,103.153413,26,25,1,26,0,0,25,0,0,126.534994,0,126.534994,126.534994,True
E37,2018-12,19,17,2,19,0,0,17,0,0,132.182135,0,132.182135,132.182135,25,23,2,25,0,0,23,0,0,129.39249,0,129.39249,129.39249,True
E37,2019-01,35,35,0,35,0,0,35,0,0,302.420355,0,302.420355,302.420355,40,37,3,40,0,0,37,0,0,276.263112,0,276.263112,276.263112,True
E37,2019-02,18,16,2,18,0,0,16,0,0,132.485071,0,132.485071,132.485071,13,10,3,13,0,0,10,0,0,73.4089,0,73.4089,73.4089,True
E37,2019-03,13,13,0,13,0,0,13,0,0,106.749525,0,106.749525,106.749525,27,27,0,27,0,0,27,0,0,201.44605,0,201.44605,201.44605,True
E37,2019-04,3,3,0,3,0,0,3,0,0,20.0453,0,20.0453,20.0453,14,13,1,14,0,0,13,0,0,37.404,0,37.404,37.404,True
E37,2019-05,35,34,1,35,0,0,34,0,0,291.696,0,291.696,291.696,10,10,0,10,0,0,10,0,0,31.81967,0,31.81967,31.81967,True
E37,2019-06,24,23,1,22,2,0,21,2,0,164.546603,10,154.546603,174.546603,32,26,6,32,0,0,26,0,0,206.034971,0,206.034971,206.034971,True
E37,2019-07,13,13,0,13,0,0,13,0,0,114.6582,0,114.6582,114.6582,21,15,6,21,0,0,15,0,0,71.73644,0,71.73644,71.73644,True
E37,2019-08,2,2,0,2,0,0,2,0,0,5.03,0,5.03,5.03,24,24,0,24,0,0,24,0,0,182.154006,0,182.154006,182.154006,True
E37,2019-09,30,29,1,30,0,0,29,0,0,259.029604,0,259.029604,259.029604,37,30,7,37,0,0,30,0,0,235.273472,0,235.273472,235.273472,True
E37,2019-10,4,4,0,4,0,0,4,0,0,16.6861,0,16.6861,16.6861,18,18,0,18,0,0,18,0,0,112.445625,0,112.445625,112.445625,True
E37,2019-11,22,22,0,22,0,0,22,0,0,187.484708,0,187.484708,187.484708,27,22,5,27,0,0,22,0,0,139.320207,0,139.320207,139.320207,True
E37,2019-12,41,41,0,41,0,0,41,0,0,385.38243,0,385.38243,385.38243,63,62,1,63,0,0,62,0,0,371.116228,0,371.116228,371.116228,True
E37,2020-01,30,29,1,30,0,0,29,0,0,253.376083,0,253.376083,253.376083,51,42,9,51,0,0,42,0,0,308.099524,0,308.099524,308.099524,True
E37,2020-02,0,0,0,0,0,0,0,0,0,0,0,0,0,0,0,0,0,0,0,0,0,0,0,0,0,0,False
E38,2016-10,0,0,0,0,0,0,0,0,0,0,0,0,0,0,0,0,0,0,0,0,0,0,0,0,0,0,False
E38,2016-11,0,0,0,0,0,0,0,0,0,0,0,0,0,0,0,0,0,0,0,0,0,0,0,0,0,0,False
E38,2016-12,0,0,0,0,0,0,0,0,0,0,0,0,0,0,0,0,0,0,0,0,0,0,0,0,0,0,False
E38,2017-01,0,0,0,0,0,0,0,0,0,0,0,0,0,0,0,0,0,0,0,0,0,0,0,0,0,0,False
E38,2017-02,0,0,0,0,0,0,0,0,0,0,0,0,0,0,0,0,0,0,0,0,0,0,0,0,0,0,False
E38,2017-03,1,1,0,1,0,0,1,0,0,0.033,0,0.033,0.033,0,0,0,0,0,0,0,0,0,0,0,0,0,True
E38,2017-04,0,0,0,0,0,0,0,0,0,0,0,0,0,0,0,0,0,0,0,0,0,0,0,0,0,0,False
E38,2017-05,0,0,0,0,0,0,0,0,0,0,0,0,0,28,19,9,28,0,0,19,0,0,180.4669,0,180.4669,180.4669,True
E38,2017-06,0,0,0,0,0,0,0,0,0,0,0,0,0,7,5,2,7,0,0,5,0,0,45.9183,0,45.9183,45.9183,True
E38,2017-07,4,4,0,4,0,0,4,0,0,0.2629,0,0.2629,0.2629,5,5,0,5,0,0,5,0,0,48.8964,0,48.8964,48.8964,True
E38,2017-08,4,4,0,4,0,0,4,0,0,0.5783,0,0.5783,0.5783,0,0,0,0,0,0,0,0,0,0,0,0,0,True
E38,2017-09,3,3,0,3,0,0,3,0,0,1.3097,0,1.3097,1.3097,17,16,1,17,0,0,16,0,0,157.6295,0,157.6295,157.6295,True
E38,2017-10,10,10,0,10,0,0,10,0,0,2.2535,0,2.2535,2.2535,18,18,0,18,0,0,18,0,0,180,0,180,180,True
E38,2017-11,3,3,0,3,0,0,3,0,0,0.3542,0,0.3542,0.3542,10,10,0,10,0,0,10,0,0,100,0,100,100,True
E38,2017-12,7,7,0,7,0,0,7,0,0,0.7874,0,0.7874,0.7874,32,30,2,32,0,0,30,0,0,300,0,300,300,True
E38,2018-01,9,9,0,9,0,0,9,0,0,0.9,0,0.9,0.9,21,20,1,21,0,0,20,0,0,200,0,200,200,True
E38,2018-02,37,37,0,37,0,0,37,0,0,416.57073,0,416.57073,416.57073,30,30,0,30,0,0,30,0,0,300,0,300,300,True
E38,2018-03,26,25,1,26,0,0,25,0,0,3.147176,0,3.147176,3.147176,0,0,0,0,0,0,0,0,0,0,0,0,0,True
E38,2018-04,38,37,1,34,4,0,33,4,0,15.334437,1.074093,14.260344,16.40853,40,39,1,40,0,0,39,0,0,387.2006,0,387.2006,387.2006,True
E38,2018-05,14,13,1,14,0,0,13,0,0,1.8506,0,1.8506,1.8506,0,0,0,0,0,0,0,0,0,0,0,0,0,True
E38,2018-06,22,20,2,22,0,0,20,0,0,19.0736,0,19.0736,19.0736,0,0,0,0,0,0,0,0,0,0,0,0,0,True
E38,2018-07,14,14,0,14,0,0,14,0,0,0.884655,0,0.884655,0.884655,0,0,0,0,0,0,0,0,0,0,0,0,0,True
E38,2018-08,20,17,3,20,0,0,17,0,0,7.245093,0,7.245093,7.245093,60,36,24,60,0,0,36,0,0,357.0381,0,357.0381,357.0381,True
E38,2018-09,26,26,0,26,0,0,26,0,0,8.198001,0,8.198001,8.198001,62,58,4,62,0,0,58,0,0,566.1406,0,566.1406,566.1406,True
E38,2018-10,36,36,0,36,0,0,36,0,0,10.467616,0,10.467616,10.467616,16,6,10,16,0,0,6,0,0,56.808951,0,56.808951,56.808951,True
E38,2018-11,48,47,1,48,0,0,47,0,0,87.839578,0,87.839578,87.839578,22,15,7,18,4,0,11,4,0,76.604803,40,36.604803,116.604803,True
E38,2018-12,41,38,3,41,0,0,38,0,0,17.349233,0,17.349233,17.349233,8,8,0,8,0,0,8,0,0,22.389521,0,22.389521,22.389521,True
E38,2019-01,36,34,2,36,0,0,34,0,0,17.248087,0,17.248087,17.248087,58,57,1,58,0,0,57,0,0,490.962312,0,490.962312,490.962312,True
E38,2019-02,54,47,7,54,0,0,47,0,0,36.438032,0,36.438032,36.438032,13,11,2,13,0,0,11,0,0,107.000001,0,107.000001,107.000001,True
E38,2019-03,36,36,0,36,0,0,36,0,0,32.909898,0,32.909898,32.909898,9,4,5,9,0,0,4,0,0,20.17074,0,20.17074,20.17074,True
E38,2019-04,43,41,2,43,0,0,41,0,0,6.11126,0,6.11126,6.11126,4,0,4,4,0,0,0,0,0,0,0,0,0,True
E38,2019-05,30,30,0,30,0,0,30,0,0,3.3569,0,3.3569,3.3569,7,6,1,7,0,0,6,0,0,18.691556,0,18.691556,18.691556,True
E38,2019-06,36,34,2,36,0,0,34,0,0,43.924266,0,43.924266,43.924266,0,0,0,0,0,0,0,0,0,0,0,0,0,True
E38,2019-07,51,50,1,51,0,0,50,0,0,11.332051,0,11.332051,11.332051,0,0,0,0,0,0,0,0,0,0,0,0,0,True
E38,2019-08,72,68,4,72,0,0,68,0,0,156.561393,0,156.561393,156.561393,90,90,0,90,0,0,90,0,0,867.316539,0,867.316539,867.316539,True
E38,2019-09,44,43,1,44,0,0,43,0,0,13.330919,0,13.330919,13.330919,16,16,0,16,0,0,16,0,0,100.374337,0,100.374337,100.374337,True
E38,2019-10,55,55,0,55,0,0,55,0,0,9.154979,0,9.154979,9.154979,12,12,0,12,0,0,12,0,0,112.647874,0,112.647874,112.647874,True
E38,2019-11,57,57,0,57,0,0,57,0,0,11.188686,0,11.188686,11.188686,6,4,2,6,0,0,4,0,0,16.656141,0,16.656141,16.656141,True
E38,2019-12,114,112,2,114,0,0,112,0,0,381.331295,0,381.331295,381.331295,37,37,0,37,0,0,37,0,0,338.426719,0,338.426719,338.426719,True
E38,2020-01,0,0,0,0,0,0,0,0,0,0,0,0,0,0,0,0,0,0,0,0,0,0,0,0,0,0,False
E38,2020-02,0,0,0,0,0,0,0,0,0,0,0,0,0,0,0,0,0,0,0,0,0,0,0,0,0,0,False
E39,2016-10,0,0,0,0,0,0,0,0,0,0,0,0,0,0,0,0,0,0,0,0,0,0,0,0,0,0,False
E39,2016-11,0,0,0,0,0,0,0,0,0,0,0,0,0,0,0,0,0,0,0,0,0,0,0,0,0,0,False
E39,2016-12,0,0,0,0,0,0,0,0,0,0,0,0,0,0,0,0,0,0,0,0,0,0,0,0,0,0,False
E39,2017-01,0,0,0,0,0,0,0,0,0,0,0,0,0,0,0,0,0,0,0,0,0,0,0,0,0,0,False
E39,2017-02,0,0,0,0,0,0,0,0,0,0,0,0,0,0,0,0,0,0,0,0,0,0,0,0,0,0,False
E39,2017-03,0,0,0,0,0,0,0,0,0,0,0,0,0,0,0,0,0,0,0,0,0,0,0,0,0,0,False
E39,2017-04,0,0,0,0,0,0,0,0,0,0,0,0,0,0,0,0,0,0,0,0,0,0,0,0,0,0,False
E39,2017-05,0,0,0,0,0,0,0,0,0,0,0,0,0,0,0,0,0,0,0,0,0,0,0,0,0,0,False
E39,2017-06,2,1,1,2,0,0,1,0,0,0.0606,0,0.0606,0.0606,0,0,0,0,0,0,0,0,0,0,0,0,0,True
E39,2017-07,3,3,0,3,0,0,3,0,0,0.1938,0,0.1938,0.1938,0,0,0,0,0,0,0,0,0,0,0,0,0,True
E39,2017-08,2,2,0,2,0,0,2,0,0,0.0277,0,0.0277,0.0277,0,0,0,0,0,0,0,0,0,0,0,0,0,True
E39,2017-09,0,0,0,0,0,0,0,0,0,0,0,0,0,0,0,0,0,0,0,0,0,0,0,0,0,0,False
E39,2017-10,2,2,0,2,0,0,2,0,0,0.0598,0,0.0598,0.0598,13,13,0,13,0,0,13,0,0,134.4115,0,134.4115,134.4115,True
E39,2017-11,3,3,0,3,0,0,3,0,0,0.4801,0,0.4801,0.4801,0,0,0,0,0,0,0,0,0,0,0,0,0,True
E39,2017-12,15,15,0,15,0,0,15,0,0,1.2353,0,1.2353,1.2353,12,11,1,12,0,0,11,0,0,120.456,0,120.456,120.456,True
E39,2018-01,9,9,0,9,0,0,9,0,0,0.582,0,0.582,0.582,41,40,1,41,0,0,40,0,0,432.4547,0,432.4547,432.4547,True
E39,2018-02,12,12,0,12,0,0,12,0,0,0.9904,0,0.9904,0.9904,1,1,0,1,0,0,1,0,0,7.5031,0,7.5031,7.5031,True
E39,2018-03,21,19,2,21,0,0,19,0,0,1.2732,0,1.2732,1.2732,0,0,0,0,0,0,0,0,0,0,0,0,0,True
E39,2018-04,8,8,0,8,0,0,8,0,0,0.6242,0,0.6242,0.6242,35,35,0,35,0,0,35,0,0,328.3938,0,328.3938,328.3938,True
E39,2018-05,6,6,0,6,0,0,6,0,0,0.12715,0,0.12715,0.12715,3,3,0,3,0,0,3,0,0,25.9368,0,25.9368,25.9368,True
E39,2018-06,6,6,0,6,0,0,6,0,0,0.14571,0,0.14571,0.14571,9,6,3,9,0,0,6,0,0,46.632,0,46.632,46.632,True
E39,2018-07,14,14,0,14,0,0,14,0,0,0.61724,0,0.61724,0.61724,1,1,0,1,0,0,1,0,0,11.0203,0,11.0203,11.0203,True
E39,2018-08,16,16,0,16,0,0,16,0,0,0.520655,0,0.520655,0.520655,14,14,0,14,0,0,14,0,0,110.1471,0,110.1471,110.1471,True
E39,2018-09,8,8,0,8,0,0,8,0,0,0.251409,0,0.251409,0.251409,26,17,9,26,0,0,17,0,0,225.3773,0,225.3773,225.3773,True
E39,2018-10,3,3,0,3,0,0,3,0,0,0.0889,0,0.0889,0.0889,0,0,0,0,0,0,0,0,0,0,0,0,0,True
E39,2018-11,1,1,0,1,0,0,1,0,0,0.5499,0,0.5499,0.5499,5,4,1,5,0,0,4,0,0,10,0,10,10,True
E39,2018-12,0,0,0,0,0,0,0,0,0,0,0,0,0,9,8,1,9,0,0,8,0,0,20,0,20,20,True
E39,2019-01,0,0,0,0,0,0,0,0,0,0,0,0,0,10,7,3,10,0,0,7,0,0,400.373,0,400.373,400.373,True
E39,2019-02,0,0,0,0,0,0,0,0,0,0,0,0,0,5,4,1,5,0,0,4,0,0,10,0,10,10,True
E39,2019-03,0,0,0,0,0,0,0,0,0,0,0,0,0,8,7,1,8,0,0,7,0,0,308.15446,0,308.15446,308.15446,True
E39,2019-04,10,10,0,10,0,0,10,0,0,1.247612,0,1.247612,1.247612,10,10,0,10,0,0,10,0,0,91.638378,0,91.638378,91.638378,True
E39,2019-05,23,23,0,23,0,0,23,0,0,3.975265,0,3.975265,3.975265,5,5,0,5,0,0,5,0,0,17.2325,0,17.2325,17.2325,True
E39,2019-06,23,23,0,23,0,0,23,0,0,0.82031,0,0.82031,0.82031,14,13,1,10,4,0,9,4,0,49.9657,9.9172,40.0485,59.8829,True
E39,2019-07,17,17,0,17,0,0,17,0,0,7.347912,0,7.347912,7.347912,13,10,3,13,0,0,10,0,0,347.379,0,347.379,347.379,True
E39,2019-08,20,20,0,20,0,0,20,0,0,11.1129,0,11.1129,11.1129,8,6,2,6,2,0,4,2,0,144.57926,30.7218,113.85746,175.30106,True
E39,2019-09,16,16,0,16,0,0,16,0,0,0.739256,0,0.739256,0.739256,9,9,0,9,0,0,9,0,0,356.81842,0,356.81842,356.81842,True
E39,2019-10,11,11,0,11,0,0,11,0,0,0.4227,0,0.4227,0.4227,6,5,1,6,0,0,5,0,0,22.4719,0,22.4719,22.4719,True
E39,2019-11,13,13,0,13,0,0,13,0,0,3.11252,0,3.11252,3.11252,5,5,0,5,0,0,5,0,0,43.0603,0,43.0603,43.0603,True
E39,2019-12,18,18,0,18,0,0,18,0,0,0.717507,0,0.717507,0.717507,2,2,0,2,0,0,2,0,0,68.38115,0,68.38115,68.38115,True
E39,2020-01,0,0,0,0,0,0,0,0,0,0,0,0,0,0,0,0,0,0,0,0,0,0,0,0,0,0,False
E39,2020-02,0,0,0,0,0,0,0,0,0,0,0,0,0,0,0,0,0,0,0,0,0,0,0,0,0,0,False
E4,2016-10,0,0,0,0,0,0,0,0,0,0,0,0,0,0,0,0,0,0,0,0,0,0,0,0,0,0,False
E4,2016-11,0,0,0,0,0,0,0,0,0,0,0,0,0,0,0,0,0,0,0,0,0,0,0,0,0,0,False
E4,2016-12,0,0,0,0,0,0,0,0,0,0,0,0,0,0,0,0,0,0,0,0,0,0,0,0,0,0,False
E4,2017-01,12,11,1,12,0,0,11,0,0,29.319948,0,29.319948,29.319948,100,100,0,100,0,0,100,0,0,10472.93568,0,10472.93568,10472.93568,True
E4,2017-02,8,8,0,8,0,0,8,0,0,2.0193,0,2.0193,2.0193,217,207,10,217,0,0,207,0,0,22643.80557,0,22643.80557,22643.80557,True
E4,2017-03,11,10,1,11,0,0,10,0,0,473.4342,0,473.4342,473.4342,214,214,0,214,0,0,214,0,0,23330.09513,0,23330.09513,23330.09513,True
E4,2017-04,8,8,0,7,1,0,7,1,0,115.069874,0.13,114.939874,115.199874,148,148,0,148,0,0,148,0,0,16084.36978,0,16084.36978,16084.36978,True
E4,2017-05,8,8,0,8,0,0,8,0,0,2.936375,0,2.936375,2.936375,147,147,0,147,0,0,147,0,0,16078.66405,0,16078.66405,16078.66405,True
E4,2017-06,10,9,1,10,0,0,9,0,0,2.487391,0,2.487391,2.487391,315,315,0,315,0,0,315,0,0,35551.17425,0,35551.17425,35551.17425,True
E4,2017-07,6,6,0,6,0,0,6,0,0,3.217372,0,3.217372,3.217372,8,8,0,8,0,0,8,0,0,672.818683,0,672.818683,672.818683,True
E4,2017-08,6,4,2,6,0,0,4,0,0,0.3541,0,0.3541,0.3541,0,0,0,0,0,0,0,0,0,0,0,0,0,True
E4,2017-09,1,1,0,1,0,0,1,0,0,0.058,0,0.058,0.058,36,35,1,36,0,0,35,0,0,3606.931274,0,3606.931274,3606.931274,True
E4,2017-10,11,11,0,10,1,0,10,1,0,5.1228,0.22,4.9028,5.3428,34,34,0,34,0,0,34,0,0,3738.96129,0,3738.96129,3738.96129,True
E4,2017-11,17,12,5,17,0,0,12,0,0,3186.519914,0,3186.519914,3186.519914,105,104,1,105,0,0,104,0,0,11770.27195,0,11770.27195,11770.27195,True
E4,2017-12,17,17,0,17,0,0,17,0,0,4043.541554,0,4043.541554,4043.541554,85,77,8,85,0,0,77,0,0,8386.240919,0,8386.240919,8386.240919,True
E4,2018-01,14,14,0,14,0,0,14,0,0,4163.081086,0,4163.081086,4163.081086,49,49,0,49,0,0,49,0,0,5535.024926,0,5535.024926,5535.024926,True
E4,2018-02,10,10,0,10,0,0,10,0,0,4358.549078,0,4358.549078,4358.549078,56,56,0,56,0,0,56,0,0,6416.081674,0,6416.081674,6416.081674,True
E4,2018-03,30,26,4,30,0,0,26,0,0,3.621825,0,3.621825,3.621825,48,12,36,48,0,0,12,0,0,1310,0,1310,1310,True
E4,2018-04,33,31,2,33,0,0,31,0,0,26.914618,0,26.914618,26.914618,18,18,0,18,0,0,18,0,0,2068.524008,0,2068.524008,2068.524008,True
E4,2018-05,21,21,0,21,0,0,21,0,0,1.087831,0,1.087831,1.087831,13,13,0,13,0,0,13,0,0,1270.493932,0,1270.493932,1270.493932,True
E4,2018-06,22,20,2,22,0,0,20,0,0,30.175039,0,30.175039,30.175039,245,125,120,245,0,0,125,0,0,13129.56938,0,13129.56938,13129.56938,True
E4,2018-07,29,27,2,29,0,0,27,0,0,6.344912,0,6.344912,6.344912,83,82,1,79,4,0,78,4,0,8024.446912,409.083122,7615.36379,8433.530034,True
E4,2018-08,12,11,1,12,0,0,11,0,0,0.542591,0,0.542591,0.542591,20,20,0,20,0,0,20,0,0,2058.218286,0,2058.218286,2058.218286,True
E4,2018-09,17,17,0,17,0,0,17,0,0,448.511295,0,448.511295,448.511295,17,14,3,17,0,0,14,0,0,1358.647448,0,1358.647448,1358.647448,True
E4,2018-10,16,14,2,15,1,0,13,1,0,1275.356781,440.65579,834.700991,1716.012571,34,30,4,31,3,0,27,3,0,2116.085916,242.975,1873.110916,2359.060916,True
E4,2018-11,15,15,0,15,0,0,15,0,0,2.972141,0,2.972141,2.972141,46,44,2,44,2,0,42,2,0,3200.452461,189.144,3011.308461,3389.596461,True
E4,2018-12,19,17,2,19,0,0,17,0,0,1494.637734,0,1494.637734,1494.637734,27,27,0,27,0,0,27,0,0,2817.28777,0,2817.28777,2817.28777,True
E4,2019-01,9,9,0,8,1,0,8,1,0,22.68627,0.3661,22.32017,23.05237,17,16,1,17,0,0,16,0,0,1420.985521,0,1420.985521,1420.985521,True
E4,2019-02,7,6,1,7,0,0,6,0,0,7.9803,0,7.9803,7.9803,10,10,0,10,0,0,10,0,0,800.425728,0,800.425728,800.425728,True
E4,2019-03,8,8,0,8,0,0,8,0,0,0.83443,0,0.83443,0.83443,15,15,0,15,0,0,15,0,0,1339.280712,0,1339.280712,1339.280712,True
E4,2019-04,7,7,0,7,0,0,7,0,0,4.110101,0,4.110101,4.110101,20,20,0,20,0,0,20,0,0,1550.644499,0,1550.644499,1550.644499,True
E4,2019-05,14,13,1,14,0,0,13,0,0,5.767548,0,5.767548,5.767548,8,8,0,8,0,0,8,0,0,475.504946,0,475.504946,475.504946,True
E4,2019-06,8,8,0,8,0,0,8,0,0,3.73412,0,3.73412,3.73412,2,2,0,2,0,0,2,0,0,170.353386,0,170.353386,170.353386,True
E4,2019-07,18,13,5,18,0,0,13,0,0,481.813288,0,481.813288,481.813288,5,5,0,5,0,0,5,0,0,484.68572,0,484.68572,484.68572,True
E4,2019-08,12,11,1,12,0,0,11,0,0,286.037701,0,286.037701,286.037701,10,10,0,10,0,0,10,0,0,807.505344,0,807.505344,807.505344,True
E4,2019-09,13,12,1,13,0,0,12,0,0,634.950271,0,634.950271,634.950271,8,7,1,8,0,0,7,0,0,635.42008,0,635.42008,635.42008,True
E4,2019-10,11,11,0,11,0,0,11,0,0,1064.15324,0,1064.15324,1064.15324,11,11,0,11,0,0,11,0,0,1075.02368,0,1075.02368,1075.02368,True
E4,2019-11,8,8,0,8,0,0,8,0,0,534.359191,0,534.359191,534.359191,10,9,1,10,0,0,9,0,0,841.17675,0,841.17675,841.17675,True
E4,2019-12,82,79,3,82,0,0,79,0,0,3175.90791,0,3175.90791,3175.90791,50,49,1,50,0,0,49,0,0,4253.152932,0,4253.152932,4253.152932,True
E4,2020-01,6,6,0,6,0,0,6,0,0,1.548522,0,1.548522,1.548522,0,0,0,0,0,0,0,0,0,0,0,0,0,True
E4,2020-02,2,2,0,2,0,0,2,0,0,0.034701,0,0.034701,0.034701,0,0,0,0,0,0,0,0,0,0,0,0,0,True
E40,2016-10,0,0,0,0,0,0,0,0,0,0,0,0,0,0,0,0,0,0,0,0,0,0,0,0,0,0,False
E40,2016-11,0,0,0,0,0,0,0,0,0,0,0,0,0,0,0,0,0,0,0,0,0,0,0,0,0,0,False
E40,2016-12,0,0,0,0,0,0,0,0,0,0,0,0,0,0,0,0,0,0,0,0,0,0,0,0,0,0,False
E40,2017-01,0,0,0,0,0,0,0,0,0,0,0,0,0,0,0,0,0,0,0,0,0,0,0,0,0,0,False
E40,2017-02,0,0,0,0,0,0,0,0,0,0,0,0,0,0,0,0,0,0,0,0,0,0,0,0,0,0,False
E40,2017-03,0,0,0,0,0,0,0,0,0,0,0,0,0,0,0,0,0,0,0,0,0,0,0,0,0,0,False
E40,2017-04,0,0,0,0,0,0,0,0,0,0,0,0,0,1,1,0,1,0,0,1,0,0,4.2568,0,4.2568,4.2568,True
E40,2017-05,1,1,0,1,0,0,1,0,0,0.02,0,0.02,0.02,1,1,0,1,0,0,1,0,0,4.2568,0,4.2568,4.2568,True
E40,2017-06,9,9,0,9,0,0,9,0,0,0.9023,0,0.9023,0.9023,2,2,0,2,0,0,2,0,0,8.4168,0,8.4168,8.4168,True
E40,2017-07,18,17,1,18,0,0,17,0,0,1.177379,0,1.177379,1.177379,5,4,1,5,0,0,4,0,0,14.7534,0,14.7534,14.7534,True
E40,2017-08,30,29,1,30,0,0,29,0,0,1.68695,0,1.68695,1.68695,1,1,0,1,0,0,1,0,0,8.5134,0,8.5134,8.5134,True
E40,2017-09,26,24,2,26,0,0,24,0,0,2.1582,0,2.1582,2.1582,7,7,0,7,0,0,7,0,0,35.35372,0,35.35372,35.35372,True
E40,2017-10,32,32,0,32,0,0,32,0,0,5.194992,0,5.194992,5.194992,10,10,0,10,0,0,10,0,0,26.6808,0,26.6808,26.6808,True
E40,2017-11,30,30,0,30,0,0,30,0,0,8.215802,0,8.215802,8.215802,14,13,1,14,0,0,13,0,0,30.154856,0,30.154856,30.154856,True
E40,2017-12,46,46,0,44,2,0,44,2,0,4.396286,0.12105,4.275236,4.517336,38,35,3,38,0,0,35,0,0,156.30324,0,156.30324,156.30324,True
E40,2018-01,55,54,1,55,0,0,54,0,0,8.014572,0,8.014572,8.014572,15,15,0,13,2,0,13,2,0,23.920561,12,11.920561,35.920561,True
E40,2018-02,50,49,1,50,0,0,49,0,0,2.687681,0,2.687681,2.687681,8,8,0,8,0,0,8,0,0,20.318632,0,20.318632,20.318632,True
E40,2018-03,87,87,0,87,0,0,87,0,0,5.554777,0,5.554777,5.554777,14,14,0,14,0,0,14,0,0,45.108692,0,45.108692,45.108692,True
E40,2018-04,111,109,2,111,0,0,109,0,0,17.368716,0,17.368716,17.368716,25,23,2,24,1,0,22,1,0,68.3256,1.04,67.2856,69.3656,True
E40,2018-05,86,83,3,86,0,0,83,0,0,5.756745,0,5.756745,5.756745,21,21,0,21,0,0,21,0,0,53.604096,0,53.604096,53.604096,True
E40,2018-06,112,110,2,107,5,0,105,5,0,23.053807,0.23248,22.821327,23.286287,45,43,2,42,3,0,40,3,0,146.483512,20.88,125.603512,167.363512,True
E40,2018-07,114,107,7,114,0,0,107,0,0,10.387761,0,10.387761,10.387761,32,30,2,29,3,0,27,3,0,85.812818,4.4184,81.394418,90.231218,True
E40,2018-08,113,110,3,111,2,0,108,2,0,7.514603,0.1123,7.402303,7.626903,26,25,1,24,1,1,24,1,0,57.125496,2.2314,54.894096,59.356896,True
E40,2018-09,103,101,2,102,1,0,100,1,0,19.481664,0.0129,19.468764,19.494564,34,33,1,33,1,0,32,1,0,93.428036,1.5,91.928036,94.928036,True
E40,2018-10,106,104,2,105,1,0,103,1,0,14.583622,0.188,14.395622,14.771622,29,28,1,29,0,0,28,0,0,136.45606,0,136.45606,136.45606,True
E40,2018-11,139,135,4,138,1,0,134,1,0,11.969135,0.9,11.069135,12.869135,25,25,0,21,4,0,21,4,0,43.898634,40,3.898634,83.898634,True
E40,2018-12,158,155,3,156,2,0,153,2,0,59.231496,0.0543,59.177196,59.285796,85,81,4,85,0,0,81,0,0,490.462988,0,490.462988,490.462988,True
E40,2019-01,201,198,3,199,2,0,196,2,0,60.272516,0.06,60.212516,60.332516,19,19,0,19,0,0,19,0,0,72.2976,0,72.2976,72.2976,True
E40,2019-02,140,137,3,140,0,0,137,0,0,37.087555,0,37.087555,37.087555,19,19,0,14,5,0,14,5,0,47.369704,36.3996,10.970104,83.769304,True
E40,2019-03,144,134,10,143,1,0,133,1,0,9.396013,0.033891,9.362122,9.429904,21,21,0,16,5,0,16,5,0,68.23145,26.339,41.89245,94.57045,True
E40,2019-04,125,119,6,125,0,0,119,0,0,19.823131,0,19.823131,19.823131,17,17,0,17,0,0,17,0,0,85.98001,0,85.98001,85.98001,True
E40,2019-05,97,96,1,97,0,0,96,0,0,20.084361,0,20.084361,20.084361,76,26,50,22,4,50,22,4,0,159.874055,32,127.874055,191.874055,True
E40,2019-06,104,100,4,103,1,0,99,1,0,8.395084,0.0762,8.318884,8.471284,47,36,11,44,2,1,34,2,0,228.617738,13.2345,215.383238,241.852238,True
E40,2019-07,126,124,2,125,1,0,123,1,0,11.6229,0.0088,11.6141,11.6317,21,21,0,20,1,0,20,1,0,109.117973,2,107.117973,111.117973,True
E40,2019-08,132,129,3,132,0,0,129,0,0,11.001164,0,11.001164,11.001164,28,27,1,25,3,0,24,3,0,143.396185,24.54,118.856185,167.936185,True
E40,2019-09,118,115,3,118,0,0,115,0,0,17.372235,0,17.372235,17.372235,55,54,1,51,4,0,50,4,0,334.633253,40,294.633253,374.633253,True
E40,2019-10,130,126,4,124,6,0,120,6,0,5.622817,0.058229,5.564588,5.681046,25,25,0,25,0,0,25,0,0,176.179685,0,176.179685,176.179685,True
E40,2019-11,136,132,4,135,1,0,131,1,0,14.420957,0.031,14.389957,14.451957,22,22,0,22,0,0,22,0,0,130.685595,0,130.685595,130.685595,True
E40,2019-12,156,153,3,153,3,0,150,3,0,18.126078,1.269275,16.856803,19.395353,71,69,2,68,3,0,66,3,0,457.213739,21.2395,435.974239,478.453239,True
E40,2020-01,103,103,0,98,5,0,98,5,0,8.989733,0.027979,8.961754,9.017712,7,7,0,7,0,0,7,0,0,44.579825,0,44.579825,44.579825,True
E40,2020-02,10,10,0,10,0,0,10,0,0,0.248908,0,0.248908,0.248908,17,17,0,17,0,0,17,0,0,116.785778,0,116.785778,116.785778,True
E41,2016-10,0,0,0,0,0,0,0,0,0,0,0,0,0,0,0,0,0,0,0,0,0,0,0,0,0,0,False
E41,2016-11,0,0,0,0,0,0,0,0,0,0,0,0,0,0,0,0,0,0,0,0,0,0,0,0,0,0,False
E41,2016-12,0,0,0,0,0,0,0,0,0,0,0,0,0,0,0,0,0,0,0,0,0,0,0,0,0,0,False
E41,2017-01,0,0,0,0,0,0,0,0,0,0,0,0,0,2,2,0,2,0,0,2,0,0,11.612917,0,11.612917,11.612917,True
E41,2017-02,0,0,0,0,0,0,0,0,0,0,0,0,0,2,2,0,2,0,0,2,0,0,6.269507,0,6.269507,6.269507,True
E41,2017-03,0,0,0,0,0,0,0,0,0,0,0,0,0,3,3,0,3,0,0,3,0,0,15.446013,0,15.446013,15.446013,True
E41,2017-04,1,1,0,1,0,0,1,0,0,0.033,0,0.033,0.033,3,3,0,2,1,0,2,1,0,6.183076,1.035,5.148076,7.218076,True
E41,2017-05,0,0,0,0,0,0,0,0,0,0,0,0,0,11,9,2,11,0,0,9,0,0,42.722957,0,42.722957,42.722957,True
E41,2017-06,5,4,1,5,0,0,4,0,0,1.63188,0,1.63188,1.63188,10,10,0,9,1,0,9,1,0,28.29843,9.02243,19.276,37.32086,True
E41,2017-07,21,21,0,21,0,0,21,0,0,3.19054,0,3.19054,3.19054,6,6,0,6,0,0,6,0,0,11.117805,0,11.117805,11.117805,True
E41,2017-08,30,28,2,29,1,0,27,1,0,7.996915,0.1499,7.847015,8.146815,7,7,0,7,0,0,7,0,0,36.693435,0,36.693435,36.693435,True
E41,2017-09,28,28,0,28,0,0,28,0,0,12.316394,0,12.316394,12.316394,5,2,3,5,0,0,2,0,0,7.075453,0,7.075453,7.075453,True
E41,2017-10,23,23,0,23,0,0,23,0,0,7.547415,0,7.547415,7.547415,12,7,5,12,0,0,7,0,0,45.097001,0,45.097001,45.097001,True
E41,2017-11,38,37,1,38,0,0,37,0,0,6.43944,0,6.43944,6.43944,19,15,4,18,1,0,14,1,0,82.628012,1.38456,81.243452,84.012572,True
E41,2017-12,20,19,1,20,0,0,19,0,0,3.4915,0,3.4915,3.4915,23,15,8,23,0,0,15,0,0,73.079291,0,73.079291,73.079291,True
E41,2018-01,46,43,3,46,0,0,43,0,0,11.072459,0,11.072459,11.072459,13,13,0,13,0,0,13,0,0,71.855923,0,71.855923,71.855923,True
E41,2018-02,36,36,0,36,0,0,36,0,0,6.728067,0,6.728067,6.728067,3,3,0,3,0,0,3,0,0,11.587345,0,11.587345,11.587345,True
E41,2018-03,67,66,1,67,0,0,66,0,0,22.290702,0,22.290702,22.290702,16,16,0,16,0,0,16,0,0,79.826683,0,79.826683,79.826683,True
E41,2018-04,57,54,3,54,3,0,51,3,0,10.885224,0.0429,10.842324,10.928124,19,18,1,19,0,0,18,0,0,95.522755,0,95.522755,95.522755,True
E41,2018-05,69,69,0,69,0,0,69,0,0,18.787729,0,18.787729,18.787729,15,15,0,14,1,0,14,1,0,76.012558,7.428123,68.584435,83.440681,True
E41,2018-06,51,51,0,50,1,0,50,1,0,11.273068,0.099,11.174068,11.372068,11,11,0,11,0,0,11,0,0,53.329933,0,53.329933,53.329933,True
E41,2018-07,102,99,3,99,3,0,96,3,0,17.021228,0.6106,16.410628,17.631828,15,11,4,15,0,0,11,0,0,53.220031,0,53.220031,53.220031,True
E41,2018-08,84,75,9,84,0,0,75,0,0,26.765917,0,26.765917,26.765917,12,12,0,12,0,0,12,0,0,59.788303,0,59.788303,59.788303,True
E41,2018-09,65,59,6,65,0,0,59,0,0,15.763231,0,15.763231,15.763231,22,21,1,21,1,0,20,1,0,111.051781,5.330173,105.721608,116.381954,True
E41,2018-10,80,78,2,80,0,0,78,0,0,16.002416,0,16.002416,16.002416,26,22,4,26,0,0,22,0,0,119.374363,0,119.374363,119.374363,True
E41,2018-11,59,58,1,59,0,0,58,0,0,6.634025,0,6.634025,6.634025,22,21,1,20,2,0,19,2,0,101.772675,14.285125,87.48755,116.0578,True
E41,2018-12,83,79,4,83,0,0,79,0,0,19.872625,0,19.872625,19.872625,9,6,3,9,0,0,6,0,0,25.353532,0,25.353532,25.353532,True
E41,2019-01,78,77,1,78,0,0,77,0,0,10.709676,0,10.709676,10.709676,29,25,4,29,0,0,25,0,0,128.193812,0,128.193812,128.193812,True
E41,2019-02,69,68,1,69,0,0,68,0,0,12.066456,0,12.066456,12.066456,16,16,0,16,0,0,16,0,0,91.639633,0,91.639633,91.639633,True
E41,2019-03,83,83,0,83,0,0,83,0,0,39.296121,0,39.296121,39.296121,3,3,0,3,0,0,3,0,0,3.675152,0,3.675152,3.675152,True
E41,2019-04,67,65,2,67,0,0,65,0,0,22.804019,0,22.804019,22.804019,36,25,11,36,0,0,25,0,0,161.654279,0,161.654279,161.654279,True
E41,2019-05,58,57,1,58,0,0,57,0,0,12.053898,0,12.053898,12.053898,40,39,1,40,0,0,39,0,0,260.557999,0,260.557999,260.557999,True
E41,2019-06,63,59,4,61,2,0,57,2,0,16.671834,3.4,13.271834,20.071834,46,46,0,45,1,0,45,1,0,295.13657,7.006755,288.129815,302.143325,True
E41,2019-07,86,85,1,85,1,0,84,1,0,17.647116,9.8,7.847116,27.447116,28,26,2,27,1,0,25,1,0,166.257854,7.395125,158.862729,173.652979,True
E41,2019-08,110,105,5,109,1,0,104,1,0,24.997833,0.0721,24.925733,25.069933,26,26,0,25,1,0,25,1,0,167.112554,0.54428,166.568274,167.656834,True
E41,2019-09,64,64,0,64,0,0,64,0,0,10.019564,0,10.019564,10.019564,25,25,0,25,0,0,25,0,0,180.027293,0,180.027293,180.027293,True
E41,2019-10,103,99,4,103,0,0,99,0,0,42.026837,0,42.026837,42.026837,25,25,0,24,1,0,24,1,0,163.75211,9.735532,154.016578,173.487642,True
E41,2019-11,69,62,7,69,0,0,62,0,0,19.971977,0,19.971977,19.971977,25,25,0,24,1,0,24,1,0,135.791586,6.3,129.491586,142.091586,True
E41,2019-12,90,88,2,90,0,0,88,0,0,31.910182,0,31.910182,31.910182,26,23,3,20,6,0,17,6,0,136.876697,49.256,87.620697,186.132697,True
E41,2020-01,100,100,0,99,1,0,99,1,0,64.63149,0.0099,64.62159,64.64139,23,22,1,23,0,0,22,0,0,144.897087,0,144.897087,144.897087,True
E41,2020-02,28,28,0,28,0,0,28,0,0,2.506355,0,2.506355,2.506355,29,29,0,29,0,0,29,0,0,191.452481,0,191.452481,191.452481,True
E42,2016-10,0,0,0,0,0,0,0,0,0,0,0,0,0,0,0,0,0,0,0,0,0,0,0,0,0,0,False
E42,2016-11,0,0,0,0,0,0,0,0,0,0,0,0,0,0,0,0,0,0,0,0,0,0,0,0,0,0,False
E42,2016-12,0,0,0,0,0,0,0,0,0,0,0,0,0,0,0,0,0,0,0,0,0,0,0,0,0,0,False
E42,2017-01,0,0,0,0,0,0,0,0,0,0,0,0,0,0,0,0,0,0,0,0,0,0,0,0,0,0,False
E42,2017-02,0,0,0,0,0,0,0,0,0,0,0,0,0,0,0,0,0,0,0,0,0,0,0,0,0,0,False
E42,2017-03,0,0,0,0,0,0,0,0,0,0,0,0,0,0,0,0,0,0,0,0,0,0,0,0,0,0,False
E42,2017-04,0,0,0,0,0,0,0,0,0,0,0,0,0,0,0,0,0,0,0,0,0,0,0,0,0,0,False
E42,2017-05,0,0,0,0,0,0,0,0,0,0,0,0,0,0,0,0,0,0,0,0,0,0,0,0,0,0,False
E42,2017-06,0,0,0,0,0,0,0,0,0,0,0,0,0,0,0,0,0,0,0,0,0,0,0,0,0,0,False
E42,2017-07,0,0,0,0,0,0,0,0,0,0,0,0,0,0,0,0,0,0,0,0,0,0,0,0,0,0,False
E42,2017-08,0,0,0,0,0,0,0,0,0,0,0,0,0,0,0,0,0,0,0,0,0,0,0,0,0,0,False
E42,2017-09,0,0,0,0,0,0,0,0,0,0,0,0,0,0,0,0,0,0,0,0,0,0,0,0,0,0,False
E42,2017-10,0,0,0,0,0,0,0,0,0,0,0,0,0,4,3,1,4,0,0,3,0,0,29.16,0,29.16,29.16,True
E42,2017-11,1,1,0,1,0,0,1,0,0,0.018,0,0.018,0.018,0,0,0,0,0,0,0,0,0,0,0,0,0,True
E42,2017-12,0,0,0,0,0,0,0,0,0,0,0,0,0,19,16,3,16,3,0,13,3,0,115.95785,29.16,86.79785,145.11785,True
E42,2018-01,0,0,0,0,0,0,0,0,0,0,0,0,0,4,4,0,4,0,0,4,0,0,33.21379,0,33.21379,33.21379,True
E42,2018-02,0,0,0,0,0,0,0,0,0,0,0,0,0,1,1,0,1,0,0,1,0,0,2.86,0,2.86,2.86,True
E42,2018-03,0,0,0,0,0,0,0,0,0,0,0,0,0,7,7,0,7,0,0,7,0,0,63.3968,0,63.3968,63.3968,True
E42,2018-04,0,0,0,0,0,0,0,0,0,0,0,0,0,0,0,0,0,0,0,0,0,0,0,0,0,0,False
E42,2018-05,0,0,0,0,0,0,0,0,0,0,0,0,0,3,3,0,3,0,0,3,0,0,23.544,0,23.544,23.544,True
E42,2018-06,0,0,0,0,0,0,0,0,0,0,0,0,0,20,19,1,20,0,0,19,0,0,189.730746,0,189.730746,189.730746,True
E42,2018-07,0,0,0,0,0,0,0,0,0,0,0,0,0,0,0,0,0,0,0,0,0,0,0,0,0,0,False
E42,2018-08,0,0,0,0,0,0,0,0,0,0,0,0,0,0,0,0,0,0,0,0,0,0,0,0,0,0,False
E42,2018-09,0,0,0,0,0,0,0,0,0,0,0,0,0,0,0,0,0,0,0,0,0,0,0,0,0,0,False
E42,2018-10,0,0,0,0,0,0,0,0,0,0,0,0,0,3,3,0,3,0,0,3,0,0,28.6,0,28.6,28.6,True
E42,2018-11,0,0,0,0,0,0,0,0,0,0,0,0,0,29,12,17,29,0,0,12,0,0,112.1275,0,112.1275,112.1275,True
E42,2018-12,0,0,0,0,0,0,0,0,0,0,0,0,0,36,35,1,36,0,0,35,0,0,345.1982,0,345.1982,345.1982,True
E42,2019-01,0,0,0,0,0,0,0,0,0,0,0,0,0,11,11,0,11,0,0,11,0,0,106.287,0,106.287,106.287,True
E42,2019-02,0,0,0,0,0,0,0,0,0,0,0,0,0,0,0,0,0,0,0,0,0,0,0,0,0,0,False
E42,2019-03,0,0,0,0,0,0,0,0,0,0,0,0,0,19,18,1,16,3,0,15,3,0,147.839905,28.6,119.239905,176.439905,True
E42,2019-04,0,0,0,0,0,0,0,0,0,0,0,0,0,0,0,0,0,0,0,0,0,0,0,0,0,0,False
E42,2019-05,0,0,0,0,0,0,0,0,0,0,0,0,0,38,35,3,38,0,0,35,0,0,328.666185,0,328.666185,328.666185,True
E42,2019-06,0,0,0,0,0,0,0,0,0,0,0,0,0,5,3,2,5,0,0,3,0,0,24.3045,0,24.3045,24.3045,True
E42,2019-07,0,0,0,0,0,0,0,0,0,0,0,0,0,33,31,2,33,0,0,31,0,0,284.2305,0,284.2305,284.2305,True
E42,2019-08,5,5,0,5,0,0,5,0,0,0.1884,0,0.1884,0.1884,4,3,1,4,0,0,3,0,0,15.67,0,15.67,15.67,True
E42,2019-09,23,23,0,23,0,0,23,0,0,0.4476,0,0.4476,0.4476,34,34,0,34,0,0,34,0,0,305.502,0,305.502,305.502,True
E42,2019-10,8,8,0,8,0,0,8,0,0,0.199,0,0.199,0.199,0,0,0,0,0,0,0,0,0,0,0,0,0,True
E42,2019-11,5,5,0,5,0,0,5,0,0,0.1155,0,0.1155,0.1155,0,0,0,0,0,0,0,0,0,0,0,0,0,True
E42,2019-12,3,3,0,3,0,0,3,0,0,0.1334,0,0.1334,0.1334,25,24,1,25,0,0,24,0,0,224.042085,0,224.042085,224.042085,True
E42,2020-01,2,2,0,2,0,0,2,0,0,0.075,0,0.075,0.075,32,32,0,32,0,0,32,0,0,300.9743,0,300.9743,300.9743,True
E42,2020-02,0,0,0,0,0,0,0,0,0,0,0,0,0,0,0,0,0,0,0,0,0,0,0,0,0,0,False
E43,2016-10,0,0,0,0,0,0,0,0,0,0,0,0,0,0,0,0,0,0,0,0,0,0,0,0,0,0,False
E43,2016-11,0,0,0,0,0,0,0,0,0,0,0,0,0,0,0,0,0,0,0,0,0,0,0,0,0,0,False
E43,2016-12,0,0,0,0,0,0,0,0,0,0,0,0,0,0,0,0,0,0,0,0,0,0,0,0,0,0,False
E43,2017-01,0,0,0,0,0,0,0,0,0,0,0,0,0,0,0,0,0,0,0,0,0,0,0,0,0,0,False
E43,2017-02,0,0,0,0,0,0,0,0,0,0,0,0,0,0,0,0,0,0,0,0,0,0,0,0,0,0,False
E43,2017-03,0,0,0,0,0,0,0,0,0,0,0,0,0,0,0,0,0,0,0,0,0,0,0,0,0,0,False
E43,2017-04,0,0,0,0,0,0,0,0,0,0,0,0,0,0,0,0,0,0,0,0,0,0,0,0,0,0,False
E43,2017-05,0,0,0,0,0,0,0,0,0,0,0,0,0,0,0,0,0,0,0,0,0,0,0,0,0,0,False
E43,2017-06,0,0,0,0,0,0,0,0,0,0,0,0,0,0,0,0,0,0,0,0,0,0,0,0,0,0,False
E43,2017-07,0,0,0,0,0,0,0,0,0,0,0,0,0,0,0,0,0,0,0,0,0,0,0,0,0,0,False
E43,2017-08,0,0,0,0,0,0,0,0,0,0,0,0,0,0,0,0,0,0,0,0,0,0,0,0,0,0,False
E43,2017-09,0,0,0,0,0,0,0,0,0,0,0,0,0,0,0,0,0,0,0,0,0,0,0,0,0,0,False
E43,2017-10,0,0,0,0,0,0,0,0,0,0,0,0,0,0,0,0,0,0,0,0,0,0,0,0,0,0,False
E43,2017-11,0,0,0,0,0,0,0,0,0,0,0,0,0,0,0,0,0,0,0,0,0,0,0,0,0,0,False
E43,2017-12,1,1,0,1,0,0,1,0,0,2.1556,0,2.1556,2.1556,0,0,0,0,0,0,0,0,0,0,0,0,0,True
E43,2018-01,2,2,0,2,0,0,2,0,0,5.725,0,5.725,5.725,0,0,0,0,0,0,0,0,0,0,0,0,0,True
E43,2018-02,0,0,0,0,0,0,0,0,0,0,0,0,0,0,0,0,0,0,0,0,0,0,0,0,0,0,False
E43,2018-03,1,1,0,1,0,0,1,0,0,44.83388,0,44.83388,44.83388,0,0,0,0,0,0,0,0,0,0,0,0,0,True
E43,2018-04,0,0,0,0,0,0,0,0,0,0,0,0,0,0,0,0,0,0,0,0,0,0,0,0,0,0,False
E43,2018-05,0,0,0,0,0,0,0,0,0,0,0,0,0,0,0,0,0,0,0,0,0,0,0,0,0,0,False
E43,2018-06,0,0,0,0,0,0,0,0,0,0,0,0,0,0,0,0,0,0,0,0,0,0,0,0,0,0,False
E43,2018-07,2,2,0,2,0,0,2,0,0,7.608,0,7.608,7.608,6,6,0,6,0,0,6,0,0,60.092547,0,60.092547,60.092547,True
E43,2018-08,21,11,10,21,0,0,11,0,0,110,0,110,110,18,18,0,18,0,0,18,0,0,165.886335,0,165.886335,165.886335,True
E43,2018-09,0,0,0,0,0,0,0,0,0,0,0,0,0,17,16,1,17,0,0,16,0,0,147.433841,0,147.433841,147.433841,True
E43,2018-10,3,3,0,3,0,0,3,0,0,20.82425,0,20.82425,20.82425,39,30,9,34,5,0,25,5,0,236.300849,46.31863,189.982219,282.619479,True
E43,2018-11,3,3,0,3,0,0,3,0,0,6.682545,0,6.682545,6.682545,13,12,1,13,0,0,12,0,0,99.531145,0,99.531145,99.531145,True
E43,2018-12,0,0,0,0,0,0,0,0,0,0,0,0,0,28,18,10,28,0,0,18,0,0,157.760579,0,157.760579,157.760579,True
E43,2019-01,0,0,0,0,0,0,0,0,0,0,0,0,0,22,22,0,22,0,0,22,0,0,229.907453,0,229.907453,229.907453,True
E43,2019-02,0,0,0,0,0,0,0,0,0,0,0,0,0,0,0,0,0,0,0,0,0,0,0,0,0,0,False
E43,2019-03,7,7,0,7,0,0,7,0,0,174.592,0,174.592,174.592,0,0,0,0,0,0,0,0,0,0,0,0,0,True
E43,2019-04,2,2,0,2,0,0,2,0,0,8.035,0,8.035,8.035,10,10,0,10,0,0,10,0,0,100,0,100,100,True
E43,2019-05,23,23,0,14,9,0,14,9,0,9.456603,6.216603,3.24,15.673206,6,6,0,6,0,0,6,0,0,60,0,60,60,True
E43,2019-06,2,2,0,1,1,0,1,1,0,0.24,0.24,0,0.48,14,14,0,14,0,0,14,0,0,150,0,150,150,True
E43,2019-07,2,2,0,2,0,0,2,0,0,0.5405,0,0.5405,0.5405,22,18,4,22,0,0,18,0,0,178.011595,0,178.011595,178.011595,True
E43,2019-08,0,0,0,0,0,0,0,0,0,0,0,0,0,28,23,5,28,0,0,23,0,0,227.939,0,227.939,227.939,True
E43,2019-09,4,4,0,4,0,0,4,0,0,4.0659,0,4.0659,4.0659,22,21,1,22,0,0,21,0,0,205,0,205,205,True
E43,2019-10,5,5,0,5,0,0,5,0,0,1.3503,0,1.3503,1.3503,0,0,0,0,0,0,0,0,0,0,0,0,0,True
E43,2019-11,0,0,0,0,0,0,0,0,0,0,0,0,0,0,0,0,0,0,0,0,0,0,0,0,0,0,False
E43,2019-12,0,0,0,0,0,0,0,0,0,0,0,0,0,0,0,0,0,0,0,0,0,0,0,0,0,0,False
E43,2020-01,0,0,0,0,0,0,0,0,0,0,0,0,0,0,0,0,0,0,0,0,0,0,0,0,0,0,False
E43,2020-02,0,0,0,0,0,0,0,0,0,0,0,0,0,0,0,0,0,0,0,0,0,0,0,0,0,0,False
E44,2016-10,0,0,0,0,0,0,0,0,0,0,0,0,0,0,0,0,0,0,0,0,0,0,0,0,0,0,False
E44,2016-11,0,0,0,0,0,0,0,0,0,0,0,0,0,0,0,0,0,0,0,0,0,0,0,0,0,0,False
E44,2016-12,25,24,1,25,0,0,24,0,0,60.679458,0,60.679458,60.679458,91,90,1,86,5,0,85,5,0,81.785306,3.2332,78.552106,85.018506,True
E44,2017-01,12,12,0,12,0,0,12,0,0,82.41066,0,82.41066,82.41066,90,85,5,90,0,0,85,0,0,91.626242,0,91.626242,91.626242,True
E44,2017-02,13,13,0,13,0,0,13,0,0,28.57185,0,28.57185,28.57185,66,64,2,66,0,0,64,0,0,66.144657,0,66.144657,66.144657,True
E44,2017-03,17,16,1,17,0,0,16,0,0,27.4966,0,27.4966,27.4966,83,81,2,69,14,0,67,14,0,68.806834,14.728331,54.078503,83.535165,True
E44,2017-04,15,15,0,15,0,0,15,0,0,71.687734,0,71.687734,71.687734,65,61,4,58,7,0,54,7,0,58.194388,7.15762,51.036768,65.352008,True
E44,2017-05,16,16,0,16,0,0,16,0,0,16.133422,0,16.133422,16.133422,46,45,1,46,0,0,45,0,0,49.471127,0,49.471127,49.471127,True
E44,2017-06,20,20,0,20,0,0,20,0,0,39.08366,0,39.08366,39.08366,47,30,17,47,0,0,30,0,0,32.023929,0,32.023929,32.023929,True
E44,2017-07,19,17,2,19,0,0,17,0,0,37.14335,0,37.14335,37.14335,36,34,2,36,0,0,34,0,0,34.541775,0,34.541775,34.541775,True
E44,2017-08,16,15,1,16,0,0,15,0,0,29.8387,0,29.8387,29.8387,44,44,0,44,0,0,44,0,0,46.183934,0,46.183934,46.183934,True
E44,2017-09,21,21,0,21,0,0,21,0,0,26.2941,0,26.2941,26.2941,28,25,3,28,0,0,25,0,0,27.577237,0,27.577237,27.577237,True
E44,2017-10,25,24,1,25,0,0,24,0,0,31.530951,0,31.530951,31.530951,40,35,5,40,0,0,35,0,0,36.384736,0,36.384736,36.384736,True
E44,2017-11,30,28,2,30,0,0,28,0,0,89.75212,0,89.75212,89.75212,67,59,8,67,0,0,59,0,0,63.43396,0,63.43396,63.43396,True
E44,2017-12,53,52,1,53,0,0,52,0,0,92.622903,0,92.622903,92.622903,120,115,5,120,0,0,115,0,0,125.966063,0,125.966063,125.966063,True
E44,2018-01,44,43,1,44,0,0,43,0,0,152.0232,0,152.0232,152.0232,101,98,3,101,0,0,98,0,0,111.014804,0,111.014804,111.014804,True
E44,2018-02,16,16,0,16,0,0,16,0,0,46.1442,0,46.1442,46.1442,99,97,2,99,0,0,97,0,0,109.809032,0,109.809032,109.809032,True
E44,2018-03,38,38,0,38,0,0,38,0,0,111.0603,0,111.0603,111.0603,92,91,1,92,0,0,91,0,0,104.202365,0,104.202365,104.202365,True
E44,2018-04,27,27,0,27,0,0,27,0,0,105.0014,0,105.0014,105.0014,84,84,0,77,7,0,77,7,0,83.181969,5.65,77.531969,88.831969,True
E44,2018-05,28,28,0,28,0,0,28,0,0,93.1167,0,93.1167,93.1167,70,49,21,58,12,0,38,11,0,37.23576,7.433165,29.802595,44.668925,True
E44,2018-06,36,35,1,36,0,0,35,0,0,53.73745,0,53.73745,53.73745,70,60,10,61,9,0,51,9,0,56.6958,9.992117,46.703683,66.687917,True
E44,2018-07,27,26,1,27,0,0,26,0,0,43.56455,0,43.56455,43.56455,72,71,1,72,0,0,71,0,0,78.873316,0,78.873316,78.873316,True
E44,2018-08,39,38,1,38,1,0,37,1,0,48.22495,0.0358,48.18915,48.26075,97,83,14,95,2,0,81,2,0,91.555706,2.31599,89.239716,93.871696,True
E44,2018-09,31,31,0,31,0,0,31,0,0,37.8781,0,37.8781,37.8781,108,105,3,108,0,0,105,0,0,110.827645,0,110.827645,110.827645,True
E44,2018-10,56,56,0,56,0,0,56,0,0,203.83579,0,203.83579,203.83579,96,93,3,95,1,0,92,1,0,103.113004,0.3433,102.769704,103.456304,True
E44,2018-11,51,49,2,51,0,0,49,0,0,126.071537,0,126.071537,126.071537,152,145,7,152,0,0,145,0,0,162.570182,0,162.570182,162.570182,True
E44,2018-12,57,57,0,57,0,0,57,0,0,89.840065,0,89.840065,89.840065,161,160,1,161,0,0,160,0,0,179.884908,0,179.884908,179.884908,True
E44,2019-01,74,73,1,74,0,0,73,0,0,229.5666,0,229.5666,229.5666,150,143,7,150,0,0,143,0,0,164.554567,0,164.554567,164.554567,True
E44,2019-02,36,35,1,36,0,0,35,0,0,247.315079,0,247.315079,247.315079,68,34,34,35,0,33,34,0,0,354.940805,0,354.940805,354.940805,True
E44,2019-03,50,47,3,50,0,0,47,0,0,118.933553,0,118.933553,118.933553,12,12,0,12,0,0,12,0,0,75.720995,0,75.720995,75.720995,True
E44,2019-04,27,27,0,27,0,0,27,0,0,67.887572,0,67.887572,67.887572,9,9,0,9,0,0,9,0,0,47.309928,0,47.309928,47.309928,True
E44,2019-05,23,23,0,23,0,0,23,0,0,33.065948,0,33.065948,33.065948,16,15,1,16,0,0,15,0,0,80.773544,0,80.773544,80.773544,True
E44,2019-06,39,38,1,39,0,0,38,0,0,147.550504,0,147.550504,147.550504,20,17,3,20,0,0,17,0,0,138.84134,0,138.84134,138.84134,True
E44,2019-07,35,34,1,34,1,0,33,1,0,65.29812,10.27,55.02812,75.56812,16,15,1,16,0,0,15,0,0,102.786047,0,102.786047,102.786047,True
E44,2019-08,29,28,1,29,0,0,28,0,0,69.475002,0,69.475002,69.475002,9,9,0,9,0,0,9,0,0,73.376925,0,73.376925,73.376925,True
E44,2019-09,41,39,2,41,0,0,39,0,0,96.164567,0,96.164567,96.164567,11,11,0,11,0,0,11,0,0,107.571484,0,107.571484,107.571484,True
E44,2019-10,44,43,1,44,0,0,43,0,0,132.117191,0,132.117191,132.117191,20,18,2,20,0,0,18,0,0,156.885448,0,156.885448,156.885448,True
E44,2019-11,48,48,0,48,0,0,48,0,0,167.208383,0,167.208383,167.208383,43,20,23,21,0,22,20,0,0,174.136597,0,174.136597,174.136597,True
E44,2019-12,70,70,0,70,0,0,70,0,0,330.142661,0,330.142661,330.142661,36,35,1,36,0,0,35,0,0,336.903804,0,336.903804,336.903804,True
E44,2020-01,0,0,0,0,0,0,0,0,0,0,0,0,0,0,0,0,0,0,0,0,0,0,0,0,0,0,False
E44,2020-02,0,0,0,0,0,0,0,0,0,0,0,0,0,0,0,0,0,0,0,0,0,0,0,0,0,0,False
E45,2016-10,0,0,0,0,0,0,0,0,0,0,0,0,0,0,0,0,0,0,0,0,0,0,0,0,0,0,False
E45,2016-11,0,0,0,0,0,0,0,0,0,0,0,0,0,0,0,0,0,0,0,0,0,0,0,0,0,0,False
E45,2016-12,0,0,0,0,0,0,0,0,0,0,0,0,0,0,0,0,0,0,0,0,0,0,0,0,0,0,False
E45,2017-01,0,0,0,0,0,0,0,0,0,0,0,0,0,0,0,0,0,0,0,0,0,0,0,0,0,0,False
E45,2017-02,0,0,0,0,0,0,0,0,0,0,0,0,0,0,0,0,0,0,0,0,0,0,0,0,0,0,False
E45,2017-03,0,0,0,0,0,0,0,0,0,0,0,0,0,0,0,0,0,0,0,0,0,0,0,0,0,0,False
E45,2017-04,0,0,0,0,0,0,0,0,0,0,0,0,0,0,0,0,0,0,0,0,0,0,0,0,0,0,False
E45,2017-05,0,0,0,0,0,0,0,0,0,0,0,0,0,0,0,0,0,0,0,0,0,0,0,0,0,0,False
E45,2017-06,0,0,0,0,0,0,0,0,0,0,0,0,0,0,0,0,0,0,0,0,0,0,0,0,0,0,False
E45,2017-07,0,0,0,0,0,0,0,0,0,0,0,0,0,0,0,0,0,0,0,0,0,0,0,0,0,0,False
E45,2017-08,2,2,0,2,0,0,2,0,0,0.048,0,0.048,0.048,0,0,0,0,0,0,0,0,0,0,0,0,0,True
E45,2017-09,8,8,0,8,0,0,8,0,0,0.3099,0,0.3099,0.3099,0,0,0,0,0,0,0,0,0,0,0,0,0,True
E45,2017-10,3,3,0,3,0,0,3,0,0,0.366,0,0.366,0.366,1,0,1,1,0,0,0,0,0,0,0,0,0,True
E45,2017-11,8,8,0,8,0,0,8,0,0,36.142,0,36.142,36.142,10,9,1,10,0,0,9,0,0,60.296464,0,60.296464,60.296464,True
E45,2017-12,19,18,1,19,0,0,18,0,0,115.224314,0,115.224314,115.224314,10,10,0,10,0,0,10,0,0,103.9994,0,103.9994,103.9994,True
E45,2018-01,9,9,0,9,0,0,9,0,0,10.2847,0,10.2847,10.2847,2,2,0,2,0,0,2,0,0,21,0,21,21,True
E45,2018-02,13,12,1,13,0,0,12,0,0,20.3673,0,20.3673,20.3673,17,15,2,17,0,0,15,0,0,160.1708,0,160.1708,160.1708,True
E45,2018-03,34,34,0,34,0,0,34,0,0,13.139201,0,13.139201,13.139201,2,2,0,2,0,0,2,0,0,13.069,0,13.069,13.069,True
E45,2018-04,27,26,1,27,0,0,26,0,0,33.415307,0,33.415307,33.415307,8,8,0,8,0,0,8,0,0,33.028501,0,33.028501,33.028501,True
E45,2018-05,25,24,1,25,0,0,24,0,0,52.22868,0,52.22868,52.22868,7,7,0,7,0,0,7,0,0,45.0807,0,45.0807,45.0807,True
E45,2018-06,26,25,1,26,0,0,25,0,0,40.614115,0,40.614115,40.614115,9,8,1,9,0,0,8,0,0,52.77828,0,52.77828,52.77828,True
E45,2018-07,8,8,0,8,0,0,8,0,0,45.66762,0,45.66762,45.66762,4,3,1,4,0,0,3,0,0,20.1125,0,20.1125,20.1125,True
E45,2018-08,17,15,2,17,0,0,15,0,0,24.4505,0,24.4505,24.4505,10,9,1,10,0,0,9,0,0,52.608029,0,52.608029,52.608029,True
E45,2018-09,22,22,0,22,0,0,22,0,0,26.6391,0,26.6391,26.6391,6,4,2,6,0,0,4,0,0,27.760895,0,27.760895,27.760895,True
E45,2018-10,23,23,0,23,0,0,23,0,0,9.5016,0,9.5016,9.5016,13,12,1,7,6,0,6,6,0,63.71332,55.3256,8.38772,119.03892,True
E45,2018-11,24,24,0,24,0,0,24,0,0,7.59048,0,7.59048,7.59048,1,1,0,1,0,0,1,0,0,4.8563,0,4.8563,4.8563,True
E45,2018-12,23,23,0,23,0,0,23,0,0,74.899674,0,74.899674,74.899674,8,8,0,7,1,0,7,1,0,62.0663,4.8563,57.21,66.9226,True
E45,2019-01,14,14,0,14,0,0,14,0,0,0.912395,0,0.912395,0.912395,0,0,0,0,0,0,0,0,0,0,0,0,0,True
E45,2019-02,10,10,0,10,0,0,10,0,0,0.7462,0,0.7462,0.7462,0,0,0,0,0,0,0,0,0,0,0,0,0,True
E45,2019-03,24,24,0,24,0,0,24,0,0,236.886095,0,236.886095,236.886095,0,0,0,0,0,0,0,0,0,0,0,0,0,True
E45,2019-04,29,29,0,29,0,0,29,0,0,208.085266,0,208.085266,208.085266,30,29,1,30,0,0,29,0,0,295.941996,0,295.941996,295.941996,True
E45,2019-05,27,27,0,27,0,0,27,0,0,170.078955,0,170.078955,170.078955,20,20,0,20,0,0,20,0,0,192.39122,0,192.39122,192.39122,True
E45,2019-06,49,48,1,49,0,0,48,0,0,259.082669,0,259.082669,259.082669,25,25,0,25,0,0,25,0,0,266.908218,0,266.908218,266.908218,True
E45,2019-07,40,40,0,40,0,0,40,0,0,328.224078,0,328.224078,328.224078,40,35,5,40,0,0,35,0,0,390.3295,0,390.3295,390.3295,True
E45,2019-08,29,29,0,29,0,0,29,0,0,248.37736,0,248.37736,248.37736,21,21,0,21,0,0,21,0,0,191.643495,0,191.643495,191.643495,True
E45,2019-09,17,17,0,17,0,0,17,0,0,112.864422,0,112.864422,112.864422,20,18,2,20,0,0,18,0,0,178.278564,0,178.278564,178.278564,True
E45,2019-10,26,26,0,26,0,0,26,0,0,214.173973,0,214.173973,214.173973,21,20,1,21,0,0,20,0,0,205.9019,0,205.9019,205.9019,True
E45,2019-11,39,39,0,39,0,0,39,0,0,401.30027,0,401.30027,401.30027,40,39,1,40,0,0,39,0,0,410.8329,0,410.8329,410.8329,True
E45,2019-12,5,5,0,5,0,0,5,0,0,0.208746,0,0.208746,0.208746,0,0,0,0,0,0,0,0,0,0,0,0,0,True
E45,2020-01,0,0,0,0,0,0,0,0,0,0,0,0,0,0,0,0,0,0,0,0,0,0,0,0,0,0,False
E45,2020-02,0,0,0,0,0,0,0,0,0,0,0,0,0,0,0,0,0,0,0,0,0,0,0,0,0,0,False
E46,2016-10,0,0,0,0,0,0,0,0,0,0,0,0,0,0,0,0,0,0,0,0,0,0,0,0,0,0,False
E46,2016-11,0,0,0,0,0,0,0,0,0,0,0,0,0,0,0,0,0,0,0,0,0,0,0,0,0,0,False
E46,2016-12,20,18,2,20,0,0,18,0,0,55.619302,0,55.619302,55.619302,13,12,1,13,0,0,12,0,0,67.5,0,67.5,67.5,True
E46,2017-01,14,14,0,14,0,0,14,0,0,17.27104,0,17.27104,17.27104,17,13,4,17,0,0,13,0,0,91.95,0,91.95,91.95,True
E46,2017-02,34,30,4,34,0,0,30,0,0,109.622569,0,109.622569,109.622569,21,19,2,20,1,0,18,1,0,135.076,0.8,134.276,135.876,True
E46,2017-03,79,78,1,79,0,0,78,0,0,141.243554,0,141.243554,141.243554,31,28,3,31,0,0,28,0,0,203.934,0,203.934,203.934,True
E46,2017-04,28,26,2,28,0,0,26,0,0,181.848066,0,181.848066,181.848066,36,36,0,36,0,0,36,0,0,333.35,0,333.35,333.35,True
E46,2017-05,45,43,2,45,0,0,43,0,0,109.018953,0,109.018953,109.018953,18,18,0,18,0,0,18,0,0,102.07,0,102.07,102.07,True
E46,2017-06,16,16,0,16,0,0,16,0,0,56.250265,0,56.250265,56.250265,9,8,1,9,0,0,8,0,0,50.484,0,50.484,50.484,True
E46,2017-07,56,53,3,56,0,0,53,0,0,78.247297,0,78.247297,78.247297,37,37,0,37,0,0,37,0,0,286.2,0,286.2,286.2,True
E46,2017-08,24,24,0,24,0,0,24,0,0,97.383382,0,97.383382,97.383382,13,11,2,13,0,0,11,0,0,70.846,0,70.846,70.846,True
E46,2017-09,81,80,1,81,0,0,80,0,0,153.34359,0,153.34359,153.34359,31,27,4,31,0,0,27,0,0,194.1,0,194.1,194.1,True
E46,2017-10,139,138,1,139,0,0,138,0,0,274.888732,0,274.888732,274.888732,48,41,7,48,0,0,41,0,0,357.56,0,357.56,357.56,True
E46,2017-11,58,54,4,58,0,0,54,0,0,287.630676,0,287.630676,287.630676,27,27,0,27,0,0,27,0,0,244.25,0,244.25,244.25,True
E46,2017-12,147,146,1,146,1,0,145,1,0,168.466997,0.3,168.166997,168.766997,34,33,1,34,0,0,33,0,0,219.58,0,219.58,219.58,True
E46,2018-01,101,99,2,101,0,0,99,0,0,332.315195,0,332.315195,332.315195,50,47,3,49,1,0,46,1,0,375.219542,3.096,372.123542,378.315542,True
E46,2018-02,70,69,1,70,0,0,69,0,0,63.253336,0,63.253336,63.253336,12,11,1,12,0,0,11,0,0,91.13,0,91.13,91.13,True
E46,2018-03,81,79,2,81,0,0,79,0,0,121.71889,0,121.71889,121.71889,22,19,3,22,0,0,19,0,0,126.726,0,126.726,126.726,True
E46,2018-04,80,79,1,80,0,0,79,0,0,256.894947,0,256.894947,256.894947,73,66,7,59,14,0,52,14,0,429.124,139,290.124,568.124,True
E46,2018-05,87,85,2,86,1,0,84,1,0,298.779912,0.11,298.669912,298.889912,38,38,0,38,0,0,38,0,0,327.8738,0,327.8738,327.8738,True
E46,2018-06,76,71,5,76,0,0,71,0,0,167.489167,0,167.489167,167.489167,32,26,6,32,0,0,26,0,0,206.9,0,206.9,206.9,True
E46,2018-07,81,79,2,81,0,0,79,0,0,66.855648,0,66.855648,66.855648,24,21,3,15,9,0,14,7,0,106.1,66.405,39.695,172.505,True
E46,2018-08,102,100,2,100,2,0,98,2,0,234.144042,19,215.144042,253.144042,37,28,9,37,0,0,28,0,0,222.1,0,222.1,222.1,True
E46,2018-09,66,64,2,66,0,0,64,0,0,102.586826,0,102.586826,102.586826,13,13,0,13,0,0,13,0,0,54.1,0,54.1,54.1,True
E46,2018-10,51,50,1,51,0,0,50,0,0,107.922898,0,107.922898,107.922898,19,19,0,19,0,0,19,0,0,129.3,0,129.3,129.3,True
E46,2018-11,79,79,0,79,0,0,79,0,0,216.445029,0,216.445029,216.445029,17,15,2,17,0,0,15,0,0,97.564,0,97.564,97.564,True
E46,2018-12,62,59,3,61,1,0,58,1,0,68.654335,4.678,63.976335,73.332335,34,31,3,33,1,0,30,1,0,232.63,3.6,229.03,236.23,True
E46,2019-01,54,54,0,54,0,0,54,0,0,77.442468,0,77.442468,77.442468,21,17,4,18,3,0,14,3,0,82.4,15.6,66.8,98,True
E46,2019-02,50,50,0,50,0,0,50,0,0,116.808666,0,116.808666,116.808666,21,21,0,21,0,0,21,0,0,133.517,0,133.517,133.517,True
E46,2019-03,73,73,0,73,0,0,73,0,0,176.137143,0,176.137143,176.137143,31,28,3,30,1,0,27,1,0,176.40644,2.6,173.80644,179.00644,True
E46,2019-04,54,54,0,54,0,0,54,0,0,126.362492,0,126.362492,126.362492,20,18,2,20,0,0,18,0,0,125.53,0,125.53,125.53,True
E46,2019-05,76,75,1,71,5,0,70,5,0,118.996138,11.236,107.760138,130.232138,18,17,1,18,0,0,17,0,0,120.42,0,120.42,120.42,True
E46,2019-06,62,62,0,62,0,0,62,0,0,26.93163,0,26.93163,26.93163,6,6,0,6,0,0,6,0,0,46.4,0,46.4,46.4,True
E46,2019-07,82,81,1,81,1,0,80,1,0,145.377997,0.036888,145.341109,145.414885,30,23,7,30,0,0,23,0,0,153.4652,0,153.4652,153.4652,True
E46,2019-08,68,68,0,68,0,0,68,0,0,100.47244,0,100.47244,100.47244,21,19,2,21,0,0,19,0,0,146.3208,0,146.3208,146.3208,True
E46,2019-09,72,69,3,72,0,0,69,0,0,123.411841,0,123.411841,123.411841,21,20,1,19,2,0,18,2,0,154.1,8.5,145.6,162.6,True
E46,2019-10,65,65,0,65,0,0,65,0,0,151.290161,0,151.290161,151.290161,30,29,1,24,6,0,23,6,0,196.3805,23.7,172.6805,220.0805,True
E46,2019-11,55,54,1,54,1,0,53,1,0,120.758768,10,110.758768,130.758768,5,5,0,5,0,0,5,0,0,36.8,0,36.8,36.8,True
E46,2019-12,156,154,2,151,5,0,149,5,0,264.163437,0.3326,263.830837,264.496037,44,42,2,44,0,0,42,0,0,347.078,0,347.078,347.078,True
E46,2020-01,0,0,0,0,0,0,0,0,0,0,0,0,0,0,0,0,0,0,0,0,0,0,0,0,0,0,False
E46,2020-02,0,0,0,0,0,0,0,0,0,0,0,0,0,0,0,0,0,0,0,0,0,0,0,0,0,0,False
E47,2016-10,0,0,0,0,0,0,0,0,0,0,0,0,0,0,0,0,0,0,0,0,0,0,0,0,0,0,False
E47,2016-11,49,45,4,49,0,0,45,0,0,130.387024,0,130.387024,130.387024,107,105,2,106,1,0,104,1,0,194.315621,0.4032,193.912421,194.718821,True
E47,2016-12,66,64,2,66,0,0,64,0,0,207.635643,0,207.635643,207.635643,152,143,9,152,0,0,143,0,0,220.726824,0,220.726824,220.726824,True
E47,2017-01,44,44,0,44,0,0,44,0,0,101.912069,0,101.912069,101.912069,92,89,3,90,2,0,87,2,0,158.730561,1.2783,157.452261,160.008861,True
E47,2017-02,57,54,3,57,0,0,54,0,0,151.191406,0,151.191406,151.191406,87,85,2,87,0,0,85,0,0,134.033003,0,134.033003,134.033003,True
E47,2017-03,81,79,2,80,1,0,78,1,0,205.715117,1.879488,203.835629,207.594605,122,115,7,120,2,0,113,2,0,217.380871,1.58021,215.800661,218.961081,True
E47,2017-04,93,92,1,93,0,0,92,0,0,219.596646,0,219.596646,219.596646,111,108,3,111,0,0,108,0,0,256.847904,0,256.847904,256.847904,True
E47,2017-05,84,80,4,84,0,0,80,0,0,212.230685,0,212.230685,212.230685,118,113,5,117,0,1,113,0,0,224.584207,0,224.584207,224.584207,True
E47,2017-06,98,96,2,98,0,0,96,0,0,216.911423,0,216.911423,216.911423,115,111,4,115,0,0,111,0,0,291.732149,0,291.732149,291.732149,True
E47,2017-07,78,76,2,78,0,0,76,0,0,200.76836,0,200.76836,200.76836,122,120,2,121,1,0,119,1,0,227.530995,0.34986,227.181135,227.880855,True
E47,2017-08,99,98,1,98,1,0,97,1,0,155.293392,1.7155,153.577892,157.008892,105,105,0,102,3,0,102,3,0,204.123824,16.4499,187.673924,220.573724,True
E47,2017-09,96,91,5,94,2,0,89,2,0,121.325418,0.232004,121.093414,121.557422,124,119,5,123,1,0,118,1,0,161.996708,0.12942,161.867288,162.126128,True
E47,2017-10,73,72,1,73,0,0,72,0,0,114.865183,0,114.865183,114.865183,84,79,5,84,0,0,79,0,0,129.753096,0,129.753096,129.753096,True
E47,2017-11,88,82,6,88,0,0,82,0,0,115.176977,0,115.176977,115.176977,126,123,3,126,0,0,123,0,0,154.306752,0,154.306752,154.306752,True
E47,2017-12,90,89,1,89,1,0,88,1,0,125.038059,4.138027,120.900032,129.176086,87,82,5,85,2,0,80,2,0,137.851978,8.124,129.727978,145.975978,True
E47,2018-01,74,73,1,74,0,0,73,0,0,116.422742,0,116.422742,116.422742,104,91,13,102,2,0,89,2,0,160.1653,0.57164,159.59366,160.73694,True
E47,2018-02,50,47,3,50,0,0,47,0,0,71.205989,0,71.205989,71.205989,32,31,1,32,0,0,31,0,0,71.706471,0,71.706471,71.706471,True
E47,2018-03,93,93,0,93,0,0,93,0,0,124.686576,0,124.686576,124.686576,91,85,6,91,0,0,85,0,0,146.851472,0,146.851472,146.851472,True
E47,2018-04,142,138,4,140,2,0,136,2,0,196.258947,0.361989,195.896958,196.620936,157,148,9,157,0,0,148,0,0,281.083176,0,281.083176,281.083176,True
E47,2018-05,99,97,2,99,0,0,97,0,0,86.938634,0,86.938634,86.938634,112,89,23,112,0,0,89,0,0,127.818319,0,127.818319,127.818319,True
E47,2018-06,100,96,4,100,0,0,96,0,0,119.10951,0,119.10951,119.10951,85,80,5,85,0,0,80,0,0,114.909854,0,114.909854,114.909854,True
E47,2018-07,80,79,1,80,0,0,79,0,0,111.181686,0,111.181686,111.181686,73,71,2,73,0,0,71,0,0,132.911988,0,132.911988,132.911988,True
E47,2018-08,98,95,3,98,0,0,95,0,0,78.705483,0,78.705483,78.705483,85,79,6,85,0,0,79,0,0,109.064371,0,109.064371,109.064371,True
E47,2018-09,65,63,2,65,0,0,63,0,0,107.501523,0,107.501523,107.501523,82,79,3,79,3,0,77,2,0,116.235316,3.80284,112.432476,120.038156,True
E47,2018-10,62,62,0,62,0,0,62,0,0,80.404702,0,80.404702,80.404702,76,72,4,75,1,0,71,1,0,126.368666,0.287868,126.080798,126.656534,True
E47,2018-11,85,81,4,85,0,0,81,0,0,108.426993,0,108.426993,108.426993,80,78,2,79,1,0,77,1,0,120.940855,0.243,120.697855,121.183855,True
E47,2018-12,71,70,1,71,0,0,70,0,0,115.029174,0,115.029174,115.029174,88,85,3,88,0,0,85,0,0,139.119958,0,139.119958,139.119958,True
E47,2019-01,87,84,3,87,0,0,84,0,0,129.234009,0,129.234009,129.234009,77,76,1,77,0,0,76,0,0,163.726716,0,163.726716,163.726716,True
E47,2019-02,46,44,2,46,0,0,44,0,0,59.961741,0,59.961741,59.961741,28,27,1,28,0,0,27,0,0,40.238467,0,40.238467,40.238467,True
E47,2019-03,108,106,2,107,1,0,105,1,0,144.031275,0.081362,143.949913,144.112637,172,171,1,172,0,0,171,0,0,243.835419,0,243.835419,243.835419,True
E47,2019-04,58,58,0,58,0,0,58,0,0,107.843937,0,107.843937,107.843937,67,65,2,67,0,0,65,0,0,92.347497,0,92.347497,92.347497,True
E47,2019-05,72,69,3,72,0,0,69,0,0,115.211046,0,115.211046,115.211046,86,82,4,86,0,0,82,0,0,112.44228,0,112.44228,112.44228,True
E47,2019-06,74,71,3,73,1,0,70,1,0,108.327819,1.7,106.627819,110.027819,84,82,2,84,0,0,82,0,0,143.172864,0,143.172864,143.172864,True
E47,2019-07,68,66,2,68,0,0,66,0,0,101.860322,0,101.860322,101.860322,89,84,5,89,0,0,84,0,0,115.679069,0,115.679069,115.679069,True
E47,2019-08,67,66,1,66,1,0,65,1,0,92.076232,0.097588,91.978644,92.17382,84,77,7,82,2,0,75,2,0,107.004833,10.0145,96.990333,117.019333,True
E47,2019-09,65,63,2,65,0,0,63,0,0,96.861665,0,96.861665,96.861665,67,63,4,67,0,0,63,0,0,119.568527,0,119.568527,119.568527,True
E47,2019-10,67,63,4,66,1,0,62,1,0,121.775807,0.35,121.425807,122.125807,61,61,0,61,0,0,61,0,0,102.378368,0,102.378368,102.378368,True
E47,2019-11,78,65,13,78,0,0,65,0,0,132.438231,0,132.438231,132.438231,86,83,3,86,0,0,83,0,0,200.578222,0,200.578222,200.578222,True
E47,2019-12,0,0,0,0,0,0,0,0,0,0,0,0,0,0,0,0,0,0,0,0,0,0,0,0,0,0,False
E47,2020-01,0,0,0,0,0,0,0,0,0,0,0,0,0,0,0,0,0,0,0,0,0,0,0,0,0,0,False
E47,2020-02,0,0,0,0,0,0,0,0,0,0,0,0,0,0,0,0,0,0,0,0,0,0,0,0,0,0,False
E48,2016-10,0,0,0,0,0,0,0,0,0,0,0,0,0,0,0,0,0,0,0,0,0,0,0,0,0,0,False
E48,2016-11,0,0,0,0,0,0,0,0,0,0,0,0,0,0,0,0,0,0,0,0,0,0,0,0,0,0,False
E48,2016-12,0,0,0,0,0,0,0,0,0,0,0,0,0,0,0,0,0,0,0,0,0,0,0,0,0,0,False
E48,2017-01,1,1,0,1,0,0,1,0,0,0.6248,0,0.6248,0.6248,2,2,0,2,0,0,2,0,0,9.9677,0,9.9677,9.9677,True
E48,2017-02,2,2,0,2,0,0,2,0,0,5.762,0,5.762,5.762,0,0,0,0,0,0,0,0,0,0,0,0,0,True
E48,2017-03,3,3,0,3,0,0,3,0,0,14.01172,0,14.01172,14.01172,5,4,1,5,0,0,4,0,0,30.51,0,30.51,30.51,True
E48,2017-04,4,2,2,4,0,0,2,0,0,0.855,0,0.855,0.855,3,3,0,3,0,0,3,0,0,17.8477,0,17.8477,17.8477,True
E48,2017-05,1,1,0,1,0,0,1,0,0,1.54125,0,1.54125,1.54125,4,4,0,4,0,0,4,0,0,14.6476,0,14.6476,14.6476,True
E48,2017-06,11,11,0,11,0,0,11,0,0,36.11669,0,36.11669,36.11669,9,7,2,9,0,0,7,0,0,19.6811,0,19.6811,19.6811,True
E48,2017-07,19,18,1,17,2,0,16,2,0,36.964493,4.675,32.289493,41.639493,7,7,0,7,0,0,7,0,0,26.2094,0,26.2094,26.2094,True
E48,2017-08,9,9,0,9,0,0,9,0,0,7.188098,0,7.188098,7.188098,4,4,0,4,0,0,4,0,0,18.696,0,18.696,18.696,True
E48,2017-09,25,23,2,25,0,0,23,0,0,37.672522,0,37.672522,37.672522,7,7,0,7,0,0,7,0,0,36.6176,0,36.6176,36.6176,True
E48,2017-10,14,14,0,14,0,0,14,0,0,13.885026,0,13.885026,13.885026,10,10,0,10,0,0,10,0,0,39.4927,0,39.4927,39.4927,True
E48,2017-11,14,14,0,14,0,0,14,0,0,9.359278,0,9.359278,9.359278,12,11,1,11,1,0,10,1,0,53.889,1.404,52.485,55.293,True
E48,2017-12,16,16,0,16,0,0,16,0,0,2.991648,0,2.991648,2.991648,9,8,1,9,0,0,8,0,0,51.7669,0,51.7669,51.7669,True
E48,2018-01,28,28,0,27,1,0,27,1,0,19.323101,1.8675,17.455601,21.190601,10,9,1,10,0,0,9,0,0,50.3906,0,50.3906,50.3906,True
E48,2018-02,15,14,1,15,0,0,14,0,0,0.274059,0,0.274059,0.274059,2,2,0,2,0,0,2,0,0,8.3135,0,8.3135,8.3135,True
E48,2018-03,55,55,0,55,0,0,55,0,0,5.607381,0,5.607381,5.607381,8,7,1,8,0,0,7,0,0,42.56395,0,42.56395,42.56395,True
E48,2018-04,66,65,1,66,0,0,65,0,0,41.390843,0,41.390843,41.390843,11,10,1,11,0,0,10,0,0,57.6443,0,57.6443,57.6443,True
E48,2018-05,27,27,0,27,0,0,27,0,0,13.906887,0,13.906887,13.906887,7,7,0,6,1,0,6,1,0,19.4553,0.9035,18.5518,20.3588,True
E48,2018-06,41,41,0,41,0,0,41,0,0,40.859026,0,40.859026,40.859026,10,10,0,10,0,0,10,0,0,43.6639,0,43.6639,43.6639,True
E48,2018-07,34,34,0,34,0,0,34,0,0,9.229668,0,9.229668,9.229668,13,11,2,13,0,0,11,0,0,73.248314,0,73.248314,73.248314,True
E48,2018-08,39,39,0,39,0,0,39,0,0,54.18912,0,54.18912,54.18912,19,14,5,19,0,0,14,0,0,99.324674,0,99.324674,99.324674,True
E48,2018-09,42,41,1,42,0,0,41,0,0,5.852334,0,5.852334,5.852334,16,14,2,16,0,0,14,0,0,97.66493,0,97.66493,97.66493,True
E48,2018-10,43,43,0,43,0,0,43,0,0,67.39692,0,67.39692,67.39692,17,16,1,17,0,0,16,0,0,102.803156,0,102.803156,102.803156,True
E48,2018-11,46,46,0,46,0,0,46,0,0,41.722243,0,41.722243,41.722243,18,17,1,18,0,0,17,0,0,94.198138,0,94.198138,94.198138,True
E48,2018-12,57,56,1,57,0,0,56,0,0,96.280049,0,96.280049,96.280049,25,23,2,25,0,0,23,0,0,135.456128,0,135.456128,135.456128,True
E48,2019-01,40,40,0,40,0,0,40,0,0,22.157086,0,22.157086,22.157086,14,13,1,14,0,0,13,0,0,60.923768,0,60.923768,60.923768,True
E48,2019-02,19,18,1,19,0,0,18,0,0,4.64358,0,4.64358,4.64358,6,6,0,6,0,0,6,0,0,32.8585,0,32.8585,32.8585,True
E48,2019-03,61,58,3,61,0,0,58,0,0,80.430223,0,80.430223,80.430223,21,19,2,21,0,0,19,0,0,116.6082,0,116.6082,116.6082,True
E48,2019-04,45,43,2,45,0,0,43,0,0,29.502341,0,29.502341,29.502341,17,17,0,17,0,0,17,0,0,104.344466,0,104.344466,104.344466,True
E48,2019-05,62,62,0,61,1,0,61,1,0,46.294203,0.48,45.814203,46.774203,28,28,0,28,0,0,28,0,0,178.459791,0,178.459791,178.459791,True
E48,2019-06,40,40,0,40,0,0,40,0,0,64.673118,0,64.673118,64.673118,21,21,0,21,0,0,21,0,0,148.077455,0,148.077455,148.077455,True
E48,2019-07,56,56,0,56,0,0,56,0,0,51.805924,0,51.805924,51.805924,28,28,0,28,0,0,28,0,0,172.182226,0,172.182226,172.182226,True
E48,2019-08,50,49,1,50,0,0,49,0,0,102.179233,0,102.179233,102.179233,27,26,1,27,0,0,26,0,0,181.124243,0,181.124243,181.124243,True
E48,2019-09,51,50,1,51,0,0,50,0,0,84.89137,0,84.89137,84.89137,20,19,1,20,0,0,19,0,0,147.8577,0,147.8577,147.8577,True
E48,2019-10,50,44,6,50,0,0,44,0,0,82.570224,0,82.570224,82.570224,26,25,1,25,1,0,24,1,0,141.567678,1.836,139.731678,143.403678,True
E48,2019-11,44,44,0,44,0,0,44,0,0,149.139791,0,149.139791,149.139791,26,25,1,26,0,0,25,0,0,165.301758,0,165.301758,165.301758,True
E48,2019-12,59,58,1,58,1,0,57,1,0,110.304344,0.0084,110.295944,110.312744,29,29,0,29,0,0,29,0,0,189.2732,0,189.2732,189.2732,True
E48,2020-01,36,35,1,36,0,0,35,0,0,52.739024,0,52.739024,52.739024,22,21,1,22,0,0,21,0,0,113.7368,0,113.7368,113.7368,True
E48,2020-02,10,10,0,10,0,0,10,0,0,0.425818,0,0.425818,0.425818,0,0,0,0,0,0,0,0,0,0,0,0,0,True
E49,2016-10,0,0,0,0,0,0,0,0,0,0,0,0,0,0,0,0,0,0,0,0,0,0,0,0,0,0,False
E49,2016-11,0,0,0,0,0,0,0,0,0,0,0,0,0,0,0,0,0,0,0,0,0,0,0,0,0,0,False
E49,2016-12,0,0,0,0,0,0,0,0,0,0,0,0,0,0,0,0,0,0,0,0,0,0,0,0,0,0,False
E49,2017-01,2,2,0,2,0,0,2,0,0,0.997383,0,0.997383,0.997383,11,11,0,11,0,0,11,0,0,35.95852,0,35.95852,35.95852,True
E49,2017-02,8,6,2,6,2,0,4,2,0,20.84942,1.59209,19.25733,22.44151,1,1,0,1,0,0,1,0,0,0.27,0,0.27,0.27,True
E49,2017-03,41,38,3,41,0,0,38,0,0,25.295592,0,25.295592,25.295592,31,30,1,31,0,0,30,0,0,262.990481,0,262.990481,262.990481,True
E49,2017-04,10,8,2,10,0,0,8,0,0,23.539209,0,23.539209,23.539209,14,14,0,14,0,0,14,0,0,120.32753,0,120.32753,120.32753,True
E49,2017-05,16,16,0,16,0,0,16,0,0,85.81647,0,85.81647,85.81647,23,23,0,12,11,0,12,11,0,85.382541,85.281541,0.101,170.664082,True
E49,2017-06,5,5,0,5,0,0,5,0,0,5.003584,0,5.003584,5.003584,0,0,0,0,0,0,0,0,0,0,0,0,0,True
E49,2017-07,24,24,0,24,0,0,24,0,0,30.796815,0,30.796815,30.796815,15,13,2,15,0,0,13,0,0,119.35,0,119.35,119.35,True
E49,2017-08,24,22,2,23,1,0,21,1,0,26.1687,0.6124,25.5563,26.7811,2,2,0,2,0,0,2,0,0,1.252,0,1.252,1.252,True
E49,2017-09,12,11,1,12,0,0,11,0,0,7.851679,0,7.851679,7.851679,6,5,1,6,0,0,5,0,0,38.8095,0,38.8095,38.8095,True
E49,2017-10,4,4,0,4,0,0,4,0,0,1.0087,0,1.0087,1.0087,35,34,1,33,2,0,32,2,0,305.5618,1.252,304.3098,306.8138,True
E49,2017-11,9,9,0,9,0,0,9,0,0,1.7948,0,1.7948,1.7948,0,0,0,0,0,0,0,0,0,0,0,0,0,True
E49,2017-12,26,26,0,26,0,0,26,0,0,10.450791,0,10.450791,10.450791,18,18,0,18,0,0,18,0,0,176.8,0,176.8,176.8,True
E49,2018-01,29,29,0,29,0,0,29,0,0,24.979467,0,24.979467,24.979467,6,3,3,6,0,0,3,0,0,1.24742,0,1.24742,1.24742,True
E49,2018-02,25,25,0,22,3,0,22,3,0,19.327574,2.88,16.447574,22.207574,0,0,0,0,0,0,0,0,0,0,0,0,0,True
E49,2018-03,81,78,3,81,0,0,78,0,0,158.2572,0,158.2572,158.2572,0,0,0,0,0,0,0,0,0,0,0,0,0,True
E49,2018-04,40,40,0,40,0,0,40,0,0,9.277892,0,9.277892,9.277892,0,0,0,0,0,0,0,0,0,0,0,0,0,True
E49,2018-05,124,116,8,122,2,0,114,2,0,81.16186,0.029,81.13286,81.19086,49,49,0,49,0,0,49,0,0,489.68865,0,489.68865,489.68865,True
E49,2018-06,137,132,5,136,1,0,131,1,0,77.701474,0.045,77.656474,77.746474,28,28,0,28,0,0,28,0,0,271.74036,0,271.74036,271.74036,True
E49,2018-07,197,171,26,197,0,0,171,0,0,263.855611,0,263.855611,263.855611,13,13,0,13,0,0,13,0,0,108.258539,0,108.258539,108.258539,True
E49,2018-08,140,137,3,139,1,0,136,1,0,152.117948,0.15,151.967948,152.267948,0,0,0,0,0,0,0,0,0,0,0,0,0,True
E49,2018-09,113,111,2,112,1,0,110,1,0,21.773286,0.3487,21.424586,22.121986,1,1,0,1,0,0,1,0,0,0.145,0,0.145,0.145,True
E49,2018-10,104,102,2,103,1,0,101,1,0,23.41963,0.9,22.51963,24.31963,2,2,0,2,0,0,2,0,0,1.5105,0,1.5105,1.5105,True
E49,2018-11,152,146,6,152,0,0,146,0,0,56.267362,0,56.267362,56.267362,79,66,13,79,0,0,66,0,0,637.25348,0,637.25348,637.25348,True
E49,2018-12,232,231,1,232,0,0,231,0,0,217.739751,0,217.739751,217.739751,1,1,0,1,0,0,1,0,0,0.16,0,0.16,0.16,True
E49,2019-01,204,203,1,202,2,0,201,2,0,216.671327,1.071443,215.599884,217.74277,8,8,0,8,0,0,8,0,0,78,0,78,78,True
E49,2019-02,135,134,1,135,0,0,134,0,0,34.797249,0,34.797249,34.797249,0,0,0,0,0,0,0,0,0,0,0,0,0,True
E49,2019-03,135,131,4,135,0,0,131,0,0,28.338968,0,28.338968,28.338968,1,1,0,1,0,0,1,0,0,0.2,0,0.2,0.2,True
E49,2019-04,98,98,0,98,0,0,98,0,0,17.614554,0,17.614554,17.614554,15,15,0,15,0,0,15,0,0,122.152052,0,122.152052,122.152052,True
E49,2019-05,116,115,1,114,2,0,113,2,0,41.005084,1.3929,39.612184,42.397984,22,22,0,22,0,0,22,0,0,212.359838,0,212.359838,212.359838,True
E49,2019-06,116,114,2,115,1,0,113,1,0,83.180621,0.705,82.475621,83.885621,17,17,0,17,0,0,17,0,0,169.5,0,169.5,169.5,True
E49,2019-07,137,134,3,137,0,0,134,0,0,36.17091,0,36.17091,36.17091,2,2,0,2,0,0,2,0,0,0.2,0,0.2,0.2,True
E49,2019-08,93,92,1,93,0,0,92,0,0,15.492655,0,15.492655,15.492655,0,0,0,0,0,0,0,0,0,0,0,0,0,True
E49,2019-09,112,112,0,112,0,0,112,0,0,22.623333,0,22.623333,22.623333,25,25,0,25,0,0,25,0,0,246.9,0,246.9,246.9,True
E49,2019-10,114,111,3,114,0,0,111,0,0,31.230692,0,31.230692,31.230692,48,17,31,48,0,0,17,0,0,166.500492,0,166.500492,166.500492,True
E49,2019-11,267,259,8,266,1,0,258,1,0,140.887143,0.1879,140.699243,141.075043,1,1,0,1,0,0,1,0,0,0.3,0,0.3,0.3,True
E49,2019-12,305,303,2,304,1,0,302,1,0,176.331406,0.025898,176.305508,176.357304,19,19,0,19,0,0,19,0,0,170.02,0,170.02,170.02,True
E49,2020-01,228,223,5,228,0,0,223,0,0,270.217395,0,270.217395,270.217395,20,20,0,20,0,0,20,0,0,184.31176,0,184.31176,184.31176,True
E49,2020-02,0,0,0,0,0,0,0,0,0,0,0,0,0,0,0,0,0,0,0,0,0,0,0,0,0,0,False
E5,2016-10,0,0,0,0,0,0,0,0,0,0,0,0,0,0,0,0,0,0,0,0,0,0,0,0,0,0,False
E5,2016-11,0,0,0,0,0,0,0,0,0,0,0,0,0,0,0,0,0,0,0,0,0,0,0,0,0,0,False
E5,2016-12,0,0,0,0,0,0,0,0,0,0,0,0,0,0,0,0,0,0,0,0,0,0,0,0,0,0,False
E5,2017-01,8,8,0,8,0,0,8,0,0,55.97612,0,55.97612,55.97612,8,8,0,8,0,0,8,0,0,90.0298,0,90.0298,90.0298,True
E5,2017-02,4,4,0,4,0,0,4,0,0,1.4469,0,1.4469,1.4469,0,0,0,0,0,0,0,0,0,0,0,0,0,True
E5,2017-03,2,1,1,2,0,0,1,0,0,0.26,0,0.26,0.26,1,1,0,1,0,0,1,0,0,2.88,0,2.88,2.88,True
E5,2017-04,10,10,0,10,0,0,10,0,0,77.68058,0,77.68058,77.68058,9,9,0,9,0,0,9,0,0,82.90258,0,82.90258,82.90258,True
E5,2017-05,28,25,3,28,0,0,25,0,0,239.638612,0,239.638612,239.638612,29,29,0,29,0,0,29,0,0,253.63628,0,253.63628,253.63628,True
E5,2017-06,8,7,1,8,0,0,7,0,0,3.204127,0,3.204127,3.204127,1,1,0,1,0,0,1,0,0,2.45,0,2.45,2.45,True
E5,2017-07,10,10,0,10,0,0,10,0,0,3.50892,0,3.50892,3.50892,0,0,0,0,0,0,0,0,0,0,0,0,0,True
E5,2017-08,16,15,1,16,0,0,15,0,0,3.57096,0,3.57096,3.57096,0,0,0,0,0,0,0,0,0,0,0,0,0,True
E5,2017-09,12,12,0,12,0,0,12,0,0,4.2817,0,4.2817,4.2817,3,1,2,3,0,0,1,0,0,4.956,0,4.956,4.956,True
E5,2017-10,5,5,0,5,0,0,5,0,0,11.7552,0,11.7552,11.7552,8,7,1,8,0,0,7,0,0,20.804,0,20.804,20.804,True
E5,2017-11,5,5,0,5,0,0,5,0,0,8.579612,0,8.579612,8.579612,0,0,0,0,0,0,0,0,0,0,0,0,0,True
E5,2017-12,7,7,0,7,0,0,7,0,0,106.485449,0,106.485449,106.485449,7,7,0,7,0,0,7,0,0,67.3312,0,67.3312,67.3312,True
E5,2018-01,6,5,1,6,0,0,5,0,0,155.14934,0,155.14934,155.14934,28,17,11,28,0,0,17,0,0,183.10666,0,183.10666,183.10666,True
E5,2018-02,41,40,1,41,0,0,40,0,0,382.37496,0,382.37496,382.37496,40,36,4,40,0,0,36,0,0,369.46486,0,369.46486,369.46486,True
E5,2018-03,8,8,0,8,0,0,8,0,0,217.73203,0,217.73203,217.73203,22,22,0,22,0,0,22,0,0,231.01535,0,231.01535,231.01535,True
E5,2018-04,27,27,0,27,0,0,27,0,0,458.19502,0,458.19502,458.19502,109,108,1,109,0,0,108,0,0,1145.2318,0,1145.2318,1145.2318,True
E5,2018-05,92,85,7,92,0,0,85,0,0,1086.550188,0,1086.550188,1086.550188,50,40,10,50,0,0,40,0,0,439.62464,0,439.62464,439.62464,True
E5,2018-06,69,64,5,69,0,0,64,0,0,588.623008,0,588.623008,588.623008,71,71,0,61,10,0,61,10,0,674.24582,111.97236,562.27346,786.21818,True
E5,2018-07,61,61,0,61,0,0,61,0,0,906.221687,0,906.221687,906.221687,79,78,1,79,0,0,78,0,0,802.845478,0,802.845478,802.845478,True
E5,2018-08,43,43,0,43,0,0,43,0,0,1062.140731,0,1062.140731,1062.140731,75,75,0,75,0,0,75,0,0,813.7657,0,813.7657,813.7657,True
E5,2018-09,45,45,0,45,0,0,45,0,0,1231.72254,0,1231.72254,1231.72254,100,98,2,100,0,0,98,0,0,1087.50746,0,1087.50746,1087.50746,True
E5,2018-10,95,88,7,94,1,0,87,1,0,1915.235825,1.5077,1913.728125,1916.743525,234,213,21,234,0,0,213,0,0,2462.68149,0,2462.68149,2462.68149,True
E5,2018-11,107,107,0,107,0,0,107,0,0,1980.955917,0,1980.955917,1980.955917,21,19,2,21,0,0,19,0,0,1778.51068,0,1778.51068,1778.51068,True
E5,2018-12,117,114,3,117,0,0,114,0,0,2153.683098,0,2153.683098,2153.683098,25,25,0,25,0,0,25,0,0,2235.523212,0,2235.523212,2235.523212,True
E5,2019-01,50,48,2,48,2,0,48,0,0,919.609047,0,919.609047,919.609047,14,14,0,14,0,0,14,0,0,1001.82166,0,1001.82166,1001.82166,True
E5,2019-02,103,100,3,100,3,0,97,3,0,1468.233793,29.3075,1438.926293,1497.541293,15,15,0,15,0,0,15,0,0,1420.67556,0,1420.67556,1420.67556,True
E5,2019-03,163,159,4,156,7,0,152,7,0,1733.20488,64.77149,1668.43339,1797.97637,17,17,0,17,0,0,17,0,0,1505.50004,0,1505.50004,1505.50004,True
E5,2019-04,78,76,2,78,0,0,76,0,0,687.450271,0,687.450271,687.450271,10,10,0,10,0,0,10,0,0,996.908216,0,996.908216,996.908216,True
E5,2019-05,105,91,14,104,1,0,90,1,0,724.068184,0.076,723.992184,724.144184,9,9,0,9,0,0,9,0,0,738.9498,0,738.9498,738.9498,True
E5,2019-06,61,61,0,61,0,0,61,0,0,754.170579,0,754.170579,754.170579,9,9,0,9,0,0,9,0,0,803.7946,0,803.7946,803.7946,True
E5,2019-07,89,83,6,89,0,0,83,0,0,594.488474,0,594.488474,594.488474,10,10,0,10,0,0,10,0,0,650.849614,0,650.849614,650.849614,True
E5,2019-08,71,70,1,70,1,0,69,1,0,301.795501,2.8644,298.931101,304.659901,4,4,0,4,0,0,4,0,0,306.512353,0,306.512353,306.512353,True
E5,2019-09,119,113,6,119,0,0,113,0,0,862.424142,0,862.424142,862.424142,14,14,0,14,0,0,14,0,0,958.102716,0,958.102716,958.102716,True
E5,2019-10,77,76,1,77,0,0,76,0,0,499.167375,0,499.167375,499.167375,11,11,0,11,0,0,11,0,0,566.936596,0,566.936596,566.936596,True
E5,2019-11,132,127,5,131,1,0,126,1,0,760.275262,9.31388,750.961382,769.589142,10,10,0,10,0,0,10,0,0,638.987944,0,638.987944,638.987944,True
E5,2019-12,201,198,3,199,2,0,196,2,0,680.975116,3.659898,677.315218,684.635014,10,10,0,10,0,0,10,0,0,764.66347,0,764.66347,764.66347,True
E5,2020-01,94,86,8,94,0,0,86,0,0,203.863617,0,203.863617,203.863617,7,7,0,7,0,0,7,0,0,338.82678,0,338.82678,338.82678,True
E5,2020-02,0,0,0,0,0,0,0,0,0,0,0,0,0,0,0,0,0,0,0,0,0,0,0,0,0,0,False
E50,2016-10,0,0,0,0,0,0,0,0,0,0,0,0,0,0,0,0,0,0,0,0,0,0,0,0,0,0,False
E50,2016-11,0,0,0,0,0,0,0,0,0,0,0,0,0,0,0,0,0,0,0,0,0,0,0,0,0,0,False
E50,2016-12,0,0,0,0,0,0,0,0,0,0,0,0,0,0,0,0,0,0,0,0,0,0,0,0,0,0,False
E50,2017-01,0,0,0,0,0,0,0,0,0,0,0,0,0,0,0,0,0,0,0,0,0,0,0,0,0,0,False
E50,2017-02,0,0,0,0,0,0,0,0,0,0,0,0,0,0,0,0,0,0,0,0,0,0,0,0,0,0,False
E50,2017-03,0,0,0,0,0,0,0,0,0,0,0,0,0,0,0,0,0,0,0,0,0,0,0,0,0,0,False
E50,2017-04,0,0,0,0,0,0,0,0,0,0,0,0,0,0,0,0,0,0,0,0,0,0,0,0,0,0,False
E50,2017-05,1,1,0,1,0,0,1,0,0,0.0574,0,0.0574,0.0574,0,0,0,0,0,0,0,0,0,0,0,0,0,True
E50,2017-06,1,1,0,1,0,0,1,0,0,0.1419,0,0.1419,0.1419,0,0,0,0,0,0,0,0,0,0,0,0,0,True
E50,2017-07,2,2,0,2,0,0,2,0,0,0.181,0,0.181,0.181,25,25,0,25,0,0,25,0,0,241.685,0,241.685,241.685,True
E50,2017-08,2,2,0,2,0,0,2,0,0,0.0385,0,0.0385,0.0385,17,17,0,17,0,0,17,0,0,167.4318,0,167.4318,167.4318,True
E50,2017-09,0,0,0,0,0,0,0,0,0,0,0,0,0,0,0,0,0,0,0,0,0,0,0,0,0,0,False
E50,2017-10,4,3,1,4,0,0,3,0,0,0.3835,0,0.3835,0.3835,0,0,0,0,0,0,0,0,0,0,0,0,0,True
E50,2017-11,2,2,0,2,0,0,2,0,0,0.0508,0,0.0508,0.0508,0,0,0,0,0,0,0,0,0,0,0,0,0,True
E50,2017-12,3,3,0,3,0,0,3,0,0,0.0388,0,0.0388,0.0388,0,0,0,0,0,0,0,0,0,0,0,0,0,True
E50,2018-01,1,1,0,1,0,0,1,0,0,0.0188,0,0.0188,0.0188,4,4,0,4,0,0,4,0,0,40,0,40,40,True
E50,2018-02,0,0,0,0,0,0,0,0,0,0,0,0,0,0,0,0,0,0,0,0,0,0,0,0,0,0,False
E50,2018-03,20,20,0,20,0,0,20,0,0,1.8002,0,1.8002,1.8002,0,0,0,0,0,0,0,0,0,0,0,0,0,True
E50,2018-04,4,4,0,4,0,0,4,0,0,0.1321,0,0.1321,0.1321,0,0,0,0,0,0,0,0,0,0,0,0,0,True
E50,2018-05,7,7,0,7,0,0,7,0,0,0.4295,0,0.4295,0.4295,0,0,0,0,0,0,0,0,0,0,0,0,0,True
E50,2018-06,13,12,1,13,0,0,12,0,0,1.4472,0,1.4472,1.4472,0,0,0,0,0,0,0,0,0,0,0,0,0,True
E50,2018-07,4,4,0,4,0,0,4,0,0,0.116,0,0.116,0.116,0,0,0,0,0,0,0,0,0,0,0,0,0,True
E50,2018-08,7,7,0,7,0,0,7,0,0,0.1566,0,0.1566,0.1566,0,0,0,0,0,0,0,0,0,0,0,0,0,True
E50,2018-09,3,3,0,3,0,0,3,0,0,0.5794,0,0.5794,0.5794,0,0,0,0,0,0,0,0,0,0,0,0,0,True
E50,2018-10,9,9,0,9,0,0,9,0,0,0.776164,0,0.776164,0.776164,0,0,0,0,0,0,0,0,0,0,0,0,0,True
E50,2018-11,7,7,0,7,0,0,7,0,0,0.2623,0,0.2623,0.2623,8,8,0,8,0,0,8,0,0,74.675038,0,74.675038,74.675038,True
E50,2018-12,5,4,1,5,0,0,4,0,0,0.721,0,0.721,0.721,39,18,21,39,0,0,18,0,0,170.085744,0,170.085744,170.085744,True
E50,2019-01,7,7,0,7,0,0,7,0,0,0.249193,0,0.249193,0.249193,51,50,1,33,18,0,32,18,0,286.771842,169.760782,117.01106,456.532624,True
E50,2019-02,9,9,0,9,0,0,9,0,0,1.1805,0,1.1805,1.1805,0,0,0,0,0,0,0,0,0,0,0,0,0,True
E50,2019-03,11,7,4,11,0,0,7,0,0,4.0321,0,4.0321,4.0321,0,0,0,0,0,0,0,0,0,0,0,0,0,True
E50,2019-04,10,10,0,10,0,0,10,0,0,0.5149,0,0.5149,0.5149,17,16,1,17,0,0,16,0,0,137.860344,0,137.860344,137.860344,True
E50,2019-05,5,5,0,5,0,0,5,0,0,3.408,0,3.408,3.408,13,11,2,13,0,0,11,0,0,98.149882,0,98.149882,98.149882,True
E50,2019-06,13,11,2,13,0,0,11,0,0,17.0191,0,17.0191,17.0191,51,49,2,51,0,0,49,0,0,453.23583,0,453.23583,453.23583,True
E50,2019-07,12,12,0,12,0,0,12,0,0,1.1525,0,1.1525,1.1525,15,15,0,15,0,0,15,0,0,145.803746,0,145.803746,145.803746,True
E50,2019-08,9,9,0,9,0,0,9,0,0,13.2749,0,13.2749,13.2749,8,8,0,8,0,0,8,0,0,65.0195,0,65.0195,65.0195,True
E50,2019-09,12,11,1,12,0,0,11,0,0,120.5563,0,120.5563,120.5563,22,22,0,22,0,0,22,0,0,199.309471,0,199.309471,199.309471,True
E50,2019-10,14,13,1,13,1,0,12,1,0,20.440972,1.16,19.280972,21.600972,15,12,3,15,0,0,12,0,0,102.780456,0,102.780456,102.780456,True
E50,2019-11,0,0,0,0,0,0,0,0,0,0,0,0,0,0,0,0,0,0,0,0,0,0,0,0,0,0,False
E50,2019-12,0,0,0,0,0,0,0,0,0,0,0,0,0,0,0,0,0,0,0,0,0,0,0,0,0,0,False
E50,2020-01,0,0,0,0,0,0,0,0,0,0,0,0,0,0,0,0,0,0,0,0,0,0,0,0,0,0,False
E50,2020-02,0,0,0,0,0,0,0,0,0,0,0,0,0,0,0,0,0,0,0,0,0,0,0,0,0,0,False
E51,2016-10,0,0,0,0,0,0,0,0,0,0,0,0,0,0,0,0,0,0,0,0,0,0,0,0,0,0,False
E51,2016-11,0,0,0,0,0,0,0,0,0,0,0,0,0,0,0,0,0,0,0,0,0,0,0,0,0,0,False
E51,2016-12,2,2,0,2,0,0,2,0,0,10.109927,0,10.109927,10.109927,14,14,0,14,0,0,14,0,0,14.103257,0,14.103257,14.103257,True
E51,2017-01,5,5,0,5,0,0,5,0,0,21.776152,0,21.776152,21.776152,14,14,0,14,0,0,14,0,0,39.592821,0,39.592821,39.592821,True
E51,2017-02,5,5,0,5,0,0,5,0,0,13.312991,0,13.312991,13.312991,16,11,5,16,0,0,11,0,0,12.697983,0,12.697983,12.697983,True
E51,2017-03,10,10,0,9,1,0,9,1,0,10.604386,5,5.604386,15.604386,13,13,0,13,0,0,13,0,0,49.891821,0,49.891821,49.891821,True
E51,2017-04,12,12,0,12,0,0,12,0,0,74.38577,0,74.38577,74.38577,19,17,2,19,0,0,17,0,0,80.78587,0,80.78587,80.78587,True
E51,2017-05,6,6,0,6,0,0,6,0,0,14.739845,0,14.739845,14.739845,20,17,3,20,0,0,17,0,0,35.976144,0,35.976144,35.976144,True
E51,2017-06,4,4,0,4,0,0,4,0,0,19.270286,0,19.270286,19.270286,7,7,0,7,0,0,7,0,0,29.273572,0,29.273572,29.273572,True
E51,2017-07,6,6,0,6,0,0,6,0,0,17.168267,0,17.168267,17.168267,12,12,0,12,0,0,12,0,0,19.618873,0,19.618873,19.618873,True
E51,2017-08,6,6,0,6,0,0,6,0,0,11.824288,0,11.824288,11.824288,12,12,0,12,0,0,12,0,0,41.940735,0,41.940735,41.940735,True
E51,2017-09,8,8,0,8,0,0,8,0,0,25.638694,0,25.638694,25.638694,14,14,0,14,0,0,14,0,0,41.867109,0,41.867109,41.867109,True
E51,2017-10,7,7,0,7,0,0,7,0,0,25.332874,0,25.332874,25.332874,12,11,1,12,0,0,11,0,0,34.943692,0,34.943692,34.943692,True
E51,2017-11,10,10,0,10,0,0,10,0,0,51.846713,0,51.846713,51.846713,20,19,1,20,0,0,19,0,0,58.384504,0,58.384504,58.384504,True
E51,2017-12,11,11,0,11,0,0,11,0,0,52.912101,0,52.912101,52.912101,18,18,0,18,0,0,18,0,0,52.679751,0,52.679751,52.679751,True
E51,2018-01,15,15,0,15,0,0,15,0,0,67.498365,0,67.498365,67.498365,18,18,0,18,0,0,18,0,0,65.701452,0,65.701452,65.701452,True
E51,2018-02,6,6,0,6,0,0,6,0,0,25.558501,0,25.558501,25.558501,9,9,0,9,0,0,9,0,0,33.226327,0,33.226327,33.226327,True
E51,2018-03,12,12,0,12,0,0,12,0,0,38.938848,0,38.938848,38.938848,21,20,1,21,0,0,20,0,0,88.756672,0,88.756672,88.756672,True
E51,2018-04,14,14,0,14,0,0,14,0,0,71.883944,0,71.883944,71.883944,24,22,2,24,0,0,22,0,0,89.934141,0,89.934141,89.934141,True
E51,2018-05,12,12,0,12,0,0,12,0,0,69.159346,0,69.159346,69.159346,20,19,1,19,0,1,19,0,0,85.856753,0,85.856753,85.856753,True
E51,2018-06,14,14,0,12,2,0,12,2,0,58.44797,2.591674,55.856296,61.039644,21,21,0,21,0,0,21,0,0,59.649623,0,59.649623,59.649623,True
E51,2018-07,10,10,0,10,0,0,10,0,0,37.691537,0,37.691537,37.691537,16,15,1,16,0,0,15,0,0,53.551469,0,53.551469,53.551469,True
E51,2018-08,12,12,0,12,0,0,12,0,0,87.800904,0,87.800904,87.800904,20,18,2,20,0,0,18,0,0,59.268277,0,59.268277,59.268277,True
E51,2018-09,12,12,0,12,0,0,12,0,0,83.103207,0,83.103207,83.103207,23,21,2,23,0,0,21,0,0,66.263362,0,66.263362,66.263362,True
E51,2018-10,20,18,2,20,0,0,18,0,0,121.598555,0,121.598555,121.598555,26,25,1,26,0,0,25,0,0,92.072055,0,92.072055,92.072055,True
E51,2018-11,15,15,0,15,0,0,15,0,0,95.395038,0,95.395038,95.395038,28,26,2,28,0,0,26,0,0,95.214847,0,95.214847,95.214847,True
E51,2018-12,16,16,0,16,0,0,16,0,0,97.802481,0,97.802481,97.802481,27,26,1,27,0,0,26,0,0,81.309325,0,81.309325,81.309325,True
E51,2019-01,18,18,0,18,0,0,18,0,0,99.906814,0,99.906814,99.906814,31,30,1,31,0,0,30,0,0,147.792385,0,147.792385,147.792385,True
E51,2019-02,14,14,0,14,0,0,14,0,0,60.309918,0,60.309918,60.309918,25,24,1,25,0,0,24,0,0,97.989636,0,97.989636,97.989636,True
E51,2019-03,20,20,0,20,0,0,20,0,0,75.159029,0,75.159029,75.159029,42,40,2,42,0,0,40,0,0,145.289929,0,145.289929,145.289929,True
E51,2019-04,25,25,0,25,0,0,25,0,0,197.001047,0,197.001047,197.001047,30,26,4,29,1,0,25,1,0,101.806154,10,91.806154,111.806154,True
E51,2019-05,24,24,0,23,1,0,23,1,0,125.755639,0.035,125.720639,125.790639,28,28,0,28,0,0,28,0,0,143.772568,0,143.772568,143.772568,True
E51,2019-06,11,11,0,11,0,0,11,0,0,57.35574,0,57.35574,57.35574,31,28,3,31,0,0,28,0,0,136.380234,0,136.380234,136.380234,True
E51,2019-07,16,16,0,16,0,0,16,0,0,106.722288,0,106.722288,106.722288,35,32,3,35,0,0,32,0,0,134.554483,0,134.554483,134.554483,True
E51,2019-08,6,6,0,6,0,0,6,0,0,22.2662,0,22.2662,22.2662,38,33,5,36,2,0,31,2,0,112.854185,3.8769,108.977285,116.731085,True
E51,2019-09,11,11,0,11,0,0,11,0,0,59.554,0,59.554,59.554,38,37,1,38,0,0,37,0,0,114.613585,0,114.613585,114.613585,True
E51,2019-10,14,14,0,14,0,0,14,0,0,10.695867,0,10.695867,10.695867,46,38,8,46,0,0,38,0,0,154.748997,0,154.748997,154.748997,True
E51,2019-11,25,25,0,25,0,0,25,0,0,195.884945,0,195.884945,195.884945,48,43,5,48,0,0,43,0,0,175.337115,0,175.337115,175.337115,True
E51,2019-12,19,19,0,19,0,0,19,0,0,49.123387,0,49.123387,49.123387,59,56,3,59,0,0,56,0,0,211.510754,0,211.510754,211.510754,True
E51,2020-01,0,0,0,0,0,0,0,0,0,0,0,0,0,0,0,0,0,0,0,0,0,0,0,0,0,0,False
E51,2020-02,0,0,0,0,0,0,0,0,0,0,0,0,0,0,0,0,0,0,0,0,0,0,0,0,0,0,False
E52,2016-10,0,0,0,0,0,0,0,0,0,0,0,0,0,0,0,0,0,0,0,0,0,0,0,0,0,0,False
E52,2016-11,0,0,0,0,0,0,0,0,0,0,0,0,0,0,0,0,0,0,0,0,0,0,0,0,0,0,False
E52,2016-12,0,0,0,0,0,0,0,0,0,0,0,0,0,0,0,0,0,0,0,0,0,0,0,0,0,0,False
E52,2017-01,0,0,0,0,0,0,0,0,0,0,0,0,0,0,0,0,0,0,0,0,0,0,0,0,0,0,False
E52,2017-02,0,0,0,0,0,0,0,0,0,0,0,0,0,0,0,0,0,0,0,0,0,0,0,0,0,0,False
E52,2017-03,0,0,0,0,0,0,0,0,0,0,0,0,0,0,0,0,0,0,0,0,0,0,0,0,0,0,False
E52,2017-04,0,0,0,0,0,0,0,0,0,0,0,0,0,0,0,0,0,0,0,0,0,0,0,0,0,0,False
E52,2017-05,0,0,0,0,0,0,0,0,0,0,0,0,0,0,0,0,0,0,0,0,0,0,0,0,0,0,False
E52,2017-06,0,0,0,0,0,0,0,0,0,0,0,0,0,0,0,0,0,0,0,0,0,0,0,0,0,0,False
E52,2017-07,0,0,0,0,0,0,0,0,0,0,0,0,0,0,0,0,0,0,0,0,0,0,0,0,0,0,False
E52,2017-08,0,0,0,0,0,0,0,0,0,0,0,0,0,0,0,0,0,0,0,0,0,0,0,0,0,0,False
E52,2017-09,2,2,0,2,0,0,2,0,0,0.444,0,0.444,0.444,0,0,0,0,0,0,0,0,0,0,0,0,0,True
E52,2017-10,2,2,0,2,0,0,2,0,0,0.04,0,0.04,0.04,0,0,0,0,0,0,0,0,0,0,0,0,0,True
E52,2017-11,3,3,0,3,0,0,3,0,0,0.7398,0,0.7398,0.7398,15,11,4,15,0,0,11,0,0,69.1095,0,69.1095,69.1095,True
E52,2017-12,5,5,0,5,0,0,5,0,0,1.3828,0,1.3828,1.3828,20,0,20,0,0,20,0,0,0,0,0,0,0,True
E52,2018-01,8,8,0,8,0,0,8,0,0,6.699047,0,6.699047,6.699047,3,3,0,3,0,0,3,0,0,10.5,0,10.5,10.5,True
E52,2018-02,14,13,1,14,0,0,13,0,0,36.2055,0,36.2055,36.2055,6,6,0,6,0,0,6,0,0,54.5,0,54.5,54.5,True
E52,2018-03,11,9,2,11,0,0,9,0,0,24.4236,0,24.4236,24.4236,5,5,0,5,0,0,5,0,0,21.577,0,21.577,21.577,True
E52,2018-04,7,7,0,7,0,0,7,0,0,5.01059,0,5.01059,5.01059,10,5,5,10,0,0,5,0,0,39.7,0,39.7,39.7,True
E52,2018-05,9,9,0,9,0,0,9,0,0,58.9439,0,58.9439,58.9439,2,1,1,2,0,0,1,0,0,0.084,0,0.084,0.084,True
E52,2018-06,5,5,0,5,0,0,5,0,0,38.7946,0,38.7946,38.7946,4,4,0,4,0,0,4,0,0,10.356,0,10.356,10.356,True
E52,2018-07,2,2,0,2,0,0,2,0,0,1.9112,0,1.9112,1.9112,1,1,0,1,0,0,1,0,0,1.98,0,1.98,1.98,True
E52,2018-08,3,3,0,3,0,0,3,0,0,2.0577,0,2.0577,2.0577,4,4,0,4,0,0,4,0,0,15.8549,0,15.8549,15.8549,True
E52,2018-09,4,4,0,4,0,0,4,0,0,21.04768,0,21.04768,21.04768,3,3,0,3,0,0,3,0,0,12.768,0,12.768,12.768,True
E52,2018-10,8,8,0,8,0,0,8,0,0,16.3187,0,16.3187,16.3187,10,9,1,10,0,0,9,0,0,54.1129,0,54.1129,54.1129,True
E52,2018-11,9,8,1,9,0,0,8,0,0,122.2863,0,122.2863,122.2863,34,18,16,34,0,0,18,0,0,163.221,0,163.221,163.221,True
E52,2018-12,11,11,0,11,0,0,11,0,0,45.7125,0,45.7125,45.7125,4,4,0,4,0,0,4,0,0,24.75652,0,24.75652,24.75652,True
E52,2019-01,17,17,0,17,0,0,17,0,0,84.66,0,84.66,84.66,22,21,1,22,0,0,21,0,0,188.464352,0,188.464352,188.464352,True
E52,2019-02,1,1,0,0,1,0,0,1,0,0,0.3499,-0.3499,0.3499,0,0,0,0,0,0,0,0,0,0,0,0,0,True
E52,2019-03,13,13,0,13,0,0,13,0,0,42.1196,0,42.1196,42.1196,5,5,0,5,0,0,5,0,0,35.0382,0,35.0382,35.0382,True
E52,2019-04,11,11,0,11,0,0,11,0,0,57.07433,0,57.07433,57.07433,4,2,2,4,0,0,2,0,0,16.7,0,16.7,16.7,True
E52,2019-05,21,21,0,21,0,0,21,0,0,36.0187,0,36.0187,36.0187,10,10,0,10,0,0,10,0,0,95.3155,0,95.3155,95.3155,True
E52,2019-06,30,30,0,30,0,0,30,0,0,114.498903,0,114.498903,114.498903,38,12,26,15,0,23,12,0,0,104.5476,0,104.5476,104.5476,True
E52,2019-07,9,9,0,8,1,0,8,1,0,25.0631,1.7,23.3631,26.7631,30,24,6,30,0,0,24,0,0,33.579674,0,33.579674,33.579674,True
E52,2019-08,34,34,0,34,0,0,34,0,0,652.454498,0,652.454498,652.454498,67,64,3,67,0,0,64,0,0,635.367396,0,635.367396,635.367396,True
E52,2019-09,14,12,2,14,0,0,12,0,0,68.405345,0,68.405345,68.405345,12,11,1,8,4,0,7,4,0,17.14721,13,4.14721,30.14721,True
E52,2019-10,10,9,1,10,0,0,9,0,0,36.778998,0,36.778998,36.778998,0,0,0,0,0,0,0,0,0,0,0,0,0,True
E52,2019-11,61,57,4,61,0,0,57,0,0,152.988774,0,152.988774,152.988774,33,32,1,32,1,0,31,1,0,264.45961,1.86181,262.5978,266.32142,True
E52,2019-12,46,45,1,46,0,0,45,0,0,119.925889,0,119.925889,119.925889,25,22,3,25,0,0,22,0,0,201.3326,0,201.3326,201.3326,True
E52,2020-01,55,51,4,55,0,0,51,0,0,73.7855,0,73.7855,73.7855,12,9,3,12,0,0,9,0,0,71.400845,0,71.400845,71.400845,True
E52,2020-02,0,0,0,0,0,0,0,0,0,0,0,0,0,0,0,0,0,0,0,0,0,0,0,0,0,0,False
E53,2016-10,0,0,0,0,0,0,0,0,0,0,0,0,0,0,0,0,0,0,0,0,0,0,0,0,0,0,False
E53,2016-11,0,0,0,0,0,0,0,0,0,0,0,0,0,0,0,0,0,0,0,0,0,0,0,0,0,0,False
E53,2016-12,0,0,0,0,0,0,0,0,0,0,0,0,0,0,0,0,0,0,0,0,0,0,0,0,0,0,False
E53,2017-01,0,0,0,0,0,0,0,0,0,0,0,0,0,0,0,0,0,0,0,0,0,0,0,0,0,0,False
E53,2017-02,0,0,0,0,0,0,0,0,0,0,0,0,0,0,0,0,0,0,0,0,0,0,0,0,0,0,False
E53,2017-03,0,0,0,0,0,0,0,0,0,0,0,0,0,0,0,0,0,0,0,0,0,0,0,0,0,0,False
E53,2017-04,0,0,0,0,0,0,0,0,0,0,0,0,0,0,0,0,0,0,0,0,0,0,0,0,0,0,False
E53,2017-05,5,5,0,5,0,0,5,0,0,45.5,0,45.5,45.5,14,14,0,14,0,0,14,0,0,50.270624,0,50.270624,50.270624,True
E53,2017-06,8,8,0,8,0,0,8,0,0,45.818,0,45.818,45.818,5,5,0,5,0,0,5,0,0,50,0,50,50,True
E53,2017-07,8,8,0,8,0,0,8,0,0,53.18,0,53.18,53.18,1,1,0,1,0,0,1,0,0,5,0,5,5,True
E53,2017-08,21,21,0,21,0,0,21,0,0,66.121,0,66.121,66.121,12,10,2,11,1,0,9,1,0,73.7685,9.6065,64.162,83.375,True
E53,2017-09,8,7,1,8,0,0,7,0,0,60.924,0,60.924,60.924,6,6,0,6,0,0,6,0,0,50.5,0,50.5,50.5,True
E53,2017-10,4,4,0,4,0,0,4,0,0,17.52,0,17.52,17.52,20,19,1,20,0,0,19,0,0,155.766,0,155.766,155.766,True
E53,2017-11,85,85,0,85,0,0,85,0,0,282.94502,0,282.94502,282.94502,29,29,0,29,0,0,29,0,0,284,0,284,284,True
E53,2017-12,66,65,1,66,0,0,65,0,0,109.3781,0,109.3781,109.3781,16,16,0,16,0,0,16,0,0,128,0,128,128,True
E53,2018-01,15,13,2,15,0,0,13,0,0,86.83574,0,86.83574,86.83574,18,16,2,16,2,0,14,2,0,140,12,128,152,True
E53,2018-02,6,6,0,6,0,0,6,0,0,45.5465,0,45.5465,45.5465,3,2,1,3,0,0,2,0,0,11.5,0,11.5,11.5,True
E53,2018-03,0,0,0,0,0,0,0,0,0,0,0,0,0,2,2,0,2,0,0,2,0,0,16.18,0,16.18,16.18,True
E53,2018-04,8,4,4,8,0,0,4,0,0,17.0822,0,17.0822,17.0822,3,3,0,3,0,0,3,0,0,30.6,0,30.6,30.6,True
E53,2018-05,9,9,0,9,0,0,9,0,0,61.614992,0,61.614992,61.614992,8,8,0,8,0,0,8,0,0,70,0,70,70,True
E53,2018-06,7,7,0,7,0,0,7,0,0,43.807,0,43.807,43.807,5,5,0,5,0,0,5,0,0,41,0,41,41,True
E53,2018-07,9,9,0,9,0,0,9,0,0,75.04,0,75.04,75.04,5,5,0,5,0,0,5,0,0,38.2,0,38.2,38.2,True
E53,2018-08,28,28,0,28,0,0,28,0,0,257.4186,0,257.4186,257.4186,43,15,28,17,0,26,15,0,0,381.8,0,381.8,381.8,True
E53,2018-09,26,25,1,25,1,0,24,1,0,225.42,7.47397,217.94603,232.89397,2,2,0,2,0,0,2,0,0,189,0,189,189,True
E53,2018-10,9,8,1,9,0,0,8,0,0,60.166,0,60.166,60.166,8,5,3,8,0,0,5,0,0,27.831687,0,27.831687,27.831687,True
E53,2018-11,10,10,0,10,0,0,10,0,0,76.729264,0,76.729264,76.729264,12,12,0,12,0,0,12,0,0,106.8,0,106.8,106.8,True
E53,2018-12,17,12,5,17,0,0,12,0,0,79.6809,0,79.6809,79.6809,13,10,3,13,0,0,10,0,0,84.6,0,84.6,84.6,True
E53,2019-01,14,14,0,14,0,0,14,0,0,120.02,0,120.02,120.02,10,10,0,10,0,0,10,0,0,86.2,0,86.2,86.2,True
E53,2019-02,13,13,0,13,0,0,13,0,0,96.548333,0,96.548333,96.548333,2,2,0,2,0,0,2,0,0,20,0,20,20,True
E53,2019-03,15,14,1,15,0,0,14,0,0,99.749633,0,99.749633,99.749633,9,9,0,9,0,0,9,0,0,73,0,73,73,True
E53,2019-04,11,11,0,11,0,0,11,0,0,96.508333,0,96.508333,96.508333,16,16,0,16,0,0,16,0,0,142.2,0,142.2,142.2,True
E53,2019-05,20,20,0,20,0,0,20,0,0,153.238333,0,153.238333,153.238333,0,0,0,0,0,0,0,0,0,0,0,0,0,True
E53,2019-06,18,18,0,18,0,0,18,0,0,105.691733,0,105.691733,105.691733,24,24,0,24,0,0,24,0,0,231.85,0,231.85,231.85,True
E53,2019-07,19,19,0,19,0,0,19,0,0,161.508333,0,161.508333,161.508333,31,30,1,31,0,0,30,0,0,281.64,0,281.64,281.64,True
E53,2019-08,46,40,6,46,0,0,40,0,0,185.818233,0,185.818233,185.818233,25,25,0,25,0,0,25,0,0,225.6956,0,225.6956,225.6956,True
E53,2019-09,26,25,1,26,0,0,25,0,0,203.108333,0,203.108333,203.108333,10,10,0,10,0,0,10,0,0,66.638,0,66.638,66.638,True
E53,2019-10,21,21,0,21,0,0,21,0,0,182.881003,0,182.881003,182.881003,18,17,1,17,1,0,16,1,0,147.65,2.819,144.831,150.469,True
E53,2019-11,22,17,5,22,0,0,17,0,0,140.534,0,140.534,140.534,0,0,0,0,0,0,0,0,0,0,0,0,0,True
E53,2019-12,56,53,3,56,0,0,53,0,0,245.471082,0,245.471082,245.471082,84,68,16,84,0,0,68,0,0,627.4667,0,627.4667,627.4667,True
E53,2020-01,0,0,0,0,0,0,0,0,0,0,0,0,0,0,0,0,0,0,0,0,0,0,0,0,0,0,False
E53,2020-02,0,0,0,0,0,0,0,0,0,0,0,0,0,0,0,0,0,0,0,0,0,0,0,0,0,0,False
E54,2016-10,0,0,0,0,0,0,0,0,0,0,0,0,0,0,0,0,0,0,0,0,0,0,0,0,0,0,False
E54,2016-11,0,0,0,0,0,0,0,0,0,0,0,0,0,0,0,0,0,0,0,0,0,0,0,0,0,0,False
E54,2016-12,0,0,0,0,0,0,0,0,0,0,0,0,0,0,0,0,0,0,0,0,0,0,0,0,0,0,False
E54,2017-01,12,10,2,12,0,0,10,0,0,11.66933,0,11.66933,11.66933,58,55,3,58,0,0,55,0,0,66.4986,0,66.4986,66.4986,True
E54,2017-02,9,8,1,9,0,0,8,0,0,15.06538,0,15.06538,15.06538,73,71,2,73,0,0,71,0,0,26.89255,0,26.89255,26.89255,True
E54,2017-03,6,6,0,6,0,0,6,0,0,6.99335,0,6.99335,6.99335,104,102,2,102,2,0,100,2,0,76.3097,0.33,75.9797,76.6397,True
E54,2017-04,12,11,1,12,0,0,11,0,0,39.78691,0,39.78691,39.78691,70,66,4,70,0,0,66,0,0,28.3708,0,28.3708,28.3708,True
E54,2017-05,9,9,0,9,0,0,9,0,0,26.86739,0,26.86739,26.86739,121,111,10,121,0,0,111,0,0,127.5407,0,127.5407,127.5407,True
E54,2017-06,11,11,0,11,0,0,11,0,0,11.06112,0,11.06112,11.06112,120,113,7,120,0,0,113,0,0,72.847,0,72.847,72.847,True
E54,2017-07,21,20,1,21,0,0,20,0,0,10.00609,0,10.00609,10.00609,87,78,9,86,1,0,77,1,0,41.1428,0.5,40.6428,41.6428,True
E54,2017-08,59,55,4,59,0,0,55,0,0,48.17919,0,48.17919,48.17919,80,74,6,80,0,0,74,0,0,175.622,0,175.622,175.622,True
E54,2017-09,33,29,4,32,1,0,28,1,0,36.122336,1,35.122336,37.122336,81,77,4,81,0,0,77,0,0,97.354464,0,97.354464,97.354464,True
E54,2017-10,38,32,6,35,3,0,29,3,0,55.380464,25,30.380464,80.380464,86,81,5,85,1,0,80,1,0,134.5128,0.15,134.3628,134.6628,True
E54,2017-11,41,38,3,41,0,0,38,0,0,22.442144,0,22.442144,22.442144,81,59,22,80,1,0,58,1,0,47.7367,4.326,43.4107,52.0627,True
E54,2017-12,41,40,1,41,0,0,40,0,0,53.452025,0,53.452025,53.452025,150,140,10,148,2,0,138,2,0,163.2554,0.204,163.0514,163.4594,True
E54,2018-01,39,33,6,39,0,0,33,0,0,17.789791,0,17.789791,17.789791,72,63,9,72,0,0,63,0,0,142.062,0,142.062,142.062,True
E54,2018-02,19,19,0,19,0,0,19,0,0,1.073047,0,1.073047,1.073047,33,27,6,33,0,0,27,0,0,44.8866,0,44.8866,44.8866,True
E54,2018-03,42,37,5,42,0,0,37,0,0,11.300443,0,11.300443,11.300443,136,118,18,136,0,0,118,0,0,186.293,0,186.293,186.293,True
E54,2018-04,67,65,2,67,0,0,65,0,0,16.864793,0,16.864793,16.864793,109,100,9,107,2,0,98,2,0,75.586,0.331,75.255,75.917,True
E54,2018-05,38,37,1,38,0,0,37,0,0,13.597086,0,13.597086,13.597086,119,111,8,114,5,0,106,5,0,65.1016,8.791,56.3106,73.8926,True
E54,2018-06,36,33,3,36,0,0,33,0,0,19.122928,0,19.122928,19.122928,101,91,10,101,0,0,91,0,0,84.9594,0,84.9594,84.9594,True
E54,2018-07,34,32,2,34,0,0,32,0,0,62.540002,0,62.540002,62.540002,102,94,8,101,1,0,93,1,0,167.60315,0.18,167.42315,167.78315,True
E54,2018-08,37,34,3,37,0,0,34,0,0,10.079378,0,10.079378,10.079378,85,78,7,82,3,0,75,3,0,33.5268,0.45,33.0768,33.9768,True
E54,2018-09,22,22,0,22,0,0,22,0,0,11.671183,0,11.671183,11.671183,66,63,3,66,0,0,63,0,0,29.5212,0,29.5212,29.5212,True
E54,2018-10,56,55,1,56,0,0,55,0,0,36.100632,0,36.100632,36.100632,116,98,18,114,2,0,96,2,0,61.57926,1.75,59.82926,63.32926,True
E54,2018-11,63,55,8,62,1,0,54,1,0,5.711944,0.181,5.530944,5.892944,91,83,8,91,0,0,83,0,0,71.5045,0,71.5045,71.5045,True
E54,2018-12,60,55,5,59,1,0,54,1,0,33.033082,1.1,31.933082,34.133082,146,135,11,143,3,0,132,3,0,198.4965,4.72,193.7765,203.2165,True
E54,2019-01,50,49,1,49,1,0,48,1,0,36.014441,0.021,35.993441,36.035441,62,59,3,62,0,0,59,0,0,82.66638,0,82.66638,82.66638,True
E54,2019-02,51,49,2,50,1,0,48,1,0,20.107151,0.098542,20.008609,20.205693,42,37,5,42,0,0,37,0,0,42.6771,0,42.6771,42.6771,True
E54,2019-03,58,58,0,58,0,0,58,0,0,29.346723,0,29.346723,29.346723,108,104,4,108,0,0,104,0,0,171.25947,0,171.25947,171.25947,True
E54,2019-04,62,57,5,62,0,0,57,0,0,12.024691,0,12.024691,12.024691,67,66,1,66,1,0,65,1,0,47.871301,0.2,47.671301,48.071301,True
E54,2019-05,57,53,4,56,1,0,52,1,0,6.597848,0.0623,6.535548,6.660148,127,120,7,125,2,0,118,2,0,64.671651,2.3,62.371651,66.971651,True
E54,2019-06,65,64,1,65,0,0,64,0,0,15.75554,0,15.75554,15.75554,112,100,12,111,1,0,99,1,0,144.050566,0.081,143.969566,144.131566,True
E54,2019-07,64,62,2,63,1,0,61,1,0,11.73169,0.0159,11.71579,11.74759,107,99,8,107,0,0,99,0,0,161.036313,0,161.036313,161.036313,True
E54,2019-08,60,57,3,59,1,0,56,1,0,25.907495,0.00249,25.905005,25.909985,83,73,10,83,0,0,73,0,0,54.291,0,54.291,54.291,True
E54,2019-09,74,72,2,74,0,0,72,0,0,15.271231,0,15.271231,15.271231,113,99,14,108,5,0,94,5,0,222.960653,2.888,220.072653,225.848653,True
E54,2019-10,48,45,3,48,0,0,45,0,0,7.157564,0,7.157564,7.157564,67,62,5,66,1,0,61,1,0,81.4312,0.15,81.2812,81.5812,True
E54,2019-11,75,75,0,75,0,0,75,0,0,16.355897,0,16.355897,16.355897,101,100,1,101,0,0,100,0,0,85.684174,0,85.684174,85.684174,True
E54,2019-12,78,72,6,76,2,0,70,2,0,32.937542,0.628,32.309542,33.565542,162,148,14,160,2,0,146,2,0,197.69592,3.312,194.38392,201.00792,True
E54,2020-01,91,90,1,84,7,0,83,7,0,40.836417,2.327213,38.509204,43.16363,62,59,3,60,2,0,57,2,0,207.10152,1.04,206.06152,208.14152,True
E54,2020-02,6,6,0,6,0,0,6,0,0,0.874751,0,0.874751,0.874751,1,1,0,1,0,0,1,0,0,0.2,0,0.2,0.2,True
E55,2016-10,0,0,0,0,0,0,0,0,0,0,0,0,0,0,0,0,0,0,0,0,0,0,0,0,0,0,False
E55,2016-11,0,0,0,0,0,0,0,0,0,0,0,0,0,0,0,0,0,0,0,0,0,0,0,0,0,0,False
E55,2016-12,0,0,0,0,0,0,0,0,0,0,0,0,0,0,0,0,0,0,0,0,0,0,0,0,0,0,False
E55,2017-01,4,4,0,4,0,0,4,0,0,0.76039,0,0.76039,0.76039,30,29,1,30,0,0,29,0,0,283.84,0,283.84,283.84,True
E55,2017-02,2,2,0,2,0,0,2,0,0,1.019976,0,1.019976,1.019976,3,3,0,3,0,0,3,0,0,20.3094,0,20.3094,20.3094,True
E55,2017-03,8,8,0,8,0,0,8,0,0,15.412987,0,15.412987,15.412987,3,2,1,3,0,0,2,0,0,10.762687,0,10.762687,10.762687,True
E55,2017-04,3,3,0,2,1,0,2,1,0,0.828532,0.108,0.720532,0.936532,1,1,0,1,0,0,1,0,0,0.4,0,0.4,0.4,True
E55,2017-05,5,5,0,5,0,0,5,0,0,1.070873,0,1.070873,1.070873,0,0,0,0,0,0,0,0,0,0,0,0,0,True
E55,2017-06,6,6,0,6,0,0,6,0,0,18.920223,0,18.920223,18.920223,0,0,0,0,0,0,0,0,0,0,0,0,0,True
E55,2017-07,6,6,0,6,0,0,6,0,0,1.083466,0,1.083466,1.083466,45,39,6,45,0,0,39,0,0,372.744884,0,372.744884,372.744884,True
E55,2017-08,6,6,0,6,0,0,6,0,0,1.041801,0,1.041801,1.041801,76,74,2,37,39,0,37,37,0,372.432247,372.432247,0,744.864494,True
E55,2017-09,4,4,0,4,0,0,4,0,0,0.540641,0,0.540641,0.540641,0,0,0,0,0,0,0,0,0,0,0,0,0,True
E55,2017-10,2,1,1,2,0,0,1,0,0,0.160127,0,0.160127,0.160127,2,1,1,2,0,0,1,0,0,1.015527,0,1.015527,1.015527,True
E55,2017-11,7,7,0,7,0,0,7,0,0,0.804179,0,0.804179,0.804179,7,7,0,7,0,0,7,0,0,58.298808,0,58.298808,58.298808,True
E55,2017-12,7,7,0,7,0,0,7,0,0,61.473074,0,61.473074,61.473074,1,1,0,1,0,0,1,0,0,0.858541,0,0.858541,0.858541,True
E55,2018-01,25,25,0,25,0,0,25,0,0,0.27734,0,0.27734,0.27734,0,0,0,0,0,0,0,0,0,0,0,0,0,True
E55,2018-02,2,2,0,2,0,0,2,0,0,0.199055,0,0.199055,0.199055,0,0,0,0,0,0,0,0,0,0,0,0,0,True
E55,2018-03,1,1,0,1,0,0,1,0,0,0.259651,0,0.259651,0.259651,2,1,1,2,0,0,1,0,0,1.513667,0,1.513667,1.513667,True
E55,2018-04,11,9,2,9,2,0,7,2,0,5.388015,0.314822,5.073193,5.702837,0,0,0,0,0,0,0,0,0,0,0,0,0,True
E55,2018-05,2,2,0,2,0,0,2,0,0,0.071794,0,0.071794,0.071794,7,6,1,7,0,0,6,0,0,57.717936,0,57.717936,57.717936,True
E55,2018-06,6,3,3,6,0,0,3,0,0,7.031817,0,7.031817,7.031817,1,1,0,1,0,0,1,0,0,1.021359,0,1.021359,1.021359,True
E55,2018-07,7,7,0,7,0,0,7,0,0,1.196269,0,1.196269,1.196269,104,0,104,0,0,104,0,0,0,0,0,0,0,True
E55,2018-08,26,24,2,26,0,0,24,0,0,18.407562,0,18.407562,18.407562,0,0,0,0,0,0,0,0,0,0,0,0,0,True
E55,2018-09,35,33,2,30,5,0,28,5,0,14.331825,9.602436,4.729389,23.934261,1,1,0,1,0,0,1,0,0,0.182437,0,0.182437,0.182437,True
E55,2018-10,35,32,3,33,2,0,30,2,0,59.223178,2.6163,56.606878,61.839478,4,4,0,4,0,0,4,0,0,26.24,0,26.24,26.24,True
E55,2018-11,46,34,12,41,5,0,29,5,0,54.695174,18.0585,36.636674,72.753674,24,18,6,24,0,0,18,0,0,184.122666,0,184.122666,184.122666,True
E55,2018-12,42,40,2,41,1,0,39,1,0,93.464807,0.290536,93.174271,93.755343,71,66,5,71,0,0,66,0,0,568.553718,0,568.553718,568.553718,True
E55,2019-01,32,26,6,32,0,0,26,0,0,97.999658,0,97.999658,97.999658,0,0,0,0,0,0,0,0,0,0,0,0,0,True
E55,2019-02,26,23,3,26,0,0,23,0,0,13.397128,0,13.397128,13.397128,8,8,0,8,0,0,8,0,0,79.2099,0,79.2099,79.2099,True
E55,2019-03,24,22,2,24,0,0,22,0,0,35.443262,0,35.443262,35.443262,1,1,0,1,0,0,1,0,0,0.299256,0,0.299256,0.299256,True
E55,2019-04,53,46,7,51,2,0,44,2,0,28.197183,2.6097,25.587483,30.806883,2,1,1,2,0,0,1,0,0,0.59976,0,0.59976,0.59976,True
E55,2019-05,44,41,3,41,3,0,38,3,0,19.545699,4.0001,15.545599,23.545799,41,39,2,20,21,0,20,19,0,202.596378,209.352683,-6.756305,411.949061,True
E55,2019-06,49,45,4,49,0,0,45,0,0,17.05004,0,17.05004,17.05004,14,13,1,14,0,0,13,0,0,49.639875,0,49.639875,49.639875,True
E55,2019-07,49,45,4,48,1,0,44,1,0,64.20536,0.78,63.42536,64.98536,54,54,0,40,14,0,40,14,0,395.947536,149.615752,246.331784,545.563288,True
E55,2019-08,32,32,0,32,0,0,32,0,0,49.335963,0,49.335963,49.335963,4,4,0,4,0,0,4,0,0,1.819284,0,1.819284,1.819284,True
E55,2019-09,38,35,3,37,1,0,34,1,0,82.776664,0.287378,82.489286,83.064042,17,17,0,17,0,0,17,0,0,150.406879,0,150.406879,150.406879,True
E55,2019-10,56,55,1,55,1,0,54,1,0,93.606728,0.4212,93.185528,94.027928,5,5,0,5,0,0,5,0,0,47.486983,0,47.486983,47.486983,True
E55,2019-11,54,51,3,54,0,0,51,0,0,49.33266,0,49.33266,49.33266,15,12,3,15,0,0,12,0,0,90.866451,0,90.866451,90.866451,True
E55,2019-12,52,44,8,46,6,0,38,6,0,143.356856,21.297685,122.059171,164.654541,47,35,12,47,0,0,35,0,0,311.995882,0,311.995882,311.995882,True
E55,2020-01,14,14,0,14,0,0,14,0,0,92.158862,0,92.158862,92.158862,0,0,0,0,0,0,0,0,0,0,0,0,0,True
E55,2020-02,2,2,0,2,0,0,2,0,0,2.394666,0,2.394666,2.394666,0,0,0,0,0,0,0,0,0,0,0,0,0,True
E56,2016-10,0,0,0,0,0,0,0,0,0,0,0,0,0,0,0,0,0,0,0,0,0,0,0,0,0,0,False
E56,2016-11,0,0,0,0,0,0,0,0,0,0,0,0,0,0,0,0,0,0,0,0,0,0,0,0,0,0,False
E56,2016-12,0,0,0,0,0,0,0,0,0,0,0,0,0,0,0,0,0,0,0,0,0,0,0,0,0,0,False
E56,2017-01,0,0,0,0,0,0,0,0,0,0,0,0,0,0,0,0,0,0,0,0,0,0,0,0,0,0,False
E56,2017-02,8,7,1,8,0,0,7,0,0,54.48215,0,54.48215,54.48215,0,0,0,0,0,0,0,0,0,0,0,0,0,True
E56,2017-03,6,6,0,6,0,0,6,0,0,8.7504,0,8.7504,8.7504,7,7,0,7,0,0,7,0,0,19.3008,0,19.3008,19.3008,True
E56,2017-04,7,7,0,7,0,0,7,0,0,21.8926,0,21.8926,21.8926,4,4,0,4,0,0,4,0,0,10.4928,0,10.4928,10.4928,True
E56,2017-05,43,25,18,43,0,0,25,0,0,70.53175,0,70.53175,70.53175,9,9,0,9,0,0,9,0,0,37.9955,0,37.9955,37.9955,True
E56,2017-06,6,6,0,6,0,0,6,0,0,14.477,0,14.477,14.477,13,9,4,13,0,0,9,0,0,36.7468,0,36.7468,36.7468,True
E56,2017-07,13,12,1,13,0,0,12,0,0,32.00535,0,32.00535,32.00535,11,11,0,11,0,0,11,0,0,40.2948,0,40.2948,40.2948,True
E56,2017-08,49,48,1,49,0,0,48,0,0,86.728701,0,86.728701,86.728701,10,9,1,10,0,0,9,0,0,38.5129,0,38.5129,38.5129,True
E56,2017-09,40,40,0,40,0,0,40,0,0,56.72735,0,56.72735,56.72735,12,11,1,12,0,0,11,0,0,56.1777,0,56.1777,56.1777,True
E56,2017-10,17,16,1,17,0,0,16,0,0,25.4563,0,25.4563,25.4563,9,9,0,9,0,0,9,0,0,61.2775,0,61.2775,61.2775,True
E56,2017-11,38,38,0,38,0,0,38,0,0,73.781524,0,73.781524,73.781524,9,8,1,9,0,0,8,0,0,29.9321,0,29.9321,29.9321,True
E56,2017-12,36,36,0,34,2,0,34,2,0,143.40641,2.65,140.75641,146.05641,14,13,1,14,0,0,13,0,0,79.911377,0,79.911377,79.911377,True
E56,2018-01,41,34,7,41,0,0,34,0,0,59.8813,0,59.8813,59.8813,14,13,1,14,0,0,13,0,0,80.2061,0,80.2061,80.2061,True
E56,2018-02,13,13,0,13,0,0,13,0,0,86.6836,0,86.6836,86.6836,10,8,2,10,0,0,8,0,0,56.1134,0,56.1134,56.1134,True
E56,2018-03,23,23,0,23,0,0,23,0,0,55.216,0,55.216,55.216,13,12,1,13,0,0,12,0,0,67.353337,0,67.353337,67.353337,True
E56,2018-04,27,27,0,27,0,0,27,0,0,44.80355,0,44.80355,44.80355,10,10,0,10,0,0,10,0,0,54.9599,0,54.9599,54.9599,True
E56,2018-05,35,33,2,35,0,0,33,0,0,71.609951,0,71.609951,71.609951,11,9,2,11,0,0,9,0,0,56.004955,0,56.004955,56.004955,True
E56,2018-06,31,31,0,31,0,0,31,0,0,10.1421,0,10.1421,10.1421,16,14,2,16,0,0,14,0,0,89.887696,0,89.887696,89.887696,True
E56,2018-07,25,24,1,25,0,0,24,0,0,29.377842,0,29.377842,29.377842,12,11,1,12,0,0,11,0,0,65.251637,0,65.251637,65.251637,True
E56,2018-08,25,24,1,25,0,0,24,0,0,46.83595,0,46.83595,46.83595,6,6,0,6,0,0,6,0,0,33.158,0,33.158,33.158,True
E56,2018-09,26,26,0,26,0,0,26,0,0,23.64732,0,23.64732,23.64732,16,14,2,16,0,0,14,0,0,96.211522,0,96.211522,96.211522,True
E56,2018-10,18,18,0,18,0,0,18,0,0,57.4125,0,57.4125,57.4125,14,14,0,13,1,0,13,1,0,92.3123,0.1,92.2123,92.4123,True
E56,2018-11,17,16,1,17,0,0,16,0,0,52.73195,0,52.73195,52.73195,16,15,1,16,0,0,15,0,0,100.555553,0,100.555553,100.555553,True
E56,2018-12,31,29,2,31,0,0,29,0,0,116.96146,0,116.96146,116.96146,17,17,0,17,0,0,17,0,0,146.9255,0,146.9255,146.9255,True
E56,2019-01,40,39,1,40,0,0,39,0,0,219.354112,0,219.354112,219.354112,17,17,0,16,1,0,16,1,0,112.17394,1.47,110.70394,113.64394,True
E56,2019-02,19,19,0,19,0,0,19,0,0,7.4813,0,7.4813,7.4813,8,8,0,8,0,0,8,0,0,57.7675,0,57.7675,57.7675,True
E56,2019-03,51,50,1,51,0,0,50,0,0,176.716751,0,176.716751,176.716751,15,15,0,15,0,0,15,0,0,92.294268,0,92.294268,92.294268,True
E56,2019-04,89,85,4,87,2,0,83,2,0,51.54883,8.9555,42.59333,60.50433,11,6,5,8,2,1,4,2,0,28.836484,17.6083,11.228184,46.444784,True
E56,2019-05,58,58,0,58,0,0,58,0,0,80.373791,0,80.373791,80.373791,16,13,3,16,0,0,13,0,0,94.616408,0,94.616408,94.616408,True
E56,2019-06,34,34,0,34,0,0,34,0,0,47.5502,0,47.5502,47.5502,17,17,0,16,1,0,16,1,0,120.34119,8.20725,112.13394,128.54844,True
E56,2019-07,29,29,0,29,0,0,29,0,0,116.203981,0,116.203981,116.203981,21,19,2,21,0,0,19,0,0,145.50794,0,145.50794,145.50794,True
E56,2019-08,28,28,0,28,0,0,28,0,0,104.974409,0,104.974409,104.974409,20,20,0,20,0,0,20,0,0,162.562875,0,162.562875,162.562875,True
E56,2019-09,53,47,6,53,0,0,47,0,0,194.227855,0,194.227855,194.227855,24,24,0,23,1,0,23,1,0,174.0549,10,164.0549,184.0549,True
E56,2019-10,43,43,0,42,1,0,42,1,0,234.10888,0.105,234.00388,234.21388,27,25,2,26,1,0,24,1,0,216.848389,1.099,215.749389,217.947389,True
E56,2019-11,73,73,0,71,2,0,71,2,0,191.84987,20.431,171.41887,212.28087,20,20,0,19,1,0,19,1,0,155.643607,0.265,155.378607,155.908607,True
E56,2019-12,66,65,1,66,0,0,65,0,0,176.998517,0,176.998517,176.998517,19,18,1,19,0,0,18,0,0,146.209912,0,146.209912,146.209912,True
E56,2020-01,43,43,0,43,0,0,43,0,0,3.581481,0,3.581481,3.581481,27,23,4,27,0,0,23,0,0,196.495164,0,196.495164,196.495164,True
E56,2020-02,0,0,0,0,0,0,0,0,0,0,0,0,0,0,0,0,0,0,0,0,0,0,0,0,0,0,False
E57,2016-10,0,0,0,0,0,0,0,0,0,0,0,0,0,0,0,0,0,0,0,0,0,0,0,0,0,0,False
E57,2016-11,0,0,0,0,0,0,0,0,0,0,0,0,0,0,0,0,0,0,0,0,0,0,0,0,0,0,False
E57,2016-12,2,2,0,2,0,0,2,0,0,0.051,0,0.051,0.051,3,1,2,3,0,0,1,0,0,0.574,0,0.574,0.574,True
E57,2017-01,8,7,1,8,0,0,7,0,0,66,0,66,66,8,8,0,8,0,0,8,0,0,76.35,0,76.35,76.35,True
E57,2017-02,0,0,0,0,0,0,0,0,0,0,0,0,0,0,0,0,0,0,0,0,0,0,0,0,0,0,False
E57,2017-03,0,0,0,0,0,0,0,0,0,0,0,0,0,0,0,0,0,0,0,0,0,0,0,0,0,0,False
E57,2017-04,0,0,0,0,0,0,0,0,0,0,0,0,0,2,2,0,2,0,0,2,0,0,19,0,19,19,True
E57,2017-05,2,2,0,2,0,0,2,0,0,2.1384,0,2.1384,2.1384,5,5,0,5,0,0,5,0,0,53.2125,0,53.2125,53.2125,True
E57,2017-06,0,0,0,0,0,0,0,0,0,0,0,0,0,20,10,10,20,0,0,10,0,0,97.18,0,97.18,97.18,True
E57,2017-07,0,0,0,0,0,0,0,0,0,0,0,0,0,18,15,3,17,1,0,14,1,0,116.6931,9.675,107.0181,126.3681,True
E57,2017-08,6,5,1,6,0,0,5,0,0,9.665805,0,9.665805,9.665805,1,1,0,1,0,0,1,0,0,1.002,0,1.002,1.002,True
E57,2017-09,1,1,0,1,0,0,1,0,0,15.5,0,15.5,15.5,4,4,0,4,0,0,4,0,0,38.7,0,38.7,38.7,True
E57,2017-10,4,4,0,4,0,0,4,0,0,106.88,0,106.88,106.88,7,7,0,7,0,0,7,0,0,67,0,67,67,True
E57,2017-11,1,1,0,1,0,0,1,0,0,8,0,8,8,0,0,0,0,0,0,0,0,0,0,0,0,0,True
E57,2017-12,1,1,0,1,0,0,1,0,0,0.028,0,0.028,0.028,12,11,1,12,0,0,11,0,0,92.05,0,92.05,92.05,True
E57,2018-01,4,4,0,4,0,0,4,0,0,68.283547,0,68.283547,68.283547,3,2,1,3,0,0,2,0,0,20.375,0,20.375,20.375,True
E57,2018-02,0,0,0,0,0,0,0,0,0,0,0,0,0,0,0,0,0,0,0,0,0,0,0,0,0,0,False
E57,2018-03,2,2,0,2,0,0,2,0,0,134.443049,0,134.443049,134.443049,21,21,0,21,0,0,21,0,0,177.5955,0,177.5955,177.5955,True
E57,2018-04,9,9,0,9,0,0,9,0,0,151.6654,0,151.6654,151.6654,33,33,0,33,0,0,33,0,0,332.5,0,332.5,332.5,True
E57,2018-05,3,3,0,3,0,0,3,0,0,11.9337,0,11.9337,11.9337,7,5,2,7,0,0,5,0,0,41.1605,0,41.1605,41.1605,True
E57,2018-06,5,3,2,5,0,0,3,0,0,63.804406,0,63.804406,63.804406,6,6,0,6,0,0,6,0,0,58,0,58,58,True
E57,2018-07,4,4,0,4,0,0,4,0,0,40.8,0,40.8,40.8,0,0,0,0,0,0,0,0,0,0,0,0,0,True
E57,2018-08,8,8,0,8,0,0,8,0,0,148.46,0,148.46,148.46,10,8,2,10,0,0,8,0,0,88,0,88,88,True
E57,2018-09,2,2,0,2,0,0,2,0,0,9.588424,0,9.588424,9.588424,21,20,1,21,0,0,20,0,0,207.5,0,207.5,207.5,True
E57,2018-10,3,3,0,3,0,0,3,0,0,52.0577,0,52.0577,52.0577,28,28,0,20,8,0,20,8,0,210.4393,78.5,131.9393,288.9393,True
E57,2018-11,2,2,0,2,0,0,2,0,0,0.0693,0,0.0693,0.0693,0,0,0,0,0,0,0,0,0,0,0,0,0,True
E57,2018-12,5,5,0,5,0,0,5,0,0,49.0887,0,49.0887,49.0887,11,11,0,11,0,0,11,0,0,82.604,0,82.604,82.604,True
E57,2019-01,4,4,0,4,0,0,4,0,0,0.1512,0,0.1512,0.1512,0,0,0,0,0,0,0,0,0,0,0,0,0,True
E57,2019-02,5,5,0,5,0,0,5,0,0,0.8818,0,0.8818,0.8818,0,0,0,0,0,0,0,0,0,0,0,0,0,True
E57,2019-03,5,2,3,5,0,0,2,0,0,253.474008,0,253.474008,253.474008,32,32,0,32,0,0,32,0,0,339,0,339,339,True
E57,2019-04,1,1,0,1,0,0,1,0,0,132.773728,0,132.773728,132.773728,11,10,1,11,0,0,10,0,0,107.9513,0,107.9513,107.9513,True
E57,2019-05,2,2,0,2,0,0,2,0,0,284.243702,0,284.243702,284.243702,25,5,20,25,0,0,5,0,0,45.5187,0,45.5187,45.5187,True
E57,2019-06,1,1,0,1,0,0,1,0,0,0.046,0,0.046,0.046,25,22,3,25,0,0,22,0,0,233.167586,0,233.167586,233.167586,True
E57,2019-07,4,4,0,4,0,0,4,0,0,229.535233,0,229.535233,229.535233,24,24,0,24,0,0,24,0,0,253.41,0,253.41,253.41,True
E57,2019-08,1,1,0,1,0,0,1,0,0,0.21,0,0.21,0.21,10,8,2,10,0,0,8,0,0,83.42,0,83.42,83.42,True
E57,2019-09,0,0,0,0,0,0,0,0,0,0,0,0,0,0,0,0,0,0,0,0,0,0,0,0,0,0,False
E57,2019-10,11,11,0,11,0,0,11,0,0,622.470096,0,622.470096,622.470096,39,36,3,39,0,0,36,0,0,378,0,378,378,True
E57,2019-11,12,11,1,12,0,0,11,0,0,181.760526,0,181.760526,181.760526,27,26,1,27,0,0,26,0,0,275.675,0,275.675,275.675,True
E57,2019-12,12,12,0,12,0,0,12,0,0,538.343331,0,538.343331,538.343331,25,25,0,25,0,0,25,0,0,270.893,0,270.893,270.893,True
E57,2020-01,0,0,0,0,0,0,0,0,0,0,0,0,0,0,0,0,0,0,0,0,0,0,0,0,0,0,False
E57,2020-02,0,0,0,0,0,0,0,0,0,0,0,0,0,0,0,0,0,0,0,0,0,0,0,0,0,0,False
E58,2016-10,0,0,0,0,0,0,0,0,0,0,0,0,0,0,0,0,0,0,0,0,0,0,0,0,0,0,False
E58,2016-11,0,0,0,0,0,0,0,0,0,0,0,0,0,0,0,0,0,0,0,0,0,0,0,0,0,0,False
E58,2016-12,0,0,0,0,0,0,0,0,0,0,0,0,0,0,0,0,0,0,0,0,0,0,0,0,0,0,False
E58,2017-01,0,0,0,0,0,0,0,0,0,0,0,0,0,0,0,0,0,0,0,0,0,0,0,0,0,0,False
E58,2017-02,0,0,0,0,0,0,0,0,0,0,0,0,0,0,0,0,0,0,0,0,0,0,0,0,0,0,False
E58,2017-03,0,0,0,0,0,0,0,0,0,0,0,0,0,0,0,0,0,0,0,0,0,0,0,0,0,0,False
E58,2017-04,0,0,0,0,0,0,0,0,0,0,0,0,0,0,0,0,0,0,0,0,0,0,0,0,0,0,False
E58,2017-05,1,1,0,1,0,0,1,0,0,0.2518,0,0.2518,0.2518,0,0,0,0,0,0,0,0,0,0,0,0,0,True
E58,2017-06,0,0,0,0,0,0,0,0,0,0,0,0,0,0,0,0,0,0,0,0,0,0,0,0,0,0,False
E58,2017-07,4,4,0,4,0,0,4,0,0,0.0701,0,0.0701,0.0701,6,6,0,6,0,0,6,0,0,40.178,0,40.178,40.178,True
E58,2017-08,13,12,1,13,0,0,12,0,0,1.8117,0,1.8117,1.8117,10,8,2,10,0,0,8,0,0,62.306064,0,62.306064,62.306064,True
E58,2017-09,7,7,0,7,0,0,7,0,0,0.35376,0,0.35376,0.35376,1,1,0,0,1,0,0,1,0,0,1.442,-1.442,1.442,True
E58,2017-10,8,8,0,8,0,0,8,0,0,0.2991,0,0.2991,0.2991,6,4,2,6,0,0,4,0,0,29.653483,0,29.653483,29.653483,True
E58,2017-11,28,28,0,28,0,0,28,0,0,1.3813,0,1.3813,1.3813,4,3,1,4,0,0,3,0,0,20.6618,0,20.6618,20.6618,True
E58,2017-12,74,69,5,74,0,0,69,0,0,97.134175,0,97.134175,97.134175,41,28,13,41,0,0,28,0,0,240.688342,0,240.688342,240.688342,True
E58,2018-01,38,38,0,38,0,0,38,0,0,2.28188,0,2.28188,2.28188,3,2,1,3,0,0,2,0,0,7.774,0,7.774,7.774,True
E58,2018-02,28,27,1,28,0,0,27,0,0,13.42835,0,13.42835,13.42835,6,0,6,6,0,0,0,0,0,0,0,0,0,True
E58,2018-03,50,50,0,50,0,0,50,0,0,2.026204,0,2.026204,2.026204,7,5,2,6,1,0,4,1,0,35.087911,4.499178,30.588733,39.587089,True
E58,2018-04,56,53,3,54,2,0,52,1,0,1.463903,0.16,1.303903,1.623903,12,10,2,12,0,0,10,0,0,55.8004,0,55.8004,55.8004,True
E58,2018-05,53,52,1,52,1,0,51,1,0,1.220848,0.017,1.203848,1.237848,8,6,2,8,0,0,6,0,0,34.608,0,34.608,34.608,True
E58,2018-06,23,21,2,23,0,0,21,0,0,0.6246,0,0.6246,0.6246,19,16,3,19,0,0,16,0,0,160.2345,0,160.2345,160.2345,True
E58,2018-07,35,33,2,35,0,0,33,0,0,2.051285,0,2.051285,2.051285,1,1,0,1,0,0,1,0,0,3.97992,0,3.97992,3.97992,True
E58,2018-08,33,33,0,33,0,0,33,0,0,4.1521,0,4.1521,4.1521,25,22,3,22,3,0,19,3,0,182.7117,29.87,152.8417,212.5817,True
E58,2018-09,43,42,1,40,3,0,39,3,0,103.734256,3,100.734256,106.734256,1,1,0,1,0,0,1,0,0,4.7,0,4.7,4.7,True
E58,2018-10,22,21,1,22,0,0,21,0,0,4.18937,0,4.18937,4.18937,8,4,4,8,0,0,4,0,0,23.243,0,23.243,23.243,True
E58,2018-11,78,73,5,78,0,0,73,0,0,15.139267,0,15.139267,15.139267,2,2,0,2,0,0,2,0,0,19.3,0,19.3,19.3,True
E58,2018-12,87,85,2,87,0,0,85,0,0,110.09332,0,110.09332,110.09332,47,39,8,47,0,0,39,0,0,359.527022,0,359.527022,359.527022,True
E58,2019-01,61,59,2,61,0,0,59,0,0,2.408721,0,2.408721,2.408721,0,0,0,0,0,0,0,0,0,0,0,0,0,True
E58,2019-02,33,32,1,33,0,0,32,0,0,1.514024,0,1.514024,1.514024,0,0,0,0,0,0,0,0,0,0,0,0,0,True
E58,2019-03,84,83,1,82,2,0,81,2,0,3.540181,0.018589,3.521592,3.55877,3,1,2,3,0,0,1,0,0,6.768,0,6.768,6.768,True
E58,2019-04,87,87,0,85,2,0,85,2,0,5.007537,0.622,4.385537,5.629537,1,1,0,1,0,0,1,0,0,6.768,0,6.768,6.768,True
E58,2019-05,52,49,3,52,0,0,49,0,0,4.388907,0,4.388907,4.388907,31,15,16,31,0,0,15,0,0,145.308989,0,145.308989,145.308989,True
E58,2019-06,84,84,0,84,0,0,84,0,0,34.769309,0,34.769309,34.769309,13,11,2,13,0,0,11,0,0,89.29171,0,89.29171,89.29171,True
E58,2019-07,79,78,1,79,0,0,78,0,0,23.902153,0,23.902153,23.902153,24,18,6,24,0,0,18,0,0,167.853858,0,167.853858,167.853858,True
E58,2019-08,84,81,3,84,0,0,81,0,0,241.78202,0,241.78202,241.78202,48,37,11,48,0,0,37,0,0,338.375709,0,338.375709,338.375709,True
E58,2019-09,54,52,2,54,0,0,52,0,0,31.647626,0,31.647626,31.647626,14,14,0,13,1,0,13,1,0,126.958229,6.649,120.309229,133.607229,True
E58,2019-10,53,51,2,53,0,0,51,0,0,4.379017,0,4.379017,4.379017,47,29,18,47,0,0,29,0,0,290.062292,0,290.062292,290.062292,True
E58,2019-11,0,0,0,0,0,0,0,0,0,0,0,0,0,0,0,0,0,0,0,0,0,0,0,0,0,0,False
E58,2019-12,0,0,0,0,0,0,0,0,0,0,0,0,0,0,0,0,0,0,0,0,0,0,0,0,0,0,False
E58,2020-01,0,0,0,0,0,0,0,0,0,0,0,0,0,0,0,0,0,0,0,0,0,0,0,0,0,0,False
E58,2020-02,0,0,0,0,0,0,0,0,0,0,0,0,0,0,0,0,0,0,0,0,0,0,0,0,0,0,False
E59,2016-10,0,0,0,0,0,0,0,0,0,0,0,0,0,0,0,0,0,0,0,0,0,0,0,0,0,0,False
E59,2016-11,0,0,0,0,0,0,0,0,0,0,0,0,0,0,0,0,0,0,0,0,0,0,0,0,0,0,False
E59,2016-12,0,0,0,0,0,0,0,0,0,0,0,0,0,0,0,0,0,0,0,0,0,0,0,0,0,0,False
E59,2017-01,9,9,0,9,0,0,9,0,0,50.431452,0,50.431452,50.431452,93,93,0,93,0,0,93,0,0,102.375428,0,102.375428,102.375428,True
E59,2017-02,2,2,0,2,0,0,2,0,0,10.394342,0,10.394342,10.394342,6,6,0,6,0,0,6,0,0,4.90265,0,4.90265,4.90265,True
E59,2017-03,6,5,1,6,0,0,5,0,0,47.082728,0,47.082728,47.082728,62,60,2,62,0,0,60,0,0,63.70805,0,63.70805,63.70805,True
E59,2017-04,8,8,0,8,0,0,8,0,0,56.504961,0,56.504961,56.504961,34,33,1,34,0,0,33,0,0,35.531674,0,35.531674,35.531674,True
E59,2017-05,12,11,1,12,0,0,11,0,0,63.165395,0,63.165395,63.165395,61,61,0,60,1,0,60,1,0,62.321915,1.169497,61.152418,63.491412,True
E59,2017-06,5,5,0,5,0,0,5,0,0,34.81327,0,34.81327,34.81327,80,79,1,79,1,0,78,1,0,87.388484,1.169497,86.218987,88.557981,True
E59,2017-07,12,12,0,12,0,0,12,0,0,38.120633,0,38.120633,38.120633,63,62,1,63,0,0,62,0,0,67.487921,0,67.487921,67.487921,True
E59,2017-08,24,24,0,24,0,0,24,0,0,83.371417,0,83.371417,83.371417,30,23,7,30,0,0,23,0,0,20.697006,0,20.697006,20.697006,True
E59,2017-09,17,17,0,17,0,0,17,0,0,53.79639,0,53.79639,53.79639,92,92,0,92,0,0,92,0,0,99.838056,0,99.838056,99.838056,True
E59,2017-10,14,14,0,14,0,0,14,0,0,33.23584,0,33.23584,33.23584,54,52,2,54,0,0,52,0,0,52.265913,0,52.265913,52.265913,True
E59,2017-11,11,11,0,11,0,0,11,0,0,48.057795,0,48.057795,48.057795,48,36,12,48,0,0,36,0,0,35.33167,0,35.33167,35.33167,True
E59,2017-12,9,9,0,9,0,0,9,0,0,42.485656,0,42.485656,42.485656,76,76,0,76,0,0,76,0,0,79.188261,0,79.188261,79.188261,True
E59,2018-01,27,26,1,27,0,0,26,0,0,108.733871,0,108.733871,108.733871,119,116,3,119,0,0,116,0,0,122.531459,0,122.531459,122.531459,True
E59,2018-02,13,13,0,13,0,0,13,0,0,29.254875,0,29.254875,29.254875,52,46,6,52,0,0,46,0,0,48.550552,0,48.550552,48.550552,True
E59,2018-03,11,11,0,11,0,0,11,0,0,54.189647,0,54.189647,54.189647,53,50,3,53,0,0,50,0,0,54.530923,0,54.530923,54.530923,True
E59,2018-04,21,18,3,20,1,0,18,0,0,107.305596,0,107.305596,107.305596,152,147,5,152,0,0,147,0,0,163.002881,0,163.002881,163.002881,True
E59,2018-05,19,19,0,19,0,0,19,0,0,98.772863,0,98.772863,98.772863,148,143,5,148,0,0,143,0,0,152.79525,0,152.79525,152.79525,True
E59,2018-06,13,13,0,13,0,0,13,0,0,46.044407,0,46.044407,46.044407,131,123,8,131,0,0,123,0,0,132.08139,0,132.08139,132.08139,True
E59,2018-07,20,19,1,20,0,0,19,0,0,67.463848,0,67.463848,67.463848,106,105,1,106,0,0,105,0,0,109.870306,0,109.870306,109.870306,True
E59,2018-08,14,14,0,14,0,0,14,0,0,58.824718,0,58.824718,58.824718,33,33,0,33,0,0,33,0,0,35.23987,0,35.23987,35.23987,True
E59,2018-09,16,15,1,16,0,0,15,0,0,87.707098,0,87.707098,87.707098,117,113,4,117,0,0,113,0,0,113.113054,0,113.113054,113.113054,True
E59,2018-10,16,15,1,16,0,0,15,0,0,95.934117,0,95.934117,95.934117,126,123,3,126,0,0,123,0,0,131.68934,0,131.68934,131.68934,True
E59,2018-11,14,13,1,14,0,0,13,0,0,106.335921,0,106.335921,106.335921,157,155,2,157,0,0,155,0,0,168.17421,0,168.17421,168.17421,True
E59,2018-12,15,15,0,15,0,0,15,0,0,99.823516,0,99.823516,99.823516,82,79,3,82,0,0,79,0,0,144.221821,0,144.221821,144.221821,True
E59,2019-01,15,14,1,15,0,0,14,0,0,113.590058,0,113.590058,113.590058,35,32,3,35,0,0,32,0,0,250.856068,0,250.856068,250.856068,True
E59,2019-02,24,23,1,24,0,0,23,0,0,40.324635,0,40.324635,40.324635,4,4,0,4,0,0,4,0,0,32.03175,0,32.03175,32.03175,True
E59,2019-03,35,35,0,35,0,0,35,0,0,108.128774,0,108.128774,108.128774,24,22,2,24,0,0,22,0,0,153.034973,0,153.034973,153.034973,True
E59,2019-04,19,16,3,19,0,0,16,0,0,64.739382,0,64.739382,64.739382,9,9,0,9,0,0,9,0,0,54.6393,0,54.6393,54.6393,True
E59,2019-05,9,9,0,9,0,0,9,0,0,27.724159,0,27.724159,27.724159,19,16,3,19,0,0,16,0,0,101.498872,0,101.498872,101.498872,True
E59,2019-06,22,21,1,22,0,0,21,0,0,62.058916,0,62.058916,62.058916,13,13,0,13,0,0,13,0,0,94.734815,0,94.734815,94.734815,True
E59,2019-07,24,24,0,24,0,0,24,0,0,19.877648,0,19.877648,19.877648,13,13,0,13,0,0,13,0,0,89.92996,0,89.92996,89.92996,True
E59,2019-08,21,21,0,21,0,0,21,0,0,35.071339,0,35.071339,35.071339,8,8,0,8,0,0,8,0,0,28.588278,0,28.588278,28.588278,True
E59,2019-09,11,10,1,11,0,0,10,0,0,2.60835,0,2.60835,2.60835,7,6,1,7,0,0,6,0,0,20.470128,0,20.470128,20.470128,True
E59,2019-10,9,9,0,9,0,0,9,0,0,30.191837,0,30.191837,30.191837,7,7,0,7,0,0,7,0,0,27.121268,0,27.121268,27.121268,True
E59,2019-11,11,11,0,11,0,0,11,0,0,26.087777,0,26.087777,26.087777,12,12,0,12,0,0,12,0,0,45.837204,0,45.837204,45.837204,True
E59,2019-12,9,9,0,9,0,0,9,0,0,26.767855,0,26.767855,26.767855,7,7,0,7,0,0,7,0,0,38.29779,0,38.29779,38.29779,True
E59,2020-01,12,12,0,12,0,0,12,0,0,39.57155,0,39.57155,39.57155,16,12,4,16,0,0,12,0,0,71.74942,0,71.74942,71.74942,True
E59,2020-02,0,0,0,0,0,0,0,0,0,0,0,0,0,0,0,0,0,0,0,0,0,0,0,0,0,0,False
E6,2016-10,0,0,0,0,0,0,0,0,0,0,0,0,0,0,0,0,0,0,0,0,0,0,0,0,0,0,False
E6,2016-11,0,0,0,0,0,0,0,0,0,0,0,0,0,0,0,0,0,0,0,0,0,0,0,0,0,0,False
E6,2016-12,85,82,3,85,0,0,82,0,0,218.226936,0,218.226936,218.226936,15,14,1,15,0,0,14,0,0,498.129365,0,498.129365,498.129365,True
E6,2017-01,71,64,7,71,0,0,64,0,0,325.003651,0,325.003651,325.003651,46,38,8,46,0,0,38,0,0,1837.17637,0,1837.17637,1837.17637,True
E6,2017-02,40,39,1,40,0,0,39,0,0,52.438871,0,52.438871,52.438871,2,2,0,2,0,0,2,0,0,24.163584,0,24.163584,24.163584,True
E6,2017-03,50,48,2,50,0,0,48,0,0,121.55954,0,121.55954,121.55954,16,13,3,16,0,0,13,0,0,330.632598,0,330.632598,330.632598,True
E6,2017-04,55,51,4,55,0,0,51,0,0,117.429056,0,117.429056,117.429056,24,17,7,23,1,0,16,1,0,520.686717,1.4,519.286717,522.086717,True
E6,2017-05,118,102,16,118,0,0,102,0,0,1034.401279,0,1034.401279,1034.401279,13,12,1,13,0,0,12,0,0,379.99552,0,379.99552,379.99552,True
E6,2017-06,141,137,4,141,0,0,137,0,0,147.100535,0,147.100535,147.100535,19,16,3,19,0,0,16,0,0,481.546391,0,481.546391,481.546391,True
E6,2017-07,303,289,14,299,4,0,285,4,0,275.660694,3.5952,272.065494,279.255894,23,16,7,23,0,0,16,0,0,457.834263,0,457.834263,457.834263,True
E6,2017-08,305,290,15,304,1,0,289,1,0,286.492439,0.4088,286.083639,286.901239,20,18,2,20,0,0,18,0,0,390.921943,0,390.921943,390.921943,True
E6,2017-09,280,263,17,280,0,0,263,0,0,358.188231,0,358.188231,358.188231,32,26,6,29,3,0,23,3,0,845.095036,11.550318,833.544718,856.645354,True
E6,2017-10,212,209,3,212,0,0,209,0,0,137.145215,0,137.145215,137.145215,13,12,1,13,0,0,12,0,0,220.711404,0,220.711404,220.711404,True
E6,2017-11,205,193,12,205,0,0,193,0,0,486.95762,0,486.95762,486.95762,25,23,2,25,0,0,23,0,0,533.384399,0,533.384399,533.384399,True
E6,2017-12,250,234,16,250,0,0,234,0,0,1244.839239,0,1244.839239,1244.839239,26,24,2,25,1,0,23,1,0,1152.758319,2.416328,1150.341991,1155.174647,True
E6,2018-01,405,390,15,403,2,0,388,2,0,774.157333,0.3486,773.808733,774.505933,45,42,3,45,0,0,42,0,0,2723.311602,0,2723.311602,2723.311602,True
E6,2018-02,346,342,4,346,0,0,342,0,0,1444.967068,0,1444.967068,1444.967068,15,14,1,15,0,0,14,0,0,699.806029,0,699.806029,699.806029,True
E6,2018-03,450,446,4,448,2,0,444,2,0,1560.922061,0.13839,1560.783671,1561.060451,4,4,0,4,0,0,4,0,0,82.892162,0,82.892162,82.892162,True
E6,2018-04,341,329,12,341,0,0,329,0,0,564.78679,0,564.78679,564.78679,15,15,0,15,0,0,15,0,0,558.943899,0,558.943899,558.943899,True
E6,2018-05,468,458,10,468,0,0,458,0,0,888.666814,0,888.666814,888.666814,43,36,7,41,2,0,34,2,0,1373.372649,1.69858,1371.674069,1375.071229,True
E6,2018-06,385,376,9,378,7,0,369,7,0,1158.480752,15.225552,1143.2552,1173.706304,28,25,3,26,2,0,23,2,0,986.079935,5.1687,980.911235,991.248635,True
E6,2018-07,326,291,35,326,0,0,291,0,0,604.904093,0,604.904093,604.904093,43,38,5,42,1,0,37,1,0,1686.044845,2,1684.044845,1688.044845,True
E6,2018-08,638,616,22,629,9,0,607,9,0,2870.259402,29.47233,2840.787072,2899.731732,56,49,7,56,0,0,49,0,0,2866.509814,0,2866.509814,2866.509814,True
E6,2018-09,379,366,13,376,3,0,363,3,0,1106.826374,15.430638,1091.395736,1122.257012,27,25,2,26,1,0,24,1,0,1442.979217,7.668616,1435.310601,1450.647833,True
E6,2018-10,300,292,8,296,4,0,288,4,0,750.134798,40,710.134798,790.134798,45,39,6,45,0,0,39,0,0,1238.030363,0,1238.030363,1238.030363,True
E6,2018-11,277,264,13,276,1,0,263,1,0,701.666337,3.4055,698.260837,705.071837,33,21,12,33,0,0,21,0,0,1099.984842,0,1099.984842,1099.984842,True
E6,2018-12,512,492,20,501,11,0,481,11,0,1782.524421,103.518,1679.006421,1886.042421,41,33,8,40,1,0,32,1,0,1636.184883,6.687735,1629.497148,1642.872618,True
E6,2019-01,493,434,59,490,3,0,433,1,0,1295.352413,3.9,1291.452413,1299.252413,55,44,11,55,0,0,44,0,0,1996.720742,0,1996.720742,1996.720742,True
E6,2019-02,192,187,5,190,2,0,185,2,0,662.760535,20,642.760535,682.760535,2,1,1,2,0,0,1,0,0,32.320944,0,32.320944,32.320944,True
E6,2019-03,472,448,24,466,6,0,442,6,0,1332.124785,5.1126,1327.012185,1337.237385,21,18,3,21,0,0,18,0,0,675.766722,0,675.766722,675.766722,True
E6,2019-04,555,510,45,553,2,0,508,2,0,1518.279585,3.25525,1515.024335,1521.534835,45,42,3,44,1,0,41,1,0,2003.600958,13.158971,1990.441987,2016.759929,True
E6,2019-05,383,363,20,382,1,0,362,1,0,1048.257289,0.0196,1048.237689,1048.276889,29,24,5,27,2,0,22,2,0,1080.69416,6.350623,1074.343537,1087.044783,True
E6,2019-06,528,501,27,522,6,0,495,6,0,1062.144529,3.6836,1058.460929,1065.828129,29,26,3,26,3,0,23,3,0,631.17828,6.35049,624.82779,637.52877,True
E6,2019-07,359,349,10,352,7,0,342,7,0,816.778712,34.74999,782.028722,851.528702,38,36,2,36,2,0,34,2,0,1580.480126,5.5,1574.980126,1585.980126,True
E6,2019-08,282,269,13,275,7,0,262,7,0,994.790617,5.69854,989.092077,1000.489157,41,35,6,41,0,0,35,0,0,1957.873475,0,1957.873475,1957.873475,True
E6,2019-09,289,277,12,289,0,0,277,0,0,691.235519,0,691.235519,691.235519,22,19,3,21,1,0,18,1,0,821.612819,43.093086,778.519733,864.705905,True
E6,2019-10,275,268,7,275,0,0,268,0,0,864.08216,0,864.08216,864.08216,29,28,1,28,1,0,27,1,0,1240.531336,39.013509,1201.517827,1279.544845,True
E6,2019-11,254,251,3,253,1,0,250,1,0,726.62209,0.0679,726.55419,726.68999,24,24,0,24,0,0,24,0,0,1105.243346,0,1105.243346,1105.243346,True
E6,2019-12,313,294,19,312,1,0,293,1,0,2379.723416,0.004359,2379.719057,2379.727775,48,44,4,47,1,0,43,1,0,2607.344121,58.742398,2548.601723,2666.086519,True
E6,2020-01,0,0,0,0,0,0,0,0,0,0,0,0,0,0,0,0,0,0,0,0,0,0,0,0,0,0,False
E6,2020-02,0,0,0,0,0,0,0,0,0,0,0,0,0,0,0,0,0,0,0,0,0,0,0,0,0,0,False
E60,2016-10,0,0,0,0,0,0,0,0,0,0,0,0,0,0,0,0,0,0,0,0,0,0,0,0,0,0,False
E60,2016-11,0,0,0,0,0,0,0,0,0,0,0,0,0,0,0,0,0,0,0,0,0,0,0,0,0,0,False
E60,2016-12,0,0,0,0,0,0,0,0,0,0,0,0,0,0,0,0,0,0,0,0,0,0,0,0,0,0,False
E60,2017-01,0,0,0,0,0,0,0,0,0,0,0,0,0,0,0,0,0,0,0,0,0,0,0,0,0,0,False
E60,2017-02,0,0,0,0,0,0,0,0,0,0,0,0,0,0,0,0,0,0,0,0,0,0,0,0,0,0,False
E60,2017-03,0,0,0,0,0,0,0,0,0,0,0,0,0,0,0,0,0,0,0,0,0,0,0,0,0,0,False
E60,2017-04,0,0,0,0,0,0,0,0,0,0,0,0,0,0,0,0,0,0,0,0,0,0,0,0,0,0,False
E60,2017-05,0,0,0,0,0,0,0,0,0,0,0,0,0,0,0,0,0,0,0,0,0,0,0,0,0,0,False
E60,2017-06,0,0,0,0,0,0,0,0,0,0,0,0,0,0,0,0,0,0,0,0,0,0,0,0,0,0,False
E60,2017-07,0,0,0,0,0,0,0,0,0,0,0,0,0,0,0,0,0,0,0,0,0,0,0,0,0,0,False
E60,2017-08,0,0,0,0,0,0,0,0,0,0,0,0,0,0,0,0,0,0,0,0,0,0,0,0,0,0,False
E60,2017-09,1,0,1,1,0,0,0,0,0,0,0,0,0,0,0,0,0,0,0,0,0,0,0,0,0,0,False
E60,2017-10,15,15,0,15,0,0,15,0,0,32.9109,0,32.9109,32.9109,0,0,0,0,0,0,0,0,0,0,0,0,0,True
E60,2017-11,9,8,1,9,0,0,8,0,0,0.5932,0,0.5932,0.5932,20,20,0,20,0,0,20,0,0,19.1458,0,19.1458,19.1458,True
E60,2017-12,13,11,2,13,0,0,11,0,0,1.3782,0,1.3782,1.3782,30,30,0,30,0,0,30,0,0,30,0,30,30,True
E60,2018-01,10,9,1,10,0,0,9,0,0,1.3868,0,1.3868,1.3868,0,0,0,0,0,0,0,0,0,0,0,0,0,True
E60,2018-02,13,13,0,13,0,0,13,0,0,11.4522,0,11.4522,11.4522,0,0,0,0,0,0,0,0,0,0,0,0,0,True
E60,2018-03,34,34,0,34,0,0,34,0,0,55.179868,0,55.179868,55.179868,3,3,0,3,0,0,3,0,0,2.9,0,2.9,2.9,True
E60,2018-04,14,14,0,14,0,0,14,0,0,1.855104,0,1.855104,1.855104,0,0,0,0,0,0,0,0,0,0,0,0,0,True
E60,2018-05,61,59,2,61,0,0,59,0,0,248.743606,0,248.743606,248.743606,3,3,0,3,0,0,3,0,0,2.7808,0,2.7808,2.7808,True
E60,2018-06,28,28,0,28,0,0,28,0,0,10.7558,0,10.7558,10.7558,0,0,0,0,0,0,0,0,0,0,0,0,0,True
E60,2018-07,19,19,0,19,0,0,19,0,0,2.3301,0,2.3301,2.3301,0,0,0,0,0,0,0,0,0,0,0,0,0,True
E60,2018-08,86,86,0,86,0,0,86,0,0,91.571354,0,91.571354,91.571354,118,99,19,118,0,0,99,0,0,179.4582,0,179.4582,179.4582,True
E60,2018-09,23,23,0,23,0,0,23,0,0,1.062385,0,1.062385,1.062385,45,37,8,45,0,0,37,0,0,66.2178,0,66.2178,66.2178,True
E60,2018-10,8,7,1,8,0,0,7,0,0,0.3179,0,0.3179,0.3179,3,3,0,3,0,0,3,0,0,23.42,0,23.42,23.42,True
E60,2018-11,9,9,0,9,0,0,9,0,0,1.482689,0,1.482689,1.482689,14,14,0,14,0,0,14,0,0,31.2215,0,31.2215,31.2215,True
E60,2018-12,19,19,0,19,0,0,19,0,0,10.3335,0,10.3335,10.3335,6,4,2,6,0,0,4,0,0,35.22,0,35.22,35.22,True
E60,2019-01,23,23,0,23,0,0,23,0,0,4.7397,0,4.7397,4.7397,55,53,2,55,0,0,53,0,0,68.1284,0,68.1284,68.1284,True
E60,2019-02,6,6,0,6,0,0,6,0,0,0.2154,0,0.2154,0.2154,10,10,0,10,0,0,10,0,0,10,0,10,10,True
E60,2019-03,6,6,0,6,0,0,6,0,0,0.71098,0,0.71098,0.71098,4,2,2,4,0,0,2,0,0,16.2221,0,16.2221,16.2221,True
E60,2019-04,12,12,0,12,0,0,12,0,0,7.1745,0,7.1745,7.1745,3,2,1,3,0,0,2,0,0,11.112,0,11.112,11.112,True
E60,2019-05,2,2,0,2,0,0,2,0,0,0.1042,0,0.1042,0.1042,29,5,24,29,0,0,5,0,0,38.1703,0,38.1703,38.1703,True
E60,2019-06,11,11,0,11,0,0,11,0,0,2.9965,0,2.9965,2.9965,0,0,0,0,0,0,0,0,0,0,0,0,0,True
E60,2019-07,32,32,0,32,0,0,32,0,0,14.35351,0,14.35351,14.35351,5,3,2,5,0,0,3,0,0,24.8448,0,24.8448,24.8448,True
E60,2019-08,29,29,0,29,0,0,29,0,0,17.090798,0,17.090798,17.090798,58,51,7,57,1,0,50,1,0,66.132,7.4224,58.7096,73.5544,True
E60,2019-09,20,20,0,20,0,0,20,0,0,11.186,0,11.186,11.186,3,3,0,3,0,0,3,0,0,20.7145,0,20.7145,20.7145,True
E60,2019-10,8,8,0,8,0,0,8,0,0,0.962936,0,0.962936,0.962936,49,35,14,49,0,0,35,0,0,45.8185,0,45.8185,45.8185,True
E60,2019-11,17,17,0,17,0,0,17,0,0,6.305027,0,6.305027,6.305027,42,38,4,42,0,0,38,0,0,67.3613,0,67.3613,67.3613,True
E60,2019-12,6,6,0,6,0,0,6,0,0,0.2318,0,0.2318,0.2318,1,1,0,1,0,0,1,0,0,6.541,0,6.541,6.541,True
E60,2020-01,4,4,0,4,0,0,4,0,0,0.1173,0,0.1173,0.1173,12,8,4,12,0,0,8,0,0,62.9079,0,62.9079,62.9079,True
E60,2020-02,0,0,0,0,0,0,0,0,0,0,0,0,0,0,0,0,0,0,0,0,0,0,0,0,0,0,False
E61,2016-10,0,0,0,0,0,0,0,0,0,0,0,0,0,0,0,0,0,0,0,0,0,0,0,0,0,0,False
E61,2016-11,0,0,0,0,0,0,0,0,0,0,0,0,0,0,0,0,0,0,0,0,0,0,0,0,0,0,False
E61,2016-12,0,0,0,0,0,0,0,0,0,0,0,0,0,0,0,0,0,0,0,0,0,0,0,0,0,0,False
E61,2017-01,2,2,0,2,0,0,2,0,0,2.848,0,2.848,2.848,33,33,0,33,0,0,33,0,0,33.02,0,33.02,33.02,True
E61,2017-02,4,4,0,4,0,0,4,0,0,2.138269,0,2.138269,2.138269,38,38,0,38,0,0,38,0,0,38.6364,0,38.6364,38.6364,True
E61,2017-03,0,0,0,0,0,0,0,0,0,0,0,0,0,22,22,0,22,0,0,22,0,0,22.2178,0,22.2178,22.2178,True
E61,2017-04,0,0,0,0,0,0,0,0,0,0,0,0,0,36,36,0,36,0,0,36,0,0,35.5058,0,35.5058,35.5058,True
E61,2017-05,9,9,0,9,0,0,9,0,0,7.552726,0,7.552726,7.552726,31,30,1,31,0,0,30,0,0,29.902,0,29.902,29.902,True
E61,2017-06,0,0,0,0,0,0,0,0,0,0,0,0,0,21,21,0,21,0,0,21,0,0,20.3374,0,20.3374,20.3374,True
E61,2017-07,0,0,0,0,0,0,0,0,0,0,0,0,0,38,38,0,38,0,0,38,0,0,37.7851,0,37.7851,37.7851,True
E61,2017-08,2,2,0,2,0,0,2,0,0,0.358,0,0.358,0.358,40,40,0,40,0,0,40,0,0,40.88626,0,40.88626,40.88626,True
E61,2017-09,13,13,0,13,0,0,13,0,0,11.92128,0,11.92128,11.92128,39,38,1,39,0,0,38,0,0,39.00612,0,39.00612,39.00612,True
E61,2017-10,3,3,0,3,0,0,3,0,0,0.295,0,0.295,0.295,50,50,0,50,0,0,50,0,0,49.73984,0,49.73984,49.73984,True
E61,2017-11,5,5,0,5,0,0,5,0,0,2.497301,0,2.497301,2.497301,56,56,0,56,0,0,56,0,0,56.9575,0,56.9575,56.9575,True
E61,2017-12,3,3,0,3,0,0,3,0,0,2.11,0,2.11,2.11,41,34,7,41,0,0,34,0,0,32.8874,0,32.8874,32.8874,True
E61,2018-01,5,5,0,5,0,0,5,0,0,5.535,0,5.535,5.535,44,44,0,44,0,0,44,0,0,42.74354,0,42.74354,42.74354,True
E61,2018-02,0,0,0,0,0,0,0,0,0,0,0,0,0,18,18,0,18,0,0,18,0,0,18.30104,0,18.30104,18.30104,True
E61,2018-03,5,4,1,5,0,0,4,0,0,2.326962,0,2.326962,2.326962,38,38,0,38,0,0,38,0,0,37.91752,0,37.91752,37.91752,True
E61,2018-04,2,2,0,2,0,0,2,0,0,0.848,0,0.848,0.848,110,109,1,70,40,0,69,40,0,66.4207,37.8032,28.6175,104.2239,True
E61,2018-05,4,4,0,4,0,0,4,0,0,3.195211,0,3.195211,3.195211,20,20,0,20,0,0,20,0,0,17.9447,0,17.9447,17.9447,True
E61,2018-06,2,2,0,2,0,0,2,0,0,0.239293,0,0.239293,0.239293,31,31,0,31,0,0,31,0,0,30.1871,0,30.1871,30.1871,True
E61,2018-07,6,6,0,6,0,0,6,0,0,6.923543,0,6.923543,6.923543,55,50,5,55,0,0,50,0,0,49.417,0,49.417,49.417,True
E61,2018-08,5,5,0,5,0,0,5,0,0,0.731192,0,0.731192,0.731192,46,46,0,46,0,0,46,0,0,44.8552,0,44.8552,44.8552,True
E61,2018-09,7,7,0,7,0,0,7,0,0,9.135909,0,9.135909,9.135909,45,44,1,45,0,0,44,0,0,44.5428,0,44.5428,44.5428,True
E61,2018-10,4,4,0,3,1,0,3,1,0,1.675162,6.22416,-4.548998,7.899322,30,30,0,30,0,0,30,0,0,29.6809,0,29.6809,29.6809,True
E61,2018-11,3,3,0,3,0,0,3,0,0,1.761837,0,1.761837,1.761837,36,34,2,36,0,0,34,0,0,33.7345,0,33.7345,33.7345,True
E61,2018-12,12,12,0,11,1,0,11,1,0,1.941679,0.028,1.913679,1.969679,41,41,0,41,0,0,41,0,0,42.0946,0,42.0946,42.0946,True
E61,2019-01,14,14,0,14,0,0,14,0,0,7.22996,0,7.22996,7.22996,40,40,0,40,0,0,40,0,0,39.5785,0,39.5785,39.5785,True
E61,2019-02,7,7,0,7,0,0,7,0,0,3.3492,0,3.3492,3.3492,21,21,0,21,0,0,21,0,0,20.906,0,20.906,20.906,True
E61,2019-03,13,13,0,13,0,0,13,0,0,2.167282,0,2.167282,2.167282,38,36,2,38,0,0,36,0,0,34.9765,0,34.9765,34.9765,True
E61,2019-04,7,7,0,7,0,0,7,0,0,0.524851,0,0.524851,0.524851,17,16,1,17,0,0,16,0,0,15.0948,0,15.0948,15.0948,True
E61,2019-05,10,10,0,10,0,0,10,0,0,1.219082,0,1.219082,1.219082,13,13,0,13,0,0,13,0,0,11.631,0,11.631,11.631,True
E61,2019-06,9,8,1,9,0,0,8,0,0,0.64846,0,0.64846,0.64846,9,9,0,9,0,0,9,0,0,7.9715,0,7.9715,7.9715,True
E61,2019-07,10,10,0,10,0,0,10,0,0,3.316103,0,3.316103,3.316103,19,18,1,19,0,0,18,0,0,17.942,0,17.942,17.942,True
E61,2019-08,5,5,0,5,0,0,5,0,0,0.635158,0,0.635158,0.635158,37,37,0,37,0,0,37,0,0,36.0618,0,36.0618,36.0618,True
E61,2019-09,3,3,0,3,0,0,3,0,0,0.12,0,0.12,0.12,47,44,3,47,0,0,44,0,0,42.731,0,42.731,42.731,True
E61,2019-10,12,12,0,12,0,0,12,0,0,3.722117,0,3.722117,3.722117,48,48,0,48,0,0,48,0,0,46.77,0,46.77,46.77,True
E61,2019-11,4,4,0,4,0,0,4,0,0,1.362,0,1.362,1.362,38,38,0,38,0,0,38,0,0,36.832,0,36.832,36.832,True
E61,2019-12,15,14,1,15,0,0,14,0,0,5.525841,0,5.525841,5.525841,27,27,0,27,0,0,27,0,0,26.331,0,26.331,26.331,True
E61,2020-01,7,7,0,7,0,0,7,0,0,5.60086,0,5.60086,5.60086,19,19,0,19,0,0,19,0,0,18.3265,0,18.3265,18.3265,True
E61,2020-02,0,0,0,0,0,0,0,0,0,0,0,0,0,0,0,0,0,0,0,0,0,0,0,0,0,0,False
E62,2016-10,0,0,0,0,0,0,0,0,0,0,0,0,0,0,0,0,0,0,0,0,0,0,0,0,0,0,False
E62,2016-11,0,0,0,0,0,0,0,0,0,0,0,0,0,0,0,0,0,0,0,0,0,0,0,0,0,0,False
E62,2016-12,0,0,0,0,0,0,0,0,0,0,0,0,0,0,0,0,0,0,0,0,0,0,0,0,0,0,False
E62,2017-01,0,0,0,0,0,0,0,0,0,0,0,0,0,11,10,1,11,0,0,10,0,0,67.6257,0,67.6257,67.6257,True
E62,2017-02,1,1,0,1,0,0,1,0,0,0.2498,0,0.2498,0.2498,5,5,0,5,0,0,5,0,0,46.066584,0,46.066584,46.066584,True
E62,2017-03,1,1,0,1,0,0,1,0,0,0.05,0,0.05,0.05,0,0,0,0,0,0,0,0,0,0,0,0,0,True
E62,2017-04,0,0,0,0,0,0,0,0,0,0,0,0,0,4,4,0,4,0,0,4,0,0,18.2885,0,18.2885,18.2885,True
E62,2017-05,3,3,0,3,0,0,3,0,0,1.906694,0,1.906694,1.906694,9,9,0,9,0,0,9,0,0,26.032074,0,26.032074,26.032074,True
E62,2017-06,6,5,1,6,0,0,5,0,0,4.3396,0,4.3396,4.3396,9,9,0,8,1,0,8,1,0,52.1408,4,48.1408,56.1408,True
E62,2017-07,7,7,0,7,0,0,7,0,0,1.5141,0,1.5141,1.5141,8,8,0,4,4,0,4,4,0,25.7648,18.781356,6.983444,44.546156,True
E62,2017-08,11,11,0,11,0,0,11,0,0,0.4814,0,0.4814,0.4814,6,6,0,5,1,0,5,1,0,33.5,1.2088,32.2912,34.7088,True
E62,2017-09,19,19,0,19,0,0,19,0,0,0.35747,0,0.35747,0.35747,1,1,0,1,0,0,1,0,0,0.2,0,0.2,0.2,True
E62,2017-10,18,18,0,18,0,0,18,0,0,2.54841,0,2.54841,2.54841,10,9,1,9,0,1,9,0,0,58.162,0,58.162,58.162,True
E62,2017-11,14,14,0,14,0,0,14,0,0,2.028258,0,2.028258,2.028258,4,4,0,4,0,0,4,0,0,10.5369,0,10.5369,10.5369,True
E62,2017-12,20,20,0,20,0,0,20,0,0,0.4797,0,0.4797,0.4797,15,14,1,13,2,0,12,2,0,91.3285,1.0285,90.3,92.357,True
E62,2018-01,27,26,1,27,0,0,26,0,0,21.40849,0,21.40849,21.40849,23,19,4,21,2,0,17,2,0,128.255602,18.3313,109.924302,146.586902,True
E62,2018-02,21,21,0,21,0,0,21,0,0,2.0329,0,2.0329,2.0329,0,0,0,0,0,0,0,0,0,0,0,0,0,True
E62,2018-03,25,25,0,25,0,0,25,0,0,0.613573,0,0.613573,0.613573,0,0,0,0,0,0,0,0,0,0,0,0,0,True
E62,2018-04,20,20,0,20,0,0,20,0,0,0.6982,0,0.6982,0.6982,4,3,1,3,0,1,3,0,0,25.502626,0,25.502626,25.502626,True
E62,2018-05,20,20,0,20,0,0,20,0,0,2.999843,0,2.999843,2.999843,4,4,0,4,0,0,4,0,0,22.9742,0,22.9742,22.9742,True
E62,2018-06,11,11,0,11,0,0,11,0,0,0.1558,0,0.1558,0.1558,0,0,0,0,0,0,0,0,0,0,0,0,0,True
E62,2018-07,12,12,0,12,0,0,12,0,0,4.510011,0,4.510011,4.510011,2,2,0,2,0,0,2,0,0,15.834851,0,15.834851,15.834851,True
E62,2018-08,21,21,0,21,0,0,21,0,0,1.5275,0,1.5275,1.5275,5,4,1,5,0,0,4,0,0,22.9742,0,22.9742,22.9742,True
E62,2018-09,23,22,1,23,0,0,22,0,0,1.959211,0,1.959211,1.959211,5,4,1,4,0,1,4,0,0,26.831276,0,26.831276,26.831276,True
E62,2018-10,27,27,0,27,0,0,27,0,0,2.350832,0,2.350832,2.350832,0,0,0,0,0,0,0,0,0,0,0,0,0,True
E62,2018-11,11,11,0,11,0,0,11,0,0,0.344012,0,0.344012,0.344012,9,8,1,9,0,0,8,0,0,55.107017,0,55.107017,55.107017,True
E62,2018-12,10,10,0,10,0,0,10,0,0,1.302336,0,1.302336,1.302336,16,7,9,16,0,0,7,0,0,57.948253,0,57.948253,57.948253,True
E62,2019-01,17,17,0,17,0,0,17,0,0,2.930775,0,2.930775,2.930775,14,11,3,14,0,0,11,0,0,87.594817,0,87.594817,87.594817,True
E62,2019-02,18,18,0,18,0,0,18,0,0,0.747707,0,0.747707,0.747707,0,0,0,0,0,0,0,0,0,0,0,0,0,True
E62,2019-03,17,17,0,17,0,0,17,0,0,2.520709,0,2.520709,2.520709,0,0,0,0,0,0,0,0,0,0,0,0,0,True
E62,2019-04,25,25,0,25,0,0,25,0,0,12.1547,0,12.1547,12.1547,0,0,0,0,0,0,0,0,0,0,0,0,0,True
E62,2019-05,16,16,0,16,0,0,16,0,0,0.302304,0,0.302304,0.302304,10,10,0,10,0,0,10,0,0,74.338932,0,74.338932,74.338932,True
E62,2019-06,13,13,0,13,0,0,13,0,0,0.425961,0,0.425961,0.425961,6,6,0,6,0,0,6,0,0,44.205216,0,44.205216,44.205216,True
E62,2019-07,22,22,0,22,0,0,22,0,0,4.779138,0,4.779138,4.779138,0,0,0,0,0,0,0,0,0,0,0,0,0,True
E62,2019-08,13,13,0,13,0,0,13,0,0,0.243521,0,0.243521,0.243521,11,8,3,6,5,0,4,4,0,32.654198,32.654198,0,65.308396,True
E62,2019-09,12,12,0,12,0,0,12,0,0,12.5213,0,12.5213,12.5213,7,6,1,5,2,0,4,2,0,24.683964,11.551018,13.132946,36.234982,True
E62,2019-10,12,12,0,12,0,0,12,0,0,0.553,0,0.553,0.553,2,2,0,2,0,0,2,0,0,13.132946,0,13.132946,13.132946,True
E62,2019-11,12,12,0,12,0,0,12,0,0,1.08879,0,1.08879,1.08879,0,0,0,0,0,0,0,0,0,0,0,0,0,True
E62,2019-12,19,19,0,19,0,0,19,0,0,31.1777,0,31.1777,31.1777,9,9,0,9,0,0,9,0,0,88.704414,0,88.704414,88.704414,True
E62,2020-01,5,5,0,5,0,0,5,0,0,0.153453,0,0.153453,0.153453,10,9,1,3,7,0,2,7,0,13.177316,69.9993,-56.821984,83.176616,True
E62,2020-02,1,1,0,1,0,0,1,0,0,0.4299,0,0.4299,0.4299,0,0,0,0,0,0,0,0,0,0,0,0,0,True
E63,2016-10,0,0,0,0,0,0,0,0,0,0,0,0,0,0,0,0,0,0,0,0,0,0,0,0,0,0,False
E63,2016-11,0,0,0,0,0,0,0,0,0,0,0,0,0,0,0,0,0,0,0,0,0,0,0,0,0,0,False
E63,2016-12,0,0,0,0,0,0,0,0,0,0,0,0,0,0,0,0,0,0,0,0,0,0,0,0,0,0,False
E63,2017-01,15,15,0,15,0,0,15,0,0,15.73747,0,15.73747,15.73747,30,30,0,30,0,0,30,0,0,271.85315,0,271.85315,271.85315,True
E63,2017-02,3,3,0,2,1,0,2,1,0,0.32301,0.65286,-0.32985,0.97587,0,0,0,0,0,0,0,0,0,0,0,0,0,True
E63,2017-03,14,14,0,14,0,0,14,0,0,22.796946,0,22.796946,22.796946,26,20,6,26,0,0,20,0,0,88.97475,0,88.97475,88.97475,True
E63,2017-04,12,12,0,12,0,0,12,0,0,35.64874,0,35.64874,35.64874,21,16,5,21,0,0,16,0,0,61.16,0,61.16,61.16,True
E63,2017-05,40,38,2,40,0,0,38,0,0,321.185372,0,321.185372,321.185372,23,21,2,23,0,0,21,0,0,186.969,0,186.969,186.969,True
E63,2017-06,52,49,3,52,0,0,49,0,0,238.982236,0,238.982236,238.982236,31,26,5,31,0,0,26,0,0,251.348,0,251.348,251.348,True
E63,2017-07,87,82,5,87,0,0,82,0,0,383.701863,0,383.701863,383.701863,48,40,8,48,0,0,40,0,0,321.84975,0,321.84975,321.84975,True
E63,2017-08,86,82,4,86,0,0,82,0,0,313.621533,0,313.621533,313.621533,41,38,3,41,0,0,38,0,0,314.8122,0,314.8122,314.8122,True
E63,2017-09,71,68,3,71,0,0,68,0,0,408.803743,0,408.803743,408.803743,62,53,9,62,0,0,53,0,0,497.448,0,497.448,497.448,True
E63,2017-10,65,62,3,65,0,0,62,0,0,255.697772,0,255.697772,255.697772,50,47,3,50,0,0,47,0,0,448.169147,0,448.169147,448.169147,True
E63,2017-11,66,64,2,66,0,0,64,0,0,292.245135,0,292.245135,292.245135,56,55,1,56,0,0,55,0,0,566.041389,0,566.041389,566.041389,True
E63,2017-12,61,59,2,61,0,0,59,0,0,207.669553,0,207.669553,207.669553,75,74,1,72,3,0,71,3,0,703.325,23.7509,679.5741,727.0759,True
E63,2018-01,65,62,3,65,0,0,62,0,0,161.4294,0,161.4294,161.4294,35,34,1,35,0,0,34,0,0,338.83,0,338.83,338.83,True
E63,2018-02,69,66,3,69,0,0,66,0,0,73.874701,0,73.874701,73.874701,0,0,0,0,0,0,0,0,0,0,0,0,0,True
E63,2018-03,135,133,2,135,0,0,133,0,0,249.009944,0,249.009944,249.009944,39,38,1,39,0,0,38,0,0,348.6225,0,348.6225,348.6225,True
E63,2018-04,133,131,2,133,0,0,131,0,0,176.825205,0,176.825205,176.825205,26,25,1,26,0,0,25,0,0,232.5,0,232.5,232.5,True
E63,2018-05,81,80,1,81,0,0,80,0,0,90.606773,0,90.606773,90.606773,6,6,0,6,0,0,6,0,0,35.7282,0,35.7282,35.7282,True
E63,2018-06,93,92,1,91,2,0,90,2,0,352.846358,2.449685,350.396673,355.296043,18,18,0,18,0,0,18,0,0,154.375,0,154.375,154.375,True
E63,2018-07,56,55,1,56,0,0,55,0,0,172.278852,0,172.278852,172.278852,14,14,0,14,0,0,14,0,0,137.0824,0,137.0824,137.0824,True
E63,2018-08,44,43,1,44,0,0,43,0,0,62.039145,0,62.039145,62.039145,10,10,0,10,0,0,10,0,0,73.448615,0,73.448615,73.448615,True
E63,2018-09,36,34,2,36,0,0,34,0,0,116.735779,0,116.735779,116.735779,20,20,0,20,0,0,20,0,0,175.3375,0,175.3375,175.3375,True
E63,2018-10,15,15,0,15,0,0,15,0,0,23.541076,0,23.541076,23.541076,8,8,0,8,0,0,8,0,0,66.5,0,66.5,66.5,True
E63,2018-11,21,21,0,20,1,0,20,1,0,30.582985,3.0362,27.546785,33.619185,14,14,0,14,0,0,14,0,0,104.767543,0,104.767543,104.767543,True
E63,2018-12,43,43,0,41,2,0,41,2,0,40.788674,0.269,40.519674,41.057674,11,11,0,11,0,0,11,0,0,78.433,0,78.433,78.433,True
E63,2019-01,16,16,0,16,0,0,16,0,0,2.677122,0,2.677122,2.677122,0,0,0,0,0,0,0,0,0,0,0,0,0,True
E63,2019-02,15,15,0,15,0,0,15,0,0,1.4854,0,1.4854,1.4854,0,0,0,0,0,0,0,0,0,0,0,0,0,True
E63,2019-03,14,14,0,12,2,0,12,2,0,0.981403,0.136,0.845403,1.117403,0,0,0,0,0,0,0,0,0,0,0,0,0,True
E63,2019-04,15,15,0,15,0,0,15,0,0,2.66419,0,2.66419,2.66419,9,7,2,9,0,0,7,0,0,64,0,64,64,True
E63,2019-05,25,25,0,25,0,0,25,0,0,3.041535,0,3.041535,3.041535,0,0,0,0,0,0,0,0,0,0,0,0,0,True
E63,2019-06,16,14,2,16,0,0,14,0,0,2.347139,0,2.347139,2.347139,0,0,0,0,0,0,0,0,0,0,0,0,0,True
E63,2019-07,16,16,0,16,0,0,16,0,0,1.497701,0,1.497701,1.497701,0,0,0,0,0,0,0,0,0,0,0,0,0,True
E63,2019-08,24,23,1,24,0,0,23,0,0,25.306489,0,25.306489,25.306489,0,0,0,0,0,0,0,0,0,0,0,0,0,True
E63,2019-09,19,19,0,11,8,0,11,8,0,2.858396,82.56168,-79.703284,85.420076,0,0,0,0,0,0,0,0,0,0,0,0,0,True
E63,2019-10,16,12,4,4,12,0,4,8,0,0.341281,62.134374,-61.793093,62.475655,0,0,0,0,0,0,0,0,0,0,0,0,0,True
E63,2019-11,12,12,0,12,0,0,12,0,0,2.711456,0,2.711456,2.711456,0,0,0,0,0,0,0,0,0,0,0,0,0,True
E63,2019-12,12,12,0,12,0,0,12,0,0,1.938266,0,1.938266,1.938266,0,0,0,0,0,0,0,0,0,0,0,0,0,True
E63,2020-01,9,9,0,9,0,0,9,0,0,0.420854,0,0.420854,0.420854,0,0,0,0,0,0,0,0,0,0,0,0,0,True
E63,2020-02,1,1,0,1,0,0,1,0,0,0.014789,0,0.014789,0.014789,0,0,0,0,0,0,0,0,0,0,0,0,0,True
E64,2016-10,0,0,0,0,0,0,0,0,0,0,0,0,0,0,0,0,0,0,0,0,0,0,0,0,0,0,False
E64,2016-11,0,0,0,0,0,0,0,0,0,0,0,0,0,0,0,0,0,0,0,0,0,0,0,0,0,0,False
E64,2016-12,0,0,0,0,0,0,0,0,0,0,0,0,0,0,0,0,0,0,0,0,0,0,0,0,0,0,False
E64,2017-01,0,0,0,0,0,0,0,0,0,0,0,0,0,29,29,0,29,0,0,29,0,0,24.123672,0,24.123672,24.123672,True
E64,2017-02,0,0,0,0,0,0,0,0,0,0,0,0,0,14,14,0,14,0,0,14,0,0,6.35471,0,6.35471,6.35471,True
E64,2017-03,0,0,0,0,0,0,0,0,0,0,0,0,0,13,13,0,13,0,0,13,0,0,2.691,0,2.691,2.691,True
E64,2017-04,0,0,0,0,0,0,0,0,0,0,0,0,0,9,9,0,9,0,0,9,0,0,6.02044,0,6.02044,6.02044,True
E64,2017-05,1,1,0,1,0,0,1,0,0,0.033,0,0.033,0.033,55,55,0,55,0,0,55,0,0,38.376881,0,38.376881,38.376881,True
E64,2017-06,0,0,0,0,0,0,0,0,0,0,0,0,0,66,64,2,66,0,0,64,0,0,37.950163,0,37.950163,37.950163,True
E64,2017-07,0,0,0,0,0,0,0,0,0,0,0,0,0,30,30,0,30,0,0,30,0,0,7.930945,0,7.930945,7.930945,True
E64,2017-08,0,0,0,0,0,0,0,0,0,0,0,0,0,34,34,0,34,0,0,34,0,0,7.829986,0,7.829986,7.829986,True
E64,2017-09,0,0,0,0,0,0,0,0,0,0,0,0,0,50,50,0,50,0,0,50,0,0,18.139847,0,18.139847,18.139847,True
E64,2017-10,1,1,0,1,0,0,1,0,0,0.0188,0,0.0188,0.0188,30,30,0,30,0,0,30,0,0,16.69183,0,16.69183,16.69183,True
E64,2017-11,4,4,0,4,0,0,4,0,0,2.1887,0,2.1887,2.1887,54,54,0,54,0,0,54,0,0,44.489082,0,44.489082,44.489082,True
E64,2017-12,0,0,0,0,0,0,0,0,0,0,0,0,0,65,65,0,65,0,0,65,0,0,60.25984,0,60.25984,60.25984,True
E64,2018-01,3,3,0,3,0,0,3,0,0,2.6647,0,2.6647,2.6647,4,0,4,4,0,0,0,0,0,0,0,0,0,True
E64,2018-02,1,1,0,1,0,0,1,0,0,0.0312,0,0.0312,0.0312,0,0,0,0,0,0,0,0,0,0,0,0,0,True
E64,2018-03,0,0,0,0,0,0,0,0,0,0,0,0,0,0,0,0,0,0,0,0,0,0,0,0,0,0,False
E64,2018-04,2,2,0,2,0,0,2,0,0,0.031,0,0.031,0.031,25,24,1,25,0,0,24,0,0,16.369798,0,16.369798,16.369798,True
E64,2018-05,1,1,0,1,0,0,1,0,0,0.028,0,0.028,0.028,65,62,3,65,0,0,62,0,0,46.753164,0,46.753164,46.753164,True
E64,2018-06,0,0,0,0,0,0,0,0,0,0,0,0,0,32,32,0,32,0,0,32,0,0,29.55435,0,29.55435,29.55435,True
E64,2018-07,0,0,0,0,0,0,0,0,0,0,0,0,0,74,48,26,50,0,24,48,0,0,30.40772,0,30.40772,30.40772,True
E64,2018-08,3,3,0,3,0,0,3,0,0,0.1206,0,0.1206,0.1206,14,14,0,14,0,0,14,0,0,5.69971,0,5.69971,5.69971,True
E64,2018-09,1,1,0,1,0,0,1,0,0,0.0214,0,0.0214,0.0214,76,71,5,76,0,0,71,0,0,59.154171,0,59.154171,59.154171,True
E64,2018-10,0,0,0,0,0,0,0,0,0,0,0,0,0,25,25,0,25,0,0,25,0,0,17.82292,0,17.82292,17.82292,True
E64,2018-11,1,1,0,1,0,0,1,0,0,0.0311,0,0.0311,0.0311,60,58,2,60,0,0,58,0,0,43.30238,0,43.30238,43.30238,True
E64,2018-12,2,2,0,2,0,0,2,0,0,0.1145,0,0.1145,0.1145,75,73,2,75,0,0,73,0,0,54.565525,0,54.565525,54.565525,True
E64,2019-01,1,1,0,1,0,0,1,0,0,0.0344,0,0.0344,0.0344,8,8,0,8,0,0,8,0,0,5.91498,0,5.91498,5.91498,True
E64,2019-02,1,1,0,1,0,0,1,0,0,0.1312,0,0.1312,0.1312,12,11,1,12,0,0,11,0,0,6.842875,0,6.842875,6.842875,True
E64,2019-03,0,0,0,0,0,0,0,0,0,0,0,0,0,56,54,2,56,0,0,54,0,0,43.641357,0,43.641357,43.641357,True
E64,2019-04,2,2,0,2,0,0,2,0,0,0.0626,0,0.0626,0.0626,5,3,2,5,0,0,3,0,0,0.4678,0,0.4678,0.4678,True
E64,2019-05,1,1,0,1,0,0,1,0,0,0.028,0,0.028,0.028,53,52,1,53,0,0,52,0,0,47.27739,0,47.27739,47.27739,True
E64,2019-06,2,2,0,2,0,0,2,0,0,2.6832,0,2.6832,2.6832,54,52,2,54,0,0,52,0,0,41.648651,0,41.648651,41.648651,True
E64,2019-07,0,0,0,0,0,0,0,0,0,0,0,0,0,15,15,0,15,0,0,15,0,0,6.90352,0,6.90352,6.90352,True
E64,2019-08,0,0,0,0,0,0,0,0,0,0,0,0,0,35,27,8,35,0,0,27,0,0,16.018864,0,16.018864,16.018864,True
E64,2019-09,0,0,0,0,0,0,0,0,0,0,0,0,0,42,42,0,42,0,0,42,0,0,19.627848,0,19.627848,19.627848,True
E64,2019-10,1,1,0,1,0,0,1,0,0,0.0643,0,0.0643,0.0643,75,51,24,75,0,0,51,0,0,39.502811,0,39.502811,39.502811,True
E64,2019-11,0,0,0,0,0,0,0,0,0,0,0,0,0,25,24,1,25,0,0,24,0,0,13.099141,0,13.099141,13.099141,True
E64,2019-12,1,1,0,1,0,0,1,0,0,0.344,0,0.344,0.344,86,80,6,86,0,0,80,0,0,72.178127,0,72.178127,72.178127,True
E64,2020-01,3,3,0,3,0,0,3,0,0,0.432705,0,0.432705,0.432705,10,10,0,10,0,0,10,0,0,6.801309,0,6.801309,6.801309,True
E64,2020-02,0,0,0,0,0,0,0,0,0,0,0,0,0,0,0,0,0,0,0,0,0,0,0,0,0,0,False
E65,2016-10,0,0,0,0,0,0,0,0,0,0,0,0,0,0,0,0,0,0,0,0,0,0,0,0,0,0,False
E65,2016-11,0,0,0,0,0,0,0,0,0,0,0,0,0,0,0,0,0,0,0,0,0,0,0,0,0,0,False
E65,2016-12,0,0,0,0,0,0,0,0,0,0,0,0,0,0,0,0,0,0,0,0,0,0,0,0,0,0,False
E65,2017-01,0,0,0,0,0,0,0,0,0,0,0,0,0,0,0,0,0,0,0,0,0,0,0,0,0,0,False
E65,2017-02,0,0,0,0,0,0,0,0,0,0,0,0,0,0,0,0,0,0,0,0,0,0,0,0,0,0,False
E65,2017-03,0,0,0,0,0,0,0,0,0,0,0,0,0,1,1,0,1,0,0,1,0,0,0.30088,0,0.30088,0.30088,True
E65,2017-04,6,6,0,6,0,0,6,0,0,24.57642,0,24.57642,24.57642,8,8,0,8,0,0,8,0,0,12.4769,0,12.4769,12.4769,True
E65,2017-05,8,8,0,8,0,0,8,0,0,23.46492,0,23.46492,23.46492,5,5,0,5,0,0,5,0,0,9.568285,0,9.568285,9.568285,True
E65,2017-06,4,4,0,4,0,0,4,0,0,17.446012,0,17.446012,17.446012,10,9,1,10,0,0,9,0,0,29.016441,0,29.016441,29.016441,True
E65,2017-07,4,4,0,4,0,0,4,0,0,12.82408,0,12.82408,12.82408,3,3,0,3,0,0,3,0,0,2.2016,0,2.2016,2.2016,True
E65,2017-08,3,0,3,3,0,0,0,0,0,0,0,0,0,12,11,1,11,1,0,10,1,0,7.33961,0.8215,6.51811,8.16111,True
E65,2017-09,3,3,0,3,0,0,3,0,0,7.1892,0,7.1892,7.1892,23,19,4,23,0,0,19,0,0,36.445715,0,36.445715,36.445715,True
E65,2017-10,0,0,0,0,0,0,0,0,0,0,0,0,0,10,10,0,10,0,0,10,0,0,14.676474,0,14.676474,14.676474,True
E65,2017-11,1,1,0,1,0,0,1,0,0,2.06342,0,2.06342,2.06342,13,13,0,13,0,0,13,0,0,25.229657,0,25.229657,25.229657,True
E65,2017-12,10,8,2,10,0,0,8,0,0,39.356404,0,39.356404,39.356404,14,13,1,14,0,0,13,0,0,27.042303,0,27.042303,27.042303,True
E65,2018-01,4,4,0,4,0,0,4,0,0,13.54597,0,13.54597,13.54597,13,12,1,13,0,0,12,0,0,44.367612,0,44.367612,44.367612,True
E65,2018-02,2,2,0,2,0,0,2,0,0,19.9166,0,19.9166,19.9166,13,13,0,13,0,0,13,0,0,52.80636,0,52.80636,52.80636,True
E65,2018-03,15,15,0,15,0,0,15,0,0,24.02438,0,24.02438,24.02438,12,10,2,12,0,0,10,0,0,24.578628,0,24.578628,24.578628,True
E65,2018-04,14,14,0,14,0,0,14,0,0,21.709119,0,21.709119,21.709119,15,14,1,15,0,0,14,0,0,25.771496,0,25.771496,25.771496,True
E65,2018-05,33,33,0,33,0,0,33,0,0,29.14322,0,29.14322,29.14322,3,3,0,3,0,0,3,0,0,3.6954,0,3.6954,3.6954,True
E65,2018-06,34,34,0,34,0,0,34,0,0,18.854065,0,18.854065,18.854065,9,9,0,9,0,0,9,0,0,15.374199,0,15.374199,15.374199,True
E65,2018-07,32,32,0,32,0,0,32,0,0,0.6215,0,0.6215,0.6215,12,11,1,12,0,0,11,0,0,22.833366,0,22.833366,22.833366,True
E65,2018-08,31,31,0,31,0,0,31,0,0,0.6475,0,0.6475,0.6475,17,13,4,17,0,0,13,0,0,17.481633,0,17.481633,17.481633,True
E65,2018-09,29,29,0,29,0,0,29,0,0,26.59992,0,26.59992,26.59992,15,15,0,15,0,0,15,0,0,23.895654,0,23.895654,23.895654,True
E65,2018-10,19,19,0,19,0,0,19,0,0,3.25248,0,3.25248,3.25248,11,10,1,11,0,0,10,0,0,23.098546,0,23.098546,23.098546,True
E65,2018-11,22,22,0,22,0,0,22,0,0,0.5715,0,0.5715,0.5715,13,13,0,13,0,0,13,0,0,25.69174,0,25.69174,25.69174,True
E65,2018-12,33,33,0,33,0,0,33,0,0,0.7385,0,0.7385,0.7385,13,13,0,13,0,0,13,0,0,21.074388,0,21.074388,21.074388,True
E65,2019-01,30,30,0,30,0,0,30,0,0,24.86708,0,24.86708,24.86708,16,14,2,16,0,0,14,0,0,31.202442,0,31.202442,31.202442,True
E65,2019-02,15,15,0,15,0,0,15,0,0,3.80599,0,3.80599,3.80599,12,12,0,12,0,0,12,0,0,34.467632,0,34.467632,34.467632,True
E65,2019-03,32,32,0,32,0,0,32,0,0,5.915422,0,5.915422,5.915422,14,14,0,14,0,0,14,0,0,15.364894,0,15.364894,15.364894,True
E65,2019-04,39,39,0,39,0,0,39,0,0,29.76274,0,29.76274,29.76274,13,11,2,13,0,0,11,0,0,22.363549,0,22.363549,22.363549,True
E65,2019-05,28,27,1,28,0,0,27,0,0,33.832018,0,33.832018,33.832018,20,19,1,17,3,0,16,3,0,19.413156,3.0292,16.383956,22.442356,True
E65,2019-06,16,16,0,16,0,0,16,0,0,19.40258,0,19.40258,19.40258,12,12,0,12,0,0,12,0,0,21.341801,0,21.341801,21.341801,True
E65,2019-07,27,26,1,27,0,0,26,0,0,59.1236,0,59.1236,59.1236,16,16,0,16,0,0,16,0,0,32.566678,0,32.566678,32.566678,True
E65,2019-08,17,16,1,17,0,0,16,0,0,0.8124,0,0.8124,0.8124,18,18,0,18,0,0,18,0,0,26.996804,0,26.996804,26.996804,True
E65,2019-09,19,19,0,19,0,0,19,0,0,1.6424,0,1.6424,1.6424,17,15,2,17,0,0,15,0,0,29.052795,0,29.052795,29.052795,True
E65,2019-10,18,18,0,18,0,0,18,0,0,1.37,0,1.37,1.37,16,14,2,16,0,0,14,0,0,28.721022,0,28.721022,28.721022,True
E65,2019-11,15,15,0,15,0,0,15,0,0,14.964549,0,14.964549,14.964549,19,18,1,19,0,0,18,0,0,19.384904,0,19.384904,19.384904,True
E65,2019-12,14,14,0,14,0,0,14,0,0,1.275,0,1.275,1.275,23,22,1,22,1,0,21,1,0,37.751858,0.902706,36.849152,38.654564,True
E65,2020-01,5,5,0,5,0,0,5,0,0,0.1,0,0.1,0.1,27,26,1,25,2,0,24,2,0,23.747161,2.0289,21.718261,25.776061,True
E65,2020-02,5,5,0,5,0,0,5,0,0,0.5376,0,0.5376,0.5376,17,16,1,17,0,0,16,0,0,15.797273,0,15.797273,15.797273,True
E66,2016-10,0,0,0,0,0,0,0,0,0,0,0,0,0,0,0,0,0,0,0,0,0,0,0,0,0,0,False
E66,2016-11,0,0,0,0,0,0,0,0,0,0,0,0,0,0,0,0,0,0,0,0,0,0,0,0,0,0,False
E66,2016-12,0,0,0,0,0,0,0,0,0,0,0,0,0,0,0,0,0,0,0,0,0,0,0,0,0,0,False
E66,2017-01,0,0,0,0,0,0,0,0,0,0,0,0,0,0,0,0,0,0,0,0,0,0,0,0,0,0,False
E66,2017-02,0,0,0,0,0,0,0,0,0,0,0,0,0,0,0,0,0,0,0,0,0,0,0,0,0,0,False
E66,2017-03,0,0,0,0,0,0,0,0,0,0,0,0,0,0,0,0,0,0,0,0,0,0,0,0,0,0,False
E66,2017-04,0,0,0,0,0,0,0,0,0,0,0,0,0,0,0,0,0,0,0,0,0,0,0,0,0,0,False
E66,2017-05,0,0,0,0,0,0,0,0,0,0,0,0,0,0,0,0,0,0,0,0,0,0,0,0,0,0,False
E66,2017-06,0,0,0,0,0,0,0,0,0,0,0,0,0,0,0,0,0,0,0,0,0,0,0,0,0,0,False
E66,2017-07,9,9,0,9,0,0,9,0,0,0.43128,0,0.43128,0.43128,0,0,0,0,0,0,0,0,0,0,0,0,0,True
E66,2017-08,4,4,0,4,0,0,4,0,0,0.1293,0,0.1293,0.1293,0,0,0,0,0,0,0,0,0,0,0,0,0,True
E66,2017-09,1,1,0,1,0,0,1,0,0,0.0212,0,0.0212,0.0212,0,0,0,0,0,0,0,0,0,0,0,0,0,True
E66,2017-10,2,2,0,2,0,0,2,0,0,0.0421,0,0.0421,0.0421,0,0,0,0,0,0,0,0,0,0,0,0,0,True
E66,2017-11,3,3,0,3,0,0,3,0,0,0.1212,0,0.1212,0.1212,0,0,0,0,0,0,0,0,0,0,0,0,0,True
E66,2017-12,1,1,0,1,0,0,1,0,0,0.0227,0,0.0227,0.0227,25,21,4,25,0,0,21,0,0,1.6984,0,1.6984,1.6984,True
E66,2018-01,40,40,0,40,0,0,40,0,0,1.677546,0,1.677546,1.677546,13,13,0,13,0,0,13,0,0,2.75564,0,2.75564,2.75564,True
E66,2018-02,25,25,0,25,0,0,25,0,0,1.052844,0,1.052844,1.052844,18,3,15,6,0,12,3,0,0,0.0581,0,0.0581,0.0581,True
E66,2018-03,28,28,0,28,0,0,28,0,0,21.444097,0,21.444097,21.444097,9,8,1,9,0,0,8,0,0,1.916178,0,1.916178,1.916178,True
E66,2018-04,29,29,0,29,0,0,29,0,0,22.269314,0,22.269314,22.269314,13,13,0,13,0,0,13,0,0,3.24324,0,3.24324,3.24324,True
E66,2018-05,33,33,0,33,0,0,33,0,0,19.469317,0,19.469317,19.469317,13,9,4,13,0,0,9,0,0,1.26265,0,1.26265,1.26265,True
E66,2018-06,36,36,0,36,0,0,36,0,0,1.4154,0,1.4154,1.4154,8,8,0,8,0,0,8,0,0,2.487582,0,2.487582,2.487582,True
E66,2018-07,33,33,0,33,0,0,33,0,0,39.936215,0,39.936215,39.936215,23,17,6,23,0,0,17,0,0,2.623584,0,2.623584,2.623584,True
E66,2018-08,25,25,0,25,0,0,25,0,0,1.019466,0,1.019466,1.019466,13,13,0,13,0,0,13,0,0,3.28951,0,3.28951,3.28951,True
E66,2018-09,21,21,0,21,0,0,21,0,0,64.527037,0,64.527037,64.527037,25,24,1,25,0,0,24,0,0,5.366451,0,5.366451,5.366451,True
E66,2018-10,15,15,0,15,0,0,15,0,0,19.209441,0,19.209441,19.209441,8,8,0,8,0,0,8,0,0,1.19973,0,1.19973,1.19973,True
E66,2018-11,11,11,0,11,0,0,11,0,0,0.5371,0,0.5371,0.5371,22,21,1,22,0,0,21,0,0,4.64255,0,4.64255,4.64255,True
E66,2018-12,25,25,0,25,0,0,25,0,0,61.425659,0,61.425659,61.425659,29,27,2,28,1,0,26,1,0,8.63353,0.1797,8.45383,8.81323,True
E66,2019-01,18,17,1,18,0,0,17,0,0,29.644073,0,29.644073,29.644073,25,25,0,25,0,0,25,0,0,5.62037,0,5.62037,5.62037,True
E66,2019-02,11,11,0,11,0,0,11,0,0,17.867991,0,17.867991,17.867991,7,7,0,7,0,0,7,0,0,3.44104,0,3.44104,3.44104,True
E66,2019-03,17,17,0,17,0,0,17,0,0,19.360943,0,19.360943,19.360943,31,29,2,31,0,0,29,0,0,6.930432,0,6.930432,6.930432,True
E66,2019-04,16,16,0,15,1,0,15,1,0,0.973219,0.1399,0.833319,1.113119,32,31,1,31,1,0,30,1,0,27.618757,0.3272,27.291557,27.945957,True
E66,2019-05,18,18,0,18,0,0,18,0,0,49.900718,0,49.900718,49.900718,45,39,6,44,1,0,38,1,0,64.576247,0.138635,64.437612,64.714882,True
E66,2019-06,9,9,0,9,0,0,9,0,0,22.557205,0,22.557205,22.557205,45,44,1,45,0,0,44,0,0,54.602022,0,54.602022,54.602022,True
E66,2019-07,20,20,0,20,0,0,20,0,0,19.208904,0,19.208904,19.208904,37,37,0,37,0,0,37,0,0,37.217183,0,37.217183,37.217183,True
E66,2019-08,21,21,0,21,0,0,21,0,0,23.039742,0,23.039742,23.039742,43,41,2,43,0,0,41,0,0,40.699467,0,40.699467,40.699467,True
E66,2019-09,27,27,0,27,0,0,27,0,0,18.005873,0,18.005873,18.005873,36,35,1,34,2,0,33,2,0,37.704509,1.19428,36.510229,38.898789,True
E66,2019-10,20,20,0,20,0,0,20,0,0,14.800632,0,14.800632,14.800632,52,50,2,50,1,1,49,1,0,58.837518,0.0302,58.807318,58.867718,True
E66,2019-11,19,18,1,19,0,0,18,0,0,21.146307,0,21.146307,21.146307,28,28,0,28,0,0,28,0,0,41.594077,0,41.594077,41.594077,True
E66,2019-12,26,26,0,26,0,0,26,0,0,15.781243,0,15.781243,15.781243,38,37,1,38,0,0,37,0,0,41.865627,0,41.865627,41.865627,True
E66,2020-01,12,12,0,12,0,0,12,0,0,30.875386,0,30.875386,30.875386,39,38,1,39,0,0,38,0,0,40.232691,0,40.232691,40.232691,True
E66,2020-02,2,2,0,2,0,0,2,0,0,0.037279,0,0.037279,0.037279,2,2,0,2,0,0,2,0,0,4.74628,0,4.74628,4.74628,True
E67,2016-10,0,0,0,0,0,0,0,0,0,0,0,0,0,0,0,0,0,0,0,0,0,0,0,0,0,0,False
E67,2016-11,0,0,0,0,0,0,0,0,0,0,0,0,0,0,0,0,0,0,0,0,0,0,0,0,0,0,False
E67,2016-12,0,0,0,0,0,0,0,0,0,0,0,0,0,0,0,0,0,0,0,0,0,0,0,0,0,0,False
E67,2017-01,2,2,0,2,0,0,2,0,0,0.06,0,0.06,0.06,0,0,0,0,0,0,0,0,0,0,0,0,0,True
E67,2017-02,1,1,0,1,0,0,1,0,0,0.03,0,0.03,0.03,0,0,0,0,0,0,0,0,0,0,0,0,0,True
E67,2017-03,1,1,0,1,0,0,1,0,0,0.05,0,0.05,0.05,10,9,1,10,0,0,9,0,0,8.68,0,8.68,8.68,True
E67,2017-04,2,2,0,2,0,0,2,0,0,0.396,0,0.396,0.396,0,0,0,0,0,0,0,0,0,0,0,0,0,True
E67,2017-05,1,1,0,1,0,0,1,0,0,0.05,0,0.05,0.05,1,1,0,1,0,0,1,0,0,0.0278,0,0.0278,0.0278,True
E67,2017-06,9,7,2,9,0,0,7,0,0,2.04,0,2.04,2.04,9,9,0,9,0,0,9,0,0,8.7428,0,8.7428,8.7428,True
E67,2017-07,6,6,0,6,0,0,6,0,0,0.2683,0,0.2683,0.2683,29,29,0,29,0,0,29,0,0,28.6506,0,28.6506,28.6506,True
E67,2017-08,8,8,0,8,0,0,8,0,0,2.1457,0,2.1457,2.1457,0,0,0,0,0,0,0,0,0,0,0,0,0,True
E67,2017-09,7,7,0,7,0,0,7,0,0,0.231955,0,0.231955,0.231955,0,0,0,0,0,0,0,0,0,0,0,0,0,True
E67,2017-10,4,3,1,4,0,0,3,0,0,0.3805,0,0.3805,0.3805,10,10,0,10,0,0,10,0,0,9.08,0,9.08,9.08,True
E67,2017-11,4,4,0,4,0,0,4,0,0,0.03629,0,0.03629,0.03629,6,6,0,6,0,0,6,0,0,5.438,0,5.438,5.438,True
E67,2017-12,12,12,0,12,0,0,12,0,0,0.6078,0,0.6078,0.6078,2,2,0,2,0,0,2,0,0,1.133,0,1.133,1.133,True
E67,2018-01,3,3,0,3,0,0,3,0,0,0.7246,0,0.7246,0.7246,4,3,1,4,0,0,3,0,0,2.5,0,2.5,2.5,True
E67,2018-02,7,7,0,7,0,0,7,0,0,0.405433,0,0.405433,0.405433,1,1,0,1,0,0,1,0,0,0.58,0,0.58,0.58,True
E67,2018-03,9,8,1,9,0,0,8,0,0,0.6328,0,0.6328,0.6328,16,15,1,16,0,0,15,0,0,13.759,0,13.759,13.759,True
E67,2018-04,12,12,0,12,0,0,12,0,0,1.0288,0,1.0288,1.0288,1,1,0,1,0,0,1,0,0,0.0188,0,0.0188,0.0188,True
E67,2018-05,13,13,0,13,0,0,13,0,0,0.312674,0,0.312674,0.312674,0,0,0,0,0,0,0,0,0,0,0,0,0,True
E67,2018-06,17,16,1,17,0,0,16,0,0,2.351834,0,2.351834,2.351834,5,5,0,5,0,0,5,0,0,3.4606,0,3.4606,3.4606,True
E67,2018-07,13,13,0,13,0,0,13,0,0,0.8599,0,0.8599,0.8599,0,0,0,0,0,0,0,0,0,0,0,0,0,True
E67,2018-08,14,13,1,14,0,0,13,0,0,0.333895,0,0.333895,0.333895,6,5,1,6,0,0,5,0,0,17.021,0,17.021,17.021,True
E67,2018-09,18,18,0,18,0,0,18,0,0,0.95707,0,0.95707,0.95707,10,7,3,10,0,0,7,0,0,30.045,0,30.045,30.045,True
E67,2018-10,24,23,1,24,0,0,23,0,0,6.797212,0,6.797212,6.797212,2,2,0,1,1,0,1,1,0,1,1,0,2,True
E67,2018-11,25,25,0,24,1,0,24,1,0,4.109834,0.01008,4.099754,4.119914,15,7,8,14,1,0,6,1,0,19.9586,0.5,19.4586,20.4586,True
E67,2018-12,15,15,0,15,0,0,15,0,0,0.6308,0,0.6308,0.6308,10,8,2,10,0,0,8,0,0,49.588,0,49.588,49.588,True
E67,2019-01,31,30,1,31,0,0,30,0,0,1.434904,0,1.434904,1.434904,0,0,0,0,0,0,0,0,0,0,0,0,0,True
E67,2019-02,16,16,0,16,0,0,16,0,0,0.374137,0,0.374137,0.374137,0,0,0,0,0,0,0,0,0,0,0,0,0,True
E67,2019-03,32,31,1,32,0,0,31,0,0,3.124929,0,3.124929,3.124929,9,6,3,9,0,0,6,0,0,23.001,0,23.001,23.001,True
E67,2019-04,10,10,0,10,0,0,10,0,0,1.44408,0,1.44408,1.44408,0,0,0,0,0,0,0,0,0,0,0,0,0,True
E67,2019-05,25,25,0,25,0,0,25,0,0,6.28615,0,6.28615,6.28615,14,14,0,14,0,0,14,0,0,53.9956,0,53.9956,53.9956,True
E67,2019-06,25,25,0,25,0,0,25,0,0,4.693836,0,4.693836,4.693836,0,0,0,0,0,0,0,0,0,0,0,0,0,True
E67,2019-07,45,45,0,44,1,0,44,1,0,7.854168,0.45,7.404168,8.304168,18,17,1,18,0,0,17,0,0,83.7724,0,83.7724,83.7724,True
E67,2019-08,47,44,3,47,0,0,44,0,0,26.418524,0,26.418524,26.418524,6,6,0,6,0,0,6,0,0,31.98,0,31.98,31.98,True
E67,2019-09,80,74,6,80,0,0,74,0,0,41.776425,0,41.776425,41.776425,6,5,1,5,1,0,4,1,0,29.3358,10,19.3358,39.3358,True
E67,2019-10,28,26,2,28,0,0,26,0,0,4.184949,0,4.184949,4.184949,15,14,1,15,0,0,14,0,0,107.061,0,107.061,107.061,True
E67,2019-11,23,23,0,23,0,0,23,0,0,2.789907,0,2.789907,2.789907,7,7,0,7,0,0,7,0,0,54.2,0,54.2,54.2,True
E67,2019-12,19,19,0,19,0,0,19,0,0,1.881419,0,1.881419,1.881419,3,3,0,3,0,0,3,0,0,7.612,0,7.612,7.612,True
E67,2020-01,34,34,0,34,0,0,34,0,0,1.566583,0,1.566583,1.566583,0,0,0,0,0,0,0,0,0,0,0,0,0,True
E67,2020-02,5,5,0,5,0,0,5,0,0,0.218567,0,0.218567,0.218567,0,0,0,0,0,0,0,0,0,0,0,0,0,True
E68,2016-10,0,0,0,0,0,0,0,0,0,0,0,0,0,0,0,0,0,0,0,0,0,0,0,0,0,0,False
E68,2016-11,0,0,0,0,0,0,0,0,0,0,0,0,0,0,0,0,0,0,0,0,0,0,0,0,0,0,False
E68,2016-12,0,0,0,0,0,0,0,0,0,0,0,0,0,0,0,0,0,0,0,0,0,0,0,0,0,0,False
E68,2017-01,0,0,0,0,0,0,0,0,0,0,0,0,0,0,0,0,0,0,0,0,0,0,0,0,0,0,False
E68,2017-02,0,0,0,0,0,0,0,0,0,0,0,0,0,0,0,0,0,0,0,0,0,0,0,0,0,0,False
E68,2017-03,0,0,0,0,0,0,0,0,0,0,0,0,0,0,0,0,0,0,0,0,0,0,0,0,0,0,False
E68,2017-04,0,0,0,0,0,0,0,0,0,0,0,0,0,0,0,0,0,0,0,0,0,0,0,0,0,0,False
E68,2017-05,0,0,0,0,0,0,0,0,0,0,0,0,0,0,0,0,0,0,0,0,0,0,0,0,0,0,False
E68,2017-06,0,0,0,0,0,0,0,0,0,0,0,0,0,0,0,0,0,0,0,0,0,0,0,0,0,0,False
E68,2017-07,0,0,0,0,0,0,0,0,0,0,0,0,0,0,0,0,0,0,0,0,0,0,0,0,0,0,False
E68,2017-08,0,0,0,0,0,0,0,0,0,0,0,0,0,0,0,0,0,0,0,0,0,0,0,0,0,0,False
E68,2017-09,0,0,0,0,0,0,0,0,0,0,0,0,0,0,0,0,0,0,0,0,0,0,0,0,0,0,False
E68,2017-10,0,0,0,0,0,0,0,0,0,0,0,0,0,0,0,0,0,0,0,0,0,0,0,0,0,0,False
E68,2017-11,0,0,0,0,0,0,0,0,0,0,0,0,0,0,0,0,0,0,0,0,0,0,0,0,0,0,False
E68,2017-12,0,0,0,0,0,0,0,0,0,0,0,0,0,0,0,0,0,0,0,0,0,0,0,0,0,0,False
E68,2018-01,0,0,0,0,0,0,0,0,0,0,0,0,0,0,0,0,0,0,0,0,0,0,0,0,0,0,False
E68,2018-02,0,0,0,0,0,0,0,0,0,0,0,0,0,10,9,1,10,0,0,9,0,0,86.6138,0,86.6138,86.6138,True
E68,2018-03,0,0,0,0,0,0,0,0,0,0,0,0,0,0,0,0,0,0,0,0,0,0,0,0,0,0,False
E68,2018-04,1,1,0,1,0,0,1,0,0,0.018,0,0.018,0.018,2,2,0,2,0,0,2,0,0,9.1929,0,9.1929,9.1929,True
E68,2018-05,0,0,0,0,0,0,0,0,0,0,0,0,0,3,2,1,3,0,0,2,0,0,20.2708,0,20.2708,20.2708,True
E68,2018-06,1,1,0,1,0,0,1,0,0,0.028,0,0.028,0.028,0,0,0,0,0,0,0,0,0,0,0,0,0,True
E68,2018-07,0,0,0,0,0,0,0,0,0,0,0,0,0,21,20,1,21,0,0,20,0,0,194.38852,0,194.38852,194.38852,True
E68,2018-08,0,0,0,0,0,0,0,0,0,0,0,0,0,0,0,0,0,0,0,0,0,0,0,0,0,0,False
E68,2018-09,0,0,0,0,0,0,0,0,0,0,0,0,0,2,0,2,2,0,0,0,0,0,0,0,0,0,False
E68,2018-10,0,0,0,0,0,0,0,0,0,0,0,0,0,5,5,0,5,0,0,5,0,0,50.022,0,50.022,50.022,True
E68,2018-11,0,0,0,0,0,0,0,0,0,0,0,0,0,8,8,0,8,0,0,8,0,0,75.6938,0,75.6938,75.6938,True
E68,2018-12,0,0,0,0,0,0,0,0,0,0,0,0,0,0,0,0,0,0,0,0,0,0,0,0,0,0,False
E68,2019-01,0,0,0,0,0,0,0,0,0,0,0,0,0,14,12,2,14,0,0,12,0,0,115.874,0,115.874,115.874,True
E68,2019-02,0,0,0,0,0,0,0,0,0,0,0,0,0,0,0,0,0,0,0,0,0,0,0,0,0,0,False
E68,2019-03,0,0,0,0,0,0,0,0,0,0,0,0,0,0,0,0,0,0,0,0,0,0,0,0,0,0,False
E68,2019-04,0,0,0,0,0,0,0,0,0,0,0,0,0,0,0,0,0,0,0,0,0,0,0,0,0,0,False
E68,2019-05,0,0,0,0,0,0,0,0,0,0,0,0,0,0,0,0,0,0,0,0,0,0,0,0,0,0,False
E68,2019-06,1,1,0,1,0,0,1,0,0,0.028,0,0.028,0.028,3,3,0,3,0,0,3,0,0,29.825,0,29.825,29.825,True
E68,2019-07,0,0,0,0,0,0,0,0,0,0,0,0,0,1,1,0,1,0,0,1,0,0,3.526,0,3.526,3.526,True
E68,2019-08,0,0,0,0,0,0,0,0,0,0,0,0,0,0,0,0,0,0,0,0,0,0,0,0,0,0,False
E68,2019-09,0,0,0,0,0,0,0,0,0,0,0,0,0,1,1,0,1,0,0,1,0,0,5.341,0,5.341,5.341,True
E68,2019-10,0,0,0,0,0,0,0,0,0,0,0,0,0,0,0,0,0,0,0,0,0,0,0,0,0,0,False
E68,2019-11,0,0,0,0,0,0,0,0,0,0,0,0,0,0,0,0,0,0,0,0,0,0,0,0,0,0,False
E68,2019-12,0,0,0,0,0,0,0,0,0,0,0,0,0,3,2,1,3,0,0,2,0,0,4.96,0,4.96,4.96,True
E68,2020-01,0,0,0,0,0,0,0,0,0,0,0,0,0,0,0,0,0,0,0,0,0,0,0,0,0,0,False
E68,2020-02,0,0,0,0,0,0,0,0,0,0,0,0,0,0,0,0,0,0,0,0,0,0,0,0,0,0,False
E69,2016-10,0,0,0,0,0,0,0,0,0,0,0,0,0,0,0,0,0,0,0,0,0,0,0,0,0,0,False
E69,2016-11,0,0,0,0,0,0,0,0,0,0,0,0,0,0,0,0,0,0,0,0,0,0,0,0,0,0,False
E69,2016-12,0,0,0,0,0,0,0,0,0,0,0,0,0,0,0,0,0,0,0,0,0,0,0,0,0,0,False
E69,2017-01,0,0,0,0,0,0,0,0,0,0,0,0,0,0,0,0,0,0,0,0,0,0,0,0,0,0,False
E69,2017-02,0,0,0,0,0,0,0,0,0,0,0,0,0,0,0,0,0,0,0,0,0,0,0,0,0,0,False
E69,2017-03,0,0,0,0,0,0,0,0,0,0,0,0,0,0,0,0,0,0,0,0,0,0,0,0,0,0,False
E69,2017-04,0,0,0,0,0,0,0,0,0,0,0,0,0,0,0,0,0,0,0,0,0,0,0,0,0,0,False
E69,2017-05,0,0,0,0,0,0,0,0,0,0,0,0,0,0,0,0,0,0,0,0,0,0,0,0,0,0,False
E69,2017-06,0,0,0,0,0,0,0,0,0,0,0,0,0,0,0,0,0,0,0,0,0,0,0,0,0,0,False
E69,2017-07,0,0,0,0,0,0,0,0,0,0,0,0,0,0,0,0,0,0,0,0,0,0,0,0,0,0,False
E69,2017-08,0,0,0,0,0,0,0,0,0,0,0,0,0,0,0,0,0,0,0,0,0,0,0,0,0,0,False
E69,2017-09,0,0,0,0,0,0,0,0,0,0,0,0,0,0,0,0,0,0,0,0,0,0,0,0,0,0,False
E69,2017-10,0,0,0,0,0,0,0,0,0,0,0,0,0,0,0,0,0,0,0,0,0,0,0,0,0,0,False
E69,2017-11,0,0,0,0,0,0,0,0,0,0,0,0,0,0,0,0,0,0,0,0,0,0,0,0,0,0,False
E69,2017-12,0,0,0,0,0,0,0,0,0,0,0,0,0,0,0,0,0,0,0,0,0,0,0,0,0,0,False
E69,2018-01,0,0,0,0,0,0,0,0,0,0,0,0,0,0,0,0,0,0,0,0,0,0,0,0,0,0,False
E69,2018-02,0,0,0,0,0,0,0,0,0,0,0,0,0,0,0,0,0,0,0,0,0,0,0,0,0,0,False
E69,2018-03,0,0,0,0,0,0,0,0,0,0,0,0,0,0,0,0,0,0,0,0,0,0,0,0,0,0,False
E69,2018-04,0,0,0,0,0,0,0,0,0,0,0,0,0,0,0,0,0,0,0,0,0,0,0,0,0,0,False
E69,2018-05,0,0,0,0,0,0,0,0,0,0,0,0,0,0,0,0,0,0,0,0,0,0,0,0,0,0,False
E69,2018-06,0,0,0,0,0,0,0,0,0,0,0,0,0,0,0,0,0,0,0,0,0,0,0,0,0,0,False
E69,2018-07,0,0,0,0,0,0,0,0,0,0,0,0,0,1,1,0,1,0,0,1,0,0,0.789,0,0.789,0.789,True
E69,2018-08,0,0,0,0,0,0,0,0,0,0,0,0,0,8,8,0,8,0,0,8,0,0,5.62145,0,5.62145,5.62145,True
E69,2018-09,0,0,0,0,0,0,0,0,0,0,0,0,0,17,17,0,13,4,0,13,4,0,8.2046,3.6496,4.555,11.8542,True
E69,2018-10,0,0,0,0,0,0,0,0,0,0,0,0,0,13,10,3,13,0,0,10,0,0,6.69927,0,6.69927,6.69927,True
E69,2018-11,0,0,0,0,0,0,0,0,0,0,0,0,0,11,9,2,11,0,0,9,0,0,6.642312,0,6.642312,6.642312,True
E69,2018-12,1,1,0,1,0,0,1,0,0,0.325,0,0.325,0.325,12,9,3,11,0,1,9,0,0,6.567115,0,6.567115,6.567115,True
E69,2019-01,0,0,0,0,0,0,0,0,0,0,0,0,0,21,21,0,20,1,0,20,1,0,14.0392,1.001,13.0382,15.0402,True
E69,2019-02,0,0,0,0,0,0,0,0,0,0,0,0,0,56,50,6,55,0,1,50,0,0,42.838758,0,42.838758,42.838758,True
E69,2019-03,0,0,0,0,0,0,0,0,0,0,0,0,0,44,41,3,43,1,0,40,1,0,35.2829,1.02533,34.25757,36.30823,True
E69,2019-04,0,0,0,0,0,0,0,0,0,0,0,0,0,28,28,0,28,0,0,28,0,0,21.939259,0,21.939259,21.939259,True
E69,2019-05,0,0,0,0,0,0,0,0,0,0,0,0,0,66,46,20,63,1,2,45,1,0,41.5209,0.0306,41.4903,41.5515,True
E69,2019-06,0,0,0,0,0,0,0,0,0,0,0,0,0,66,56,10,63,3,0,53,3,0,47.787463,3.0701,44.717363,50.857563,True
E69,2019-07,0,0,0,0,0,0,0,0,0,0,0,0,0,23,23,0,19,4,0,19,4,0,15.892984,3.901312,11.991672,19.794296,True
E69,2019-08,0,0,0,0,0,0,0,0,0,0,0,0,0,84,72,12,75,9,0,63,9,0,56.454316,8.31347,48.140846,64.767786,True
E69,2019-09,0,0,0,0,0,0,0,0,0,0,0,0,0,24,23,1,12,12,0,12,11,0,10.61667,10.09194,0.52473,20.70861,True
E69,2019-10,0,0,0,0,0,0,0,0,0,0,0,0,0,18,16,2,18,0,0,16,0,0,12.786702,0,12.786702,12.786702,True
E69,2019-11,0,0,0,0,0,0,0,0,0,0,0,0,0,32,30,2,29,3,0,27,3,0,20.961146,2.87071,18.090436,23.831856,True
E69,2019-12,0,0,0,0,0,0,0,0,0,0,0,0,0,17,17,0,17,0,0,17,0,0,15.23098,0,15.23098,15.23098,True
E69,2020-01,0,0,0,0,0,0,0,0,0,0,0,0,0,46,46,0,44,2,0,44,2,0,40.9585,2.04,38.9185,42.9985,True
E69,2020-02,0,0,0,0,0,0,0,0,0,0,0,0,0,0,0,0,0,0,0,0,0,0,0,0,0,0,False
E7,2016-10,0,0,0,0,0,0,0,0,0,0,0,0,0,0,0,0,0,0,0,0,0,0,0,0,0,0,False
E7,2016-11,0,0,0,0,0,0,0,0,0,0,0,0,0,0,0,0,0,0,0,0,0,0,0,0,0,0,False
E7,2016-12,0,0,0,0,0,0,0,0,0,0,0,0,0,0,0,0,0,0,0,0,0,0,0,0,0,0,False
E7,2017-01,82,80,2,82,0,0,80,0,0,66.184316,0,66.184316,66.184316,357,349,8,283,74,0,275,74,0,5709.238447,1433.328814,4275.909633,7142.567261,True
E7,2017-02,105,97,8,105,0,0,97,0,0,169.967818,0,169.967818,169.967818,270,268,2,203,67,0,201,67,0,3014.804777,1294.142523,1720.662254,4308.9473,True
E7,2017-03,137,132,5,132,5,0,127,5,0,229.378982,5.36405,224.014932,234.743032,287,283,4,244,43,0,240,43,0,3122.065529,538.110197,2583.955332,3660.175726,True
E7,2017-04,78,72,6,76,2,0,70,2,0,133.198471,0.87032,132.328151,134.068791,270,269,1,220,50,0,219,50,0,2639.182669,1028.433751,1610.748918,3667.61642,True
E7,2017-05,124,117,7,124,0,0,117,0,0,101.688164,0,101.688164,101.688164,272,269,3,231,41,0,228,41,0,2293.059674,494.818292,1798.241382,2787.877966,True
E7,2017-06,141,139,2,141,0,0,139,0,0,157.053011,0,157.053011,157.053011,240,236,4,197,43,0,193,43,0,2196.727407,769.268887,1427.45852,2965.996294,True
E7,2017-07,252,247,5,248,4,0,243,4,0,230.436809,1.69952,228.737289,232.136329,229,228,1,192,37,0,191,37,0,2299.066694,895.433504,1403.63319,3194.500198,True
E7,2017-08,360,349,11,345,15,0,334,15,0,159.420426,0.188271,159.232155,159.608697,240,238,2,203,37,0,201,37,0,3076.625825,523.427699,2553.198126,3600.053524,True
E7,2017-09,368,361,7,360,8,0,353,8,0,169.542073,15.87356,153.668513,185.415633,274,272,2,224,50,0,222,50,0,4706.321061,618.572726,4087.748335,5324.893787,True
E7,2017-10,295,281,14,286,9,0,272,9,0,185.787764,1.8012,183.986564,187.588964,231,227,4,192,38,1,189,38,0,2638.900388,1113.73337,1525.167018,3752.633758,True
E7,2017-11,358,350,8,353,5,0,345,5,0,238.509856,29.668778,208.841078,268.178634,295,292,3,237,58,0,234,58,0,3131.606235,564.240003,2567.366232,3695.846238,True
E7,2017-12,450,442,8,422,28,0,414,28,0,327.522625,13.578007,313.944618,341.100632,305,298,7,246,58,1,240,58,0,5091.248678,515.88083,4575.367848,5607.129508,True
E7,2018-01,388,373,15,382,6,0,367,6,0,219.995696,30.8071,189.188596,250.802796,337,336,1,250,87,0,249,87,0,4293.056256,1613.24095,2679.815306,5906.297206,True
E7,2018-02,303,300,3,297,6,0,295,5,0,113.977809,23.3003,90.677509,137.278109,204,202,2,144,60,0,143,59,0,2091.028868,1012.888018,1078.14085,3103.916886,True
E7,2018-03,471,450,21,468,3,0,447,3,0,225.303768,14.6829,210.620868,239.986668,197,193,4,166,31,0,163,30,0,1652.357246,381.411732,1270.945514,2033.768978,True
E7,2018-04,444,420,24,435,9,0,411,9,0,152.390022,18.9301,133.459922,171.320122,254,248,6,169,85,0,164,84,0,1825.745596,1014.406815,811.338781,2840.152411,True
E7,2018-05,432,430,2,416,16,0,414,16,0,163.774909,21.153887,142.621022,184.928796,173,171,2,150,23,0,148,23,0,1619.944322,206.235455,1413.708867,1826.179777,True
E7,2018-06,395,389,6,388,7,0,382,7,0,198.552586,29.5929,168.959686,228.145486,199,197,2,142,57,0,140,57,0,1788.024669,764.918131,1023.106538,2552.9428,True
E7,2018-07,452,444,8,443,9,0,435,9,0,190.931283,29.827176,161.104107,220.758459,219,214,5,160,59,0,156,58,0,1457.880078,484.960873,972.919205,1942.840951,True
E7,2018-08,391,384,7,382,9,0,375,9,0,108.130383,36.705506,71.424877,144.835889,213,205,8,162,50,1,155,50,0,2043.869896,354.872867,1688.997029,2398.742763,True
E7,2018-09,467,450,17,450,17,0,433,17,0,199.923502,42.568514,157.354988,242.492016,229,225,4,176,53,0,172,53,0,2938.757088,495.320078,2443.43701,3434.077166,True
E7,2018-10,402,395,7,386,16,0,379,16,0,178.937574,28.400596,150.536978,207.33817,200,197,3,150,50,0,148,49,0,1956.621867,716.239555,1240.382312,2672.861422,True
E7,2018-11,391,379,12,381,10,0,369,10,0,199.280592,24.32517,174.955422,223.605762,217,215,2,171,46,0,169,46,0,2351.080465,557.537315,1793.54315,2908.61778,True
E7,2018-12,591,580,11,571,20,0,560,20,0,177.222625,29.264721,147.957904,206.487346,309,304,5,228,81,0,223,81,0,3860.241766,944.360721,2915.881045,4804.602487,True
E7,2019-01,481,473,8,462,19,0,454,19,0,151.885532,59.463466,92.422066,211.348998,264,264,0,194,70,0,194,70,0,3220.574009,773.005048,2447.568961,3993.579057,True
E7,2019-02,353,347,6,345,8,0,339,8,0,186.492782,15.20383,171.288952,201.696612,118,118,0,88,30,0,88,30,0,831.409575,462.080693,369.328882,1293.490268,True
E7,2019-03,516,498,18,495,21,0,477,21,0,257.29028,42.521275,214.769005,299.811555,199,197,2,142,57,0,140,57,0,1551.912325,340.067079,1211.845246,1891.979404,True
E7,2019-04,448,428,20,412,36,0,392,36,0,143.628642,42.66509,100.963552,186.293732,223,219,4,146,77,0,142,77,0,1046.583851,686.519401,360.06445,1733.103252,True
E7,2019-05,397,370,27,381,16,0,354,16,0,100.65096,19.027174,81.623786,119.678134,178,173,5,137,41,0,135,38,0,1184.920591,335.261807,849.658784,1520.182398,True
E7,2019-06,429,412,17,411,18,0,394,18,0,145.189736,25.055549,120.134187,170.245285,177,176,1,122,55,0,122,54,0,1092.743718,566.45727,526.286448,1659.200988,True
E7,2019-07,416,400,16,398,18,0,382,18,0,80.894927,19.192941,61.701986,100.087868,172,169,3,122,50,0,119,50,0,792.196856,275.678307,516.518549,1067.875163,True
E7,2019-08,551,516,35,513,38,0,478,38,0,164.397702,26.727163,137.670539,191.124865,185,181,4,138,47,0,134,47,0,1503.570246,284.115313,1219.454933,1787.685559,True
E7,2019-09,406,388,18,402,4,0,384,4,0,85.194566,18.704604,66.489962,103.89917,172,167,5,144,28,0,139,28,0,1090.436231,70.372493,1020.063738,1160.808724,True
E7,2019-10,431,411,20,415,16,0,395,16,0,139.850059,24.310056,115.540003,164.160115,230,225,5,158,72,0,153,72,0,1325.410097,379.685459,945.724638,1705.095556,True
E7,2019-11,360,339,21,352,8,0,331,8,0,364.681382,23.94085,340.740532,388.622232,92,92,0,52,40,0,52,40,0,455.14252,135.857823,319.284697,591.000343,True
E7,2019-12,329,304,25,311,18,0,286,18,0,816.315051,13.669305,802.645746,829.984356,85,83,2,40,45,0,39,44,0,503.919307,200.542117,303.37719,704.461424,True
E7,2020-01,101,94,7,74,27,0,67,27,0,154.668223,9.992721,144.675502,164.660944,32,31,1,13,19,0,12,19,0,129.381564,59.70784,69.673724,189.089404,True
E7,2020-02,2,2,0,2,0,0,2,0,0,0.0199,0,0.0199,0.0199,1,1,0,1,0,0,1,0,0,2.547041,0,2.547041,2.547041,True
E70,2016-10,0,0,0,0,0,0,0,0,0,0,0,0,0,0,0,0,0,0,0,0,0,0,0,0,0,0,False
E70,2016-11,0,0,0,0,0,0,0,0,0,0,0,0,0,0,0,0,0,0,0,0,0,0,0,0,0,0,False
E70,2016-12,0,0,0,0,0,0,0,0,0,0,0,0,0,0,0,0,0,0,0,0,0,0,0,0,0,0,False
E70,2017-01,2,2,0,2,0,0,2,0,0,2.728,0,2.728,2.728,4,2,2,4,0,0,2,0,0,5.28,0,5.28,5.28,True
E70,2017-02,3,3,0,3,0,0,3,0,0,5.4783,0,5.4783,5.4783,0,0,0,0,0,0,0,0,0,0,0,0,0,True
E70,2017-03,9,9,0,9,0,0,9,0,0,6.2204,0,6.2204,6.2204,15,10,5,14,1,0,9,1,0,11.839,2.734,9.105,14.573,True
E70,2017-04,13,13,0,13,0,0,13,0,0,12.0128,0,12.0128,12.0128,5,5,0,5,0,0,5,0,0,27.077,0,27.077,27.077,True
E70,2017-05,16,14,2,16,0,0,14,0,0,17.07005,0,17.07005,17.07005,8,8,0,8,0,0,8,0,0,17.0655,0,17.0655,17.0655,True
E70,2017-06,16,13,3,16,0,0,13,0,0,9.1075,0,9.1075,9.1075,11,11,0,11,0,0,11,0,0,26.414,0,26.414,26.414,True
E70,2017-07,7,7,0,7,0,0,7,0,0,9.67455,0,9.67455,9.67455,7,5,2,7,0,0,5,0,0,9.607,0,9.607,9.607,True
E70,2017-08,6,5,1,6,0,0,5,0,0,3.0321,0,3.0321,3.0321,4,4,0,4,0,0,4,0,0,5.265,0,5.265,5.265,True
E70,2017-09,38,34,4,38,0,0,34,0,0,4.044402,0,4.044402,4.044402,11,6,5,11,0,0,6,0,0,16.27115,0,16.27115,16.27115,True
E70,2017-10,39,39,0,39,0,0,39,0,0,8.565875,0,8.565875,8.565875,18,13,5,18,0,0,13,0,0,14.69437,0,14.69437,14.69437,True
E70,2017-11,64,63,1,64,0,0,63,0,0,15.878079,0,15.878079,15.878079,45,34,11,44,1,0,33,1,0,109.62818,2.37912,107.24906,112.0073,True
E70,2017-12,85,82,3,85,0,0,82,0,0,34.200834,0,34.200834,34.200834,40,37,3,40,0,0,37,0,0,142.660755,0,142.660755,142.660755,True
E70,2018-01,41,38,3,41,0,0,38,0,0,13.523551,0,13.523551,13.523551,15,10,5,15,0,0,10,0,0,16.84826,0,16.84826,16.84826,True
E70,2018-02,21,19,2,21,0,0,19,0,0,2.411546,0,2.411546,2.411546,0,0,0,0,0,0,0,0,0,0,0,0,0,True
E70,2018-03,80,79,1,80,0,0,79,0,0,5.2604,0,5.2604,5.2604,13,6,7,13,0,0,6,0,0,26.466597,0,26.466597,26.466597,True
E70,2018-04,41,38,3,41,0,0,38,0,0,4.259591,0,4.259591,4.259591,9,7,2,9,0,0,7,0,0,13.71708,0,13.71708,13.71708,True
E70,2018-05,48,46,2,48,0,0,46,0,0,5.653679,0,5.653679,5.653679,17,11,6,17,0,0,11,0,0,7.50696,0,7.50696,7.50696,True
E70,2018-06,42,42,0,41,1,0,41,1,0,11.185387,0.019,11.166387,11.204387,31,23,8,30,1,0,22,1,0,40.851461,0.37,40.481461,41.221461,True
E70,2018-07,36,36,0,36,0,0,36,0,0,59.24467,0,59.24467,59.24467,27,23,4,25,2,0,21,2,0,128.08604,3.8315,124.25454,131.91754,True
E70,2018-08,62,62,0,62,0,0,62,0,0,4.707361,0,4.707361,4.707361,11,8,3,11,0,0,8,0,0,22.7605,0,22.7605,22.7605,True
E70,2018-09,70,69,1,70,0,0,69,0,0,8.186063,0,8.186063,8.186063,12,7,5,12,0,0,7,0,0,15.02755,0,15.02755,15.02755,True
E70,2018-10,47,47,0,46,1,0,46,1,0,4.594831,0.012899,4.581932,4.60773,15,13,2,14,1,0,12,1,0,22.65686,0.7325,21.92436,23.38936,True
E70,2018-11,59,58,1,59,0,0,58,0,0,50.918319,0,50.918319,50.918319,21,16,5,21,0,0,16,0,0,32.76681,0,32.76681,32.76681,True
E70,2018-12,78,78,0,78,0,0,78,0,0,54.778172,0,54.778172,54.778172,26,23,3,26,0,0,23,0,0,75.613646,0,75.613646,75.613646,True
E70,2019-01,53,53,0,53,0,0,53,0,0,22.848375,0,22.848375,22.848375,7,6,1,7,0,0,6,0,0,18.0607,0,18.0607,18.0607,True
E70,2019-02,57,51,6,57,0,0,51,0,0,1.932491,0,1.932491,1.932491,0,0,0,0,0,0,0,0,0,0,0,0,0,True
E70,2019-03,48,47,1,48,0,0,47,0,0,5.213934,0,5.213934,5.213934,14,14,0,13,1,0,13,1,0,35.02355,4.4905,30.53305,39.51405,True
E70,2019-04,92,90,2,92,0,0,90,0,0,13.118427,0,13.118427,13.118427,11,10,1,8,3,0,7,3,0,12.33244,1.52011,10.81233,13.85255,True
E70,2019-05,65,65,0,65,0,0,65,0,0,15.879263,0,15.879263,15.879263,7,7,0,7,0,0,7,0,0,10.371258,0,10.371258,10.371258,True
E70,2019-06,70,69,1,69,1,0,68,1,0,21.659358,0.0197,21.639658,21.679058,27,23,4,27,0,0,23,0,0,39.54767,0,39.54767,39.54767,True
E70,2019-07,19,19,0,19,0,0,19,0,0,4.616109,0,4.616109,4.616109,6,6,0,6,0,0,6,0,0,2.396,0,2.396,2.396,True
E70,2019-08,88,87,1,88,0,0,87,0,0,13.45348,0,13.45348,13.45348,9,9,0,9,0,0,9,0,0,7.3722,0,7.3722,7.3722,True
E70,2019-09,95,95,0,95,0,0,95,0,0,14.516179,0,14.516179,14.516179,18,15,3,18,0,0,15,0,0,24.18842,0,24.18842,24.18842,True
E70,2019-10,65,63,2,65,0,0,63,0,0,34.252974,0,34.252974,34.252974,39,27,12,38,1,0,26,1,0,55.912772,4.612,51.300772,60.524772,True
E70,2019-11,90,90,0,90,0,0,90,0,0,48.262167,0,48.262167,48.262167,30,26,4,30,0,0,26,0,0,38.60231,0,38.60231,38.60231,True
E70,2019-12,108,106,2,106,2,0,104,2,0,55.720138,1.8746,53.845538,57.594738,30,29,1,28,2,0,27,2,0,36.413839,1.676,34.737839,38.089839,True
E70,2020-01,20,20,0,19,1,0,19,1,0,5.706326,0.033009,5.673317,5.739335,12,12,0,12,0,0,12,0,0,21.8937,0,21.8937,21.8937,True
E70,2020-02,36,36,0,36,0,0,36,0,0,0.977721,0,0.977721,0.977721,3,3,0,2,1,0,2,1,0,0.385,0.054,0.331,0.439,True
E71,2016-10,0,0,0,0,0,0,0,0,0,0,0,0,0,0,0,0,0,0,0,0,0,0,0,0,0,0,False
E71,2016-11,0,0,0,0,0,0,0,0,0,0,0,0,0,0,0,0,0,0,0,0,0,0,0,0,0,0,False
E71,2016-12,0,0,0,0,0,0,0,0,0,0,0,0,0,0,0,0,0,0,0,0,0,0,0,0,0,0,False
E71,2017-01,1,1,0,1,0,0,1,0,0,2.096,0,2.096,2.096,0,0,0,0,0,0,0,0,0,0,0,0,0,True
E71,2017-02,1,1,0,1,0,0,1,0,0,0.018,0,0.018,0.018,2,2,0,2,0,0,2,0,0,7.325,0,7.325,7.325,True
E71,2017-03,1,1,0,1,0,0,1,0,0,1.475,0,1.475,1.475,2,2,0,2,0,0,2,0,0,4.99,0,4.99,4.99,True
E71,2017-04,4,3,1,4,0,0,3,0,0,21.0531,0,21.0531,21.0531,1,1,0,1,0,0,1,0,0,1.174,0,1.174,1.174,True
E71,2017-05,1,1,0,1,0,0,1,0,0,0.4972,0,0.4972,0.4972,1,1,0,1,0,0,1,0,0,0.39,0,0.39,0.39,True
E71,2017-06,22,22,0,16,6,0,16,6,0,61.48269,60,1.48269,121.48269,0,0,0,0,0,0,0,0,0,0,0,0,0,True
E71,2017-07,102,97,5,102,0,0,97,0,0,504.161354,0,504.161354,504.161354,46,46,0,46,0,0,46,0,0,161.209014,0,161.209014,161.209014,True
E71,2017-08,57,56,1,56,1,0,55,1,0,6.94245,9.9974,-3.05495,16.93985,40,40,0,39,1,0,39,1,0,101.751873,3.74132,98.010553,105.493193,True
E71,2017-09,40,37,3,40,0,0,37,0,0,2.23994,0,2.23994,2.23994,0,0,0,0,0,0,0,0,0,0,0,0,0,True
E71,2017-10,34,34,0,32,2,0,32,2,0,41.251874,0.02366,41.228214,41.275534,8,4,4,8,0,0,4,0,0,15.7626,0,15.7626,15.7626,True
E71,2017-11,66,65,1,64,2,0,63,2,0,167.492352,17.52313,149.969222,185.015482,2,2,0,2,0,0,2,0,0,9.11916,0,9.11916,9.11916,True
E71,2017-12,65,64,1,63,2,0,62,2,0,60.591339,18.37998,42.211359,78.971319,0,0,0,0,0,0,0,0,0,0,0,0,0,True
E71,2018-01,56,48,8,56,0,0,48,0,0,54.1639,0,54.1639,54.1639,0,0,0,0,0,0,0,0,0,0,0,0,0,True
E71,2018-02,29,29,0,29,0,0,29,0,0,3.308049,0,3.308049,3.308049,38,37,1,38,0,0,37,0,0,365.08,0,365.08,365.08,True
E71,2018-03,66,63,3,66,0,0,63,0,0,9.110648,0,9.110648,9.110648,0,0,0,0,0,0,0,0,0,0,0,0,0,True
E71,2018-04,70,70,0,70,0,0,70,0,0,2.224988,0,2.224988,2.224988,0,0,0,0,0,0,0,0,0,0,0,0,0,True
E71,2018-05,35,33,2,35,0,0,33,0,0,8.961676,0,8.961676,8.961676,2,1,1,2,0,0,1,0,0,0.375,0,0.375,0.375,True
E71,2018-06,28,28,0,28,0,0,28,0,0,1.7551,0,1.7551,1.7551,30,26,4,30,0,0,26,0,0,111.34946,0,111.34946,111.34946,True
E71,2018-07,49,48,1,49,0,0,48,0,0,14.121502,0,14.121502,14.121502,33,30,3,33,0,0,30,0,0,35.50204,0,35.50204,35.50204,True
E71,2018-08,62,56,6,62,0,0,56,0,0,40.32953,0,40.32953,40.32953,77,76,1,77,0,0,76,0,0,161.905205,0,161.905205,161.905205,True
E71,2018-09,13,13,0,13,0,0,13,0,0,0.282775,0,0.282775,0.282775,23,21,2,23,0,0,21,0,0,37.77981,0,37.77981,37.77981,True
E71,2018-10,39,39,0,39,0,0,39,0,0,6.697914,0,6.697914,6.697914,0,0,0,0,0,0,0,0,0,0,0,0,0,True
E71,2018-11,50,50,0,50,0,0,50,0,0,2.371257,0,2.371257,2.371257,0,0,0,0,0,0,0,0,0,0,0,0,0,True
E71,2018-12,45,42,3,45,0,0,42,0,0,4.149343,0,4.149343,4.149343,0,0,0,0,0,0,0,0,0,0,0,0,0,True
E71,2019-01,39,27,12,38,1,0,26,1,0,6.79116,0.0031,6.78806,6.79426,0,0,0,0,0,0,0,0,0,0,0,0,0,True
E71,2019-02,29,29,0,29,0,0,29,0,0,40.964709,0,40.964709,40.964709,0,0,0,0,0,0,0,0,0,0,0,0,0,True
E71,2019-03,36,36,0,36,0,0,36,0,0,1.076275,0,1.076275,1.076275,2,2,0,2,0,0,2,0,0,14.2625,0,14.2625,14.2625,True
E71,2019-04,30,30,0,30,0,0,30,0,0,1.218913,0,1.218913,1.218913,0,0,0,0,0,0,0,0,0,0,0,0,0,True
E71,2019-05,21,21,0,21,0,0,21,0,0,0.61142,0,0.61142,0.61142,0,0,0,0,0,0,0,0,0,0,0,0,0,True
E71,2019-06,33,30,3,33,0,0,30,0,0,24.246658,0,24.246658,24.246658,0,0,0,0,0,0,0,0,0,0,0,0,0,True
E71,2019-07,50,48,2,50,0,0,48,0,0,10.642842,0,10.642842,10.642842,65,65,0,65,0,0,65,0,0,196.44692,0,196.44692,196.44692,True
E71,2019-08,50,50,0,50,0,0,50,0,0,2.203675,0,2.203675,2.203675,0,0,0,0,0,0,0,0,0,0,0,0,0,True
E71,2019-09,30,30,0,30,0,0,30,0,0,1.453626,0,1.453626,1.453626,0,0,0,0,0,0,0,0,0,0,0,0,0,True
E71,2019-10,3,1,2,3,0,0,1,0,0,0.2,0,0.2,0.2,3,3,0,3,0,0,3,0,0,2.0497,0,2.0497,2.0497,True
E71,2019-11,2,2,0,2,0,0,2,0,0,0.228,0,0.228,0.228,0,0,0,0,0,0,0,0,0,0,0,0,0,True
E71,2019-12,0,0,0,0,0,0,0,0,0,0,0,0,0,0,0,0,0,0,0,0,0,0,0,0,0,0,False
E71,2020-01,0,0,0,0,0,0,0,0,0,0,0,0,0,0,0,0,0,0,0,0,0,0,0,0,0,0,False
E71,2020-02,0,0,0,0,0,0,0,0,0,0,0,0,0,0,0,0,0,0,0,0,0,0,0,0,0,0,False
E72,2016-10,0,0,0,0,0,0,0,0,0,0,0,0,0,0,0,0,0,0,0,0,0,0,0,0,0,0,False
E72,2016-11,0,0,0,0,0,0,0,0,0,0,0,0,0,0,0,0,0,0,0,0,0,0,0,0,0,0,False
E72,2016-12,0,0,0,0,0,0,0,0,0,0,0,0,0,0,0,0,0,0,0,0,0,0,0,0,0,0,False
E72,2017-01,0,0,0,0,0,0,0,0,0,0,0,0,0,0,0,0,0,0,0,0,0,0,0,0,0,0,False
E72,2017-02,0,0,0,0,0,0,0,0,0,0,0,0,0,0,0,0,0,0,0,0,0,0,0,0,0,0,False
E72,2017-03,0,0,0,0,0,0,0,0,0,0,0,0,0,0,0,0,0,0,0,0,0,0,0,0,0,0,False
E72,2017-04,1,1,0,1,0,0,1,0,0,0.033,0,0.033,0.033,18,18,0,18,0,0,18,0,0,1.58,0,1.58,1.58,True
E72,2017-05,0,0,0,0,0,0,0,0,0,0,0,0,0,24,23,1,24,0,0,23,0,0,2.2,0,2.2,2.2,True
E72,2017-06,0,0,0,0,0,0,0,0,0,0,0,0,0,0,0,0,0,0,0,0,0,0,0,0,0,0,False
E72,2017-07,5,3,2,5,0,0,3,0,0,0.2382,0,0.2382,0.2382,0,0,0,0,0,0,0,0,0,0,0,0,0,True
E72,2017-08,10,9,1,10,0,0,9,0,0,0.2973,0,0.2973,0.2973,0,0,0,0,0,0,0,0,0,0,0,0,0,True
E72,2017-09,2,2,0,2,0,0,2,0,0,0.0955,0,0.0955,0.0955,0,0,0,0,0,0,0,0,0,0,0,0,0,True
E72,2017-10,0,0,0,0,0,0,0,0,0,0,0,0,0,0,0,0,0,0,0,0,0,0,0,0,0,0,False
E72,2017-11,1,1,0,1,0,0,1,0,0,15.714,0,15.714,15.714,6,6,0,6,0,0,6,0,0,0.48,0,0.48,0.48,True
E72,2017-12,2,2,0,2,0,0,2,0,0,0.0508,0,0.0508,0.0508,6,5,1,6,0,0,5,0,0,0.48,0,0.48,0.48,True
E72,2018-01,3,3,0,2,1,0,2,1,0,15.732,15.714,0.018,31.446,0,0,0,0,0,0,0,0,0,0,0,0,0,True
E72,2018-02,4,4,0,4,0,0,4,0,0,0.3628,0,0.3628,0.3628,36,33,3,36,0,0,33,0,0,32.019338,0,32.019338,32.019338,True
E72,2018-03,6,6,0,6,0,0,6,0,0,0.182437,0,0.182437,0.182437,0,0,0,0,0,0,0,0,0,0,0,0,0,True
E72,2018-04,3,3,0,3,0,0,3,0,0,0.1061,0,0.1061,0.1061,0,0,0,0,0,0,0,0,0,0,0,0,0,True
E72,2018-05,5,5,0,5,0,0,5,0,0,0.1486,0,0.1486,0.1486,11,10,1,11,0,0,10,0,0,10.225892,0,10.225892,10.225892,True
E72,2018-06,4,4,0,4,0,0,4,0,0,0.0916,0,0.0916,0.0916,0,0,0,0,0,0,0,0,0,0,0,0,0,True
E72,2018-07,2,2,0,2,0,0,2,0,0,30.9692,0,30.9692,30.9692,72,9,63,10,0,62,9,0,0,72.584953,0,72.584953,72.584953,True
E72,2018-08,4,4,0,4,0,0,4,0,0,2.1235,0,2.1235,2.1235,16,16,0,16,0,0,16,0,0,15.55856,0,15.55856,15.55856,True
E72,2018-09,6,6,0,5,1,0,5,1,0,32.0524,30.9212,1.1312,62.9736,2,2,0,2,0,0,2,0,0,19.289952,0,19.289952,19.289952,True
E72,2018-10,4,4,0,4,0,0,4,0,0,0.129608,0,0.129608,0.129608,0,0,0,0,0,0,0,0,0,0,0,0,0,True
E72,2018-11,6,6,0,6,0,0,6,0,0,0.72686,0,0.72686,0.72686,0,0,0,0,0,0,0,0,0,0,0,0,0,True
E72,2018-12,5,5,0,5,0,0,5,0,0,29.239288,0,29.239288,29.239288,9,6,3,7,0,2,6,0,0,54.653323,0,54.653323,54.653323,True
E72,2019-01,3,3,0,3,0,0,3,0,0,0.5524,0,0.5524,0.5524,14,14,0,14,0,0,14,0,0,32.003359,0,32.003359,32.003359,True
E72,2019-02,4,4,0,4,0,0,4,0,0,0.167201,0,0.167201,0.167201,0,0,0,0,0,0,0,0,0,0,0,0,0,True
E72,2019-03,3,3,0,3,0,0,3,0,0,0.1362,0,0.1362,0.1362,1,1,0,1,0,0,1,0,0,2.265,0,2.265,2.265,True
E72,2019-04,8,8,0,8,0,0,8,0,0,0.41235,0,0.41235,0.41235,0,0,0,0,0,0,0,0,0,0,0,0,0,True
E72,2019-05,1,1,0,1,0,0,1,0,0,0.1108,0,0.1108,0.1108,0,0,0,0,0,0,0,0,0,0,0,0,0,True
E72,2019-06,2,2,0,2,0,0,2,0,0,37.86838,0,37.86838,37.86838,3,3,0,3,0,0,3,0,0,21.99231,0,21.99231,21.99231,True
E72,2019-07,4,4,0,4,0,0,4,0,0,0.1819,0,0.1819,0.1819,0,0,0,0,0,0,0,0,0,0,0,0,0,True
E72,2019-08,3,3,0,3,0,0,3,0,0,0.1264,0,0.1264,0.1264,8,8,0,8,0,0,8,0,0,79.485491,0,79.485491,79.485491,True
E72,2019-09,2,2,0,2,0,0,2,0,0,0.118056,0,0.118056,0.118056,12,12,0,12,0,0,12,0,0,11.614786,0,11.614786,11.614786,True
E72,2019-10,2,2,0,2,0,0,2,0,0,0.1189,0,0.1189,0.1189,0,0,0,0,0,0,0,0,0,0,0,0,0,True
E72,2019-11,2,2,0,2,0,0,2,0,0,15,0,15,15,2,2,0,2,0,0,2,0,0,18.99639,0,18.99639,18.99639,True
E72,2019-12,4,4,0,4,0,0,4,0,0,0.1594,0,0.1594,0.1594,3,3,0,3,0,0,3,0,0,22.8785,0,22.8785,22.8785,True
E72,2020-01,6,6,0,6,0,0,6,0,0,18.091497,0,18.091497,18.091497,5,5,0,5,0,0,5,0,0,45.793521,0,45.793521,45.793521,True
E72,2020-02,0,0,0,0,0,0,0,0,0,0,0,0,0,0,0,0,0,0,0,0,0,0,0,0,0,0,False
E73,2016-10,0,0,0,0,0,0,0,0,0,0,0,0,0,0,0,0,0,0,0,0,0,0,0,0,0,0,False
E73,2016-11,0,0,0,0,0,0,0,0,0,0,0,0,0,0,0,0,0,0,0,0,0,0,0,0,0,0,False
E73,2016-12,0,0,0,0,0,0,0,0,0,0,0,0,0,0,0,0,0,0,0,0,0,0,0,0,0,0,False
E73,2017-01,3,3,0,3,0,0,3,0,0,0.2822,0,0.2822,0.2822,10,10,0,10,0,0,10,0,0,39.6794,0,39.6794,39.6794,True
E73,2017-02,1,1,0,1,0,0,1,0,0,0.36,0,0.36,0.36,14,14,0,11,3,0,11,3,0,60.5995,32.122,28.4775,92.7215,True
E73,2017-03,7,6,1,7,0,0,6,0,0,6.4327,0,6.4327,6.4327,9,9,0,9,0,0,9,0,0,32.7905,0,32.7905,32.7905,True
E73,2017-04,3,3,0,3,0,0,3,0,0,1.0245,0,1.0245,1.0245,4,4,0,4,0,0,4,0,0,33.346,0,33.346,33.346,True
E73,2017-05,6,5,1,6,0,0,5,0,0,0.75528,0,0.75528,0.75528,3,3,0,3,0,0,3,0,0,2.962,0,2.962,2.962,True
E73,2017-06,9,9,0,9,0,0,9,0,0,4.35,0,4.35,4.35,8,7,1,8,0,0,7,0,0,24.3948,0,24.3948,24.3948,True
E73,2017-07,12,12,0,12,0,0,12,0,0,0.96686,0,0.96686,0.96686,5,5,0,5,0,0,5,0,0,23.9517,0,23.9517,23.9517,True
E73,2017-08,7,7,0,7,0,0,7,0,0,0.7655,0,0.7655,0.7655,6,6,0,6,0,0,6,0,0,21.3692,0,21.3692,21.3692,True
E73,2017-09,17,16,1,17,0,0,16,0,0,1.1212,0,1.1212,1.1212,6,5,1,6,0,0,5,0,0,28.78,0,28.78,28.78,True
E73,2017-10,10,10,0,10,0,0,10,0,0,2.8058,0,2.8058,2.8058,6,6,0,6,0,0,6,0,0,25.0002,0,25.0002,25.0002,True
E73,2017-11,16,16,0,16,0,0,16,0,0,2.3936,0,2.3936,2.3936,6,6,0,6,0,0,6,0,0,24.5894,0,24.5894,24.5894,True
E73,2017-12,14,14,0,14,0,0,14,0,0,1.6274,0,1.6274,1.6274,10,8,2,10,0,0,8,0,0,49.9464,0,49.9464,49.9464,True
E73,2018-01,28,26,2,27,1,0,25,1,0,6.559385,0.2278,6.331585,6.787185,9,9,0,9,0,0,9,0,0,31.8842,0,31.8842,31.8842,True
E73,2018-02,11,11,0,11,0,0,11,0,0,0.958,0,0.958,0.958,3,3,0,3,0,0,3,0,0,12.692,0,12.692,12.692,True
E73,2018-03,20,20,0,20,0,0,20,0,0,1.2967,0,1.2967,1.2967,5,5,0,5,0,0,5,0,0,24.8872,0,24.8872,24.8872,True
E73,2018-04,33,33,0,33,0,0,33,0,0,2.509415,0,2.509415,2.509415,7,7,0,7,0,0,7,0,0,18.607316,0,18.607316,18.607316,True
E73,2018-05,23,23,0,23,0,0,23,0,0,2.652811,0,2.652811,2.652811,5,5,0,5,0,0,5,0,0,16.5859,0,16.5859,16.5859,True
E73,2018-06,24,24,0,23,1,0,23,1,0,6.495475,1.2,5.295475,7.695475,2,2,0,2,0,0,2,0,0,13.195,0,13.195,13.195,True
E73,2018-07,14,13,1,14,0,0,13,0,0,0.94637,0,0.94637,0.94637,9,6,3,6,3,0,4,2,0,8.5879,1.349,7.2389,9.9369,True
E73,2018-08,17,17,0,17,0,0,17,0,0,3.7226,0,3.7226,3.7226,2,2,0,2,0,0,2,0,0,15.85616,0,15.85616,15.85616,True
E73,2018-09,23,23,0,23,0,0,23,0,0,3.933916,0,3.933916,3.933916,9,9,0,9,0,0,9,0,0,14.9181,0,14.9181,14.9181,True
E73,2018-10,15,15,0,15,0,0,15,0,0,3.902691,0,3.902691,3.902691,1,1,0,1,0,0,1,0,0,7.7065,0,7.7065,7.7065,True
E73,2018-11,18,18,0,18,0,0,18,0,0,4.005578,0,4.005578,4.005578,3,2,1,3,0,0,2,0,0,18.363,0,18.363,18.363,True
E73,2018-12,20,20,0,20,0,0,20,0,0,2.512424,0,2.512424,2.512424,7,7,0,7,0,0,7,0,0,19.5359,0,19.5359,19.5359,True
E73,2019-01,17,17,0,17,0,0,17,0,0,2.46,0,2.46,2.46,12,12,0,12,0,0,12,0,0,32.0389,0,32.0389,32.0389,True
E73,2019-02,12,12,0,12,0,0,12,0,0,1.8558,0,1.8558,1.8558,2,2,0,2,0,0,2,0,0,13.836,0,13.836,13.836,True
E73,2019-03,26,26,0,26,0,0,26,0,0,1.898075,0,1.898075,1.898075,7,7,0,7,0,0,7,0,0,23.1611,0,23.1611,23.1611,True
E73,2019-04,31,31,0,31,0,0,31,0,0,2.917,0,2.917,2.917,6,6,0,6,0,0,6,0,0,13.53,0,13.53,13.53,True
E73,2019-05,31,31,0,31,0,0,31,0,0,3.033293,0,3.033293,3.033293,4,3,1,4,0,0,3,0,0,10.0164,0,10.0164,10.0164,True
E73,2019-06,17,17,0,17,0,0,17,0,0,0.9565,0,0.9565,0.9565,3,3,0,3,0,0,3,0,0,5.029258,0,5.029258,5.029258,True
E73,2019-07,9,9,0,9,0,0,9,0,0,0.331,0,0.331,0.331,9,8,1,9,0,0,8,0,0,15.257459,0,15.257459,15.257459,True
E73,2019-08,13,13,0,13,0,0,13,0,0,1.473709,0,1.473709,1.473709,5,5,0,5,0,0,5,0,0,11.209167,0,11.209167,11.209167,True
E73,2019-09,16,16,0,16,0,0,16,0,0,2.404277,0,2.404277,2.404277,8,8,0,8,0,0,8,0,0,6.541514,0,6.541514,6.541514,True
E73,2019-10,11,11,0,11,0,0,11,0,0,0.866293,0,0.866293,0.866293,11,10,1,10,1,0,9,1,0,16.517506,0.19,16.327506,16.707506,True
E73,2019-11,17,17,0,17,0,0,17,0,0,1.873459,0,1.873459,1.873459,13,11,2,13,0,0,11,0,0,9.155146,0,9.155146,9.155146,True
E73,2019-12,32,32,0,32,0,0,32,0,0,1.525543,0,1.525543,1.525543,5,5,0,5,0,0,5,0,0,16.851392,0,16.851392,16.851392,True
E73,2020-01,22,22,0,22,0,0,22,0,0,3.017,0,3.017,3.017,2,2,0,2,0,0,2,0,0,3.2904,0,3.2904,3.2904,True
E73,2020-02,1,1,0,1,0,0,1,0,0,0.031,0,0.031,0.031,0,0,0,0,0,0,0,0,0,0,0,0,0,True
E74,2016-10,0,0,0,0,0,0,0,0,0,0,0,0,0,0,0,0,0,0,0,0,0,0,0,0,0,0,False
E74,2016-11,0,0,0,0,0,0,0,0,0,0,0,0,0,0,0,0,0,0,0,0,0,0,0,0,0,0,False
E74,2016-12,0,0,0,0,0,0,0,0,0,0,0,0,0,0,0,0,0,0,0,0,0,0,0,0,0,0,False
E74,2017-01,0,0,0,0,0,0,0,0,0,0,0,0,0,0,0,0,0,0,0,0,0,0,0,0,0,0,False
E74,2017-02,0,0,0,0,0,0,0,0,0,0,0,0,0,0,0,0,0,0,0,0,0,0,0,0,0,0,False
E74,2017-03,0,0,0,0,0,0,0,0,0,0,0,0,0,0,0,0,0,0,0,0,0,0,0,0,0,0,False
E74,2017-04,0,0,0,0,0,0,0,0,0,0,0,0,0,0,0,0,0,0,0,0,0,0,0,0,0,0,False
E74,2017-05,0,0,0,0,0,0,0,0,0,0,0,0,0,0,0,0,0,0,0,0,0,0,0,0,0,0,False
E74,2017-06,0,0,0,0,0,0,0,0,0,0,0,0,0,0,0,0,0,0,0,0,0,0,0,0,0,0,False
E74,2017-07,0,0,0,0,0,0,0,0,0,0,0,0,0,0,0,0,0,0,0,0,0,0,0,0,0,0,False
E74,2017-08,0,0,0,0,0,0,0,0,0,0,0,0,0,0,0,0,0,0,0,0,0,0,0,0,0,0,False
E74,2017-09,1,1,0,1,0,0,1,0,0,0.0227,0,0.0227,0.0227,0,0,0,0,0,0,0,0,0,0,0,0,0,True
E74,2017-10,0,0,0,0,0,0,0,0,0,0,0,0,0,18,18,0,18,0,0,18,0,0,14.8178,0,14.8178,14.8178,True
E74,2017-11,0,0,0,0,0,0,0,0,0,0,0,0,0,6,6,0,6,0,0,6,0,0,4.0426,0,4.0426,4.0426,True
E74,2017-12,0,0,0,0,0,0,0,0,0,0,0,0,0,7,7,0,7,0,0,7,0,0,5.1072,0,5.1072,5.1072,True
E74,2018-01,0,0,0,0,0,0,0,0,0,0,0,0,0,8,8,0,8,0,0,8,0,0,5.7819,0,5.7819,5.7819,True
E74,2018-02,0,0,0,0,0,0,0,0,0,0,0,0,0,17,17,0,17,0,0,17,0,0,14.1953,0,14.1953,14.1953,True
E74,2018-03,0,0,0,0,0,0,0,0,0,0,0,0,0,16,16,0,16,0,0,16,0,0,13.116,0,13.116,13.116,True
E74,2018-04,0,0,0,0,0,0,0,0,0,0,0,0,0,30,29,1,26,4,0,25,4,0,17.75029,2.7294,15.02089,20.47969,True
E74,2018-05,1,1,0,1,0,0,1,0,0,0.028,0,0.028,0.028,35,30,5,34,1,0,29,1,0,20.39399,0.48174,19.91225,20.87573,True
E74,2018-06,0,0,0,0,0,0,0,0,0,0,0,0,0,17,17,0,8,9,0,8,9,0,6.6999,4.86065,1.83925,11.56055,True
E74,2018-07,0,0,0,0,0,0,0,0,0,0,0,0,0,20,17,3,20,0,0,17,0,0,12.1388,0,12.1388,12.1388,True
E74,2018-08,0,0,0,0,0,0,0,0,0,0,0,0,0,30,29,1,30,0,0,29,0,0,22.1599,0,22.1599,22.1599,True
E74,2018-09,0,0,0,0,0,0,0,0,0,0,0,0,0,19,17,2,17,0,2,17,0,0,12.93862,0,12.93862,12.93862,True
E74,2018-10,1,1,0,1,0,0,1,0,0,0.0608,0,0.0608,0.0608,14,12,2,14,0,0,12,0,0,10.41094,0,10.41094,10.41094,True
E74,2018-11,0,0,0,0,0,0,0,0,0,0,0,0,0,12,11,1,12,0,0,11,0,0,8.87374,0,8.87374,8.87374,True
E74,2018-12,0,0,0,0,0,0,0,0,0,0,0,0,0,11,11,0,11,0,0,11,0,0,9.88697,0,9.88697,9.88697,True
E74,2019-01,0,0,0,0,0,0,0,0,0,0,0,0,0,19,19,0,19,0,0,19,0,0,17.52673,0,17.52673,17.52673,True
E74,2019-02,0,0,0,0,0,0,0,0,0,0,0,0,0,13,12,1,13,0,0,12,0,0,11.0582,0,11.0582,11.0582,True
E74,2019-03,0,0,0,0,0,0,0,0,0,0,0,0,0,17,17,0,17,0,0,17,0,0,14.63997,0,14.63997,14.63997,True
E74,2019-04,2,2,0,2,0,0,2,0,0,0.058,0,0.058,0.058,20,17,3,20,0,0,17,0,0,14.162865,0,14.162865,14.162865,True
E74,2019-05,0,0,0,0,0,0,0,0,0,0,0,0,0,29,22,7,29,0,0,22,0,0,18.20038,0,18.20038,18.20038,True
E74,2019-06,8,8,0,8,0,0,8,0,0,7.992,0,7.992,7.992,25,23,2,25,0,0,23,0,0,20.58452,0,20.58452,20.58452,True
E74,2019-07,2,2,0,2,0,0,2,0,0,6.53,0,6.53,6.53,14,12,2,14,0,0,12,0,0,9.5371,0,9.5371,9.5371,True
E74,2019-08,0,0,0,0,0,0,0,0,0,0,0,0,0,15,15,0,15,0,0,15,0,0,11.9114,0,11.9114,11.9114,True
E74,2019-09,0,0,0,0,0,0,0,0,0,0,0,0,0,40,29,11,40,0,0,29,0,0,24.13104,0,24.13104,24.13104,True
E74,2019-10,3,3,0,3,0,0,3,0,0,18.44,0,18.44,18.44,21,20,1,21,0,0,20,0,0,17.33251,0,17.33251,17.33251,True
E74,2019-11,1,1,0,1,0,0,1,0,0,0.6,0,0.6,0.6,21,20,1,21,0,0,20,0,0,16.8222,0,16.8222,16.8222,True
E74,2019-12,0,0,0,0,0,0,0,0,0,0,0,0,0,23,23,0,23,0,0,23,0,0,20.4585,0,20.4585,20.4585,True
E74,2020-01,0,0,0,0,0,0,0,0,0,0,0,0,0,38,38,0,38,0,0,38,0,0,32.0764,0,32.0764,32.0764,True
E74,2020-02,0,0,0,0,0,0,0,0,0,0,0,0,0,0,0,0,0,0,0,0,0,0,0,0,0,0,False
E75,2016-10,0,0,0,0,0,0,0,0,0,0,0,0,0,0,0,0,0,0,0,0,0,0,0,0,0,0,False
E75,2016-11,0,0,0,0,0,0,0,0,0,0,0,0,0,0,0,0,0,0,0,0,0,0,0,0,0,0,False
E75,2016-12,0,0,0,0,0,0,0,0,0,0,0,0,0,0,0,0,0,0,0,0,0,0,0,0,0,0,False
E75,2017-01,0,0,0,0,0,0,0,0,0,0,0,0,0,255,229,26,253,0,2,229,0,0,20.3004,0,20.3004,20.3004,True
E75,2017-02,0,0,0,0,0,0,0,0,0,0,0,0,0,252,236,16,251,0,1,236,0,0,21.680424,0,21.680424,21.680424,True
E75,2017-03,0,0,0,0,0,0,0,0,0,0,0,0,0,339,321,18,339,0,0,321,0,0,31.3969,0,31.3969,31.3969,True
E75,2017-04,1,1,0,1,0,0,1,0,0,0.3,0,0.3,0.3,336,299,37,327,0,9,299,0,0,30.1526,0,30.1526,30.1526,True
E75,2017-05,0,0,0,0,0,0,0,0,0,0,0,0,0,285,276,9,285,0,0,276,0,0,17.5364,0,17.5364,17.5364,True
E75,2017-06,4,4,0,4,0,0,4,0,0,11.92762,0,11.92762,11.92762,217,202,15,215,0,2,202,0,0,17.0919,0,17.0919,17.0919,True
E75,2017-07,7,6,1,7,0,0,6,0,0,10.364635,0,10.364635,10.364635,297,284,13,297,0,0,284,0,0,22.4485,0,22.4485,22.4485,True
E75,2017-08,9,7,2,9,0,0,7,0,0,4.59244,0,4.59244,4.59244,295,278,17,295,0,0,278,0,0,20.5256,0,20.5256,20.5256,True
E75,2017-09,13,11,2,13,0,0,11,0,0,7.9096,0,7.9096,7.9096,332,322,10,327,5,0,317,5,0,23.9011,0.3855,23.5156,24.2866,True
E75,2017-10,12,12,0,11,1,0,11,1,0,15.918065,0.25,15.668065,16.168065,283,263,20,281,0,2,263,0,0,14.8918,0,14.8918,14.8918,True
E75,2017-11,6,6,0,6,0,0,6,0,0,2.8983,0,2.8983,2.8983,334,326,8,334,0,0,326,0,0,22.1048,0,22.1048,22.1048,True
E75,2017-12,6,6,0,6,0,0,6,0,0,9.91259,0,9.91259,9.91259,215,204,11,215,0,0,204,0,0,11.8984,0,11.8984,11.8984,True
E75,2018-01,8,8,0,8,0,0,8,0,0,12.698231,0,12.698231,12.698231,217,185,32,217,0,0,185,0,0,15.185,0,15.185,15.185,True
E75,2018-02,5,4,1,5,0,0,4,0,0,0.8635,0,0.8635,0.8635,139,138,1,139,0,0,138,0,0,14.6185,0,14.6185,14.6185,True
E75,2018-03,10,9,1,10,0,0,9,0,0,8.023376,0,8.023376,8.023376,271,262,9,271,0,0,262,0,0,14.1671,0,14.1671,14.1671,True
E75,2018-04,5,5,0,5,0,0,5,0,0,5.852892,0,5.852892,5.852892,208,200,8,206,2,0,198,2,0,14.5745,0.0735,14.501,14.648,True
E75,2018-05,7,7,0,7,0,0,7,0,0,6.9456,0,6.9456,6.9456,258,239,19,258,0,0,239,0,0,18.0345,0,18.0345,18.0345,True
E75,2018-06,8,8,0,8,0,0,8,0,0,3.174718,0,3.174718,3.174718,170,163,7,170,0,0,163,0,0,17.2946,0,17.2946,17.2946,True
E75,2018-07,15,15,0,15,0,0,15,0,0,9.775892,0,9.775892,9.775892,191,181,10,189,1,1,180,1,0,14.6368,0.018,14.6188,14.6548,True
E75,2018-08,18,17,1,18,0,0,17,0,0,5.915829,0,5.915829,5.915829,224,189,35,218,0,6,189,0,0,14.6243,0,14.6243,14.6243,True
E75,2018-09,14,14,0,14,0,0,14,0,0,8.443908,0,8.443908,8.443908,168,160,8,168,0,0,160,0,0,8.5035,0,8.5035,8.5035,True
E75,2018-10,11,11,0,11,0,0,11,0,0,1.2082,0,1.2082,1.2082,197,191,6,196,1,0,190,1,0,12.8815,0.048,12.8335,12.9295,True
E75,2018-11,12,10,2,12,0,0,10,0,0,5.29552,0,5.29552,5.29552,161,158,3,161,0,0,158,0,0,10.2694,0,10.2694,10.2694,True
E75,2018-12,10,10,0,10,0,0,10,0,0,10.370394,0,10.370394,10.370394,201,185,16,197,0,4,185,0,0,20.4121,0,20.4121,20.4121,True
E75,2019-01,19,18,1,19,0,0,18,0,0,49.336809,0,49.336809,49.336809,170,157,13,169,0,1,157,0,0,18.3453,0,18.3453,18.3453,True
E75,2019-02,13,13,0,13,0,0,13,0,0,3.3496,0,3.3496,3.3496,114,113,1,114,0,0,113,0,0,9.4789,0,9.4789,9.4789,True
E75,2019-03,11,11,0,11,0,0,11,0,0,2.496502,0,2.496502,2.496502,231,225,6,231,0,0,225,0,0,16.5389,0,16.5389,16.5389,True
E75,2019-04,35,34,1,35,0,0,34,0,0,13.283914,0,13.283914,13.283914,146,133,13,145,0,1,133,0,0,9.4008,0,9.4008,9.4008,True
E75,2019-05,13,12,1,13,0,0,12,0,0,4.706356,0,4.706356,4.706356,145,136,9,141,0,4,136,0,0,9.0279,0,9.0279,9.0279,True
E75,2019-06,22,22,0,22,0,0,22,0,0,16.045254,0,16.045254,16.045254,282,249,33,274,0,8,249,0,0,29.5538,0,29.5538,29.5538,True
E75,2019-07,139,139,0,139,0,0,139,0,0,5.89045,0,5.89045,5.89045,276,237,39,261,0,15,237,0,0,9.88751,0,9.88751,9.88751,True
E75,2019-08,30,30,0,30,0,0,30,0,0,6.147916,0,6.147916,6.147916,280,261,19,277,0,3,261,0,0,16.362,0,16.362,16.362,True
E75,2019-09,15,15,0,15,0,0,15,0,0,8.932758,0,8.932758,8.932758,159,147,12,158,0,1,147,0,0,6.43,0,6.43,6.43,True
E75,2019-10,20,19,1,20,0,0,19,0,0,6.123465,0,6.123465,6.123465,152,142,10,152,0,0,142,0,0,6.5706,0,6.5706,6.5706,True
E75,2019-11,16,16,0,15,1,0,15,1,0,4.04627,0.36,3.68627,4.40627,172,147,25,170,0,2,147,0,0,4.895824,0,4.895824,4.895824,True
E75,2019-12,18,18,0,18,0,0,18,0,0,3.956425,0,3.956425,3.956425,261,245,16,260,0,1,245,0,0,18.452822,0,18.452822,18.452822,True
E75,2020-01,20,20,0,20,0,0,20,0,0,6.045396,0,6.045396,6.045396,84,83,1,83,1,0,82,1,0,6.7475,0.0131,6.7344,6.7606,True
E75,2020-02,0,0,0,0,0,0,0,0,0,0,0,0,0,0,0,0,0,0,0,0,0,0,0,0,0,0,False
E76,2016-10,0,0,0,0,0,0,0,0,0,0,0,0,0,0,0,0,0,0,0,0,0,0,0,0,0,0,False
E76,2016-11,0,0,0,0,0,0,0,0,0,0,0,0,0,0,0,0,0,0,0,0,0,0,0,0,0,0,False
E76,2016-12,0,0,0,0,0,0,0,0,0,0,0,0,0,0,0,0,0,0,0,0,0,0,0,0,0,0,False
E76,2017-01,2,2,0,2,0,0,2,0,0,0.051,0,0.051,0.051,3,2,1,3,0,0,2,0,0,1.68,0,1.68,1.68,True
E76,2017-02,0,0,0,0,0,0,0,0,0,0,0,0,0,3,3,0,3,0,0,3,0,0,5.52,0,5.52,5.52,True
E76,2017-03,0,0,0,0,0,0,0,0,0,0,0,0,0,2,2,0,2,0,0,2,0,0,0.65,0,0.65,0.65,True
E76,2017-04,17,17,0,17,0,0,17,0,0,27.508,0,27.508,27.508,8,8,0,8,0,0,8,0,0,39.61,0,39.61,39.61,True
E76,2017-05,1,1,0,1,0,0,1,0,0,0.085,0,0.085,0.085,1,1,0,1,0,0,1,0,0,1.05,0,1.05,1.05,True
E76,2017-06,0,0,0,0,0,0,0,0,0,0,0,0,0,6,6,0,6,0,0,6,0,0,4.4,0,4.4,4.4,True
E76,2017-07,8,8,0,8,0,0,8,0,0,1.142465,0,1.142465,1.142465,8,8,0,8,0,0,8,0,0,14.16,0,14.16,14.16,True
E76,2017-08,10,9,1,10,0,0,9,0,0,0.5415,0,0.5415,0.5415,9,9,0,8,1,0,8,1,0,27.58,0.78,26.8,28.36,True
E76,2017-09,10,10,0,10,0,0,10,0,0,6.191426,0,6.191426,6.191426,3,3,0,3,0,0,3,0,0,4.48,0,4.48,4.48,True
E76,2017-10,7,6,1,7,0,0,6,0,0,0.224814,0,0.224814,0.224814,2,2,0,2,0,0,2,0,0,7.75,0,7.75,7.75,True
E76,2017-11,9,9,0,9,0,0,9,0,0,0.320114,0,0.320114,0.320114,2,2,0,2,0,0,2,0,0,2.34,0,2.34,2.34,True
E76,2017-12,12,11,1,12,0,0,11,0,0,16.886714,0,16.886714,16.886714,2,2,0,2,0,0,2,0,0,0.76,0,0.76,0.76,True
E76,2018-01,9,9,0,9,0,0,9,0,0,0.889514,0,0.889514,0.889514,2,2,0,2,0,0,2,0,0,1.44,0,1.44,1.44,True
E76,2018-02,3,3,0,3,0,0,3,0,0,0.062414,0,0.062414,0.062414,4,3,1,4,0,0,3,0,0,2.06,0,2.06,2.06,True
E76,2018-03,7,7,0,7,0,0,7,0,0,0.440116,0,0.440116,0.440116,3,3,0,3,0,0,3,0,0,22.53,0,22.53,22.53,True
E76,2018-04,11,11,0,11,0,0,11,0,0,0.342524,0,0.342524,0.342524,8,6,2,8,0,0,6,0,0,1.85,0,1.85,1.85,True
E76,2018-05,6,6,0,6,0,0,6,0,0,0.214914,0,0.214914,0.214914,2,2,0,2,0,0,2,0,0,2.61,0,2.61,2.61,True
E76,2018-06,15,15,0,15,0,0,15,0,0,4.836134,0,4.836134,4.836134,11,8,3,11,0,0,8,0,0,37.03,0,37.03,37.03,True
E76,2018-07,15,15,0,15,0,0,15,0,0,1.357699,0,1.357699,1.357699,17,13,4,17,0,0,13,0,0,8.37,0,8.37,8.37,True
E76,2018-08,19,19,0,19,0,0,19,0,0,9.179719,0,9.179719,9.179719,24,21,3,24,0,0,21,0,0,29.56232,0,29.56232,29.56232,True
E76,2018-09,18,18,0,18,0,0,18,0,0,0.761099,0,0.761099,0.761099,11,9,2,11,0,0,9,0,0,8.9395,0,8.9395,8.9395,True
E76,2018-10,26,25,1,26,0,0,25,0,0,0.533548,0,0.533548,0.533548,12,10,2,12,0,0,10,0,0,11.48,0,11.48,11.48,True
E76,2018-11,24,24,0,23,1,0,23,1,0,1.933212,0.4959,1.437312,2.429112,14,13,1,14,0,0,13,0,0,12.63714,0,12.63714,12.63714,True
E76,2018-12,19,19,0,19,0,0,19,0,0,1.120473,0,1.120473,1.120473,5,5,0,5,0,0,5,0,0,3.8823,0,3.8823,3.8823,True
E76,2019-01,16,16,0,16,0,0,16,0,0,6.181278,0,6.181278,6.181278,4,4,0,4,0,0,4,0,0,6.064,0,6.064,6.064,True
E76,2019-02,3,3,0,3,0,0,3,0,0,0.0944,0,0.0944,0.0944,0,0,0,0,0,0,0,0,0,0,0,0,0,True
E76,2019-03,3,3,0,3,0,0,3,0,0,1.01656,0,1.01656,1.01656,9,9,0,9,0,0,9,0,0,40.3635,0,40.3635,40.3635,True
E76,2019-04,5,5,0,5,0,0,5,0,0,1.1784,0,1.1784,1.1784,22,22,0,22,0,0,22,0,0,7.94,0,7.94,7.94,True
E76,2019-05,6,6,0,6,0,0,6,0,0,0.88349,0,0.88349,0.88349,7,7,0,7,0,0,7,0,0,20.08,0,20.08,20.08,True
E76,2019-06,4,4,0,4,0,0,4,0,0,0.1072,0,0.1072,0.1072,5,4,1,5,0,0,4,0,0,2.31,0,2.31,2.31,True
E76,2019-07,12,12,0,12,0,0,12,0,0,0.552834,0,0.552834,0.552834,1,1,0,1,0,0,1,0,0,2.212,0,2.212,2.212,True
E76,2019-08,9,9,0,9,0,0,9,0,0,2.4017,0,2.4017,2.4017,5,5,0,5,0,0,5,0,0,11.12,0,11.12,11.12,True
E76,2019-09,12,12,0,12,0,0,12,0,0,2.169954,0,2.169954,2.169954,7,7,0,7,0,0,7,0,0,43.15402,0,43.15402,43.15402,True
E76,2019-10,3,3,0,3,0,0,3,0,0,0.474386,0,0.474386,0.474386,3,2,1,3,0,0,2,0,0,1.01,0,1.01,1.01,True
E76,2019-11,11,11,0,11,0,0,11,0,0,1.8256,0,1.8256,1.8256,16,15,1,16,0,0,15,0,0,39.505,0,39.505,39.505,True
E76,2019-12,16,16,0,15,1,0,15,1,0,2.17416,0.5015,1.67266,2.67566,2,2,0,2,0,0,2,0,0,3.85,0,3.85,3.85,True
E76,2020-01,2,2,0,2,0,0,2,0,0,0.2467,0,0.2467,0.2467,2,2,0,2,0,0,2,0,0,0.5,0,0.5,0.5,True
E76,2020-02,0,0,0,0,0,0,0,0,0,0,0,0,0,0,0,0,0,0,0,0,0,0,0,0,0,0,False
E77,2016-10,0,0,0,0,0,0,0,0,0,0,0,0,0,0,0,0,0,0,0,0,0,0,0,0,0,0,False
E77,2016-11,0,0,0,0,0,0,0,0,0,0,0,0,0,0,0,0,0,0,0,0,0,0,0,0,0,0,False
E77,2016-12,0,0,0,0,0,0,0,0,0,0,0,0,0,0,0,0,0,0,0,0,0,0,0,0,0,0,False
E77,2017-01,0,0,0,0,0,0,0,0,0,0,0,0,0,10,10,0,10,0,0,10,0,0,9.815,0,9.815,9.815,True
E77,2017-02,1,1,0,1,0,0,1,0,0,0.033,0,0.033,0.033,10,10,0,10,0,0,10,0,0,9.815,0,9.815,9.815,True
E77,2017-03,3,3,0,3,0,0,3,0,0,21.15,0,21.15,21.15,10,10,0,10,0,0,10,0,0,9.815,0,9.815,9.815,True
E77,2017-04,0,0,0,0,0,0,0,0,0,0,0,0,0,20,20,0,20,0,0,20,0,0,19.63,0,19.63,19.63,True
E77,2017-05,0,0,0,0,0,0,0,0,0,0,0,0,0,70,68,2,70,0,0,68,0,0,66.742,0,66.742,66.742,True
E77,2017-06,1,1,0,1,0,0,1,0,0,4.05,0,4.05,4.05,19,18,1,17,2,0,16,2,0,15.704,1.963,13.741,17.667,True
E77,2017-07,0,0,0,0,0,0,0,0,0,0,0,0,0,0,0,0,0,0,0,0,0,0,0,0,0,0,False
E77,2017-08,0,0,0,0,0,0,0,0,0,0,0,0,0,10,10,0,10,0,0,10,0,0,9.815,0,9.815,9.815,True
E77,2017-09,0,0,0,0,0,0,0,0,0,0,0,0,0,0,0,0,0,0,0,0,0,0,0,0,0,0,False
E77,2017-10,0,0,0,0,0,0,0,0,0,0,0,0,0,10,9,1,10,0,0,9,0,0,8.8335,0,8.8335,8.8335,True
E77,2017-11,0,0,0,0,0,0,0,0,0,0,0,0,0,0,0,0,0,0,0,0,0,0,0,0,0,0,False
E77,2017-12,1,1,0,1,0,0,1,0,0,10,0,10,10,20,20,0,20,0,0,20,0,0,19.38873,0,19.38873,19.38873,True
E77,2018-01,4,3,1,4,0,0,3,0,0,0.2774,0,0.2774,0.2774,20,19,1,18,2,0,17,2,0,16.6855,1.963,14.7225,18.6485,True
E77,2018-02,0,0,0,0,0,0,0,0,0,0,0,0,0,0,0,0,0,0,0,0,0,0,0,0,0,0,False
E77,2018-03,0,0,0,0,0,0,0,0,0,0,0,0,0,0,0,0,0,0,0,0,0,0,0,0,0,0,False
E77,2018-04,0,0,0,0,0,0,0,0,0,0,0,0,0,20,20,0,18,2,0,18,2,0,17.667,1.72173,15.94527,19.38873,True
E77,2018-05,0,0,0,0,0,0,0,0,0,0,0,0,0,19,19,0,19,0,0,19,0,0,98.15,0,98.15,98.15,True
E77,2018-06,0,0,0,0,0,0,0,0,0,0,0,0,0,1,1,0,1,0,0,1,0,0,5,0,5,5,True
E77,2018-07,0,0,0,0,0,0,0,0,0,0,0,0,0,0,0,0,0,0,0,0,0,0,0,0,0,0,False
E77,2018-08,0,0,0,0,0,0,0,0,0,0,0,0,0,0,0,0,0,0,0,0,0,0,0,0,0,0,False
E77,2018-09,1,1,0,1,0,0,1,0,0,0.031,0,0.031,0.031,0,0,0,0,0,0,0,0,0,0,0,0,0,True
E77,2018-10,5,5,0,5,0,0,5,0,0,0.2678,0,0.2678,0.2678,0,0,0,0,0,0,0,0,0,0,0,0,0,True
E77,2018-11,8,8,0,8,0,0,8,0,0,10.2776,0,10.2776,10.2776,8,8,0,8,0,0,8,0,0,76.012955,0,76.012955,76.012955,True
E77,2018-12,9,9,0,9,0,0,9,0,0,4.2982,0,4.2982,4.2982,0,0,0,0,0,0,0,0,0,0,0,0,0,True
E77,2019-01,6,6,0,6,0,0,6,0,0,11.7683,0,11.7683,11.7683,0,0,0,0,0,0,0,0,0,0,0,0,0,True
E77,2019-02,3,3,0,3,0,0,3,0,0,0.1487,0,0.1487,0.1487,0,0,0,0,0,0,0,0,0,0,0,0,0,True
E77,2019-03,1,1,0,1,0,0,1,0,0,0.028,0,0.028,0.028,0,0,0,0,0,0,0,0,0,0,0,0,0,True
E77,2019-04,2,2,0,2,0,0,2,0,0,0.1067,0,0.1067,0.1067,0,0,0,0,0,0,0,0,0,0,0,0,0,True
E77,2019-05,2,2,0,2,0,0,2,0,0,0.2268,0,0.2268,0.2268,0,0,0,0,0,0,0,0,0,0,0,0,0,True
E77,2019-06,3,3,0,3,0,0,3,0,0,8.1546,0,8.1546,8.1546,11,10,1,11,0,0,10,0,0,80.256344,0,80.256344,80.256344,True
E77,2019-07,0,0,0,0,0,0,0,0,0,0,0,0,0,0,0,0,0,0,0,0,0,0,0,0,0,0,False
E77,2019-08,0,0,0,0,0,0,0,0,0,0,0,0,0,0,0,0,0,0,0,0,0,0,0,0,0,0,False
E77,2019-09,0,0,0,0,0,0,0,0,0,0,0,0,0,0,0,0,0,0,0,0,0,0,0,0,0,0,False
E77,2019-10,0,0,0,0,0,0,0,0,0,0,0,0,0,0,0,0,0,0,0,0,0,0,0,0,0,0,False
E77,2019-11,0,0,0,0,0,0,0,0,0,0,0,0,0,0,0,0,0,0,0,0,0,0,0,0,0,0,False
E77,2019-12,2,2,0,2,0,0,2,0,0,6.87,0,6.87,6.87,0,0,0,0,0,0,0,0,0,0,0,0,0,True
E77,2020-01,2,2,0,2,0,0,2,0,0,3.1,0,3.1,3.1,0,0,0,0,0,0,0,0,0,0,0,0,0,True
E77,2020-02,0,0,0,0,0,0,0,0,0,0,0,0,0,0,0,0,0,0,0,0,0,0,0,0,0,0,False
E78,2016-10,0,0,0,0,0,0,0,0,0,0,0,0,0,0,0,0,0,0,0,0,0,0,0,0,0,0,False
E78,2016-11,0,0,0,0,0,0,0,0,0,0,0,0,0,0,0,0,0,0,0,0,0,0,0,0,0,0,False
E78,2016-12,0,0,0,0,0,0,0,0,0,0,0,0,0,0,0,0,0,0,0,0,0,0,0,0,0,0,False
E78,2017-01,2,2,0,2,0,0,2,0,0,25.946073,0,25.946073,25.946073,7,6,1,7,0,0,6,0,0,30.130296,0,30.130296,30.130296,True
E78,2017-02,0,0,0,0,0,0,0,0,0,0,0,0,0,7,5,2,7,0,0,5,0,0,31.185238,0,31.185238,31.185238,True
E78,2017-03,2,2,0,2,0,0,2,0,0,29.1778,0,29.1778,29.1778,18,18,0,18,0,0,18,0,0,59.924039,0,59.924039,59.924039,True
E78,2017-04,2,2,0,2,0,0,2,0,0,20.502374,0,20.502374,20.502374,13,10,3,13,0,0,10,0,0,33.376617,0,33.376617,33.376617,True
E78,2017-05,2,2,0,2,0,0,2,0,0,16.795415,0,16.795415,16.795415,25,23,2,25,0,0,23,0,0,85.691619,0,85.691619,85.691619,True
E78,2017-06,1,1,0,1,0,0,1,0,0,26.9561,0,26.9561,26.9561,13,11,2,13,0,0,11,0,0,56.902045,0,56.902045,56.902045,True
E78,2017-07,2,2,0,2,0,0,2,0,0,34.043336,0,34.043336,34.043336,19,15,4,19,0,0,15,0,0,44.524872,0,44.524872,44.524872,True
E78,2017-08,0,0,0,0,0,0,0,0,0,0,0,0,0,7,6,1,7,0,0,6,0,0,27.0234,0,27.0234,27.0234,True
E78,2017-09,3,3,0,3,0,0,3,0,0,19.439658,0,19.439658,19.439658,5,5,0,5,0,0,5,0,0,28.1398,0,28.1398,28.1398,True
E78,2017-10,3,3,0,3,0,0,3,0,0,20.2122,0,20.2122,20.2122,10,10,0,10,0,0,10,0,0,66.037,0,66.037,66.037,True
E78,2017-11,2,2,0,2,0,0,2,0,0,22.275912,0,22.275912,22.275912,10,10,0,10,0,0,10,0,0,44.206755,0,44.206755,44.206755,True
E78,2017-12,3,3,0,3,0,0,3,0,0,17.873,0,17.873,17.873,18,16,2,18,0,0,16,0,0,72.091849,0,72.091849,72.091849,True
E78,2018-01,3,3,0,3,0,0,3,0,0,16.453327,0,16.453327,16.453327,9,9,0,9,0,0,9,0,0,20.3679,0,20.3679,20.3679,True
E78,2018-02,0,0,0,0,0,0,0,0,0,0,0,0,0,5,5,0,5,0,0,5,0,0,30.6192,0,30.6192,30.6192,True
E78,2018-03,1,1,0,1,0,0,1,0,0,0.343299,0,0.343299,0.343299,10,10,0,10,0,0,10,0,0,52.6534,0,52.6534,52.6534,True
E78,2018-04,5,5,0,5,0,0,5,0,0,35.441439,0,35.441439,35.441439,7,7,0,7,0,0,7,0,0,41.0367,0,41.0367,41.0367,True
E78,2018-05,3,3,0,3,0,0,3,0,0,0.664022,0,0.664022,0.664022,14,14,0,14,0,0,14,0,0,42.8682,0,42.8682,42.8682,True
E78,2018-06,2,2,0,2,0,0,2,0,0,10.399567,0,10.399567,10.399567,10,9,1,10,0,0,9,0,0,34.1807,0,34.1807,34.1807,True
E78,2018-07,5,5,0,5,0,0,5,0,0,30.1179,0,30.1179,30.1179,11,11,0,11,0,0,11,0,0,27.5481,0,27.5481,27.5481,True
E78,2018-08,2,2,0,2,0,0,2,0,0,8.008678,0,8.008678,8.008678,6,6,0,6,0,0,6,0,0,19.7081,0,19.7081,19.7081,True
E78,2018-09,0,0,0,0,0,0,0,0,0,0,0,0,0,3,3,0,3,0,0,3,0,0,1.432,0,1.432,1.432,True
E78,2018-10,0,0,0,0,0,0,0,0,0,0,0,0,0,10,10,0,10,0,0,10,0,0,34.1383,0,34.1383,34.1383,True
E78,2018-11,3,3,0,3,0,0,3,0,0,23.1218,0,23.1218,23.1218,7,7,0,7,0,0,7,0,0,25.4496,0,25.4496,25.4496,True
E78,2018-12,1,1,0,1,0,0,1,0,0,0.028,0,0.028,0.028,5,5,0,5,0,0,5,0,0,11.7147,0,11.7147,11.7147,True
E78,2019-01,0,0,0,0,0,0,0,0,0,0,0,0,0,8,8,0,8,0,0,8,0,0,37.71608,0,37.71608,37.71608,True
E78,2019-02,1,1,0,1,0,0,1,0,0,3.602191,0,3.602191,3.602191,1,1,0,1,0,0,1,0,0,7.8801,0,7.8801,7.8801,True
E78,2019-03,0,0,0,0,0,0,0,0,0,0,0,0,0,3,3,0,3,0,0,3,0,0,6.2011,0,6.2011,6.2011,True
E78,2019-04,0,0,0,0,0,0,0,0,0,0,0,0,0,1,1,0,1,0,0,1,0,0,6.7109,0,6.7109,6.7109,True
E78,2019-05,2,2,0,2,0,0,2,0,0,0.386271,0,0.386271,0.386271,2,1,1,2,0,0,1,0,0,8.9463,0,8.9463,8.9463,True
E78,2019-06,2,2,0,2,0,0,2,0,0,13.1085,0,13.1085,13.1085,1,1,0,1,0,0,1,0,0,9.6054,0,9.6054,9.6054,True
E78,2019-07,0,0,0,0,0,0,0,0,0,0,0,0,0,1,1,0,1,0,0,1,0,0,5.0264,0,5.0264,5.0264,True
E78,2019-08,0,0,0,0,0,0,0,0,0,0,0,0,0,2,1,1,2,0,0,1,0,0,0.87,0,0.87,0.87,True
E78,2019-09,0,0,0,0,0,0,0,0,0,0,0,0,0,0,0,0,0,0,0,0,0,0,0,0,0,0,False
E78,2019-10,0,0,0,0,0,0,0,0,0,0,0,0,0,0,0,0,0,0,0,0,0,0,0,0,0,0,False
E78,2019-11,0,0,0,0,0,0,0,0,0,0,0,0,0,0,0,0,0,0,0,0,0,0,0,0,0,0,False
E78,2019-12,0,0,0,0,0,0,0,0,0,0,0,0,0,0,0,0,0,0,0,0,0,0,0,0,0,0,False
E78,2020-01,0,0,0,0,0,0,0,0,0,0,0,0,0,0,0,0,0,0,0,0,0,0,0,0,0,0,False
E78,2020-02,0,0,0,0,0,0,0,0,0,0,0,0,0,0,0,0,0,0,0,0,0,0,0,0,0,0,False
E79,2016-10,0,0,0,0,0,0,0,0,0,0,0,0,0,0,0,0,0,0,0,0,0,0,0,0,0,0,False
E79,2016-11,0,0,0,0,0,0,0,0,0,0,0,0,0,0,0,0,0,0,0,0,0,0,0,0,0,0,False
E79,2016-12,0,0,0,0,0,0,0,0,0,0,0,0,0,0,0,0,0,0,0,0,0,0,0,0,0,0,False
E79,2017-01,1,1,0,1,0,0,1,0,0,6.040312,0,6.040312,6.040312,0,0,0,0,0,0,0,0,0,0,0,0,0,True
E79,2017-02,1,1,0,1,0,0,1,0,0,5.895514,0,5.895514,5.895514,0,0,0,0,0,0,0,0,0,0,0,0,0,True
E79,2017-03,1,1,0,1,0,0,1,0,0,6.608793,0,6.608793,6.608793,1,1,0,1,0,0,1,0,0,2,0,2,2,True
E79,2017-04,2,2,0,2,0,0,2,0,0,7.195853,0,7.195853,7.195853,0,0,0,0,0,0,0,0,0,0,0,0,0,True
E79,2017-05,2,2,0,2,0,0,2,0,0,13.440545,0,13.440545,13.440545,0,0,0,0,0,0,0,0,0,0,0,0,0,True
E79,2017-06,1,1,0,1,0,0,1,0,0,6.742621,0,6.742621,6.742621,0,0,0,0,0,0,0,0,0,0,0,0,0,True
E79,2017-07,1,1,0,1,0,0,1,0,0,6.834124,0,6.834124,6.834124,2,2,0,2,0,0,2,0,0,13.8348,0,13.8348,13.8348,True
E79,2017-08,1,1,0,1,0,0,1,0,0,8.217022,0,8.217022,8.217022,1,1,0,1,0,0,1,0,0,2.331,0,2.331,2.331,True
E79,2017-09,3,3,0,3,0,0,3,0,0,7.451065,0,7.451065,7.451065,9,8,1,9,0,0,8,0,0,6.9218,0,6.9218,6.9218,True
E79,2017-10,6,6,0,6,0,0,6,0,0,35.17343,0,35.17343,35.17343,0,0,0,0,0,0,0,0,0,0,0,0,0,True
E79,2017-11,5,4,1,5,0,0,4,0,0,9.031093,0,9.031093,9.031093,1,1,0,1,0,0,1,0,0,9.9684,0,9.9684,9.9684,True
E79,2017-12,11,11,0,11,0,0,11,0,0,20.011455,0,20.011455,20.011455,6,5,1,6,0,0,5,0,0,45,0,45,45,True
E79,2018-01,3,3,0,3,0,0,3,0,0,8.909827,0,8.909827,8.909827,1,1,0,1,0,0,1,0,0,8.5,0,8.5,8.5,True
E79,2018-02,3,3,0,3,0,0,3,0,0,10.888334,0,10.888334,10.888334,0,0,0,0,0,0,0,0,0,0,0,0,0,True
E79,2018-03,2,2,0,2,0,0,2,0,0,4.379062,0,4.379062,4.379062,0,0,0,0,0,0,0,0,0,0,0,0,0,True
E79,2018-04,1,1,0,1,0,0,1,0,0,7.773335,0,7.773335,7.773335,0,0,0,0,0,0,0,0,0,0,0,0,0,True
E79,2018-05,4,4,0,4,0,0,4,0,0,16.193424,0,16.193424,16.193424,5,4,1,5,0,0,4,0,0,12.66,0,12.66,12.66,True
E79,2018-06,3,3,0,3,0,0,3,0,0,9.197474,0,9.197474,9.197474,2,2,0,2,0,0,2,0,0,5.80635,0,5.80635,5.80635,True
E79,2018-07,1,1,0,1,0,0,1,0,0,8.163058,0,8.163058,8.163058,1,1,0,1,0,0,1,0,0,2.9988,0,2.9988,2.9988,True
E79,2018-08,9,9,0,9,0,0,9,0,0,13.006828,0,13.006828,13.006828,11,6,5,11,0,0,6,0,0,22.0868,0,22.0868,22.0868,True
E79,2018-09,8,8,0,8,0,0,8,0,0,9.444035,0,9.444035,9.444035,2,2,0,2,0,0,2,0,0,16.1864,0,16.1864,16.1864,True
E79,2018-10,4,4,0,4,0,0,4,0,0,7.252792,0,7.252792,7.252792,6,5,1,6,0,0,5,0,0,28.19,0,28.19,28.19,True
E79,2018-11,8,8,0,8,0,0,8,0,0,15.002532,0,15.002532,15.002532,0,0,0,0,0,0,0,0,0,0,0,0,0,True
E79,2018-12,7,7,0,7,0,0,7,0,0,9.742904,0,9.742904,9.742904,4,4,0,4,0,0,4,0,0,26.35,0,26.35,26.35,True
E79,2019-01,7,7,0,7,0,0,7,0,0,10.083381,0,10.083381,10.083381,4,3,1,4,0,0,3,0,0,23.7,0,23.7,23.7,True
E79,2019-02,3,3,0,3,0,0,3,0,0,3.650133,0,3.650133,3.650133,0,0,0,0,0,0,0,0,0,0,0,0,0,True
E79,2019-03,5,5,0,5,0,0,5,0,0,5.890437,0,5.890437,5.890437,3,2,1,3,0,0,2,0,0,10.5767,0,10.5767,10.5767,True
E79,2019-04,2,2,0,2,0,0,2,0,0,4.160391,0,4.160391,4.160391,1,1,0,1,0,0,1,0,0,2.52,0,2.52,2.52,True
E79,2019-05,3,3,0,3,0,0,3,0,0,5.724274,0,5.724274,5.724274,2,2,0,2,0,0,2,0,0,15.86,0,15.86,15.86,True
E79,2019-06,3,3,0,3,0,0,3,0,0,5.000656,0,5.000656,5.000656,6,6,0,6,0,0,6,0,0,8.435059,0,8.435059,8.435059,True
E79,2019-07,5,5,0,5,0,0,5,0,0,5.917007,0,5.917007,5.917007,7,6,1,7,0,0,6,0,0,21.1074,0,21.1074,21.1074,True
E79,2019-08,3,3,0,3,0,0,3,0,0,5.696613,0,5.696613,5.696613,3,3,0,3,0,0,3,0,0,14.97,0,14.97,14.97,True
E79,2019-09,9,8,1,9,0,0,8,0,0,5.621875,0,5.621875,5.621875,0,0,0,0,0,0,0,0,0,0,0,0,0,True
E79,2019-10,6,6,0,6,0,0,6,0,0,3.88263,0,3.88263,3.88263,3,3,0,3,0,0,3,0,0,22.1684,0,22.1684,22.1684,True
E79,2019-11,6,6,0,6,0,0,6,0,0,6.33651,0,6.33651,6.33651,2,2,0,2,0,0,2,0,0,10.5767,0,10.5767,10.5767,True
E79,2019-12,6,6,0,6,0,0,6,0,0,5.549483,0,5.549483,5.549483,0,0,0,0,0,0,0,0,0,0,0,0,0,True
E79,2020-01,6,6,0,6,0,0,6,0,0,8.543802,0,8.543802,8.543802,3,3,0,3,0,0,3,0,0,16.9933,0,16.9933,16.9933,True
E79,2020-02,2,2,0,2,0,0,2,0,0,3.150634,0,3.150634,3.150634,0,0,0,0,0,0,0,0,0,0,0,0,0,True
E8,2016-10,0,0,0,0,0,0,0,0,0,0,0,0,0,0,0,0,0,0,0,0,0,0,0,0,0,0,False
E8,2016-11,0,0,0,0,0,0,0,0,0,0,0,0,0,0,0,0,0,0,0,0,0,0,0,0,0,0,False
E8,2016-12,0,0,0,0,0,0,0,0,0,0,0,0,0,0,0,0,0,0,0,0,0,0,0,0,0,0,False
E8,2017-01,59,56,3,59,0,0,56,0,0,214.972468,0,214.972468,214.972468,178,157,21,175,3,0,154,3,0,764.425132,10.4,754.025132,774.825132,True
E8,2017-02,33,30,3,33,0,0,30,0,0,73.636445,0,73.636445,73.636445,149,138,11,147,2,0,136,2,0,637.47494,12.4,625.07494,649.87494,True
E8,2017-03,67,60,7,66,1,0,59,1,0,210.812376,13.02,197.792376,223.832376,233,213,20,221,12,0,201,12,0,774.337788,103.836,670.501788,878.173788,True
E8,2017-04,59,53,6,59,0,0,53,0,0,393.410039,0,393.410039,393.410039,199,170,29,188,3,8,167,3,0,487.47026,19,468.47026,506.47026,True
E8,2017-05,99,95,4,99,0,0,95,0,0,193.173492,0,193.173492,193.173492,227,206,21,225,2,0,204,2,0,781.984,2.8,779.184,784.784,True
E8,2017-06,341,327,14,341,0,0,327,0,0,925.364297,0,925.364297,925.364297,239,225,14,228,11,0,214,11,0,933.571862,70.17,863.401862,1003.741862,True
E8,2017-07,659,623,36,653,6,0,617,6,0,220.575528,4.810353,215.765175,225.385881,232,208,24,224,8,0,200,8,0,658.725318,36.535,622.190318,695.260318,True
E8,2017-08,609,591,18,609,0,0,591,0,0,511.199526,0,511.199526,511.199526,221,199,22,218,3,0,196,3,0,688.425493,9,679.425493,697.425493,True
E8,2017-09,669,646,23,667,2,0,644,2,0,704.381029,12.016,692.365029,716.397029,235,213,22,232,3,0,210,3,0,994.161635,15.96,978.201635,1010.121635,True
E8,2017-10,575,552,23,575,0,0,552,0,0,318.13388,0,318.13388,318.13388,206,187,19,203,3,0,184,3,0,884.6367,14.39,870.2467,899.0267,True
E8,2017-11,580,563,17,579,1,0,562,1,0,458.436202,0.047784,458.388418,458.483986,286,243,43,283,3,0,240,3,0,992.724747,20.062,972.662747,1012.786747,True
E8,2017-12,611,588,23,609,2,0,586,2,0,388.264191,1.32898,386.935211,389.593171,422,380,42,415,7,0,373,7,0,2082.404162,41.25,2041.154162,2123.654162,True
E8,2018-01,730,697,33,730,0,0,697,0,0,801.310457,0,801.310457,801.310457,278,228,50,266,12,0,216,12,0,1021.183577,67.0832,954.100377,1088.266777,True
E8,2018-02,479,462,17,478,1,0,461,1,0,833.633149,0.2472,833.385949,833.880349,111,104,7,109,2,0,102,2,0,513.36723,16.4,496.96723,529.76723,True
E8,2018-03,612,596,16,611,1,0,595,1,0,340.496199,0.54,339.956199,341.036199,191,165,26,189,2,0,163,2,0,605.220227,0.68,604.540227,605.900227,True
E8,2018-04,583,569,14,582,1,0,568,1,0,351.665457,0.02,351.645457,351.685457,215,200,15,210,5,0,195,5,0,790.41424,21.15,769.26424,811.56424,True
E8,2018-05,659,634,25,659,0,0,634,0,0,342.089497,0,342.089497,342.089497,207,183,24,205,2,0,181,2,0,795.401496,4.5,790.901496,799.901496,True
E8,2018-06,611,595,16,609,2,0,593,2,0,366.803126,0.5943,366.208826,367.397426,243,215,28,236,7,0,208,7,0,1082.502181,35.678,1046.824181,1118.180181,True
E8,2018-07,737,706,31,736,1,0,705,1,0,562.208885,0.0276,562.181285,562.236485,325,287,38,308,17,0,271,16,0,1538.315502,125.461,1412.854502,1663.776502,True
E8,2018-08,731,717,14,727,4,0,714,3,0,418.088666,15.788,402.300666,433.876666,440,398,42,434,6,0,392,6,0,2463.61976,45.8438,2417.77596,2509.46356,True
E8,2018-09,744,717,27,743,1,0,716,1,0,390.257597,0.2685,389.989097,390.526097,268,233,35,249,19,0,214,19,0,949.91108,110.4754,839.43568,1060.38648,True
E8,2018-10,760,748,12,760,0,0,748,0,0,438.471414,0,438.471414,438.471414,264,243,21,259,5,0,238,5,0,1258.43875,33.65,1224.78875,1292.08875,True
E8,2018-11,713,684,29,712,1,0,683,1,0,738.372781,0.1699,738.202881,738.542681,302,270,32,300,2,0,268,2,0,1183.291547,2,1181.291547,1185.291547,True
E8,2018-12,744,722,22,743,1,0,721,1,0,719.945112,0.05,719.895112,719.995112,438,388,50,427,11,0,377,11,0,2098.029464,91.058195,2006.971269,2189.087659,True
E8,2019-01,730,717,13,728,2,0,715,2,0,461.240605,0.251296,460.989309,461.491901,274,243,31,262,12,0,231,12,0,1203.50174,85.1974,1118.30434,1288.69914,True
E8,2019-02,449,441,8,446,3,0,438,3,0,484.803535,1.1681,483.635435,485.971635,193,78,115,78,6,109,72,6,0,322.37121,38.44,283.93121,360.81121,True
E8,2019-03,721,680,41,717,4,0,676,4,0,408.162695,1.8132,406.349495,409.975895,212,190,22,210,2,0,188,2,0,733.500281,8.2,725.300281,741.700281,True
E8,2019-04,797,775,22,789,8,0,767,8,0,480.411947,3.518705,476.893242,483.930652,273,248,25,258,15,0,233,15,0,1162.547214,110.9772,1051.570014,1273.524414,True
E8,2019-05,757,732,25,755,2,0,730,2,0,291.768781,0.06,291.708781,291.828781,257,229,28,254,3,0,226,3,0,1185.979711,20.38,1165.599711,1206.359711,True
E8,2019-06,770,749,21,766,4,0,745,4,0,560.70845,6.431204,554.277246,567.139654,154,146,8,147,7,0,139,7,0,574.366,15.0728,559.2932,589.4388,True
E8,2019-07,916,874,42,912,4,0,870,4,0,501.551969,0.2261,501.325869,501.778069,221,201,20,209,12,0,189,12,0,812.58225,77.27685,735.3054,889.8591,True
E8,2019-08,838,815,23,836,2,0,813,2,0,419.617388,0.540897,419.076491,420.158285,291,267,24,290,1,0,266,1,0,1609.577875,7.28,1602.297875,1616.857875,True
E8,2019-09,828,812,16,824,4,0,808,4,0,422.556022,0.29015,422.265872,422.846172,187,164,23,184,3,0,161,3,0,671.558545,10,661.558545,681.558545,True
E8,2019-10,782,760,22,779,3,0,757,3,0,488.180853,0.8508,487.330053,489.031653,227,204,23,226,1,0,203,1,0,1088.262368,6,1082.262368,1094.262368,True
E8,2019-11,907,853,54,902,5,0,848,5,0,401.714813,1.3506,400.364213,403.065413,338,301,37,327,11,0,291,10,0,1655.554374,79.5,1576.054374,1735.054374,True
E8,2019-12,870,840,30,863,7,0,833,7,0,695.490307,1.0154,694.474907,696.505707,385,356,29,374,11,0,345,11,0,1904.620381,48.2876,1856.332781,1952.907981,True
E8,2020-01,648,639,9,643,5,0,634,5,0,574.868947,0.751699,574.117248,575.620646,251,226,25,237,14,0,213,13,0,1192.929507,112.723855,1080.205652,1305.653362,True
E8,2020-02,59,59,0,59,0,0,59,0,0,2.288037,0,2.288037,2.288037,53,53,0,53,0,0,53,0,0,511.11852,0,511.11852,511.11852,True
E80,2016-10,0,0,0,0,0,0,0,0,0,0,0,0,0,0,0,0,0,0,0,0,0,0,0,0,0,0,False
E80,2016-11,0,0,0,0,0,0,0,0,0,0,0,0,0,0,0,0,0,0,0,0,0,0,0,0,0,0,False
E80,2016-12,0,0,0,0,0,0,0,0,0,0,0,0,0,0,0,0,0,0,0,0,0,0,0,0,0,0,False
E80,2017-01,0,0,0,0,0,0,0,0,0,0,0,0,0,0,0,0,0,0,0,0,0,0,0,0,0,0,False
E80,2017-02,0,0,0,0,0,0,0,0,0,0,0,0,0,0,0,0,0,0,0,0,0,0,0,0,0,0,False
E80,2017-03,0,0,0,0,0,0,0,0,0,0,0,0,0,3,3,0,3,0,0,3,0,0,5.666182,0,5.666182,5.666182,True
E80,2017-04,0,0,0,0,0,0,0,0,0,0,0,0,0,0,0,0,0,0,0,0,0,0,0,0,0,0,False
E80,2017-05,1,1,0,1,0,0,1,0,0,5.4,0,5.4,5.4,0,0,0,0,0,0,0,0,0,0,0,0,0,True
E80,2017-06,2,2,0,2,0,0,2,0,0,0.335225,0,0.335225,0.335225,1,1,0,1,0,0,1,0,0,5.5,0,5.5,5.5,True
E80,2017-07,0,0,0,0,0,0,0,0,0,0,0,0,0,0,0,0,0,0,0,0,0,0,0,0,0,0,False
E80,2017-08,2,2,0,2,0,0,2,0,0,2.4,0,2.4,2.4,0,0,0,0,0,0,0,0,0,0,0,0,0,True
E80,2017-09,2,2,0,2,0,0,2,0,0,0.082,0,0.082,0.082,0,0,0,0,0,0,0,0,0,0,0,0,0,True
E80,2017-10,4,4,0,4,0,0,4,0,0,59.615,0,59.615,59.615,0,0,0,0,0,0,0,0,0,0,0,0,0,True
E80,2017-11,1,1,0,1,0,0,1,0,0,0.987,0,0.987,0.987,0,0,0,0,0,0,0,0,0,0,0,0,0,True
E80,2017-12,2,2,0,2,0,0,2,0,0,0.0463,0,0.0463,0.0463,0,0,0,0,0,0,0,0,0,0,0,0,0,True
E80,2018-01,3,3,0,3,0,0,3,0,0,56.8803,0,56.8803,56.8803,5,5,0,5,0,0,5,0,0,42.8126,0,42.8126,42.8126,True
E80,2018-02,5,5,0,5,0,0,5,0,0,0.582726,0,0.582726,0.582726,0,0,0,0,0,0,0,0,0,0,0,0,0,True
E80,2018-03,8,8,0,8,0,0,8,0,0,0.151102,0,0.151102,0.151102,0,0,0,0,0,0,0,0,0,0,0,0,0,True
E80,2018-04,18,18,0,18,0,0,18,0,0,0.95867,0,0.95867,0.95867,0,0,0,0,0,0,0,0,0,0,0,0,0,True
E80,2018-05,17,17,0,17,0,0,17,0,0,0.5005,0,0.5005,0.5005,0,0,0,0,0,0,0,0,0,0,0,0,0,True
E80,2018-06,18,17,1,18,0,0,17,0,0,0.390437,0,0.390437,0.390437,0,0,0,0,0,0,0,0,0,0,0,0,0,True
E80,2018-07,19,18,1,19,0,0,18,0,0,0.970092,0,0.970092,0.970092,0,0,0,0,0,0,0,0,0,0,0,0,0,True
E80,2018-08,9,9,0,9,0,0,9,0,0,0.42433,0,0.42433,0.42433,0,0,0,0,0,0,0,0,0,0,0,0,0,True
E80,2018-09,25,23,2,25,0,0,23,0,0,0.629307,0,0.629307,0.629307,0,0,0,0,0,0,0,0,0,0,0,0,0,True
E80,2018-10,24,24,0,24,0,0,24,0,0,0.653119,0,0.653119,0.653119,0,0,0,0,0,0,0,0,0,0,0,0,0,True
E80,2018-11,24,24,0,24,0,0,24,0,0,1.291312,0,1.291312,1.291312,0,0,0,0,0,0,0,0,0,0,0,0,0,True
E80,2018-12,32,32,0,32,0,0,32,0,0,120.36419,0,120.36419,120.36419,0,0,0,0,0,0,0,0,0,0,0,0,0,True
E80,2019-01,23,23,0,23,0,0,23,0,0,1.096709,0,1.096709,1.096709,0,0,0,0,0,0,0,0,0,0,0,0,0,True
E80,2019-02,13,13,0,13,0,0,13,0,0,0.3675,0,0.3675,0.3675,0,0,0,0,0,0,0,0,0,0,0,0,0,True
E80,2019-03,17,17,0,17,0,0,17,0,0,0.4929,0,0.4929,0.4929,0,0,0,0,0,0,0,0,0,0,0,0,0,True
E80,2019-04,15,15,0,15,0,0,15,0,0,0.303601,0,0.303601,0.303601,0,0,0,0,0,0,0,0,0,0,0,0,0,True
E80,2019-05,22,22,0,22,0,0,22,0,0,0.62776,0,0.62776,0.62776,0,0,0,0,0,0,0,0,0,0,0,0,0,True
E80,2019-06,10,9,1,10,0,0,9,0,0,0.2513,0,0.2513,0.2513,15,14,1,15,0,0,14,0,0,130.95446,0,130.95446,130.95446,True
E80,2019-07,10,10,0,10,0,0,10,0,0,1.13084,0,1.13084,1.13084,2,2,0,2,0,0,2,0,0,16.04554,0,16.04554,16.04554,True
E80,2019-08,14,14,0,14,0,0,14,0,0,0.332939,0,0.332939,0.332939,0,0,0,0,0,0,0,0,0,0,0,0,0,True
E80,2019-09,8,8,0,8,0,0,8,0,0,0.246947,0,0.246947,0.246947,0,0,0,0,0,0,0,0,0,0,0,0,0,True
E80,2019-10,6,6,0,6,0,0,6,0,0,0.12421,0,0.12421,0.12421,0,0,0,0,0,0,0,0,0,0,0,0,0,True
E80,2019-11,11,11,0,11,0,0,11,0,0,0.335394,0,0.335394,0.335394,6,6,0,6,0,0,6,0,0,45.725,0,45.725,45.725,True
E80,2019-12,18,18,0,18,0,0,18,0,0,1.333802,0,1.333802,1.333802,12,12,0,12,0,0,12,0,0,100.822622,0,100.822622,100.822622,True
E80,2020-01,11,11,0,11,0,0,11,0,0,0.724823,0,0.724823,0.724823,4,4,0,4,0,0,4,0,0,30.397563,0,30.397563,30.397563,True
E80,2020-02,1,1,0,1,0,0,1,0,0,0.038147,0,0.038147,0.038147,0,0,0,0,0,0,0,0,0,0,0,0,0,True
E81,2016-10,0,0,0,0,0,0,0,0,0,0,0,0,0,0,0,0,0,0,0,0,0,0,0,0,0,0,False
E81,2016-11,0,0,0,0,0,0,0,0,0,0,0,0,0,0,0,0,0,0,0,0,0,0,0,0,0,0,False
E81,2016-12,0,0,0,0,0,0,0,0,0,0,0,0,0,0,0,0,0,0,0,0,0,0,0,0,0,0,False
E81,2017-01,5,4,1,5,0,0,4,0,0,4.35763,0,4.35763,4.35763,15,6,9,15,0,0,6,0,0,2.9322,0,2.9322,2.9322,True
E81,2017-02,6,6,0,6,0,0,6,0,0,9.1491,0,9.1491,9.1491,15,14,1,15,0,0,14,0,0,8.913732,0,8.913732,8.913732,True
E81,2017-03,0,0,0,0,0,0,0,0,0,0,0,0,0,11,9,2,11,0,0,9,0,0,5.99801,0,5.99801,5.99801,True
E81,2017-04,5,5,0,5,0,0,5,0,0,9.00975,0,9.00975,9.00975,10,9,1,10,0,0,9,0,0,5.0157,0,5.0157,5.0157,True
E81,2017-05,3,3,0,3,0,0,3,0,0,2.06405,0,2.06405,2.06405,15,15,0,15,0,0,15,0,0,9.14382,0,9.14382,9.14382,True
E81,2017-06,3,3,0,3,0,0,3,0,0,1.348,0,1.348,1.348,14,13,1,14,0,0,13,0,0,9.11555,0,9.11555,9.11555,True
E81,2017-07,6,5,1,6,0,0,5,0,0,4.744235,0,4.744235,4.744235,12,12,0,12,0,0,12,0,0,7.801294,0,7.801294,7.801294,True
E81,2017-08,6,6,0,6,0,0,6,0,0,4.42829,0,4.42829,4.42829,11,11,0,11,0,0,11,0,0,8.2339,0,8.2339,8.2339,True
E81,2017-09,3,3,0,3,0,0,3,0,0,6.4564,0,6.4564,6.4564,13,12,1,13,0,0,12,0,0,8.97414,0,8.97414,8.97414,True
E81,2017-10,7,7,0,7,0,0,7,0,0,12.80915,0,12.80915,12.80915,34,34,0,34,0,0,34,0,0,22.0937,0,22.0937,22.0937,True
E81,2017-11,3,3,0,3,0,0,3,0,0,6.309,0,6.309,6.309,15,15,0,15,0,0,15,0,0,12.74452,0,12.74452,12.74452,True
E81,2017-12,11,10,1,11,0,0,10,0,0,13.8604,0,13.8604,13.8604,17,17,0,17,0,0,17,0,0,11.11825,0,11.11825,11.11825,True
E81,2018-01,5,5,0,5,0,0,5,0,0,7.8161,0,7.8161,7.8161,25,25,0,25,0,0,25,0,0,16.62456,0,16.62456,16.62456,True
E81,2018-02,3,3,0,3,0,0,3,0,0,0.1699,0,0.1699,0.1699,5,5,0,5,0,0,5,0,0,3.21855,0,3.21855,3.21855,True
E81,2018-03,3,3,0,3,0,0,3,0,0,5.8355,0,5.8355,5.8355,28,23,5,28,0,0,23,0,0,17.7537,0,17.7537,17.7537,True
E81,2018-04,5,5,0,5,0,0,5,0,0,7.5981,0,7.5981,7.5981,25,25,0,25,0,0,25,0,0,18.56825,0,18.56825,18.56825,True
E81,2018-05,3,3,0,3,0,0,3,0,0,1.3573,0,1.3573,1.3573,10,10,0,10,0,0,10,0,0,6.84466,0,6.84466,6.84466,True
E81,2018-06,13,13,0,12,1,0,12,1,0,9.207739,0.199182,9.008557,9.406921,8,6,2,8,0,0,6,0,0,3.522632,0,3.522632,3.522632,True
E81,2018-07,5,5,0,5,0,0,5,0,0,4.8083,0,4.8083,4.8083,18,18,0,18,0,0,18,0,0,12.823892,0,12.823892,12.823892,True
E81,2018-08,7,7,0,7,0,0,7,0,0,7.0358,0,7.0358,7.0358,19,15,4,19,0,0,15,0,0,8.28,0,8.28,8.28,True
E81,2018-09,5,5,0,5,0,0,5,0,0,3.96775,0,3.96775,3.96775,32,30,2,31,1,0,29,1,0,15.57328,0.594,14.97928,16.16728,True
E81,2018-10,5,5,0,5,0,0,5,0,0,9.7196,0,9.7196,9.7196,20,19,1,20,0,0,19,0,0,12.09936,0,12.09936,12.09936,True
E81,2018-11,5,4,1,5,0,0,4,0,0,5.993,0,5.993,5.993,24,21,3,24,0,0,21,0,0,12.28417,0,12.28417,12.28417,True
E81,2018-12,8,8,0,8,0,0,8,0,0,11.38635,0,11.38635,11.38635,26,24,2,26,0,0,24,0,0,15.71436,0,15.71436,15.71436,True
E81,2019-01,4,4,0,4,0,0,4,0,0,1.0215,0,1.0215,1.0215,25,24,1,25,0,0,24,0,0,14.759911,0,14.759911,14.759911,True
E81,2019-02,4,4,0,4,0,0,4,0,0,0.2097,0,0.2097,0.2097,11,11,0,10,1,0,10,1,0,5.5013,0.1296,5.3717,5.6309,True
E81,2019-03,7,7,0,7,0,0,7,0,0,11.0175,0,11.0175,11.0175,31,31,0,31,0,0,31,0,0,19.09965,0,19.09965,19.09965,True
E81,2019-04,10,10,0,10,0,0,10,0,0,3.45,0,3.45,3.45,11,11,0,11,0,0,11,0,0,6.7363,0,6.7363,6.7363,True
E81,2019-05,7,7,0,6,1,0,6,1,0,2.0066,0.681,1.3256,2.6876,23,23,0,23,0,0,23,0,0,14.63846,0,14.63846,14.63846,True
E81,2019-06,5,5,0,5,0,0,5,0,0,9.606791,0,9.606791,9.606791,17,15,2,17,0,0,15,0,0,6.8803,0,6.8803,6.8803,True
E81,2019-07,3,3,0,3,0,0,3,0,0,16.3539,0,16.3539,16.3539,24,22,2,24,0,0,22,0,0,17.066201,0,17.066201,17.066201,True
E81,2019-08,5,5,0,5,0,0,5,0,0,2.2425,0,2.2425,2.2425,14,14,0,14,0,0,14,0,0,8.362898,0,8.362898,8.362898,True
E81,2019-09,4,4,0,4,0,0,4,0,0,6.6395,0,6.6395,6.6395,20,20,0,20,0,0,20,0,0,13.695392,0,13.695392,13.695392,True
E81,2019-10,2,2,0,2,0,0,2,0,0,7.013,0,7.013,7.013,13,13,0,13,0,0,13,0,0,8.6701,0,8.6701,8.6701,True
E81,2019-11,21,19,2,21,0,0,19,0,0,22.6648,0,22.6648,22.6648,15,14,1,15,0,0,14,0,0,8.855024,0,8.855024,8.855024,True
E81,2019-12,13,13,0,12,1,0,12,1,0,1.2425,7.0771,-5.8346,8.3196,15,15,0,15,0,0,15,0,0,8.76515,0,8.76515,8.76515,True
E81,2020-01,1,1,0,1,0,0,1,0,0,0.6,0,0.6,0.6,8,8,0,7,1,0,7,1,0,3.72195,0.40265,3.3193,4.1246,True
E81,2020-02,0,0,0,0,0,0,0,0,0,0,0,0,0,0,0,0,0,0,0,0,0,0,0,0,0,0,False
E82,2016-10,0,0,0,0,0,0,0,0,0,0,0,0,0,0,0,0,0,0,0,0,0,0,0,0,0,0,False
E82,2016-11,0,0,0,0,0,0,0,0,0,0,0,0,0,0,0,0,0,0,0,0,0,0,0,0,0,0,False
E82,2016-12,0,0,0,0,0,0,0,0,0,0,0,0,0,0,0,0,0,0,0,0,0,0,0,0,0,0,False
E82,2017-01,1,1,0,1,0,0,1,0,0,0.986,0,0.986,0.986,8,8,0,8,0,0,8,0,0,7.73902,0,7.73902,7.73902,True
E82,2017-02,0,0,0,0,0,0,0,0,0,0,0,0,0,0,0,0,0,0,0,0,0,0,0,0,0,0,False
E82,2017-03,10,10,0,10,0,0,10,0,0,14.178005,0,14.178005,14.178005,20,20,0,20,0,0,20,0,0,21.873652,0,21.873652,21.873652,True
E82,2017-04,0,0,0,0,0,0,0,0,0,0,0,0,0,0,0,0,0,0,0,0,0,0,0,0,0,0,False
E82,2017-05,2,1,1,2,0,0,1,0,0,1.001,0,1.001,1.001,6,6,0,6,0,0,6,0,0,6.3165,0,6.3165,6.3165,True
E82,2017-06,2,2,0,2,0,0,2,0,0,1.97676,0,1.97676,1.97676,2,2,0,2,0,0,2,0,0,1.61,0,1.61,1.61,True
E82,2017-07,4,4,0,4,0,0,4,0,0,1.139855,0,1.139855,1.139855,9,9,0,9,0,0,9,0,0,8.686984,0,8.686984,8.686984,True
E82,2017-08,2,1,1,2,0,0,1,0,0,1.4615,0,1.4615,1.4615,0,0,0,0,0,0,0,0,0,0,0,0,0,True
E82,2017-09,9,9,0,9,0,0,9,0,0,7.02611,0,7.02611,7.02611,11,10,1,11,0,0,10,0,0,8.67407,0,8.67407,8.67407,True
E82,2017-10,4,4,0,4,0,0,4,0,0,7.4413,0,7.4413,7.4413,14,13,1,14,0,0,13,0,0,12.97252,0,12.97252,12.97252,True
E82,2017-11,13,12,1,13,0,0,12,0,0,12.166625,0,12.166625,12.166625,15,14,1,15,0,0,14,0,0,15.772245,0,15.772245,15.772245,True
E82,2017-12,2,2,0,2,0,0,2,0,0,0.269335,0,0.269335,0.269335,0,0,0,0,0,0,0,0,0,0,0,0,0,True
E82,2018-01,5,5,0,5,0,0,5,0,0,3.399397,0,3.399397,3.399397,11,11,0,11,0,0,11,0,0,12.39465,0,12.39465,12.39465,True
E82,2018-02,3,3,0,3,0,0,3,0,0,1.1845,0,1.1845,1.1845,0,0,0,0,0,0,0,0,0,0,0,0,0,True
E82,2018-03,7,7,0,7,0,0,7,0,0,2.8953,0,2.8953,2.8953,5,5,0,5,0,0,5,0,0,5.23427,0,5.23427,5.23427,True
E82,2018-04,11,11,0,11,0,0,11,0,0,7.050557,0,7.050557,7.050557,31,31,0,31,0,0,31,0,0,33.263506,0,33.263506,33.263506,True
E82,2018-05,8,8,0,8,0,0,8,0,0,2.7205,0,2.7205,2.7205,2,2,0,2,0,0,2,0,0,1.7825,0,1.7825,1.7825,True
E82,2018-06,16,16,0,16,0,0,16,0,0,4.009112,0,4.009112,4.009112,13,13,0,13,0,0,13,0,0,13.856545,0,13.856545,13.856545,True
E82,2018-07,7,7,0,7,0,0,7,0,0,13.541429,0,13.541429,13.541429,22,21,1,22,0,0,21,0,0,21.344475,0,21.344475,21.344475,True
E82,2018-08,6,6,0,6,0,0,6,0,0,2.03744,0,2.03744,2.03744,3,3,0,3,0,0,3,0,0,2.793327,0,2.793327,2.793327,True
E82,2018-09,9,9,0,9,0,0,9,0,0,3.230412,0,3.230412,3.230412,2,2,0,2,0,0,2,0,0,1.625,0,1.625,1.625,True
E82,2018-10,8,8,0,8,0,0,8,0,0,6.469905,0,6.469905,6.469905,14,14,0,14,0,0,14,0,0,14.398285,0,14.398285,14.398285,True
E82,2018-11,9,9,0,9,0,0,9,0,0,7.172127,0,7.172127,7.172127,14,14,0,13,1,0,13,1,0,11.477613,0.537763,10.93985,12.015376,True
E82,2018-12,28,28,0,28,0,0,28,0,0,15.838445,0,15.838445,15.838445,35,35,0,35,0,0,35,0,0,37.022545,0,37.022545,37.022545,True
E82,2019-01,6,6,0,6,0,0,6,0,0,1.472884,0,1.472884,1.472884,1,1,0,1,0,0,1,0,0,1,0,1,1,True
E82,2019-02,6,6,0,6,0,0,6,0,0,7.636264,0,7.636264,7.636264,0,0,0,0,0,0,0,0,0,0,0,0,0,True
E82,2019-03,6,6,0,6,0,0,6,0,0,2.281161,0,2.281161,2.281161,57,54,3,57,0,0,54,0,0,56.8287,0,56.8287,56.8287,True
E82,2019-04,8,8,0,8,0,0,8,0,0,0.147767,0,0.147767,0.147767,0,0,0,0,0,0,0,0,0,0,0,0,0,True
E82,2019-05,12,12,0,12,0,0,12,0,0,9.971861,0,9.971861,9.971861,9,9,0,9,0,0,9,0,0,8.869151,0,8.869151,8.869151,True
E82,2019-06,12,12,0,12,0,0,12,0,0,2.507289,0,2.507289,2.507289,9,9,0,9,0,0,9,0,0,7.912592,0,7.912592,7.912592,True
E82,2019-07,13,13,0,12,1,0,12,1,0,0.177531,0.020397,0.157134,0.197928,0,0,0,0,0,0,0,0,0,0,0,0,0,True
E82,2019-08,10,10,0,10,0,0,10,0,0,1.978922,0,1.978922,1.978922,0,0,0,0,0,0,0,0,0,0,0,0,0,True
E82,2019-09,6,6,0,6,0,0,6,0,0,0.174819,0,0.174819,0.174819,1,1,0,1,0,0,1,0,0,1.097,0,1.097,1.097,True
E82,2019-10,34,33,1,33,1,0,32,1,0,10.465103,0.0051,10.460003,10.470203,23,23,0,22,1,0,22,1,0,21.870231,1.097,20.773231,22.967231,True
E82,2019-11,18,18,0,18,0,0,18,0,0,1.210561,0,1.210561,1.210561,0,0,0,0,0,0,0,0,0,0,0,0,0,True
E82,2019-12,17,17,0,16,1,0,16,1,0,14.17729,0.009897,14.167393,14.187187,6,5,1,6,0,0,5,0,0,5.347,0,5.347,5.347,True
E82,2020-01,1,1,0,1,0,0,1,0,0,0.036,0,0.036,0.036,0,0,0,0,0,0,0,0,0,0,0,0,0,True
E82,2020-02,0,0,0,0,0,0,0,0,0,0,0,0,0,0,0,0,0,0,0,0,0,0,0,0,0,0,False
E83,2016-10,0,0,0,0,0,0,0,0,0,0,0,0,0,0,0,0,0,0,0,0,0,0,0,0,0,0,False
E83,2016-11,0,0,0,0,0,0,0,0,0,0,0,0,0,0,0,0,0,0,0,0,0,0,0,0,0,0,False
E83,2016-12,0,0,0,0,0,0,0,0,0,0,0,0,0,0,0,0,0,0,0,0,0,0,0,0,0,0,False
E83,2017-01,0,0,0,0,0,0,0,0,0,0,0,0,0,31,31,0,31,0,0,31,0,0,15,0,15,15,True
E83,2017-02,0,0,0,0,0,0,0,0,0,0,0,0,0,0,0,0,0,0,0,0,0,0,0,0,0,0,False
E83,2017-03,2,1,1,2,0,0,1,0,0,2.3,0,2.3,2.3,0,0,0,0,0,0,0,0,0,0,0,0,0,True
E83,2017-04,1,1,0,1,0,0,1,0,0,0.033,0,0.033,0.033,4,4,0,4,0,0,4,0,0,3.44,0,3.44,3.44,True
E83,2017-05,1,1,0,1,0,0,1,0,0,0.432,0,0.432,0.432,0,0,0,0,0,0,0,0,0,0,0,0,0,True
E83,2017-06,0,0,0,0,0,0,0,0,0,0,0,0,0,3,2,1,3,0,0,2,0,0,0.48,0,0.48,0.48,True
E83,2017-07,23,23,0,23,0,0,23,0,0,45.606952,0,45.606952,45.606952,84,46,38,84,0,0,46,0,0,16.512,0,16.512,16.512,True
E83,2017-08,50,46,4,50,0,0,46,0,0,82.125826,0,82.125826,82.125826,20,20,0,20,0,0,20,0,0,8.837,0,8.837,8.837,True
E83,2017-09,51,48,3,51,0,0,48,0,0,60.689435,0,60.689435,60.689435,46,41,5,46,0,0,41,0,0,10.02,0,10.02,10.02,True
E83,2017-10,120,81,39,118,2,0,79,2,0,121.591661,0.558043,121.033618,122.149704,33,33,0,33,0,0,33,0,0,8.743,0,8.743,8.743,True
E83,2017-11,108,99,9,107,1,0,98,1,0,186.026556,0.002,186.024556,186.028556,93,91,2,93,0,0,91,0,0,60.682081,0,60.682081,60.682081,True
E83,2017-12,106,101,5,106,0,0,101,0,0,147.724781,0,147.724781,147.724781,25,24,1,25,0,0,24,0,0,9.434,0,9.434,9.434,True
E83,2018-01,43,42,1,43,0,0,42,0,0,114.855413,0,114.855413,114.855413,0,0,0,0,0,0,0,0,0,0,0,0,0,True
E83,2018-02,33,32,1,31,2,0,30,2,0,33.971538,1.8535,32.118038,35.825038,0,0,0,0,0,0,0,0,0,0,0,0,0,True
E83,2018-03,55,53,2,53,2,0,51,2,0,49.602903,1.50096,48.101943,51.103863,1,1,0,1,0,0,1,0,0,0.542,0,0.542,0.542,True
E83,2018-04,78,75,3,77,1,0,74,1,0,77.661536,0.023,77.638536,77.684536,5,3,2,4,1,0,2,1,0,0.762,0.542,0.22,1.304,True
E83,2018-05,78,76,2,78,0,0,76,0,0,68.386535,0,68.386535,68.386535,9,9,0,9,0,0,9,0,0,1.92,0,1.92,1.92,True
E83,2018-06,64,62,2,64,0,0,62,0,0,53.847759,0,53.847759,53.847759,67,65,2,67,0,0,65,0,0,39.12,0,39.12,39.12,True
E83,2018-07,99,93,6,99,0,0,93,0,0,127.661228,0,127.661228,127.661228,35,35,0,34,1,0,34,1,0,11.02,0.2,10.82,11.22,True
E83,2018-08,114,112,2,114,0,0,112,0,0,155.041914,0,155.041914,155.041914,33,32,1,33,0,0,32,0,0,15.16,0,15.16,15.16,True
E83,2018-09,89,86,3,89,0,0,86,0,0,129.746448,0,129.746448,129.746448,33,32,1,32,1,0,31,1,0,15.18,0.14,15.04,15.32,True
E83,2018-10,94,89,5,94,0,0,89,0,0,128.544504,0,128.544504,128.544504,63,63,0,63,0,0,63,0,0,41.14,0,41.14,41.14,True
E83,2018-11,133,127,6,130,3,0,124,3,0,134.535491,0.1695,134.365991,134.704991,106,106,0,106,0,0,106,0,0,83.2,0,83.2,83.2,True
E83,2018-12,112,104,8,104,8,0,96,8,0,193.548413,6.39844,187.149973,199.946853,0,0,0,0,0,0,0,0,0,0,0,0,0,True
E83,2019-01,121,117,4,120,1,0,116,1,0,211.883876,0.107792,211.776084,211.991668,0,0,0,0,0,0,0,0,0,0,0,0,0,True
E83,2019-02,42,40,2,42,0,0,40,0,0,109.417548,0,109.417548,109.417548,1,1,0,1,0,0,1,0,0,0.948,0,0.948,0.948,True
E83,2019-03,78,70,8,73,5,0,65,5,0,76.721828,6.020512,70.701316,82.74234,0,0,0,0,0,0,0,0,0,0,0,0,0,True
E83,2019-04,102,91,11,99,3,0,88,3,0,78.317648,2.60537,75.712278,80.923018,0,0,0,0,0,0,0,0,0,0,0,0,0,True
E83,2019-05,93,87,6,90,3,0,84,3,0,112.221344,0.87174,111.349604,113.093084,0,0,0,0,0,0,0,0,0,0,0,0,0,True
E83,2019-06,104,90,14,103,1,0,89,1,0,84.767991,0.039,84.728991,84.806991,2,2,0,2,0,0,2,0,0,1.464,0,1.464,1.464,True
E83,2019-07,113,111,2,106,7,0,104,7,0,183.708124,5.1975,178.510624,188.905624,1,1,0,1,0,0,1,0,0,0.04,0,0.04,0.04,True
E83,2019-08,78,76,2,77,1,0,75,1,0,127.521537,0.6,126.921537,128.121537,0,0,0,0,0,0,0,0,0,0,0,0,0,True
E83,2019-09,79,73,6,76,3,0,71,2,0,170.102918,0.33476,169.768158,170.437678,0,0,0,0,0,0,0,0,0,0,0,0,0,True
E83,2019-10,145,138,7,140,5,0,133,5,0,110.118994,1.7465,108.372494,111.865494,0,0,0,0,0,0,0,0,0,0,0,0,0,True
E83,2019-11,123,112,11,121,2,0,110,2,0,232.271721,0.96,231.311721,233.231721,0,0,0,0,0,0,0,0,0,0,0,0,0,True
E83,2019-12,271,256,15,267,4,0,252,4,0,303.807871,0.8166,302.991271,304.624471,6,6,0,6,0,0,6,0,0,5.05,0,5.05,5.05,True
E83,2020-01,62,61,1,61,1,0,60,1,0,47.345317,0.4188,46.926517,47.764117,1,1,0,1,0,0,1,0,0,0.3,0,0.3,0.3,True
E83,2020-02,25,25,0,25,0,0,25,0,0,25.161905,0,25.161905,25.161905,4,0,4,4,0,0,0,0,0,0,0,0,0,True
E84,2016-10,0,0,0,0,0,0,0,0,0,0,0,0,0,0,0,0,0,0,0,0,0,0,0,0,0,0,False
E84,2016-11,0,0,0,0,0,0,0,0,0,0,0,0,0,0,0,0,0,0,0,0,0,0,0,0,0,0,False
E84,2016-12,0,0,0,0,0,0,0,0,0,0,0,0,0,0,0,0,0,0,0,0,0,0,0,0,0,0,False
E84,2017-01,3,3,0,3,0,0,3,0,0,2.747,0,2.747,2.747,8,5,3,8,0,0,5,0,0,24.145,0,24.145,24.145,True
E84,2017-02,0,0,0,0,0,0,0,0,0,0,0,0,0,0,0,0,0,0,0,0,0,0,0,0,0,0,False
E84,2017-03,0,0,0,0,0,0,0,0,0,0,0,0,0,6,5,1,6,0,0,5,0,0,3.96486,0,3.96486,3.96486,True
E84,2017-04,2,2,0,2,0,0,2,0,0,11.08,0,11.08,11.08,7,5,2,7,0,0,5,0,0,45.64455,0,45.64455,45.64455,True
E84,2017-05,1,1,0,1,0,0,1,0,0,10.175425,0,10.175425,10.175425,17,16,1,17,0,0,16,0,0,15.628125,0,15.628125,15.628125,True
E84,2017-06,2,2,0,2,0,0,2,0,0,21.5,0,21.5,21.5,21,21,0,21,0,0,21,0,0,28.527393,0,28.527393,28.527393,True
E84,2017-07,0,0,0,0,0,0,0,0,0,0,0,0,0,1,1,0,1,0,0,1,0,0,0.3465,0,0.3465,0.3465,True
E84,2017-08,1,1,0,1,0,0,1,0,0,10,0,10,10,14,5,9,14,0,0,5,0,0,14.419243,0,14.419243,14.419243,True
E84,2017-09,5,5,0,5,0,0,5,0,0,24.602669,0,24.602669,24.602669,7,7,0,7,0,0,7,0,0,6.7461,0,6.7461,6.7461,True
E84,2017-10,0,0,0,0,0,0,0,0,0,0,0,0,0,6,5,1,6,0,0,5,0,0,3.1672,0,3.1672,3.1672,True
E84,2017-11,0,0,0,0,0,0,0,0,0,0,0,0,0,8,7,1,8,0,0,7,0,0,6.28,0,6.28,6.28,True
E84,2017-12,2,2,0,2,0,0,2,0,0,0.046,0,0.046,0.046,19,16,3,19,0,0,16,0,0,14.020805,0,14.020805,14.020805,True
E84,2018-01,0,0,0,0,0,0,0,0,0,0,0,0,0,7,6,1,7,0,0,6,0,0,34.7325,0,34.7325,34.7325,True
E84,2018-02,10,10,0,10,0,0,10,0,0,20,0,20,20,21,21,0,21,0,0,21,0,0,28.978674,0,28.978674,28.978674,True
E84,2018-03,0,0,0,0,0,0,0,0,0,0,0,0,0,0,0,0,0,0,0,0,0,0,0,0,0,0,False
E84,2018-04,0,0,0,0,0,0,0,0,0,0,0,0,0,0,0,0,0,0,0,0,0,0,0,0,0,0,False
E84,2018-05,0,0,0,0,0,0,0,0,0,0,0,0,0,5,3,2,5,0,0,3,0,0,2.79189,0,2.79189,2.79189,True
E84,2018-06,0,0,0,0,0,0,0,0,0,0,0,0,0,1,1,0,1,0,0,1,0,0,7.0224,0,7.0224,7.0224,True
E84,2018-07,0,0,0,0,0,0,0,0,0,0,0,0,0,25,22,3,25,0,0,22,0,0,24.369425,0,24.369425,24.369425,True
E84,2018-08,8,7,1,8,0,0,7,0,0,11.94136,0,11.94136,11.94136,20,20,0,20,0,0,20,0,0,21.108575,0,21.108575,21.108575,True
E84,2018-09,0,0,0,0,0,0,0,0,0,0,0,0,0,19,19,0,19,0,0,19,0,0,18.649,0,18.649,18.649,True
E84,2018-10,0,0,0,0,0,0,0,0,0,0,0,0,0,16,16,0,16,0,0,16,0,0,19.71365,0,19.71365,19.71365,True
E84,2018-11,0,0,0,0,0,0,0,0,0,0,0,0,0,14,14,0,13,1,0,13,1,0,15.759035,4.78265,10.976385,20.541685,True
E84,2018-12,2,2,0,2,0,0,2,0,0,0.056,0,0.056,0.056,21,21,0,21,0,0,21,0,0,22.410811,0,22.410811,22.410811,True
E84,2019-01,0,0,0,0,0,0,0,0,0,0,0,0,0,11,8,3,9,2,0,6,2,0,6.204788,1.558,4.646788,7.762788,True
E84,2019-02,1,1,0,1,0,0,1,0,0,10.5,0,10.5,10.5,0,0,0,0,0,0,0,0,0,0,0,0,0,True
E84,2019-03,1,1,0,1,0,0,1,0,0,5,0,5,5,36,26,10,36,0,0,26,0,0,25.3068,0,25.3068,25.3068,True
E84,2019-04,0,0,0,0,0,0,0,0,0,0,0,0,0,8,6,2,8,0,0,6,0,0,5.52038,0,5.52038,5.52038,True
E84,2019-05,0,0,0,0,0,0,0,0,0,0,0,0,0,5,5,0,5,0,0,5,0,0,3.91,0,3.91,3.91,True
E84,2019-06,0,0,0,0,0,0,0,0,0,0,0,0,0,18,17,1,18,0,0,17,0,0,16.119,0,16.119,16.119,True
E84,2019-07,1,1,0,1,0,0,1,0,0,1.08,0,1.08,1.08,16,14,2,16,0,0,14,0,0,13.571625,0,13.571625,13.571625,True
E84,2019-08,1,1,0,1,0,0,1,0,0,0.351351,0,0.351351,0.351351,11,11,0,8,3,0,8,3,0,7.338153,3.087153,4.251,10.425306,True
E84,2019-09,0,0,0,0,0,0,0,0,0,0,0,0,0,0,0,0,0,0,0,0,0,0,0,0,0,0,False
E84,2019-10,1,1,0,1,0,0,1,0,0,4.999,0,4.999,4.999,50,47,3,50,0,0,47,0,0,46.619355,0,46.619355,46.619355,True
E84,2019-11,1,1,0,1,0,0,1,0,0,5,0,5,5,18,18,0,18,0,0,18,0,0,18.685041,0,18.685041,18.685041,True
E84,2019-12,2,2,0,2,0,0,2,0,0,6.8212,0,6.8212,6.8212,51,47,4,51,0,0,47,0,0,47.787835,0,47.787835,47.787835,True
E84,2020-01,10,10,0,10,0,0,10,0,0,19.975,0,19.975,19.975,11,10,1,11,0,0,10,0,0,17.629625,0,17.629625,17.629625,True
E84,2020-02,0,0,0,0,0,0,0,0,0,0,0,0,0,0,0,0,0,0,0,0,0,0,0,0,0,0,False
E85,2016-10,0,0,0,0,0,0,0,0,0,0,0,0,0,0,0,0,0,0,0,0,0,0,0,0,0,0,False
E85,2016-11,0,0,0,0,0,0,0,0,0,0,0,0,0,0,0,0,0,0,0,0,0,0,0,0,0,0,False
E85,2016-12,0,0,0,0,0,0,0,0,0,0,0,0,0,0,0,0,0,0,0,0,0,0,0,0,0,0,False
E85,2017-01,0,0,0,0,0,0,0,0,0,0,0,0,0,0,0,0,0,0,0,0,0,0,0,0,0,0,False
E85,2017-02,0,0,0,0,0,0,0,0,0,0,0,0,0,7,6,1,7,0,0,6,0,0,1.797689,0,1.797689,1.797689,True
E85,2017-03,0,0,0,0,0,0,0,0,0,0,0,0,0,4,4,0,4,0,0,4,0,0,1.36933,0,1.36933,1.36933,True
E85,2017-04,0,0,0,0,0,0,0,0,0,0,0,0,0,12,8,4,12,0,0,8,0,0,5.624998,0,5.624998,5.624998,True
E85,2017-05,0,0,0,0,0,0,0,0,0,0,0,0,0,8,4,4,8,0,0,4,0,0,1.661371,0,1.661371,1.661371,True
E85,2017-06,1,1,0,1,0,0,1,0,0,0.033,0,0.033,0.033,10,4,6,10,0,0,4,0,0,1.290436,0,1.290436,1.290436,True
E85,2017-07,3,3,0,3,0,0,3,0,0,0.4386,0,0.4386,0.4386,4,4,0,4,0,0,4,0,0,2.114259,0,2.114259,2.114259,True
E85,2017-08,0,0,0,0,0,0,0,0,0,0,0,0,0,5,4,1,5,0,0,4,0,0,1.212688,0,1.212688,1.212688,True
E85,2017-09,0,0,0,0,0,0,0,0,0,0,0,0,0,12,8,4,12,0,0,8,0,0,5.550259,0,5.550259,5.550259,True
E85,2017-10,4,4,0,4,0,0,4,0,0,2.836,0,2.836,2.836,17,6,11,17,0,0,6,0,0,3.440872,0,3.440872,3.440872,True
E85,2017-11,5,5,0,5,0,0,5,0,0,3.9705,0,3.9705,3.9705,6,6,0,6,0,0,6,0,0,2.544681,0,2.544681,2.544681,True
E85,2017-12,1,1,0,1,0,0,1,0,0,0.228384,0,0.228384,0.228384,8,7,1,8,0,0,7,0,0,3.031676,0,3.031676,3.031676,True
E85,2018-01,3,3,0,3,0,0,3,0,0,0.3552,0,0.3552,0.3552,13,11,2,13,0,0,11,0,0,6.967866,0,6.967866,6.967866,True
E85,2018-02,2,2,0,2,0,0,2,0,0,0.0344,0,0.0344,0.0344,29,29,0,29,0,0,29,0,0,25.445404,0,25.445404,25.445404,True
E85,2018-03,6,6,0,6,0,0,6,0,0,0.1742,0,0.1742,0.1742,2,2,0,2,0,0,2,0,0,1.126433,0,1.126433,1.126433,True
E85,2018-04,3,3,0,3,0,0,3,0,0,0.4958,0,0.4958,0.4958,13,13,0,13,0,0,13,0,0,8.119344,0,8.119344,8.119344,True
E85,2018-05,7,7,0,6,1,0,6,1,0,0.502752,0.039871,0.462881,0.542623,4,4,0,4,0,0,4,0,0,3.077554,0,3.077554,3.077554,True
E85,2018-06,11,11,0,11,0,0,11,0,0,0.376309,0,0.376309,0.376309,16,16,0,16,0,0,16,0,0,11.293565,0,11.293565,11.293565,True
E85,2018-07,13,13,0,13,0,0,13,0,0,2.09957,0,2.09957,2.09957,4,4,0,4,0,0,4,0,0,2.727108,0,2.727108,2.727108,True
E85,2018-08,4,4,0,4,0,0,4,0,0,0.1007,0,0.1007,0.1007,17,15,2,17,0,0,15,0,0,10.024386,0,10.024386,10.024386,True
E85,2018-09,7,7,0,7,0,0,7,0,0,0.279099,0,0.279099,0.279099,2,2,0,2,0,0,2,0,0,0.554113,0,0.554113,0.554113,True
E85,2018-10,14,14,0,14,0,0,14,0,0,1.197038,0,1.197038,1.197038,10,10,0,10,0,0,10,0,0,48.446352,0,48.446352,48.446352,True
E85,2018-11,4,4,0,4,0,0,4,0,0,0.04357,0,0.04357,0.04357,5,5,0,5,0,0,5,0,0,4.86254,0,4.86254,4.86254,True
E85,2018-12,13,13,0,13,0,0,13,0,0,15.352271,0,15.352271,15.352271,5,5,0,5,0,0,5,0,0,2.705711,0,2.705711,2.705711,True
E85,2019-01,13,13,0,13,0,0,13,0,0,10.023389,0,10.023389,10.023389,11,9,2,11,0,0,9,0,0,16.594006,0,16.594006,16.594006,True
E85,2019-02,7,7,0,7,0,0,7,0,0,0.1807,0,0.1807,0.1807,6,4,2,6,0,0,4,0,0,3.363605,0,3.363605,3.363605,True
E85,2019-03,11,10,1,11,0,0,10,0,0,0.5566,0,0.5566,0.5566,4,4,0,4,0,0,4,0,0,1.651376,0,1.651376,1.651376,True
E85,2019-04,11,11,0,11,0,0,11,0,0,0.5499,0,0.5499,0.5499,5,5,0,5,0,0,5,0,0,5.119776,0,5.119776,5.119776,True
E85,2019-05,16,16,0,16,0,0,16,0,0,0.637746,0,0.637746,0.637746,4,4,0,4,0,0,4,0,0,2.299008,0,2.299008,2.299008,True
E85,2019-06,9,9,0,9,0,0,9,0,0,0.201969,0,0.201969,0.201969,5,4,1,5,0,0,4,0,0,17.102504,0,17.102504,17.102504,True
E85,2019-07,11,11,0,11,0,0,11,0,0,0.252697,0,0.252697,0.252697,7,7,0,7,0,0,7,0,0,2.002519,0,2.002519,2.002519,True
E85,2019-08,10,10,0,10,0,0,10,0,0,0.4764,0,0.4764,0.4764,3,3,0,3,0,0,3,0,0,9.644786,0,9.644786,9.644786,True
E85,2019-09,13,13,0,13,0,0,13,0,0,0.9086,0,0.9086,0.9086,4,2,2,4,0,0,2,0,0,6.3175,0,6.3175,6.3175,True
E85,2019-10,7,7,0,7,0,0,7,0,0,0.179298,0,0.179298,0.179298,2,2,0,2,0,0,2,0,0,1.5085,0,1.5085,1.5085,True
E85,2019-11,3,3,0,3,0,0,3,0,0,0.4398,0,0.4398,0.4398,2,2,0,2,0,0,2,0,0,6.36,0,6.36,6.36,True
E85,2019-12,8,8,0,8,0,0,8,0,0,0.188196,0,0.188196,0.188196,4,3,1,4,0,0,3,0,0,16.95,0,16.95,16.95,True
E85,2020-01,8,8,0,8,0,0,8,0,0,0.134699,0,0.134699,0.134699,22,20,2,22,0,0,20,0,0,29.225485,0,29.225485,29.225485,True
E85,2020-02,1,1,0,1,0,0,1,0,0,0.013626,0,0.013626,0.013626,1,1,0,1,0,0,1,0,0,0.8,0,0.8,0.8,True
E86,2016-10,0,0,0,0,0,0,0,0,0,0,0,0,0,0,0,0,0,0,0,0,0,0,0,0,0,0,False
E86,2016-11,0,0,0,0,0,0,0,0,0,0,0,0,0,0,0,0,0,0,0,0,0,0,0,0,0,0,False
E86,2016-12,0,0,0,0,0,0,0,0,0,0,0,0,0,0,0,0,0,0,0,0,0,0,0,0,0,0,False
E86,2017-01,0,0,0,0,0,0,0,0,0,0,0,0,0,0,0,0,0,0,0,0,0,0,0,0,0,0,False
E86,2017-02,0,0,0,0,0,0,0,0,0,0,0,0,0,0,0,0,0,0,0,0,0,0,0,0,0,0,False
E86,2017-03,0,0,0,0,0,0,0,0,0,0,0,0,0,0,0,0,0,0,0,0,0,0,0,0,0,0,False
E86,2017-04,0,0,0,0,0,0,0,0,0,0,0,0,0,0,0,0,0,0,0,0,0,0,0,0,0,0,False
E86,2017-05,0,0,0,0,0,0,0,0,0,0,0,0,0,0,0,0,0,0,0,0,0,0,0,0,0,0,False
E86,2017-06,0,0,0,0,0,0,0,0,0,0,0,0,0,1,1,0,1,0,0,1,0,0,18.72,0,18.72,18.72,True
E86,2017-07,1,1,0,1,0,0,1,0,0,0.033,0,0.033,0.033,0,0,0,0,0,0,0,0,0,0,0,0,0,True
E86,2017-08,0,0,0,0,0,0,0,0,0,0,0,0,0,1,1,0,1,0,0,1,0,0,8.9208,0,8.9208,8.9208,True
E86,2017-09,0,0,0,0,0,0,0,0,0,0,0,0,0,1,1,0,1,0,0,1,0,0,4.92,0,4.92,4.92,True
E86,2017-10,0,0,0,0,0,0,0,0,0,0,0,0,0,1,1,0,1,0,0,1,0,0,48,0,48,48,True
E86,2017-11,0,0,0,0,0,0,0,0,0,0,0,0,0,0,0,0,0,0,0,0,0,0,0,0,0,0,False
E86,2017-12,0,0,0,0,0,0,0,0,0,0,0,0,0,0,0,0,0,0,0,0,0,0,0,0,0,0,False
E86,2018-01,0,0,0,0,0,0,0,0,0,0,0,0,0,0,0,0,0,0,0,0,0,0,0,0,0,0,False
E86,2018-02,0,0,0,0,0,0,0,0,0,0,0,0,0,0,0,0,0,0,0,0,0,0,0,0,0,0,False
E86,2018-03,2,2,0,2,0,0,2,0,0,0.0594,0,0.0594,0.0594,5,4,1,4,1,0,3,1,0,17.9806,4.92,13.0606,22.9006,True
E86,2018-04,0,0,0,0,0,0,0,0,0,0,0,0,0,1,1,0,1,0,0,1,0,0,76.5,0,76.5,76.5,True
E86,2018-05,16,15,1,16,0,0,15,0,0,100.977348,0,100.977348,100.977348,1,1,0,1,0,0,1,0,0,12.839528,0,12.839528,12.839528,True
E86,2018-06,4,4,0,4,0,0,4,0,0,0.425,0,0.425,0.425,3,3,0,1,2,0,1,2,0,16.729588,15.3206,1.408988,32.050188,True
E86,2018-07,5,5,0,5,0,0,5,0,0,0.091384,0,0.091384,0.091384,0,0,0,0,0,0,0,0,0,0,0,0,0,True
E86,2018-08,11,11,0,11,0,0,11,0,0,0.233078,0,0.233078,0.233078,0,0,0,0,0,0,0,0,0,0,0,0,0,True
E86,2018-09,11,11,0,11,0,0,11,0,0,3.89748,0,3.89748,3.89748,2,2,0,1,1,0,1,1,0,24.9552,18.72,6.2352,43.6752,True
E86,2018-10,8,8,0,8,0,0,8,0,0,0.226439,0,0.226439,0.226439,0,0,0,0,0,0,0,0,0,0,0,0,0,True
E86,2018-11,18,18,0,18,0,0,18,0,0,0.325767,0,0.325767,0.325767,1,1,0,0,1,0,0,1,0,0,48,-48,48,True
E86,2018-12,2,2,0,2,0,0,2,0,0,0.0497,0,0.0497,0.0497,0,0,0,0,0,0,0,0,0,0,0,0,0,True
E86,2019-01,13,13,0,13,0,0,13,0,0,7.28367,0,7.28367,7.28367,1,1,0,1,0,0,1,0,0,56.14,0,56.14,56.14,True
E86,2019-02,2,2,0,2,0,0,2,0,0,0.034005,0,0.034005,0.034005,0,0,0,0,0,0,0,0,0,0,0,0,0,True
E86,2019-03,1,1,0,1,0,0,1,0,0,0.106,0,0.106,0.106,0,0,0,0,0,0,0,0,0,0,0,0,0,True
E86,2019-04,1,1,0,1,0,0,1,0,0,0.0158,0,0.0158,0.0158,0,0,0,0,0,0,0,0,0,0,0,0,0,True
E86,2019-05,0,0,0,0,0,0,0,0,0,0,0,0,0,3,1,2,3,0,0,1,0,0,100.66,0,100.66,100.66,True
E86,2019-06,5,5,0,4,1,0,4,1,0,0.2285,0.2099,0.0186,0.4384,0,0,0,0,0,0,0,0,0,0,0,0,0,True
E86,2019-07,3,3,0,3,0,0,3,0,0,0.2026,0,0.2026,0.2026,0,0,0,0,0,0,0,0,0,0,0,0,0,True
E86,2019-08,4,4,0,4,0,0,4,0,0,0.02838,0,0.02838,0.02838,0,0,0,0,0,0,0,0,0,0,0,0,0,True
E86,2019-09,4,4,0,4,0,0,4,0,0,0.027089,0,0.027089,0.027089,0,0,0,0,0,0,0,0,0,0,0,0,0,True
E86,2019-10,3,3,0,3,0,0,3,0,0,0.0378,0,0.0378,0.0378,0,0,0,0,0,0,0,0,0,0,0,0,0,True
E86,2019-11,3,3,0,3,0,0,3,0,0,0.0047,0,0.0047,0.0047,0,0,0,0,0,0,0,0,0,0,0,0,0,True
E86,2019-12,12,12,0,12,0,0,12,0,0,53.057099,0,53.057099,53.057099,1,1,0,0,1,0,0,1,0,0,76.5,-76.5,76.5,True
E86,2020-01,8,8,0,8,0,0,8,0,0,7.009899,0,7.009899,7.009899,0,0,0,0,0,0,0,0,0,0,0,0,0,True
E86,2020-02,1,1,0,1,0,0,1,0,0,0.0326,0,0.0326,0.0326,0,0,0,0,0,0,0,0,0,0,0,0,0,True
E87,2016-10,0,0,0,0,0,0,0,0,0,0,0,0,0,0,0,0,0,0,0,0,0,0,0,0,0,0,False
E87,2016-11,0,0,0,0,0,0,0,0,0,0,0,0,0,0,0,0,0,0,0,0,0,0,0,0,0,0,False
E87,2016-12,0,0,0,0,0,0,0,0,0,0,0,0,0,0,0,0,0,0,0,0,0,0,0,0,0,0,False
E87,2017-01,0,0,0,0,0,0,0,0,0,0,0,0,0,0,0,0,0,0,0,0,0,0,0,0,0,0,False
E87,2017-02,0,0,0,0,0,0,0,0,0,0,0,0,0,0,0,0,0,0,0,0,0,0,0,0,0,0,False
E87,2017-03,0,0,0,0,0,0,0,0,0,0,0,0,0,0,0,0,0,0,0,0,0,0,0,0,0,0,False
E87,2017-04,0,0,0,0,0,0,0,0,0,0,0,0,0,0,0,0,0,0,0,0,0,0,0,0,0,0,False
E87,2017-05,0,0,0,0,0,0,0,0,0,0,0,0,0,0,0,0,0,0,0,0,0,0,0,0,0,0,False
E87,2017-06,0,0,0,0,0,0,0,0,0,0,0,0,0,0,0,0,0,0,0,0,0,0,0,0,0,0,False
E87,2017-07,9,9,0,9,0,0,9,0,0,11.838496,0,11.838496,11.838496,1,1,0,1,0,0,1,0,0,1.886,0,1.886,1.886,True
E87,2017-08,14,11,3,14,0,0,11,0,0,13.185752,0,13.185752,13.185752,4,4,0,4,0,0,4,0,0,25.078389,0,25.078389,25.078389,True
E87,2017-09,5,5,0,5,0,0,5,0,0,4.469572,0,4.469572,4.469572,2,2,0,2,0,0,2,0,0,19.61,0,19.61,19.61,True
E87,2017-10,4,4,0,4,0,0,4,0,0,3.92231,0,3.92231,3.92231,1,1,0,1,0,0,1,0,0,2.264,0,2.264,2.264,True
E87,2017-11,7,7,0,7,0,0,7,0,0,4.538074,0,4.538074,4.538074,3,3,0,3,0,0,3,0,0,27.2231,0,27.2231,27.2231,True
E87,2017-12,7,6,1,7,0,0,6,0,0,11.559783,0,11.559783,11.559783,0,0,0,0,0,0,0,0,0,0,0,0,0,True
E87,2018-01,12,12,0,12,0,0,12,0,0,15.500349,0,15.500349,15.500349,3,3,0,3,0,0,3,0,0,31.1544,0,31.1544,31.1544,True
E87,2018-02,4,4,0,4,0,0,4,0,0,0.435573,0,0.435573,0.435573,0,0,0,0,0,0,0,0,0,0,0,0,0,True
E87,2018-03,2,2,0,2,0,0,2,0,0,0.104,0,0.104,0.104,1,1,0,1,0,0,1,0,0,7.8,0,7.8,7.8,True
E87,2018-04,23,22,1,23,0,0,22,0,0,28.818524,0,28.818524,28.818524,12,11,1,12,0,0,11,0,0,123.859095,0,123.859095,123.859095,True
E87,2018-05,11,11,0,11,0,0,11,0,0,10.4613,0,10.4613,10.4613,1,1,0,1,0,0,1,0,0,6.53088,0,6.53088,6.53088,True
E87,2018-06,9,9,0,9,0,0,9,0,0,18.0488,0,18.0488,18.0488,0,0,0,0,0,0,0,0,0,0,0,0,0,True
E87,2018-07,9,8,1,9,0,0,8,0,0,1.66887,0,1.66887,1.66887,0,0,0,0,0,0,0,0,0,0,0,0,0,True
E87,2018-08,7,7,0,7,0,0,7,0,0,1.404,0,1.404,1.404,2,2,0,2,0,0,2,0,0,1.91126,0,1.91126,1.91126,True
E87,2018-09,9,9,0,9,0,0,9,0,0,0.8104,0,0.8104,0.8104,7,7,0,7,0,0,7,0,0,26.681511,0,26.681511,26.681511,True
E87,2018-10,11,11,0,11,0,0,11,0,0,1.1289,0,1.1289,1.1289,0,0,0,0,0,0,0,0,0,0,0,0,0,True
E87,2018-11,14,13,1,14,0,0,13,0,0,0.70287,0,0.70287,0.70287,1,1,0,1,0,0,1,0,0,0.8408,0,0.8408,0.8408,True
E87,2018-12,13,13,0,13,0,0,13,0,0,2.366772,0,2.366772,2.366772,5,5,0,5,0,0,5,0,0,12.31826,0,12.31826,12.31826,True
E87,2019-01,17,17,0,17,0,0,17,0,0,1.884095,0,1.884095,1.884095,3,3,0,3,0,0,3,0,0,18.3568,0,18.3568,18.3568,True
E87,2019-02,13,13,0,13,0,0,13,0,0,0.567601,0,0.567601,0.567601,0,0,0,0,0,0,0,0,0,0,0,0,0,True
E87,2019-03,14,14,0,14,0,0,14,0,0,0.398663,0,0.398663,0.398663,3,3,0,3,0,0,3,0,0,11.27567,0,11.27567,11.27567,True
E87,2019-04,18,18,0,18,0,0,18,0,0,1.350458,0,1.350458,1.350458,1,1,0,1,0,0,1,0,0,0.48852,0,0.48852,0.48852,True
E87,2019-05,21,21,0,21,0,0,21,0,0,1.541798,0,1.541798,1.541798,0,0,0,0,0,0,0,0,0,0,0,0,0,True
E87,2019-06,14,14,0,14,0,0,14,0,0,1.849016,0,1.849016,1.849016,4,4,0,4,0,0,4,0,0,16.58,0,16.58,16.58,True
E87,2019-07,23,22,1,23,0,0,22,0,0,1.532484,0,1.532484,1.532484,6,5,1,6,0,0,5,0,0,16.3574,0,16.3574,16.3574,True
E87,2019-08,8,8,0,8,0,0,8,0,0,0.640964,0,0.640964,0.640964,3,3,0,3,0,0,3,0,0,22.732459,0,22.732459,22.732459,True
E87,2019-09,18,18,0,18,0,0,18,0,0,10.892364,0,10.892364,10.892364,0,0,0,0,0,0,0,0,0,0,0,0,0,True
E87,2019-10,8,8,0,8,0,0,8,0,0,3.21,0,3.21,3.21,4,3,1,4,0,0,3,0,0,17.00992,0,17.00992,17.00992,True
E87,2019-11,20,20,0,20,0,0,20,0,0,0.892438,0,0.892438,0.892438,0,0,0,0,0,0,0,0,0,0,0,0,0,True
E87,2019-12,22,22,0,22,0,0,22,0,0,8.210366,0,8.210366,8.210366,4,4,0,4,0,0,4,0,0,22.432,0,22.432,22.432,True
E87,2020-01,13,13,0,13,0,0,13,0,0,6.6928,0,6.6928,6.6928,3,3,0,3,0,0,3,0,0,20.414696,0,20.414696,20.414696,True
E87,2020-02,0,0,0,0,0,0,0,0,0,0,0,0,0,0,0,0,0,0,0,0,0,0,0,0,0,0,False
E88,2016-10,0,0,0,0,0,0,0,0,0,0,0,0,0,0,0,0,0,0,0,0,0,0,0,0,0,0,False
E88,2016-11,0,0,0,0,0,0,0,0,0,0,0,0,0,0,0,0,0,0,0,0,0,0,0,0,0,0,False
E88,2016-12,0,0,0,0,0,0,0,0,0,0,0,0,0,0,0,0,0,0,0,0,0,0,0,0,0,0,False
E88,2017-01,0,0,0,0,0,0,0,0,0,0,0,0,0,11,11,0,11,0,0,11,0,0,10.5,0,10.5,10.5,True
E88,2017-02,0,0,0,0,0,0,0,0,0,0,0,0,0,1,1,0,1,0,0,1,0,0,0.39,0,0.39,0.39,True
E88,2017-03,0,0,0,0,0,0,0,0,0,0,0,0,0,2,2,0,2,0,0,2,0,0,0.525,0,0.525,0.525,True
E88,2017-04,0,0,0,0,0,0,0,0,0,0,0,0,0,9,8,1,9,0,0,8,0,0,4.689,0,4.689,4.689,True
E88,2017-05,0,0,0,0,0,0,0,0,0,0,0,0,0,2,2,0,2,0,0,2,0,0,0.724,0,0.724,0.724,True
E88,2017-06,2,2,0,2,0,0,2,0,0,0.6,0,0.6,0.6,3,3,0,3,0,0,3,0,0,1.84,0,1.84,1.84,True
E88,2017-07,4,4,0,4,0,0,4,0,0,1.1573,0,1.1573,1.1573,16,13,3,16,0,0,13,0,0,9.896572,0,9.896572,9.896572,True
E88,2017-08,2,2,0,2,0,0,2,0,0,0.8,0,0.8,0.8,20,20,0,20,0,0,20,0,0,16.059563,0,16.059563,16.059563,True
E88,2017-09,4,4,0,4,0,0,4,0,0,1.23,0,1.23,1.23,12,10,2,12,0,0,10,0,0,8.51235,0,8.51235,8.51235,True
E88,2017-10,1,1,0,1,0,0,1,0,0,0.4,0,0.4,0.4,0,0,0,0,0,0,0,0,0,0,0,0,0,True
E88,2017-11,3,3,0,3,0,0,3,0,0,1.2,0,1.2,1.2,4,4,0,0,4,0,0,4,0,0,3.642752,-3.642752,3.642752,True
E88,2017-12,4,4,0,4,0,0,4,0,0,1.3599,0,1.3599,1.3599,5,5,0,5,0,0,5,0,0,4.435,0,4.435,4.435,True
E88,2018-01,4,4,0,4,0,0,4,0,0,0.5342,0,0.5342,0.5342,3,3,0,3,0,0,3,0,0,1.792,0,1.792,1.792,True
E88,2018-02,2,2,0,2,0,0,2,0,0,0.7228,0,0.7228,0.7228,11,8,3,11,0,0,8,0,0,7.0001,0,7.0001,7.0001,True
E88,2018-03,12,12,0,12,0,0,12,0,0,1.3377,0,1.3377,1.3377,2,2,0,2,0,0,2,0,0,0.7355,0,0.7355,0.7355,True
E88,2018-04,11,11,0,11,0,0,11,0,0,0.9362,0,0.9362,0.9362,6,4,2,5,0,1,4,0,0,2.265,0,2.265,2.265,True
E88,2018-05,10,10,0,10,0,0,10,0,0,0.9395,0,0.9395,0.9395,3,3,0,3,0,0,3,0,0,1.1101,0,1.1101,1.1101,True
E88,2018-06,4,4,0,4,0,0,4,0,0,0.827002,0,0.827002,0.827002,21,17,4,21,0,0,17,0,0,15.565,0,15.565,15.565,True
E88,2018-07,11,11,0,11,0,0,11,0,0,1.61,0,1.61,1.61,5,5,0,5,0,0,5,0,0,2.70666,0,2.70666,2.70666,True
E88,2018-08,5,5,0,5,0,0,5,0,0,1.3493,0,1.3493,1.3493,20,20,0,20,0,0,20,0,0,11.96362,0,11.96362,11.96362,True
E88,2018-09,6,6,0,6,0,0,6,0,0,1.6563,0,1.6563,1.6563,18,18,0,18,0,0,18,0,0,14.193395,0,14.193395,14.193395,True
E88,2018-10,13,13,0,13,0,0,13,0,0,1.400677,0,1.400677,1.400677,7,6,1,7,0,0,6,0,0,2.71418,0,2.71418,2.71418,True
E88,2018-11,8,8,0,8,0,0,8,0,0,1.3526,0,1.3526,1.3526,19,10,9,19,0,0,10,0,0,6.4161,0,6.4161,6.4161,True
E88,2018-12,4,4,0,4,0,0,4,0,0,2.0222,0,2.0222,2.0222,3,3,0,3,0,0,3,0,0,1.58484,0,1.58484,1.58484,True
E88,2019-01,19,19,0,19,0,0,19,0,0,11.0127,0,11.0127,11.0127,10,10,0,10,0,0,10,0,0,7.01318,0,7.01318,7.01318,True
E88,2019-02,15,15,0,15,0,0,15,0,0,11.0766,0,11.0766,11.0766,1,1,0,1,0,0,1,0,0,0.1234,0,0.1234,0.1234,True
E88,2019-03,15,15,0,15,0,0,15,0,0,7.2467,0,7.2467,7.2467,11,11,0,11,0,0,11,0,0,7.680647,0,7.680647,7.680647,True
E88,2019-04,7,7,0,7,0,0,7,0,0,1.5732,0,1.5732,1.5732,0,0,0,0,0,0,0,0,0,0,0,0,0,True
E88,2019-05,9,9,0,9,0,0,9,0,0,2.142039,0,2.142039,2.142039,13,13,0,13,0,0,13,0,0,12.996,0,12.996,12.996,True
E88,2019-06,7,7,0,7,0,0,7,0,0,3.37216,0,3.37216,3.37216,7,7,0,7,0,0,7,0,0,5.6676,0,5.6676,5.6676,True
E88,2019-07,4,4,0,4,0,0,4,0,0,1.365868,0,1.365868,1.365868,10,9,1,10,0,0,9,0,0,6.67382,0,6.67382,6.67382,True
E88,2019-08,4,4,0,4,0,0,4,0,0,1.1595,0,1.1595,1.1595,36,33,3,36,0,0,33,0,0,27.3772,0,27.3772,27.3772,True
E88,2019-09,5,5,0,5,0,0,5,0,0,2.485,0,2.485,2.485,25,25,0,25,0,0,25,0,0,20.570595,0,20.570595,20.570595,True
E88,2019-10,6,6,0,6,0,0,6,0,0,1.6426,0,1.6426,1.6426,13,12,1,13,0,0,12,0,0,8.8256,0,8.8256,8.8256,True
E88,2019-11,4,4,0,4,0,0,4,0,0,2.1387,0,2.1387,2.1387,18,17,1,18,0,0,17,0,0,12.56848,0,12.56848,12.56848,True
E88,2019-12,2,2,0,2,0,0,2,0,0,0.52,0,0.52,0.52,14,14,0,14,0,0,14,0,0,10.959275,0,10.959275,10.959275,True
E88,2020-01,7,7,0,7,0,0,7,0,0,1.1751,0,1.1751,1.1751,39,34,5,39,0,0,34,0,0,29.68694,0,29.68694,29.68694,True
E88,2020-02,0,0,0,0,0,0,0,0,0,0,0,0,0,0,0,0,0,0,0,0,0,0,0,0,0,0,False
E89,2016-10,0,0,0,0,0,0,0,0,0,0,0,0,0,0,0,0,0,0,0,0,0,0,0,0,0,0,False
E89,2016-11,0,0,0,0,0,0,0,0,0,0,0,0,0,0,0,0,0,0,0,0,0,0,0,0,0,0,False
E89,2016-12,0,0,0,0,0,0,0,0,0,0,0,0,0,0,0,0,0,0,0,0,0,0,0,0,0,0,False
E89,2017-01,0,0,0,0,0,0,0,0,0,0,0,0,0,10,9,1,10,0,0,9,0,0,17.939,0,17.939,17.939,True
E89,2017-02,0,0,0,0,0,0,0,0,0,0,0,0,0,5,5,0,5,0,0,5,0,0,5.1529,0,5.1529,5.1529,True
E89,2017-03,27,26,1,27,0,0,26,0,0,268.6336,0,268.6336,268.6336,2,2,0,2,0,0,2,0,0,1.333,0,1.333,1.333,True
E89,2017-04,0,0,0,0,0,0,0,0,0,0,0,0,0,2,2,0,2,0,0,2,0,0,0.6038,0,0.6038,0.6038,True
E89,2017-05,0,0,0,0,0,0,0,0,0,0,0,0,0,0,0,0,0,0,0,0,0,0,0,0,0,0,False
E89,2017-06,0,0,0,0,0,0,0,0,0,0,0,0,0,2,2,0,2,0,0,2,0,0,0.5499,0,0.5499,0.5499,True
E89,2017-07,0,0,0,0,0,0,0,0,0,0,0,0,0,1,1,0,1,0,0,1,0,0,0.276,0,0.276,0.276,True
E89,2017-08,0,0,0,0,0,0,0,0,0,0,0,0,0,1,1,0,1,0,0,1,0,0,4.744,0,4.744,4.744,True
E89,2017-09,1,1,0,1,0,0,1,0,0,0.3244,0,0.3244,0.3244,7,7,0,7,0,0,7,0,0,14.02405,0,14.02405,14.02405,True
E89,2017-10,0,0,0,0,0,0,0,0,0,0,0,0,0,0,0,0,0,0,0,0,0,0,0,0,0,0,False
E89,2017-11,2,1,1,2,0,0,1,0,0,0.0552,0,0.0552,0.0552,4,3,1,4,0,0,3,0,0,1.4878,0,1.4878,1.4878,True
E89,2017-12,2,2,0,2,0,0,2,0,0,0.046,0,0.046,0.046,9,7,2,9,0,0,7,0,0,6.3,0,6.3,6.3,True
E89,2018-01,1,1,0,1,0,0,1,0,0,0.1965,0,0.1965,0.1965,0,0,0,0,0,0,0,0,0,0,0,0,0,True
E89,2018-02,0,0,0,0,0,0,0,0,0,0,0,0,0,3,3,0,3,0,0,3,0,0,1.36,0,1.36,1.36,True
E89,2018-03,0,0,0,0,0,0,0,0,0,0,0,0,0,2,2,0,2,0,0,2,0,0,10.8868,0,10.8868,10.8868,True
E89,2018-04,0,0,0,0,0,0,0,0,0,0,0,0,0,2,2,0,2,0,0,2,0,0,2,0,2,2,True
E89,2018-05,1,1,0,1,0,0,1,0,0,0.0637,0,0.0637,0.0637,1,1,0,1,0,0,1,0,0,0.2,0,0.2,0.2,True
E89,2018-06,1,1,0,1,0,0,1,0,0,0.048,0,0.048,0.048,1,1,0,1,0,0,1,0,0,1.06275,0,1.06275,1.06275,True
E89,2018-07,0,0,0,0,0,0,0,0,0,0,0,0,0,23,22,1,23,0,0,22,0,0,23.1895,0,23.1895,23.1895,True
E89,2018-08,0,0,0,0,0,0,0,0,0,0,0,0,0,0,0,0,0,0,0,0,0,0,0,0,0,0,False
E89,2018-09,0,0,0,0,0,0,0,0,0,0,0,0,0,6,6,0,6,0,0,6,0,0,7.6506,0,7.6506,7.6506,True
E89,2018-10,0,0,0,0,0,0,0,0,0,0,0,0,0,0,0,0,0,0,0,0,0,0,0,0,0,0,False
E89,2018-11,0,0,0,0,0,0,0,0,0,0,0,0,0,0,0,0,0,0,0,0,0,0,0,0,0,0,False
E89,2018-12,1,1,0,1,0,0,1,0,0,0.028,0,0.028,0.028,29,28,1,29,0,0,28,0,0,32.9182,0,32.9182,32.9182,True
E89,2019-01,0,0,0,0,0,0,0,0,0,0,0,0,0,15,15,0,15,0,0,15,0,0,29.9947,0,29.9947,29.9947,True
E89,2019-02,0,0,0,0,0,0,0,0,0,0,0,0,0,0,0,0,0,0,0,0,0,0,0,0,0,0,False
E89,2019-03,0,0,0,0,0,0,0,0,0,0,0,0,0,14,13,1,14,0,0,13,0,0,21.5054,0,21.5054,21.5054,True
E89,2019-04,0,0,0,0,0,0,0,0,0,0,0,0,0,0,0,0,0,0,0,0,0,0,0,0,0,0,False
E89,2019-05,1,1,0,1,0,0,1,0,0,0.6242,0,0.6242,0.6242,0,0,0,0,0,0,0,0,0,0,0,0,0,True
E89,2019-06,0,0,0,0,0,0,0,0,0,0,0,0,0,0,0,0,0,0,0,0,0,0,0,0,0,0,False
E89,2019-07,1,1,0,1,0,0,1,0,0,0.08,0,0.08,0.08,0,0,0,0,0,0,0,0,0,0,0,0,0,True
E89,2019-08,1,1,0,1,0,0,1,0,0,0.019959,0,0.019959,0.019959,6,6,0,6,0,0,6,0,0,5.4721,0,5.4721,5.4721,True
E89,2019-09,7,7,0,7,0,0,7,0,0,0.1952,0,0.1952,0.1952,0,0,0,0,0,0,0,0,0,0,0,0,0,True
E89,2019-10,3,3,0,3,0,0,3,0,0,0.1297,0,0.1297,0.1297,0,0,0,0,0,0,0,0,0,0,0,0,0,True
E89,2019-11,5,5,0,5,0,0,5,0,0,0.25791,0,0.25791,0.25791,5,5,0,5,0,0,5,0,0,4.19,0,4.19,4.19,True
E89,2019-12,6,6,0,6,0,0,6,0,0,0.1651,0,0.1651,0.1651,0,0,0,0,0,0,0,0,0,0,0,0,0,True
E89,2020-01,5,5,0,5,0,0,5,0,0,0.9746,0,0.9746,0.9746,22,22,0,22,0,0,22,0,0,22.9991,0,22.9991,22.9991,True
E89,2020-02,0,0,0,0,0,0,0,0,0,0,0,0,0,0,0,0,0,0,0,0,0,0,0,0,0,0,False
E9,2016-10,0,0,0,0,0,0,0,0,0,0,0,0,0,0,0,0,0,0,0,0,0,0,0,0,0,0,False
E9,2016-11,0,0,0,0,0,0,0,0,0,0,0,0,0,0,0,0,0,0,0,0,0,0,0,0,0,0,False
E9,2016-12,0,0,0,0,0,0,0,0,0,0,0,0,0,0,0,0,0,0,0,0,0,0,0,0,0,0,False
E9,2017-01,35,35,0,35,0,0,35,0,0,54.74984,0,54.74984,54.74984,135,135,0,135,0,0,135,0,0,1036.893286,0,1036.893286,1036.893286,True
E9,2017-02,43,42,1,43,0,0,42,0,0,54.086531,0,54.086531,54.086531,103,97,6,103,0,0,97,0,0,792.873722,0,792.873722,792.873722,True
E9,2017-03,37,37,0,37,0,0,37,0,0,78.462523,0,78.462523,78.462523,135,132,3,135,0,0,132,0,0,987.248744,0,987.248744,987.248744,True
E9,2017-04,42,42,0,42,0,0,42,0,0,60.632856,0,60.632856,60.632856,101,98,3,101,0,0,98,0,0,622.344146,0,622.344146,622.344146,True
E9,2017-05,43,42,1,43,0,0,42,0,0,49.241567,0,49.241567,49.241567,111,107,4,111,0,0,107,0,0,700.779981,0,700.779981,700.779981,True
E9,2017-06,46,46,0,46,0,0,46,0,0,44.14409,0,44.14409,44.14409,152,148,4,152,0,0,148,0,0,886.696166,0,886.696166,886.696166,True
E9,2017-07,107,103,4,107,0,0,103,0,0,83.045231,0,83.045231,83.045231,132,131,1,132,0,0,131,0,0,830.719802,0,830.719802,830.719802,True
E9,2017-08,127,121,6,126,1,0,120,1,0,55.94794,0.06,55.88794,56.00794,175,174,1,173,2,0,172,2,0,1151.01369,13.734327,1137.279363,1164.748017,True
E9,2017-09,105,101,4,104,1,0,101,0,0,59.951114,0,59.951114,59.951114,159,157,2,158,1,0,156,1,0,1079.430526,7.233428,1072.197098,1086.663954,True
E9,2017-10,123,120,3,122,1,0,119,1,0,61.485514,0.006225,61.479289,61.491739,157,152,5,157,0,0,152,0,0,950.0639,0,950.0639,950.0639,True
E9,2017-11,114,114,0,113,1,0,113,1,0,58.179101,0.029589,58.149512,58.20869,147,144,3,145,2,0,142,2,0,880.397698,5.761288,874.63641,886.158986,True
E9,2017-12,120,118,2,120,0,0,118,0,0,129.386931,0,129.386931,129.386931,140,138,2,140,0,0,138,0,0,882.153796,0,882.153796,882.153796,True
E9,2018-01,153,148,5,153,0,0,148,0,0,89.201195,0,89.201195,89.201195,237,222,15,237,0,0,222,0,0,1616.633837,0,1616.633837,1616.633837,True
E9,2018-02,150,146,4,150,0,0,146,0,0,120.747396,0,120.747396,120.747396,152,151,1,152,0,0,151,0,0,995.32659,0,995.32659,995.32659,True
E9,2018-03,150,144,6,146,4,0,140,4,0,52.637662,0.392,52.245662,53.029662,158,155,3,156,2,0,153,2,0,1053.935889,15.86427,1038.071619,1069.800159,True
E9,2018-04,167,160,7,165,2,0,158,2,0,108.454658,0.8,107.654658,109.254658,215,206,9,214,1,0,205,1,0,1513.123197,0.75909,1512.364107,1513.882287,True
E9,2018-05,116,113,3,113,3,0,110,3,0,23.833525,0.00989,23.823635,23.843415,102,99,3,101,1,0,98,1,0,520.949535,2.189362,518.760173,523.138897,True
E9,2018-06,120,117,3,120,0,0,117,0,0,56.867311,0,56.867311,56.867311,159,159,0,142,17,0,142,17,0,846.553339,148.61329,697.940049,995.166629,True
E9,2018-07,128,127,1,128,0,0,127,0,0,71.51061,0,71.51061,71.51061,143,143,0,132,11,0,132,11,0,875.590238,117.292224,758.298014,992.882462,True
E9,2018-08,108,106,2,107,1,0,105,1,0,50.204236,0.061,50.143236,50.265236,162,161,1,148,14,0,147,14,0,1006.956802,142.610516,864.346286,1149.567318,True
E9,2018-09,134,131,3,134,0,0,131,0,0,63.276027,0,63.276027,63.276027,169,168,1,162,7,0,161,7,0,1072.069994,76.770139,995.299855,1148.840133,True
E9,2018-10,125,125,0,125,0,0,125,0,0,61.404344,0,61.404344,61.404344,159,159,0,159,0,0,159,0,0,1057.27554,0,1057.27554,1057.27554,True
E9,2018-11,118,115,3,118,0,0,115,0,0,48.845769,0,48.845769,48.845769,171,169,2,170,1,0,168,1,0,1043.211799,10.368522,1032.843277,1053.580321,True
E9,2018-12,157,153,4,156,1,0,152,1,0,135.276078,4.458641,130.817437,139.734719,174,172,2,172,2,0,170,2,0,1125.252579,9.235752,1116.016827,1134.488331,True
E9,2019-01,195,190,5,193,2,0,188,2,0,95.333953,0.48,94.853953,95.813953,241,233,8,234,7,0,226,7,0,1858.935569,18.636019,1840.29955,1877.571588,True
E9,2019-02,129,124,5,125,4,0,120,4,0,66.146269,4.658641,61.487628,70.80491,134,130,4,134,0,0,130,0,0,990.257163,0,990.257163,990.257163,True
E9,2019-03,130,129,1,130,0,0,129,0,0,145.683929,0,145.683929,145.683929,220,214,6,220,0,0,214,0,0,1665.781695,0,1665.781695,1665.781695,True
E9,2019-04,137,136,1,136,1,0,135,1,0,51.205349,0.2,51.005349,51.405349,87,86,1,85,2,0,84,2,0,411.994197,17.80958,394.184617,429.803777,True
E9,2019-05,158,156,2,158,0,0,156,0,0,37.884059,0,37.884059,37.884059,146,140,6,131,15,0,125,15,0,841.956676,111.314259,730.642417,953.270935,True
E9,2019-06,134,134,0,134,0,0,134,0,0,87.414051,0,87.414051,87.414051,162,156,6,151,11,0,145,11,0,815.026965,113.12587,701.901095,928.152835,True
E9,2019-07,142,137,5,142,0,0,137,0,0,41.001811,0,41.001811,41.001811,157,154,3,145,12,0,142,12,0,833.226358,123.203937,710.022421,956.430295,True
E9,2019-08,118,117,1,116,2,0,115,2,0,39.665655,0.31,39.355655,39.975655,168,163,5,157,11,0,152,11,0,906.508631,124.549013,781.959618,1031.057644,True
E9,2019-09,120,120,0,120,0,0,120,0,0,37.210745,0,37.210745,37.210745,159,157,2,159,0,0,157,0,0,979.669664,0,979.669664,979.669664,True
E9,2019-10,101,96,5,99,2,0,94,2,0,38.33009,0.34,37.99009,38.67009,148,145,3,147,1,0,144,1,0,907.849275,1.076713,906.772562,908.925988,True
E9,2019-11,121,119,2,120,1,0,118,1,0,103.05182,0.01277,103.03905,103.06459,178,159,19,178,0,0,159,0,0,1011.674593,0,1011.674593,1011.674593,True
E9,2019-12,130,127,3,130,0,0,127,0,0,79.438578,0,79.438578,79.438578,141,138,3,141,0,0,138,0,0,816.841293,0,816.841293,816.841293,True
E9,2020-01,97,95,2,97,0,0,95,0,0,118.196209,0,118.196209,118.196209,237,235,2,235,2,0,233,2,0,1841.605848,5.802835,1835.803013,1847.408683,True
E9,2020-02,13,13,0,13,0,0,13,0,0,33.035598,0,33.035598,33.035598,80,73,7,80,0,0,73,0,0,598.331498,0,598.331498,598.331498,True
E90,2016-10,0,0,0,0,0,0,0,0,0,0,0,0,0,0,0,0,0,0,0,0,0,0,0,0,0,0,False
E90,2016-11,0,0,0,0,0,0,0,0,0,0,0,0,0,0,0,0,0,0,0,0,0,0,0,0,0,0,False
E90,2016-12,0,0,0,0,0,0,0,0,0,0,0,0,0,0,0,0,0,0,0,0,0,0,0,0,0,0,False
E90,2017-01,0,0,0,0,0,0,0,0,0,0,0,0,0,0,0,0,0,0,0,0,0,0,0,0,0,0,False
E90,2017-02,0,0,0,0,0,0,0,0,0,0,0,0,0,0,0,0,0,0,0,0,0,0,0,0,0,0,False
E90,2017-03,0,0,0,0,0,0,0,0,0,0,0,0,0,0,0,0,0,0,0,0,0,0,0,0,0,0,False
E90,2017-04,0,0,0,0,0,0,0,0,0,0,0,0,0,0,0,0,0,0,0,0,0,0,0,0,0,0,False
E90,2017-05,1,1,0,1,0,0,1,0,0,0.34,0,0.34,0.34,6,5,1,6,0,0,5,0,0,7.66401,0,7.66401,7.66401,True
E90,2017-06,0,0,0,0,0,0,0,0,0,0,0,0,0,9,8,1,8,1,0,7,1,0,3.79451,1.0961,2.69841,4.89061,True
E90,2017-07,0,0,0,0,0,0,0,0,0,0,0,0,0,7,7,0,7,0,0,7,0,0,20.92614,0,20.92614,20.92614,True
E90,2017-08,3,3,0,3,0,0,3,0,0,2.13,0,2.13,2.13,6,5,1,6,0,0,5,0,0,5.6685,0,5.6685,5.6685,True
E90,2017-09,1,1,0,1,0,0,1,0,0,0.6549,0,0.6549,0.6549,9,7,2,9,0,0,7,0,0,3.6078,0,3.6078,3.6078,True
E90,2017-10,0,0,0,0,0,0,0,0,0,0,0,0,0,3,3,0,3,0,0,3,0,0,2.7824,0,2.7824,2.7824,True
E90,2017-11,5,5,0,5,0,0,5,0,0,2.5298,0,2.5298,2.5298,4,3,1,4,0,0,3,0,0,7.20464,0,7.20464,7.20464,True
E90,2017-12,1,1,0,1,0,0,1,0,0,0.06,0,0.06,0.06,20,20,0,20,0,0,20,0,0,18.609,0,18.609,18.609,True
E90,2018-01,1,1,0,1,0,0,1,0,0,0.3864,0,0.3864,0.3864,8,7,1,7,1,0,6,1,0,4.397392,0.2,4.197392,4.597392,True
E90,2018-02,1,1,0,1,0,0,1,0,0,0.4081,0,0.4081,0.4081,3,2,1,3,0,0,2,0,0,0.46,0,0.46,0.46,True
E90,2018-03,0,0,0,0,0,0,0,0,0,0,0,0,0,20,17,3,19,1,0,16,1,0,15.0661,0.16,14.9061,15.2261,True
E90,2018-04,0,0,0,0,0,0,0,0,0,0,0,0,0,11,10,1,11,0,0,10,0,0,6.2772,0,6.2772,6.2772,True
E90,2018-05,1,1,0,1,0,0,1,0,0,2.2,0,2.2,2.2,10,9,1,10,0,0,9,0,0,4.84102,0,4.84102,4.84102,True
E90,2018-06,2,2,0,2,0,0,2,0,0,0.10532,0,0.10532,0.10532,11,9,2,11,0,0,9,0,0,4.496,0,4.496,4.496,True
E90,2018-07,2,2,0,2,0,0,2,0,0,0.16,0,0.16,0.16,2,2,0,2,0,0,2,0,0,6.6,0,6.6,6.6,True
E90,2018-08,2,2,0,2,0,0,2,0,0,0.19293,0,0.19293,0.19293,3,2,1,3,0,0,2,0,0,1.2,0,1.2,1.2,True
E90,2018-09,0,0,0,0,0,0,0,0,0,0,0,0,0,4,3,1,4,0,0,3,0,0,1.9628,0,1.9628,1.9628,True
E90,2018-10,3,3,0,3,0,0,3,0,0,0.22334,0,0.22334,0.22334,6,5,1,6,0,0,5,0,0,19.356368,0,19.356368,19.356368,True
E90,2018-11,0,0,0,0,0,0,0,0,0,0,0,0,0,2,2,0,2,0,0,2,0,0,14.3,0,14.3,14.3,True
E90,2018-12,0,0,0,0,0,0,0,0,0,0,0,0,0,2,2,0,2,0,0,2,0,0,6.0095,0,6.0095,6.0095,True
E90,2019-01,0,0,0,0,0,0,0,0,0,0,0,0,0,0,0,0,0,0,0,0,0,0,0,0,0,0,False
E90,2019-02,1,1,0,1,0,0,1,0,0,0.028,0,0.028,0.028,4,3,1,4,0,0,3,0,0,1.997252,0,1.997252,1.997252,True
E90,2019-03,7,7,0,7,0,0,7,0,0,0.4833,0,0.4833,0.4833,11,10,1,11,0,0,10,0,0,20.300779,0,20.300779,20.300779,True
E90,2019-04,0,0,0,0,0,0,0,0,0,0,0,0,0,3,3,0,3,0,0,3,0,0,2.30223,0,2.30223,2.30223,True
E90,2019-05,12,12,0,12,0,0,12,0,0,9.019719,0,9.019719,9.019719,3,2,1,3,0,0,2,0,0,0.76,0,0.76,0.76,True
E90,2019-06,11,11,0,11,0,0,11,0,0,1.094982,0,1.094982,1.094982,1,1,0,1,0,0,1,0,0,3.942352,0,3.942352,3.942352,True
E90,2019-07,8,8,0,8,0,0,8,0,0,0.79942,0,0.79942,0.79942,45,4,41,6,0,39,4,0,0,1.5688,0,1.5688,1.5688,True
E90,2019-08,4,4,0,4,0,0,4,0,0,0.13306,0,0.13306,0.13306,2,2,0,2,0,0,2,0,0,7.390276,0,7.390276,7.390276,True
E90,2019-09,15,12,3,15,0,0,12,0,0,5.62989,0,5.62989,5.62989,2,2,0,2,0,0,2,0,0,11.8032,0,11.8032,11.8032,True
E90,2019-10,8,8,0,8,0,0,8,0,0,18.21848,0,18.21848,18.21848,10,9,1,10,0,0,9,0,0,25.225286,0,25.225286,25.225286,True
E90,2019-11,32,31,1,32,0,0,31,0,0,22.874207,0,22.874207,22.874207,20,11,9,19,1,0,10,1,0,82.032349,0.424,81.608349,82.456349,True
E90,2019-12,14,14,0,14,0,0,14,0,0,6.25425,0,6.25425,6.25425,11,9,2,9,2,0,7,2,0,28.285697,10.55018,17.735517,38.835877,True
E90,2020-01,4,4,0,4,0,0,4,0,0,1.852759,0,1.852759,1.852759,3,3,0,3,0,0,3,0,0,15.995612,0,15.995612,15.995612,True
E90,2020-02,0,0,0,0,0,0,0,0,0,0,0,0,0,0,0,0,0,0,0,0,0,0,0,0,0,0,False
E91,2016-10,0,0,0,0,0,0,0,0,0,0,0,0,0,0,0,0,0,0,0,0,0,0,0,0,0,0,False
E91,2016-11,0,0,0,0,0,0,0,0,0,0,0,0,0,0,0,0,0,0,0,0,0,0,0,0,0,0,False
E91,2016-12,0,0,0,0,0,0,0,0,0,0,0,0,0,0,0,0,0,0,0,0,0,0,0,0,0,0,False
E91,2017-01,1,1,0,1,0,0,1,0,0,4.04,0,4.04,4.04,2,2,0,2,0,0,2,0,0,13.57,0,13.57,13.57,True
E91,2017-02,5,5,0,5,0,0,5,0,0,3.0655,0,3.0655,3.0655,1,1,0,1,0,0,1,0,0,3.742,0,3.742,3.742,True
E91,2017-03,5,4,1,5,0,0,4,0,0,2.1567,0,2.1567,2.1567,4,3,1,4,0,0,3,0,0,6.0423,0,6.0423,6.0423,True
E91,2017-04,5,5,0,5,0,0,5,0,0,4.3725,0,4.3725,4.3725,4,4,0,4,0,0,4,0,0,6.0275,0,6.0275,6.0275,True
E91,2017-05,3,3,0,3,0,0,3,0,0,1.9255,0,1.9255,1.9255,2,2,0,2,0,0,2,0,0,7.085,0,7.085,7.085,True
E91,2017-06,8,8,0,8,0,0,8,0,0,19.0695,0,19.0695,19.0695,3,3,0,3,0,0,3,0,0,7.345,0,7.345,7.345,True
E91,2017-07,11,10,1,11,0,0,10,0,0,5.7463,0,5.7463,5.7463,2,2,0,2,0,0,2,0,0,6.505,0,6.505,6.505,True
E91,2017-08,4,4,0,4,0,0,4,0,0,5.4056,0,5.4056,5.4056,3,3,0,3,0,0,3,0,0,10.5,0,10.5,10.5,True
E91,2017-09,1,1,0,1,0,0,1,0,0,2.55,0,2.55,2.55,4,3,1,4,0,0,3,0,0,6.0725,0,6.0725,6.0725,True
E91,2017-10,0,0,0,0,0,0,0,0,0,0,0,0,0,2,2,0,2,0,0,2,0,0,4.5075,0,4.5075,4.5075,True
E91,2017-11,1,1,0,1,0,0,1,0,0,2.55,0,2.55,2.55,3,3,0,3,0,0,3,0,0,5.1318,0,5.1318,5.1318,True
E91,2017-12,3,3,0,3,0,0,3,0,0,6.3266,0,6.3266,6.3266,3,3,0,3,0,0,3,0,0,5.701,0,5.701,5.701,True
E91,2018-01,2,1,1,2,0,0,1,0,0,5.1217,0,5.1217,5.1217,4,4,0,4,0,0,4,0,0,7.182,0,7.182,7.182,True
E91,2018-02,1,1,0,1,0,0,1,0,0,0.018,0,0.018,0.018,1,1,0,1,0,0,1,0,0,4.27,0,4.27,4.27,True
E91,2018-03,6,6,0,6,0,0,6,0,0,2.725,0,2.725,2.725,4,4,0,3,1,0,3,1,0,6.528,0.847,5.681,7.375,True
E91,2018-04,8,8,0,8,0,0,8,0,0,5.2587,0,5.2587,5.2587,3,3,0,3,0,0,3,0,0,7.394,0,7.394,7.394,True
E91,2018-05,6,6,0,6,0,0,6,0,0,3.7675,0,3.7675,3.7675,7,7,0,7,0,0,7,0,0,9.36,0,9.36,9.36,True
E91,2018-06,6,6,0,6,0,0,6,0,0,3.29245,0,3.29245,3.29245,6,6,0,6,0,0,6,0,0,6.658,0,6.658,6.658,True
E91,2018-07,6,6,0,6,0,0,6,0,0,4.545,0,4.545,4.545,4,4,0,4,0,0,4,0,0,6.794,0,6.794,6.794,True
E91,2018-08,7,7,0,7,0,0,7,0,0,5.5142,0,5.5142,5.5142,6,5,1,6,0,0,5,0,0,6.056,0,6.056,6.056,True
E91,2018-09,4,4,0,4,0,0,4,0,0,1.5459,0,1.5459,1.5459,3,3,0,3,0,0,3,0,0,7.342,0,7.342,7.342,True
E91,2018-10,3,3,0,2,1,0,2,1,0,2.9934,1.8,1.1934,4.7934,2,2,0,2,0,0,2,0,0,5.08,0,5.08,5.08,True
E91,2018-11,2,2,0,2,0,0,2,0,0,3.051216,0,3.051216,3.051216,4,3,1,4,0,0,3,0,0,4.928,0,4.928,4.928,True
E91,2018-12,4,4,0,4,0,0,4,0,0,3.303,0,3.303,3.303,2,2,0,2,0,0,2,0,0,5.5,0,5.5,5.5,True
E91,2019-01,2,2,0,2,0,0,2,0,0,0.2944,0,0.2944,0.2944,3,3,0,3,0,0,3,0,0,6.566,0,6.566,6.566,True
E91,2019-02,1,1,0,1,0,0,1,0,0,3.9725,0,3.9725,3.9725,2,2,0,2,0,0,2,0,0,5.334,0,5.334,5.334,True
E91,2019-03,12,11,1,12,0,0,11,0,0,6.1161,0,6.1161,6.1161,6,6,0,6,0,0,6,0,0,10.096,0,10.096,10.096,True
E91,2019-04,8,8,0,8,0,0,8,0,0,3.566884,0,3.566884,3.566884,5,5,0,5,0,0,5,0,0,10.05,0,10.05,10.05,True
E91,2019-05,3,3,0,3,0,0,3,0,0,2.925716,0,2.925716,2.925716,4,4,0,4,0,0,4,0,0,8.51,0,8.51,8.51,True
E91,2019-06,6,6,0,6,0,0,6,0,0,3.5387,0,3.5387,3.5387,4,4,0,4,0,0,4,0,0,7.2,0,7.2,7.2,True
E91,2019-07,7,5,2,7,0,0,5,0,0,5.602253,0,5.602253,5.602253,3,3,0,3,0,0,3,0,0,10.05,0,10.05,10.05,True
E91,2019-08,5,5,0,5,0,0,5,0,0,4.859925,0,4.859925,4.859925,2,2,0,2,0,0,2,0,0,8.18,0,8.18,8.18,True
E91,2019-09,4,4,0,4,0,0,4,0,0,5.2625,0,5.2625,5.2625,5,5,0,5,0,0,5,0,0,8.0724,0,8.0724,8.0724,True
E91,2019-10,5,4,1,5,0,0,4,0,0,0.840975,0,0.840975,0.840975,5,5,0,5,0,0,5,0,0,8.665,0,8.665,8.665,True
E91,2019-11,6,6,0,6,0,0,6,0,0,3.104746,0,3.104746,3.104746,4,3,1,4,0,0,3,0,0,10.34,0,10.34,10.34,True
E91,2019-12,13,11,2,13,0,0,11,0,0,9.129,0,9.129,9.129,3,2,1,3,0,0,2,0,0,11.24775,0,11.24775,11.24775,True
E91,2020-01,3,3,0,3,0,0,3,0,0,3.6366,0,3.6366,3.6366,4,4,0,4,0,0,4,0,0,6.6708,0,6.6708,6.6708,True
E91,2020-02,0,0,0,0,0,0,0,0,0,0,0,0,0,0,0,0,0,0,0,0,0,0,0,0,0,0,False
E92,2016-10,0,0,0,0,0,0,0,0,0,0,0,0,0,0,0,0,0,0,0,0,0,0,0,0,0,0,False
E92,2016-11,0,0,0,0,0,0,0,0,0,0,0,0,0,0,0,0,0,0,0,0,0,0,0,0,0,0,False
E92,2016-12,0,0,0,0,0,0,0,0,0,0,0,0,0,0,0,0,0,0,0,0,0,0,0,0,0,0,False
E92,2017-01,0,0,0,0,0,0,0,0,0,0,0,0,0,2,2,0,2,0,0,2,0,0,9.6,0,9.6,9.6,True
E92,2017-02,0,0,0,0,0,0,0,0,0,0,0,0,0,0,0,0,0,0,0,0,0,0,0,0,0,0,False
E92,2017-03,0,0,0,0,0,0,0,0,0,0,0,0,0,0,0,0,0,0,0,0,0,0,0,0,0,0,False
E92,2017-04,0,0,0,0,0,0,0,0,0,0,0,0,0,0,0,0,0,0,0,0,0,0,0,0,0,0,False
E92,2017-05,0,0,0,0,0,0,0,0,0,0,0,0,0,3,3,0,3,0,0,3,0,0,20.8,0,20.8,20.8,True
E92,2017-06,0,0,0,0,0,0,0,0,0,0,0,0,0,0,0,0,0,0,0,0,0,0,0,0,0,0,False
E92,2017-07,2,2,0,2,0,0,2,0,0,0.171,0,0.171,0.171,0,0,0,0,0,0,0,0,0,0,0,0,0,True
E92,2017-08,4,4,0,4,0,0,4,0,0,0.2606,0,0.2606,0.2606,0,0,0,0,0,0,0,0,0,0,0,0,0,True
E92,2017-09,2,2,0,2,0,0,2,0,0,0.1676,0,0.1676,0.1676,0,0,0,0,0,0,0,0,0,0,0,0,0,True
E92,2017-10,0,0,0,0,0,0,0,0,0,0,0,0,0,1,1,0,1,0,0,1,0,0,3.744,0,3.744,3.744,True
E92,2017-11,5,5,0,5,0,0,5,0,0,0.49978,0,0.49978,0.49978,0,0,0,0,0,0,0,0,0,0,0,0,0,True
E92,2017-12,1,1,0,1,0,0,1,0,0,0.0108,0,0.0108,0.0108,0,0,0,0,0,0,0,0,0,0,0,0,0,True
E92,2018-01,7,6,1,7,0,0,6,0,0,0.8306,0,0.8306,0.8306,0,0,0,0,0,0,0,0,0,0,0,0,0,True
E92,2018-02,5,5,0,5,0,0,5,0,0,3.2465,0,3.2465,3.2465,0,0,0,0,0,0,0,0,0,0,0,0,0,True
E92,2018-03,12,12,0,12,0,0,12,0,0,0.6368,0,0.6368,0.6368,0,0,0,0,0,0,0,0,0,0,0,0,0,True
E92,2018-04,12,12,0,12,0,0,12,0,0,0.9028,0,0.9028,0.9028,0,0,0,0,0,0,0,0,0,0,0,0,0,True
E92,2018-05,9,9,0,9,0,0,9,0,0,0.8409,0,0.8409,0.8409,1,1,0,1,0,0,1,0,0,4.28,0,4.28,4.28,True
E92,2018-06,5,5,0,5,0,0,5,0,0,0.1256,0,0.1256,0.1256,0,0,0,0,0,0,0,0,0,0,0,0,0,True
E92,2018-07,5,5,0,5,0,0,5,0,0,0.119513,0,0.119513,0.119513,0,0,0,0,0,0,0,0,0,0,0,0,0,True
E92,2018-08,6,6,0,6,0,0,6,0,0,0.4103,0,0.4103,0.4103,0,0,0,0,0,0,0,0,0,0,0,0,0,True
E92,2018-09,6,6,0,6,0,0,6,0,0,0.372472,0,0.372472,0.372472,0,0,0,0,0,0,0,0,0,0,0,0,0,True
E92,2018-10,3,3,0,3,0,0,3,0,0,0.2174,0,0.2174,0.2174,0,0,0,0,0,0,0,0,0,0,0,0,0,True
E92,2018-11,3,3,0,3,0,0,3,0,0,0.1038,0,0.1038,0.1038,1,1,0,1,0,0,1,0,0,1.8,0,1.8,1.8,True
E92,2018-12,7,7,0,7,0,0,7,0,0,0.2123,0,0.2123,0.2123,0,0,0,0,0,0,0,0,0,0,0,0,0,True
E92,2019-01,12,12,0,12,0,0,12,0,0,0.5142,0,0.5142,0.5142,0,0,0,0,0,0,0,0,0,0,0,0,0,True
E92,2019-02,4,4,0,4,0,0,4,0,0,0.2765,0,0.2765,0.2765,0,0,0,0,0,0,0,0,0,0,0,0,0,True
E92,2019-03,7,7,0,7,0,0,7,0,0,0.1663,0,0.1663,0.1663,0,0,0,0,0,0,0,0,0,0,0,0,0,True
E92,2019-04,2,2,0,2,0,0,2,0,0,0.0533,0,0.0533,0.0533,0,0,0,0,0,0,0,0,0,0,0,0,0,True
E92,2019-05,7,7,0,7,0,0,7,0,0,1.677767,0,1.677767,1.677767,0,0,0,0,0,0,0,0,0,0,0,0,0,True
E92,2019-06,6,6,0,6,0,0,6,0,0,0.2381,0,0.2381,0.2381,1,1,0,1,0,0,1,0,0,4,0,4,4,True
E92,2019-07,8,8,0,8,0,0,8,0,0,0.2882,0,0.2882,0.2882,8,8,0,8,0,0,8,0,0,78,0,78,78,True
E92,2019-08,5,5,0,5,0,0,5,0,0,0.1547,0,0.1547,0.1547,0,0,0,0,0,0,0,0,0,0,0,0,0,True
E92,2019-09,11,11,0,11,0,0,11,0,0,0.427314,0,0.427314,0.427314,2,1,1,2,0,0,1,0,0,5.4,0,5.4,5.4,True
E92,2019-10,21,21,0,21,0,0,21,0,0,1.46153,0,1.46153,1.46153,5,5,0,5,0,0,5,0,0,30.76,0,30.76,30.76,True
E92,2019-11,21,21,0,21,0,0,21,0,0,0.973178,0,0.973178,0.973178,2,2,0,0,2,0,0,2,0,0,12.6,-12.6,12.6,True
E92,2019-12,10,10,0,10,0,0,10,0,0,0.266087,0,0.266087,0.266087,9,7,2,9,0,0,7,0,0,60,0,60,60,True
E92,2020-01,5,5,0,5,0,0,5,0,0,0.3133,0,0.3133,0.3133,4,4,0,4,0,0,4,0,0,21.8,0,21.8,21.8,True
E92,2020-02,0,0,0,0,0,0,0,0,0,0,0,0,0,0,0,0,0,0,0,0,0,0,0,0,0,0,False
E93,2016-10,0,0,0,0,0,0,0,0,0,0,0,0,0,0,0,0,0,0,0,0,0,0,0,0,0,0,False
E93,2016-11,0,0,0,0,0,0,0,0,0,0,0,0,0,0,0,0,0,0,0,0,0,0,0,0,0,0,False
E93,2016-12,0,0,0,0,0,0,0,0,0,0,0,0,0,0,0,0,0,0,0,0,0,0,0,0,0,0,False
E93,2017-01,0,0,0,0,0,0,0,0,0,0,0,0,0,2,2,0,2,0,0,2,0,0,1.6968,0,1.6968,1.6968,True
E93,2017-02,0,0,0,0,0,0,0,0,0,0,0,0,0,4,4,0,4,0,0,4,0,0,0.8932,0,0.8932,0.8932,True
E93,2017-03,0,0,0,0,0,0,0,0,0,0,0,0,0,6,6,0,6,0,0,6,0,0,4.6216,0,4.6216,4.6216,True
E93,2017-04,0,0,0,0,0,0,0,0,0,0,0,0,0,3,3,0,3,0,0,3,0,0,1.02,0,1.02,1.02,True
E93,2017-05,0,0,0,0,0,0,0,0,0,0,0,0,0,2,2,0,2,0,0,2,0,0,0.9365,0,0.9365,0.9365,True
E93,2017-06,0,0,0,0,0,0,0,0,0,0,0,0,0,2,2,0,2,0,0,2,0,0,0.588,0,0.588,0.588,True
E93,2017-07,1,1,0,1,0,0,1,0,0,0.1,0,0.1,0.1,5,5,0,5,0,0,5,0,0,3.995,0,3.995,3.995,True
E93,2017-08,0,0,0,0,0,0,0,0,0,0,0,0,0,5,5,0,5,0,0,5,0,0,2.81,0,2.81,2.81,True
E93,2017-09,4,4,0,4,0,0,4,0,0,0.3808,0,0.3808,0.3808,5,5,0,5,0,0,5,0,0,1.768,0,1.768,1.768,True
E93,2017-10,2,2,0,2,0,0,2,0,0,0.43,0,0.43,0.43,10,10,0,10,0,0,10,0,0,7.535,0,7.535,7.535,True
E93,2017-11,0,0,0,0,0,0,0,0,0,0,0,0,0,8,8,0,4,4,0,4,4,0,3.45,3.45,0,6.9,True
E93,2017-12,3,3,0,3,0,0,3,0,0,0.4,0,0.4,0.4,1,1,0,1,0,0,1,0,0,0.72,0,0.72,0.72,True
E93,2018-01,4,4,0,4,0,0,4,0,0,0.296188,0,0.296188,0.296188,2,2,0,2,0,0,2,0,0,1.3485,0,1.3485,1.3485,True
E93,2018-02,4,4,0,4,0,0,4,0,0,0.11752,0,0.11752,0.11752,4,3,1,4,0,0,3,0,0,2.022,0,2.022,2.022,True
E93,2018-03,6,6,0,6,0,0,6,0,0,0.207898,0,0.207898,0.207898,2,2,0,2,0,0,2,0,0,1.174,0,1.174,1.174,True
E93,2018-04,2,2,0,2,0,0,2,0,0,0.0165,0,0.0165,0.0165,6,6,0,6,0,0,6,0,0,4.565,0,4.565,4.565,True
E93,2018-05,5,5,0,5,0,0,5,0,0,0.440102,0,0.440102,0.440102,1,1,0,1,0,0,1,0,0,0.88,0,0.88,0.88,True
E93,2018-06,5,5,0,5,0,0,5,0,0,0.9018,0,0.9018,0.9018,1,1,0,1,0,0,1,0,0,0.52,0,0.52,0.52,True
E93,2018-07,9,9,0,9,0,0,9,0,0,1.6664,0,1.6664,1.6664,1,1,0,1,0,0,1,0,0,0.811,0,0.811,0.811,True
E93,2018-08,4,4,0,4,0,0,4,0,0,0.59175,0,0.59175,0.59175,9,9,0,9,0,0,9,0,0,7.491,0,7.491,7.491,True
E93,2018-09,7,7,0,7,0,0,7,0,0,0.4676,0,0.4676,0.4676,0,0,0,0,0,0,0,0,0,0,0,0,0,True
E93,2018-10,19,18,1,19,0,0,18,0,0,4.951602,0,4.951602,4.951602,6,6,0,6,0,0,6,0,0,2.9695,0,2.9695,2.9695,True
E93,2018-11,9,9,0,9,0,0,9,0,0,1.0307,0,1.0307,1.0307,17,15,2,16,0,1,15,0,0,12.6976,0,12.6976,12.6976,True
E93,2018-12,14,13,1,14,0,0,13,0,0,4.969953,0,4.969953,4.969953,5,5,0,5,0,0,5,0,0,28.1482,0,28.1482,28.1482,True
E93,2019-01,3,3,0,3,0,0,3,0,0,0.0594,0,0.0594,0.0594,2,2,0,2,0,0,2,0,0,4.755,0,4.755,4.755,True
E93,2019-02,6,6,0,6,0,0,6,0,0,1.018685,0,1.018685,1.018685,4,4,0,4,0,0,4,0,0,4.737,0,4.737,4.737,True
E93,2019-03,12,12,0,12,0,0,12,0,0,0.486122,0,0.486122,0.486122,8,7,1,8,0,0,7,0,0,7.1506,0,7.1506,7.1506,True
E93,2019-04,9,9,0,9,0,0,9,0,0,2.138675,0,2.138675,2.138675,3,3,0,3,0,0,3,0,0,7.0596,0,7.0596,7.0596,True
E93,2019-05,8,8,0,8,0,0,8,0,0,0.292397,0,0.292397,0.292397,1,1,0,1,0,0,1,0,0,1.98,0,1.98,1.98,True
E93,2019-06,8,7,1,8,0,0,7,0,0,0.39534,0,0.39534,0.39534,3,2,1,3,0,0,2,0,0,4.018,0,4.018,4.018,True
E93,2019-07,9,9,0,9,0,0,9,0,0,3.6971,0,3.6971,3.6971,4,3,1,4,0,0,3,0,0,5.042,0,5.042,5.042,True
E93,2019-08,3,3,0,3,0,0,3,0,0,0.081,0,0.081,0.081,0,0,0,0,0,0,0,0,0,0,0,0,0,True
E93,2019-09,9,8,1,9,0,0,8,0,0,0.839836,0,0.839836,0.839836,1,1,0,1,0,0,1,0,0,8.98,0,8.98,8.98,True
E93,2019-10,13,13,0,12,1,0,12,1,0,0.661705,0.615,0.046705,1.276705,5,5,0,5,0,0,5,0,0,9.3866,0,9.3866,9.3866,True
E93,2019-11,12,12,0,12,0,0,12,0,0,0.24011,0,0.24011,0.24011,5,4,1,4,1,0,3,1,0,4.7026,0.9886,3.714,5.6912,True
E93,2019-12,17,16,1,17,0,0,16,0,0,3.8621,0,3.8621,3.8621,3,3,0,3,0,0,3,0,0,1.17,0,1.17,1.17,True
E93,2020-01,6,6,0,6,0,0,6,0,0,0.1652,0,0.1652,0.1652,2,2,0,2,0,0,2,0,0,4.83,0,4.83,4.83,True
E93,2020-02,0,0,0,0,0,0,0,0,0,0,0,0,0,0,0,0,0,0,0,0,0,0,0,0,0,0,False
E94,2016-10,0,0,0,0,0,0,0,0,0,0,0,0,0,0,0,0,0,0,0,0,0,0,0,0,0,0,False
E94,2016-11,0,0,0,0,0,0,0,0,0,0,0,0,0,0,0,0,0,0,0,0,0,0,0,0,0,0,False
E94,2016-12,0,0,0,0,0,0,0,0,0,0,0,0,0,0,0,0,0,0,0,0,0,0,0,0,0,0,False
E94,2017-01,0,0,0,0,0,0,0,0,0,0,0,0,0,11,10,1,11,0,0,10,0,0,3.6662,0,3.6662,3.6662,True
E94,2017-02,0,0,0,0,0,0,0,0,0,0,0,0,0,11,11,0,11,0,0,11,0,0,4.112,0,4.112,4.112,True
E94,2017-03,1,1,0,1,0,0,1,0,0,0.033,0,0.033,0.033,8,8,0,8,0,0,8,0,0,2.5506,0,2.5506,2.5506,True
E94,2017-04,0,0,0,0,0,0,0,0,0,0,0,0,0,3,2,1,3,0,0,2,0,0,0.554,0,0.554,0.554,True
E94,2017-05,0,0,0,0,0,0,0,0,0,0,0,0,0,12,9,3,12,0,0,9,0,0,2.147172,0,2.147172,2.147172,True
E94,2017-06,0,0,0,0,0,0,0,0,0,0,0,0,0,8,8,0,8,0,0,8,0,0,3.843,0,3.843,3.843,True
E94,2017-07,0,0,0,0,0,0,0,0,0,0,0,0,0,1,1,0,1,0,0,1,0,0,0.378,0,0.378,0.378,True
E94,2017-08,0,0,0,0,0,0,0,0,0,0,0,0,0,4,4,0,4,0,0,4,0,0,0.356,0,0.356,0.356,True
E94,2017-09,0,0,0,0,0,0,0,0,0,0,0,0,0,0,0,0,0,0,0,0,0,0,0,0,0,0,False
E94,2017-10,0,0,0,0,0,0,0,0,0,0,0,0,0,0,0,0,0,0,0,0,0,0,0,0,0,0,False
E94,2017-11,0,0,0,0,0,0,0,0,0,0,0,0,0,6,3,3,6,0,0,3,0,0,1.149,0,1.149,1.149,True
E94,2017-12,2,2,0,2,0,0,2,0,0,1.5736,0,1.5736,1.5736,0,0,0,0,0,0,0,0,0,0,0,0,0,True
E94,2018-01,0,0,0,0,0,0,0,0,0,0,0,0,0,2,2,0,2,0,0,2,0,0,1.1599,0,1.1599,1.1599,True
E94,2018-02,0,0,0,0,0,0,0,0,0,0,0,0,0,1,1,0,1,0,0,1,0,0,0.086,0,0.086,0.086,True
E94,2018-03,0,0,0,0,0,0,0,0,0,0,0,0,0,0,0,0,0,0,0,0,0,0,0,0,0,0,False
E94,2018-04,0,0,0,0,0,0,0,0,0,0,0,0,0,2,2,0,2,0,0,2,0,0,0.7004,0,0.7004,0.7004,True
E94,2018-05,0,0,0,0,0,0,0,0,0,0,0,0,0,1,1,0,1,0,0,1,0,0,0.08652,0,0.08652,0.08652,True
E94,2018-06,0,0,0,0,0,0,0,0,0,0,0,0,0,0,0,0,0,0,0,0,0,0,0,0,0,0,False
E94,2018-07,0,0,0,0,0,0,0,0,0,0,0,0,0,3,2,1,3,0,0,2,0,0,0.11434,0,0.11434,0.11434,True
E94,2018-08,0,0,0,0,0,0,0,0,0,0,0,0,0,1,1,0,1,0,0,1,0,0,0.125,0,0.125,0.125,True
E94,2018-09,0,0,0,0,0,0,0,0,0,0,0,0,0,1,1,0,1,0,0,1,0,0,0.6,0,0.6,0.6,True
E94,2018-10,0,0,0,0,0,0,0,0,0,0,0,0,0,3,3,0,3,0,0,3,0,0,1.287157,0,1.287157,1.287157,True
E94,2018-11,0,0,0,0,0,0,0,0,0,0,0,0,0,25,20,5,25,0,0,20,0,0,17.2007,0,17.2007,17.2007,True
E94,2018-12,0,0,0,0,0,0,0,0,0,0,0,0,0,25,22,3,25,0,0,22,0,0,20.456,0,20.456,20.456,True
E94,2019-01,1,1,0,1,0,0,1,0,0,0.028,0,0.028,0.028,0,0,0,0,0,0,0,0,0,0,0,0,0,True
E94,2019-02,0,0,0,0,0,0,0,0,0,0,0,0,0,0,0,0,0,0,0,0,0,0,0,0,0,0,False
E94,2019-03,0,0,0,0,0,0,0,0,0,0,0,0,0,0,0,0,0,0,0,0,0,0,0,0,0,0,False
E94,2019-04,0,0,0,0,0,0,0,0,0,0,0,0,0,0,0,0,0,0,0,0,0,0,0,0,0,0,False
E94,2019-05,0,0,0,0,0,0,0,0,0,0,0,0,0,25,24,1,25,0,0,24,0,0,24,0,24,24,True
E94,2019-06,0,0,0,0,0,0,0,0,0,0,0,0,0,12,12,0,12,0,0,12,0,0,12,0,12,12,True
E94,2019-07,0,0,0,0,0,0,0,0,0,0,0,0,0,12,12,0,12,0,0,12,0,0,11.1807,0,11.1807,11.1807,True
E94,2019-08,0,0,0,0,0,0,0,0,0,0,0,0,0,18,18,0,9,9,0,9,9,0,9,9,0,18,True
E94,2019-09,0,0,0,0,0,0,0,0,0,0,0,0,0,1,1,0,1,0,0,1,0,0,0.7269,0,0.7269,0.7269,True
E94,2019-10,0,0,0,0,0,0,0,0,0,0,0,0,0,0,0,0,0,0,0,0,0,0,0,0,0,0,False
E94,2019-11,0,0,0,0,0,0,0,0,0,0,0,0,0,0,0,0,0,0,0,0,0,0,0,0,0,0,False
E94,2019-12,0,0,0,0,0,0,0,0,0,0,0,0,0,0,0,0,0,0,0,0,0,0,0,0,0,0,False
E94,2020-01,0,0,0,0,0,0,0,0,0,0,0,0,0,0,0,0,0,0,0,0,0,0,0,0,0,0,False
E94,2020-02,0,0,0,0,0,0,0,0,0,0,0,0,0,0,0,0,0,0,0,0,0,0,0,0,0,0,False
E95,2016-10,0,0,0,0,0,0,0,0,0,0,0,0,0,0,0,0,0,0,0,0,0,0,0,0,0,0,False
E95,2016-11,0,0,0,0,0,0,0,0,0,0,0,0,0,0,0,0,0,0,0,0,0,0,0,0,0,0,False
E95,2016-12,0,0,0,0,0,0,0,0,0,0,0,0,0,0,0,0,0,0,0,0,0,0,0,0,0,0,False
E95,2017-01,0,0,0,0,0,0,0,0,0,0,0,0,0,10,10,0,10,0,0,10,0,0,7.0036,0,7.0036,7.0036,True
E95,2017-02,0,0,0,0,0,0,0,0,0,0,0,0,0,15,15,0,15,0,0,15,0,0,3.6279,0,3.6279,3.6279,True
E95,2017-03,0,0,0,0,0,0,0,0,0,0,0,0,0,74,68,6,74,0,0,68,0,0,20.54422,0,20.54422,20.54422,True
E95,2017-04,0,0,0,0,0,0,0,0,0,0,0,0,0,18,18,0,18,0,0,18,0,0,4.03222,0,4.03222,4.03222,True
E95,2017-05,0,0,0,0,0,0,0,0,0,0,0,0,0,27,24,3,27,0,0,24,0,0,4.370946,0,4.370946,4.370946,True
E95,2017-06,0,0,0,0,0,0,0,0,0,0,0,0,0,14,12,2,14,0,0,12,0,0,2.8521,0,2.8521,2.8521,True
E95,2017-07,0,0,0,0,0,0,0,0,0,0,0,0,0,31,29,2,30,0,1,29,0,0,5.42637,0,5.42637,5.42637,True
E95,2017-08,0,0,0,0,0,0,0,0,0,0,0,0,0,32,32,0,32,0,0,32,0,0,5.25327,0,5.25327,5.25327,True
E95,2017-09,0,0,0,0,0,0,0,0,0,0,0,0,0,28,27,1,28,0,0,27,0,0,4.11759,0,4.11759,4.11759,True
E95,2017-10,0,0,0,0,0,0,0,0,0,0,0,0,0,18,18,0,18,0,0,18,0,0,4.0397,0,4.0397,4.0397,True
E95,2017-11,2,2,0,2,0,0,2,0,0,0.0578,0,0.0578,0.0578,22,20,2,22,0,0,20,0,0,4.724,0,4.724,4.724,True
E95,2017-12,0,0,0,0,0,0,0,0,0,0,0,0,0,30,30,0,30,0,0,30,0,0,9.04299,0,9.04299,9.04299,True
E95,2018-01,0,0,0,0,0,0,0,0,0,0,0,0,0,29,27,2,29,0,0,27,0,0,10.6992,0,10.6992,10.6992,True
E95,2018-02,0,0,0,0,0,0,0,0,0,0,0,0,0,12,11,1,12,0,0,11,0,0,1.3522,0,1.3522,1.3522,True
E95,2018-03,0,0,0,0,0,0,0,0,0,0,0,0,0,67,65,2,67,0,0,65,0,0,13.78391,0,13.78391,13.78391,True
E95,2018-04,0,0,0,0,0,0,0,0,0,0,0,0,0,23,23,0,23,0,0,23,0,0,4.5639,0,4.5639,4.5639,True
E95,2018-05,0,0,0,0,0,0,0,0,0,0,0,0,0,41,37,4,41,0,0,37,0,0,7.48487,0,7.48487,7.48487,True
E95,2018-06,0,0,0,0,0,0,0,0,0,0,0,0,0,43,39,4,43,0,0,39,0,0,8.3791,0,8.3791,8.3791,True
E95,2018-07,0,0,0,0,0,0,0,0,0,0,0,0,0,24,24,0,24,0,0,24,0,0,4.9269,0,4.9269,4.9269,True
E95,2018-08,0,0,0,0,0,0,0,0,0,0,0,0,0,38,37,1,38,0,0,37,0,0,8.1502,0,8.1502,8.1502,True
E95,2018-09,0,0,0,0,0,0,0,0,0,0,0,0,0,18,18,0,18,0,0,18,0,0,1.876353,0,1.876353,1.876353,True
E95,2018-10,1,1,0,1,0,0,1,0,0,0.028,0,0.028,0.028,55,54,1,55,0,0,54,0,0,17.5324,0,17.5324,17.5324,True
E95,2018-11,0,0,0,0,0,0,0,0,0,0,0,0,0,51,47,4,51,0,0,47,0,0,14.858296,0,14.858296,14.858296,True
E95,2018-12,0,0,0,0,0,0,0,0,0,0,0,0,0,37,34,3,37,0,0,34,0,0,11.45776,0,11.45776,11.45776,True
E95,2019-01,0,0,0,0,0,0,0,0,0,0,0,0,0,35,34,1,35,0,0,34,0,0,16.4618,0,16.4618,16.4618,True
E95,2019-02,0,0,0,0,0,0,0,0,0,0,0,0,0,0,0,0,0,0,0,0,0,0,0,0,0,0,False
E95,2019-03,0,0,0,0,0,0,0,0,0,0,0,0,0,0,0,0,0,0,0,0,0,0,0,0,0,0,False
E95,2019-04,0,0,0,0,0,0,0,0,0,0,0,0,0,28,27,1,28,0,0,27,0,0,13.8993,0,13.8993,13.8993,True
E95,2019-05,0,0,0,0,0,0,0,0,0,0,0,0,0,18,18,0,18,0,0,18,0,0,8.1335,0,8.1335,8.1335,True
E95,2019-06,0,0,0,0,0,0,0,0,0,0,0,0,0,1,1,0,1,0,0,1,0,0,0.0577,0,0.0577,0.0577,True
E95,2019-07,0,0,0,0,0,0,0,0,0,0,0,0,0,6,5,1,6,0,0,5,0,0,1.2806,0,1.2806,1.2806,True
E95,2019-08,0,0,0,0,0,0,0,0,0,0,0,0,0,3,3,0,3,0,0,3,0,0,0.3765,0,0.3765,0.3765,True
E95,2019-09,0,0,0,0,0,0,0,0,0,0,0,0,0,12,12,0,12,0,0,12,0,0,1.9779,0,1.9779,1.9779,True
E95,2019-10,0,0,0,0,0,0,0,0,0,0,0,0,0,13,13,0,13,0,0,13,0,0,7.3358,0,7.3358,7.3358,True
E95,2019-11,1,1,0,1,0,0,1,0,0,0.028,0,0.028,0.028,9,8,1,9,0,0,8,0,0,1.8882,0,1.8882,1.8882,True
E95,2019-12,0,0,0,0,0,0,0,0,0,0,0,0,0,26,20,6,26,0,0,20,0,0,5.76015,0,5.76015,5.76015,True
E95,2020-01,0,0,0,0,0,0,0,0,0,0,0,0,0,5,4,1,5,0,0,4,0,0,0.7366,0,0.7366,0.7366,True
E95,2020-02,0,0,0,0,0,0,0,0,0,0,0,0,0,0,0,0,0,0,0,0,0,0,0,0,0,0,False
E96,2016-10,0,0,0,0,0,0,0,0,0,0,0,0,0,0,0,0,0,0,0,0,0,0,0,0,0,0,False
E96,2016-11,0,0,0,0,0,0,0,0,0,0,0,0,0,0,0,0,0,0,0,0,0,0,0,0,0,0,False
E96,2016-12,0,0,0,0,0,0,0,0,0,0,0,0,0,0,0,0,0,0,0,0,0,0,0,0,0,0,False
E96,2017-01,0,0,0,0,0,0,0,0,0,0,0,0,0,0,0,0,0,0,0,0,0,0,0,0,0,0,False
E96,2017-02,0,0,0,0,0,0,0,0,0,0,0,0,0,0,0,0,0,0,0,0,0,0,0,0,0,0,False
E96,2017-03,0,0,0,0,0,0,0,0,0,0,0,0,0,0,0,0,0,0,0,0,0,0,0,0,0,0,False
E96,2017-04,0,0,0,0,0,0,0,0,0,0,0,0,0,0,0,0,0,0,0,0,0,0,0,0,0,0,False
E96,2017-05,0,0,0,0,0,0,0,0,0,0,0,0,0,0,0,0,0,0,0,0,0,0,0,0,0,0,False
E96,2017-06,0,0,0,0,0,0,0,0,0,0,0,0,0,0,0,0,0,0,0,0,0,0,0,0,0,0,False
E96,2017-07,0,0,0,0,0,0,0,0,0,0,0,0,0,0,0,0,0,0,0,0,0,0,0,0,0,0,False
E96,2017-08,0,0,0,0,0,0,0,0,0,0,0,0,0,0,0,0,0,0,0,0,0,0,0,0,0,0,False
E96,2017-09,0,0,0,0,0,0,0,0,0,0,0,0,0,0,0,0,0,0,0,0,0,0,0,0,0,0,False
E96,2017-10,5,5,0,5,0,0,5,0,0,0.728096,0,0.728096,0.728096,0,0,0,0,0,0,0,0,0,0,0,0,0,True
E96,2017-11,0,0,0,0,0,0,0,0,0,0,0,0,0,0,0,0,0,0,0,0,0,0,0,0,0,0,False
E96,2017-12,1,1,0,1,0,0,1,0,0,0.005,0,0.005,0.005,0,0,0,0,0,0,0,0,0,0,0,0,0,True
E96,2018-01,0,0,0,0,0,0,0,0,0,0,0,0,0,0,0,0,0,0,0,0,0,0,0,0,0,0,False
E96,2018-02,0,0,0,0,0,0,0,0,0,0,0,0,0,0,0,0,0,0,0,0,0,0,0,0,0,0,False
E96,2018-03,1,1,0,1,0,0,1,0,0,0.03,0,0.03,0.03,0,0,0,0,0,0,0,0,0,0,0,0,0,True
E96,2018-04,0,0,0,0,0,0,0,0,0,0,0,0,0,0,0,0,0,0,0,0,0,0,0,0,0,0,False
E96,2018-05,1,1,0,1,0,0,1,0,0,0.048,0,0.048,0.048,3,1,2,3,0,0,1,0,0,4.9,0,4.9,4.9,True
E96,2018-06,0,0,0,0,0,0,0,0,0,0,0,0,0,0,0,0,0,0,0,0,0,0,0,0,0,0,False
E96,2018-07,1,1,0,1,0,0,1,0,0,242.6426,0,242.6426,242.6426,0,0,0,0,0,0,0,0,0,0,0,0,0,True
E96,2018-08,0,0,0,0,0,0,0,0,0,0,0,0,0,0,0,0,0,0,0,0,0,0,0,0,0,0,False
E96,2018-09,0,0,0,0,0,0,0,0,0,0,0,0,0,0,0,0,0,0,0,0,0,0,0,0,0,0,False
E96,2018-10,0,0,0,0,0,0,0,0,0,0,0,0,0,0,0,0,0,0,0,0,0,0,0,0,0,0,False
E96,2018-11,0,0,0,0,0,0,0,0,0,0,0,0,0,0,0,0,0,0,0,0,0,0,0,0,0,0,False
E96,2018-12,0,0,0,0,0,0,0,0,0,0,0,0,0,0,0,0,0,0,0,0,0,0,0,0,0,0,False
E96,2019-01,0,0,0,0,0,0,0,0,0,0,0,0,0,0,0,0,0,0,0,0,0,0,0,0,0,0,False
E96,2019-02,0,0,0,0,0,0,0,0,0,0,0,0,0,0,0,0,0,0,0,0,0,0,0,0,0,0,False
E96,2019-03,0,0,0,0,0,0,0,0,0,0,0,0,0,0,0,0,0,0,0,0,0,0,0,0,0,0,False
E96,2019-04,0,0,0,0,0,0,0,0,0,0,0,0,0,0,0,0,0,0,0,0,0,0,0,0,0,0,False
E96,2019-05,1,1,0,1,0,0,1,0,0,0.028,0,0.028,0.028,0,0,0,0,0,0,0,0,0,0,0,0,0,True
E96,2019-06,0,0,0,0,0,0,0,0,0,0,0,0,0,2,2,0,2,0,0,2,0,0,16.35,0,16.35,16.35,True
E96,2019-07,0,0,0,0,0,0,0,0,0,0,0,0,0,6,6,0,6,0,0,6,0,0,41.2,0,41.2,41.2,True
E96,2019-08,0,0,0,0,0,0,0,0,0,0,0,0,0,0,0,0,0,0,0,0,0,0,0,0,0,0,False
E96,2019-09,1,1,0,1,0,0,1,0,0,0.0653,0,0.0653,0.0653,0,0,0,0,0,0,0,0,0,0,0,0,0,True
E96,2019-10,0,0,0,0,0,0,0,0,0,0,0,0,0,0,0,0,0,0,0,0,0,0,0,0,0,0,False
E96,2019-11,0,0,0,0,0,0,0,0,0,0,0,0,0,0,0,0,0,0,0,0,0,0,0,0,0,0,False
E96,2019-12,0,0,0,0,0,0,0,0,0,0,0,0,0,9,9,0,9,0,0,9,0,0,85.685,0,85.685,85.685,True
E96,2020-01,0,0,0,0,0,0,0,0,0,0,0,0,0,0,0,0,0,0,0,0,0,0,0,0,0,0,False
E96,2020-02,0,0,0,0,0,0,0,0,0,0,0,0,0,0,0,0,0,0,0,0,0,0,0,0,0,0,False
E97,2016-10,0,0,0,0,0,0,0,0,0,0,0,0,0,0,0,0,0,0,0,0,0,0,0,0,0,0,False
E97,2016-11,0,0,0,0,0,0,0,0,0,0,0,0,0,0,0,0,0,0,0,0,0,0,0,0,0,0,False
E97,2016-12,0,0,0,0,0,0,0,0,0,0,0,0,0,0,0,0,0,0,0,0,0,0,0,0,0,0,False
E97,2017-01,0,0,0,0,0,0,0,0,0,0,0,0,0,0,0,0,0,0,0,0,0,0,0,0,0,0,False
E97,2017-02,0,0,0,0,0,0,0,0,0,0,0,0,0,0,0,0,0,0,0,0,0,0,0,0,0,0,False
E97,2017-03,0,0,0,0,0,0,0,0,0,0,0,0,0,0,0,0,0,0,0,0,0,0,0,0,0,0,False
E97,2017-04,0,0,0,0,0,0,0,0,0,0,0,0,0,0,0,0,0,0,0,0,0,0,0,0,0,0,False
E97,2017-05,0,0,0,0,0,0,0,0,0,0,0,0,0,0,0,0,0,0,0,0,0,0,0,0,0,0,False
E97,2017-06,0,0,0,0,0,0,0,0,0,0,0,0,0,0,0,0,0,0,0,0,0,0,0,0,0,0,False
E97,2017-07,0,0,0,0,0,0,0,0,0,0,0,0,0,0,0,0,0,0,0,0,0,0,0,0,0,0,False
E97,2017-08,0,0,0,0,0,0,0,0,0,0,0,0,0,0,0,0,0,0,0,0,0,0,0,0,0,0,False
E97,2017-09,0,0,0,0,0,0,0,0,0,0,0,0,0,0,0,0,0,0,0,0,0,0,0,0,0,0,False
E97,2017-10,0,0,0,0,0,0,0,0,0,0,0,0,0,0,0,0,0,0,0,0,0,0,0,0,0,0,False
E97,2017-11,0,0,0,0,0,0,0,0,0,0,0,0,0,0,0,0,0,0,0,0,0,0,0,0,0,0,False
E97,2017-12,0,0,0,0,0,0,0,0,0,0,0,0,0,0,0,0,0,0,0,0,0,0,0,0,0,0,False
E97,2018-01,0,0,0,0,0,0,0,0,0,0,0,0,0,0,0,0,0,0,0,0,0,0,0,0,0,0,False
E97,2018-02,0,0,0,0,0,0,0,0,0,0,0,0,0,0,0,0,0,0,0,0,0,0,0,0,0,0,False
E97,2018-03,0,0,0,0,0,0,0,0,0,0,0,0,0,0,0,0,0,0,0,0,0,0,0,0,0,0,False
E97,2018-04,0,0,0,0,0,0,0,0,0,0,0,0,0,0,0,0,0,0,0,0,0,0,0,0,0,0,False
E97,2018-05,0,0,0,0,0,0,0,0,0,0,0,0,0,0,0,0,0,0,0,0,0,0,0,0,0,0,False
E97,2018-06,0,0,0,0,0,0,0,0,0,0,0,0,0,0,0,0,0,0,0,0,0,0,0,0,0,0,False
E97,2018-07,0,0,0,0,0,0,0,0,0,0,0,0,0,15,15,0,15,0,0,15,0,0,5.0403,0,5.0403,5.0403,True
E97,2018-08,0,0,0,0,0,0,0,0,0,0,0,0,0,9,8,1,9,0,0,8,0,0,3.0612,0,3.0612,3.0612,True
E97,2018-09,0,0,0,0,0,0,0,0,0,0,0,0,0,15,15,0,14,1,0,14,1,0,4.8034,0.4517,4.3517,5.2551,True
E97,2018-10,1,1,0,1,0,0,1,0,0,0.3,0,0.3,0.3,13,11,2,11,0,2,11,0,0,3.763,0,3.763,3.763,True
E97,2018-11,0,0,0,0,0,0,0,0,0,0,0,0,0,10,10,0,10,0,0,10,0,0,3.1635,0,3.1635,3.1635,True
E97,2018-12,1,1,0,1,0,0,1,0,0,0.3,0,0.3,0.3,15,14,1,14,1,0,13,1,0,5.8197,0.6863,5.1334,6.506,True
E97,2019-01,1,1,0,1,0,0,1,0,0,0.03,0,0.03,0.03,13,13,0,13,0,0,13,0,0,5.6534,0,5.6534,5.6534,True
E97,2019-02,0,0,0,0,0,0,0,0,0,0,0,0,0,7,6,1,6,0,1,6,0,0,4.993,0,4.993,4.993,True
E97,2019-03,0,0,0,0,0,0,0,0,0,0,0,0,0,10,10,0,10,0,0,10,0,0,1.1042,0,1.1042,1.1042,True
E97,2019-04,1,1,0,1,0,0,1,0,0,0.3,0,0.3,0.3,4,4,0,4,0,0,4,0,0,1.7918,0,1.7918,1.7918,True
E97,2019-05,0,0,0,0,0,0,0,0,0,0,0,0,0,21,21,0,21,0,0,21,0,0,4.7822,0,4.7822,4.7822,True
E97,2019-06,1,1,0,1,0,0,1,0,0,0.028,0,0.028,0.028,11,11,0,11,0,0,11,0,0,5.1272,0,5.1272,5.1272,True
E97,2019-07,1,1,0,1,0,0,1,0,0,0.3,0,0.3,0.3,14,14,0,14,0,0,14,0,0,4.2107,0,4.2107,4.2107,True
E97,2019-08,0,0,0,0,0,0,0,0,0,0,0,0,0,13,13,0,13,0,0,13,0,0,4.5931,0,4.5931,4.5931,True
E97,2019-09,1,1,0,1,0,0,1,0,0,0.3,0,0.3,0.3,6,6,0,6,0,0,6,0,0,0.4755,0,0.4755,0.4755,True
E97,2019-10,0,0,0,0,0,0,0,0,0,0,0,0,0,17,17,0,17,0,0,17,0,0,8.1383,0,8.1383,8.1383,True
E97,2019-11,0,0,0,0,0,0,0,0,0,0,0,0,0,22,19,3,20,2,0,17,2,0,8.84214,0.043,8.79914,8.88514,True
E97,2019-12,1,1,0,1,0,0,1,0,0,0.4,0,0.4,0.4,34,33,1,34,0,0,33,0,0,19.674,0,19.674,19.674,True
E97,2020-01,0,0,0,0,0,0,0,0,0,0,0,0,0,15,15,0,15,0,0,15,0,0,6.19865,0,6.19865,6.19865,True
E97,2020-02,1,1,0,1,0,0,1,0,0,0.03,0,0.03,0.03,0,0,0,0,0,0,0,0,0,0,0,0,0,True
E98,2016-10,0,0,0,0,0,0,0,0,0,0,0,0,0,0,0,0,0,0,0,0,0,0,0,0,0,0,False
E98,2016-11,0,0,0,0,0,0,0,0,0,0,0,0,0,0,0,0,0,0,0,0,0,0,0,0,0,0,False
E98,2016-12,0,0,0,0,0,0,0,0,0,0,0,0,0,0,0,0,0,0,0,0,0,0,0,0,0,0,False
E98,2017-01,0,0,0,0,0,0,0,0,0,0,0,0,0,2,1,1,2,0,0,1,0,0,0.18437,0,0.18437,0.18437,True
E98,2017-02,0,0,0,0,0,0,0,0,0,0,0,0,0,0,0,0,0,0,0,0,0,0,0,0,0,0,False
E98,2017-03,0,0,0,0,0,0,0,0,0,0,0,0,0,1,1,0,1,0,0,1,0,0,0.1217,0,0.1217,0.1217,True
E98,2017-04,0,0,0,0,0,0,0,0,0,0,0,0,0,1,1,0,1,0,0,1,0,0,6.11717,0,6.11717,6.11717,True
E98,2017-05,0,0,0,0,0,0,0,0,0,0,0,0,0,0,0,0,0,0,0,0,0,0,0,0,0,0,False
E98,2017-06,0,0,0,0,0,0,0,0,0,0,0,0,0,6,4,2,6,0,0,4,0,0,8.8047,0,8.8047,8.8047,True
E98,2017-07,3,3,0,3,0,0,3,0,0,0.721,0,0.721,0.721,0,0,0,0,0,0,0,0,0,0,0,0,0,True
E98,2017-08,0,0,0,0,0,0,0,0,0,0,0,0,0,0,0,0,0,0,0,0,0,0,0,0,0,0,False
E98,2017-09,0,0,0,0,0,0,0,0,0,0,0,0,0,2,1,1,2,0,0,1,0,0,3.0072,0,3.0072,3.0072,True
E98,2017-10,0,0,0,0,0,0,0,0,0,0,0,0,0,6,3,3,6,0,0,3,0,0,4.94599,0,4.94599,4.94599,True
E98,2017-11,1,1,0,1,0,0,1,0,0,0.0348,0,0.0348,0.0348,5,4,1,5,0,0,4,0,0,31.2178,0,31.2178,31.2178,True
E98,2017-12,3,3,0,3,0,0,3,0,0,0.22812,0,0.22812,0.22812,3,3,0,3,0,0,3,0,0,3.19115,0,3.19115,3.19115,True
E98,2018-01,2,2,0,2,0,0,2,0,0,1.001,0,1.001,1.001,1,1,0,1,0,0,1,0,0,1.944,0,1.944,1.944,True
E98,2018-02,6,6,0,5,1,0,5,1,0,0.869297,0.1997,0.669597,1.068997,0,0,0,0,0,0,0,0,0,0,0,0,0,True
E98,2018-03,4,4,0,4,0,0,4,0,0,0.212184,0,0.212184,0.212184,3,3,0,3,0,0,3,0,0,0.452,0,0.452,0.452,True
E98,2018-04,5,5,0,5,0,0,5,0,0,1.0131,0,1.0131,1.0131,9,5,4,8,1,0,4,1,0,4.3501,0.158,4.1921,4.5081,True
E98,2018-05,0,0,0,0,0,0,0,0,0,0,0,0,0,7,6,1,6,1,0,5,1,0,0.7165,0.8511,-0.1346,1.5676,True
E98,2018-06,2,2,0,2,0,0,2,0,0,0.0609,0,0.0609,0.0609,2,2,0,2,0,0,2,0,0,0.85,0,0.85,0.85,True
E98,2018-07,1,1,0,1,0,0,1,0,0,0.0431,0,0.0431,0.0431,1,1,0,1,0,0,1,0,0,0.7,0,0.7,0.7,True
E98,2018-08,1,1,0,1,0,0,1,0,0,1e-06,0,1e-06,1e-06,1,1,0,1,0,0,1,0,0,0.77259,0,0.77259,0.77259,True
E98,2018-09,4,3,1,4,0,0,3,0,0,0.1351,0,0.1351,0.1351,7,7,0,7,0,0,7,0,0,2.83195,0,2.83195,2.83195,True
E98,2018-10,2,2,0,2,0,0,2,0,0,0.1014,0,0.1014,0.1014,1,1,0,1,0,0,1,0,0,2.1481,0,2.1481,2.1481,True
E98,2018-11,0,0,0,0,0,0,0,0,0,0,0,0,0,7,6,1,6,1,0,5,1,0,3.603,2.1481,1.4549,5.7511,True
E98,2018-12,4,4,0,4,0,0,4,0,0,0.749696,0,0.749696,0.749696,12,11,1,12,0,0,11,0,0,6.8337,0,6.8337,6.8337,True
E98,2019-01,0,0,0,0,0,0,0,0,0,0,0,0,0,4,4,0,4,0,0,4,0,0,8.1204,0,8.1204,8.1204,True
E98,2019-02,0,0,0,0,0,0,0,0,0,0,0,0,0,0,0,0,0,0,0,0,0,0,0,0,0,0,False
E98,2019-03,1,1,0,1,0,0,1,0,0,0.74,0,0.74,0.74,4,4,0,4,0,0,4,0,0,1.425,0,1.425,1.425,True
E98,2019-04,1,1,0,1,0,0,1,0,0,0.0115,0,0.0115,0.0115,5,5,0,5,0,0,5,0,0,7.2692,0,7.2692,7.2692,True
E98,2019-05,5,5,0,5,0,0,5,0,0,3.5232,0,3.5232,3.5232,15,14,1,12,3,0,11,3,0,11.615,6.109,5.506,17.724,True
E98,2019-06,2,2,0,2,0,0,2,0,0,0.1156,0,0.1156,0.1156,11,10,1,11,0,0,10,0,0,5.9814,0,5.9814,5.9814,True
E98,2019-07,2,2,0,2,0,0,2,0,0,1.54,0,1.54,1.54,1,1,0,1,0,0,1,0,0,0.0811,0,0.0811,0.0811,True
E98,2019-08,0,0,0,0,0,0,0,0,0,0,0,0,0,1,1,0,1,0,0,1,0,0,0.7611,0,0.7611,0.7611,True
E98,2019-09,0,0,0,0,0,0,0,0,0,0,0,0,0,10,10,0,10,0,0,10,0,0,3.997,0,3.997,3.997,True
E98,2019-10,0,0,0,0,0,0,0,0,0,0,0,0,0,6,5,1,6,0,0,5,0,0,7.3976,0,7.3976,7.3976,True
E98,2019-11,1,1,0,1,0,0,1,0,0,10,0,10,10,5,5,0,5,0,0,5,0,0,6.3883,0,6.3883,6.3883,True
E98,2019-12,0,0,0,0,0,0,0,0,0,0,0,0,0,12,10,2,12,0,0,10,0,0,14.56916,0,14.56916,14.56916,True
E98,2020-01,1,1,0,1,0,0,1,0,0,0.028,0,0.028,0.028,2,2,0,2,0,0,2,0,0,3.38,0,3.38,3.38,True
E98,2020-02,0,0,0,0,0,0,0,0,0,0,0,0,0,0,0,0,0,0,0,0,0,0,0,0,0,0,False
E99,2016-10,0,0,0,0,0,0,0,0,0,0,0,0,0,0,0,0,0,0,0,0,0,0,0,0,0,0,False
E99,2016-11,0,0,0,0,0,0,0,0,0,0,0,0,0,0,0,0,0,0,0,0,0,0,0,0,0,0,False
E99,2016-12,0,0,0,0,0,0,0,0,0,0,0,0,0,0,0,0,0,0,0,0,0,0,0,0,0,0,False
E99,2017-01,0,0,0,0,0,0,0,0,0,0,0,0,0,0,0,0,0,0,0,0,0,0,0,0,0,0,False
E99,2017-02,0,0,0,0,0,0,0,0,0,0,0,0,0,0,0,0,0,0,0,0,0,0,0,0,0,0,False
E99,2017-03,0,0,0,0,0,0,0,0,0,0,0,0,0,0,0,0,0,0,0,0,0,0,0,0,0,0,False
E99,2017-04,0,0,0,0,0,0,0,0,0,0,0,0,0,0,0,0,0,0,0,0,0,0,0,0,0,0,False
E99,2017-05,0,0,0,0,0,0,0,0,0,0,0,0,0,0,0,0,0,0,0,0,0,0,0,0,0,0,False
E99,2017-06,0,0,0,0,0,0,0,0,0,0,0,0,0,0,0,0,0,0,0,0,0,0,0,0,0,0,False
E99,2017-07,0,0,0,0,0,0,0,0,0,0,0,0,0,0,0,0,0,0,0,0,0,0,0,0,0,0,False
E99,2017-08,0,0,0,0,0,0,0,0,0,0,0,0,0,0,0,0,0,0,0,0,0,0,0,0,0,0,False
E99,2017-09,0,0,0,0,0,0,0,0,0,0,0,0,0,0,0,0,0,0,0,0,0,0,0,0,0,0,False
E99,2017-10,3,3,0,3,0,0,3,0,0,2.0103,0,2.0103,2.0103,0,0,0,0,0,0,0,0,0,0,0,0,0,True
E99,2017-11,1,1,0,1,0,0,1,0,0,3.4,0,3.4,3.4,0,0,0,0,0,0,0,0,0,0,0,0,0,True
E99,2017-12,1,1,0,1,0,0,1,0,0,10,0,10,10,0,0,0,0,0,0,0,0,0,0,0,0,0,True
E99,2018-01,0,0,0,0,0,0,0,0,0,0,0,0,0,0,0,0,0,0,0,0,0,0,0,0,0,0,False
E99,2018-02,9,9,0,8,1,0,8,1,0,0.2848,0.018,0.2668,0.3028,0,0,0,0,0,0,0,0,0,0,0,0,0,True
E99,2018-03,29,28,1,29,0,0,28,0,0,4.272997,0,4.272997,4.272997,0,0,0,0,0,0,0,0,0,0,0,0,0,True
E99,2018-04,28,28,0,28,0,0,28,0,0,2.083401,0,2.083401,2.083401,0,0,0,0,0,0,0,0,0,0,0,0,0,True
E99,2018-05,14,14,0,14,0,0,14,0,0,0.499713,0,0.499713,0.499713,0,0,0,0,0,0,0,0,0,0,0,0,0,True
E99,2018-06,14,14,0,14,0,0,14,0,0,0.487066,0,0.487066,0.487066,2,1,1,2,0,0,1,0,0,22.920346,0,22.920346,22.920346,True
E99,2018-07,13,13,0,13,0,0,13,0,0,10.668338,0,10.668338,10.668338,0,0,0,0,0,0,0,0,0,0,0,0,0,True
E99,2018-08,35,35,0,35,0,0,35,0,0,18.200082,0,18.200082,18.200082,1,1,0,1,0,0,1,0,0,43.619742,0,43.619742,43.619742,True
E99,2018-09,25,25,0,25,0,0,25,0,0,0.86882,0,0.86882,0.86882,0,0,0,0,0,0,0,0,0,0,0,0,0,True
E99,2018-10,33,33,0,33,0,0,33,0,0,1.422431,0,1.422431,1.422431,0,0,0,0,0,0,0,0,0,0,0,0,0,True
E99,2018-11,71,68,3,71,0,0,68,0,0,228.655082,0,228.655082,228.655082,0,0,0,0,0,0,0,0,0,0,0,0,0,True
E99,2018-12,64,63,1,64,0,0,63,0,0,47.918025,0,47.918025,47.918025,1,0,1,1,0,0,0,0,0,0,0,0,0,True
E99,2019-01,47,47,0,47,0,0,47,0,0,5.937568,0,5.937568,5.937568,3,2,1,3,0,0,2,0,0,23.684492,0,23.684492,23.684492,True
E99,2019-02,24,24,0,24,0,0,24,0,0,1.639259,0,1.639259,1.639259,0,0,0,0,0,0,0,0,0,0,0,0,0,True
E99,2019-03,48,48,0,48,0,0,48,0,0,9.206547,0,9.206547,9.206547,0,0,0,0,0,0,0,0,0,0,0,0,0,True
E99,2019-04,74,73,1,74,0,0,73,0,0,51.595971,0,51.595971,51.595971,0,0,0,0,0,0,0,0,0,0,0,0,0,True
E99,2019-05,63,61,2,55,8,0,53,8,0,30.892943,0.8,30.092943,31.692943,0,0,0,0,0,0,0,0,0,0,0,0,0,True
E99,2019-06,56,56,0,56,0,0,56,0,0,2.159024,0,2.159024,2.159024,0,0,0,0,0,0,0,0,0,0,0,0,0,True
E99,2019-07,50,50,0,50,0,0,50,0,0,1.657332,0,1.657332,1.657332,0,0,0,0,0,0,0,0,0,0,0,0,0,True
E99,2019-08,43,42,1,43,0,0,42,0,0,2.639542,0,2.639542,2.639542,0,0,0,0,0,0,0,0,0,0,0,0,0,True
E99,2019-09,37,37,0,37,0,0,37,0,0,13.068697,0,13.068697,13.068697,0,0,0,0,0,0,0,0,0,0,0,0,0,True
E99,2019-10,47,47,0,46,1,0,46,1,0,13.641362,10.12,3.521362,23.761362,0,0,0,0,0,0,0,0,0,0,0,0,0,True
E99,2019-11,51,51,0,50,1,0,50,1,0,2.5903,1.25544,1.33486,3.84574,1,1,0,1,0,0,1,0,0,33.2759,0,33.2759,33.2759,True
E99,2019-12,0,0,0,0,0,0,0,0,0,0,0,0,0,0,0,0,0,0,0,0,0,0,0,0,0,0,False
E99,2020-01,0,0,0,0,0,0,0,0,0,0,0,0,0,0,0,0,0,0,0,0,0,0,0,0,0,0,False
E99,2020-02,0,0,0,0,0,0,0,0,0,0,0,0,0,0,0,0,0,0,0,0,0,0,0,0,0,0,False
