enterprise_id,enterprise_name,credit_rating,risk_model,risk_score,risk_score_source,risk_rank,risk_percentile,loan_decision,decision_reason,offered_loan_amount_10k,offered_loan_amount_yuan,interest_rate,interest_rate_percent,fitted_churn_rate,acceptance_probability,expected_disbursed_amount_10k,lgd,funding_cost_rate,expected_interest_income_10k,expected_credit_loss_10k,expected_funding_cost_10k,expected_net_return_10k,expected_net_return_per_offered_unit,solver_scenario_id,budget_definition,representative_scenario_flag,conservative_risk_score,scenario_family,risk_variant,budget_fraction,scenario_lgd,scenario_funding_cost_rate,scenario_budget_10k
E1,***电器销售有限公司,A,elastic_net_logistic,0.05655542179,selected_model_risk_score,104,0.8455284553,不放贷,优化模型未选择,0,0,,,,,0,0.5,0.03,0,0,0,0,,budget_0.10_bmax_nominal_equality,nominal_equality,False,0.0730491674,budget,mean,0.1,0.5,0.03,990
E10,***建筑劳务有限公司,B,elastic_net_logistic,0.06093491817,selected_model_risk_score,102,0.8292682927,不放贷,优化模型未选择,0,0,,,,,0,0.5,0.03,0,0,0,0,,budget_0.10_bmax_nominal_equality,nominal_equality,False,0.07833730674,budget,mean,0.1,0.5,0.03,990
E100,***装饰工程有限公司,D,elastic_net_logistic,0.2578903118,selected_model_risk_score,36,0.2926829268,不放贷,D级企业原则上不予放贷,0,0,,,,,0,0.5,0.03,0,0,0,0,,budget_0.10_bmax_nominal_equality,nominal_equality,False,0.3416804479,budget,mean,0.1,0.5,0.03,990
E101,***灯饰工程有限公司,D,elastic_net_logistic,0.7098560409,selected_model_risk_score,6,0.0487804878,不放贷,D级企业原则上不予放贷,0,0,,,,,0,0.5,0.03,0,0,0,0,,budget_0.10_bmax_nominal_equality,nominal_equality,False,0.7897592201,budget,mean,0.1,0.5,0.03,990
E102,***大药房有限责任公司,D,elastic_net_logistic,0.4733747116,selected_model_risk_score,17,0.1382113821,不放贷,D级企业原则上不予放贷,0,0,,,,,0,0.5,0.03,0,0,0,0,,budget_0.10_bmax_nominal_equality,nominal_equality,False,0.6183651775,budget,mean,0.1,0.5,0.03,990
E103,***科技有限公司,D,elastic_net_logistic,0.4055458126,selected_model_risk_score,22,0.1788617886,不放贷,D级企业原则上不予放贷,0,0,,,,,0,0.5,0.03,0,0,0,0,,budget_0.10_bmax_nominal_equality,nominal_equality,False,0.4768661053,budget,mean,0.1,0.5,0.03,990
E104,***管理咨询有限责任公司,C,elastic_net_logistic,0.5371556855,selected_model_risk_score,14,0.1138211382,不放贷,优化模型未选择,0,0,,,,,0,0.5,0.03,0,0,0,0,,budget_0.10_bmax_nominal_equality,nominal_equality,False,0.6048969633,budget,mean,0.1,0.5,0.03,990
E105,***建材经营部,C,elastic_net_logistic,0.2296735143,selected_model_risk_score,41,0.3333333333,不放贷,优化模型未选择,0,0,,,,,0,0.5,0.03,0,0,0,0,,budget_0.10_bmax_nominal_equality,nominal_equality,False,0.3150886304,budget,mean,0.1,0.5,0.03,990
E106,***财务管理有限公司,B,elastic_net_logistic,0.25387818,selected_model_risk_score,37,0.3008130081,不放贷,优化模型未选择,0,0,,,,,0,0.5,0.03,0,0,0,0,,budget_0.10_bmax_nominal_equality,nominal_equality,False,0.2861266308,budget,mean,0.1,0.5,0.03,990
E107,***科技有限公司,D,elastic_net_logistic,0.6278756036,selected_model_risk_score,8,0.06504065041,不放贷,D级企业原则上不予放贷,0,0,,,,,0,0.5,0.03,0,0,0,0,,budget_0.10_bmax_nominal_equality,nominal_equality,False,0.6820972821,budget,mean,0.1,0.5,0.03,990
E108,***商贸有限公司,D,elastic_net_logistic,0.5221807895,selected_model_risk_score,15,0.1219512195,不放贷,D级企业原则上不予放贷,0,0,,,,,0,0.5,0.03,0,0,0,0,,budget_0.10_bmax_nominal_equality,nominal_equality,False,0.6296705299,budget,mean,0.1,0.5,0.03,990
E109,***服饰有限公司,D,elastic_net_logistic,0.5493640614,selected_model_risk_score,12,0.09756097561,不放贷,D级企业原则上不予放贷,0,0,,,,,0,0.5,0.03,0,0,0,0,,budget_0.10_bmax_nominal_equality,nominal_equality,False,0.6102205923,budget,mean,0.1,0.5,0.03,990
E11,***建设工程有限公司,C,elastic_net_logistic,0.07723891572,selected_model_risk_score,93,0.756097561,不放贷,优化模型未选择,0,0,,,,,0,0.5,0.03,0,0,0,0,,budget_0.10_bmax_nominal_equality,nominal_equality,False,0.1001763276,budget,mean,0.1,0.5,0.03,990
E110,***通讯器材经营部,C,elastic_net_logistic,0.5711527053,selected_model_risk_score,11,0.08943089431,不放贷,优化模型未选择,0,0,,,,,0,0.5,0.03,0,0,0,0,,budget_0.10_bmax_nominal_equality,nominal_equality,False,0.6124762668,budget,mean,0.1,0.5,0.03,990
E111,***科技有限公司,D,elastic_net_logistic,0.1919246162,selected_model_risk_score,49,0.3983739837,不放贷,D级企业原则上不予放贷,0,0,,,,,0,0.5,0.03,0,0,0,0,,budget_0.10_bmax_nominal_equality,nominal_equality,False,0.3189536769,budget,mean,0.1,0.5,0.03,990
E112,***机械设备有限公司,D,elastic_net_logistic,0.4170540731,selected_model_risk_score,20,0.162601626,不放贷,D级企业原则上不予放贷,0,0,,,,,0,0.5,0.03,0,0,0,0,,budget_0.10_bmax_nominal_equality,nominal_equality,False,0.5129040595,budget,mean,0.1,0.5,0.03,990
E113,***美居科技有限公司,D,elastic_net_logistic,0.7592451553,selected_model_risk_score,4,0.0325203252,不放贷,D级企业原则上不予放贷,0,0,,,,,0,0.5,0.03,0,0,0,0,,budget_0.10_bmax_nominal_equality,nominal_equality,False,0.8315439659,budget,mean,0.1,0.5,0.03,990
E114,***食品有限责任公司,D,elastic_net_logistic,0.4770804739,selected_model_risk_score,16,0.1300813008,不放贷,D级企业原则上不予放贷,0,0,,,,,0,0.5,0.03,0,0,0,0,,budget_0.10_bmax_nominal_equality,nominal_equality,False,0.5421990478,budget,mean,0.1,0.5,0.03,990
E115,***装饰工程有限公司,D,elastic_net_logistic,0.7835354924,selected_model_risk_score,2,0.0162601626,不放贷,D级企业原则上不予放贷,0,0,,,,,0,0.5,0.03,0,0,0,0,,budget_0.10_bmax_nominal_equality,nominal_equality,False,0.8331104651,budget,mean,0.1,0.5,0.03,990
E116,***门窗有限公司,D,elastic_net_logistic,0.4160885126,selected_model_risk_score,21,0.1707317073,不放贷,D级企业原则上不予放贷,0,0,,,,,0,0.5,0.03,0,0,0,0,,budget_0.10_bmax_nominal_equality,nominal_equality,False,0.532859258,budget,mean,0.1,0.5,0.03,990
E117,***人力资源管理咨询有限公司,D,elastic_net_logistic,0.6343060557,selected_model_risk_score,7,0.05691056911,不放贷,D级企业原则上不予放贷,0,0,,,,,0,0.5,0.03,0,0,0,0,,budget_0.10_bmax_nominal_equality,nominal_equality,False,0.7561127553,budget,mean,0.1,0.5,0.03,990
E118,***体育用品有限公司,D,elastic_net_logistic,0.3859533716,selected_model_risk_score,23,0.1869918699,不放贷,D级企业原则上不予放贷,0,0,,,,,0,0.5,0.03,0,0,0,0,,budget_0.10_bmax_nominal_equality,nominal_equality,False,0.4429217794,budget,mean,0.1,0.5,0.03,990
E119,***药房,D,elastic_net_logistic,0.6253065711,selected_model_risk_score,9,0.07317073171,不放贷,D级企业原则上不予放贷,0,0,,,,,0,0.5,0.03,0,0,0,0,,budget_0.10_bmax_nominal_equality,nominal_equality,False,0.6891769584,budget,mean,0.1,0.5,0.03,990
E12,***建筑劳务有限公司,B,elastic_net_logistic,0.08202986653,selected_model_risk_score,88,0.7154471545,不放贷,优化模型未选择,0,0,,,,,0,0.5,0.03,0,0,0,0,,budget_0.10_bmax_nominal_equality,nominal_equality,False,0.1054632903,budget,mean,0.1,0.5,0.03,990
E120,***陈列广告有限公司,D,elastic_net_logistic,0.721226934,selected_model_risk_score,5,0.0406504065,不放贷,D级企业原则上不予放贷,0,0,,,,,0,0.5,0.03,0,0,0,0,,budget_0.10_bmax_nominal_equality,nominal_equality,False,0.7608714869,budget,mean,0.1,0.5,0.03,990
E121,***药业连锁有限公司***药店,D,elastic_net_logistic,0.4662178212,selected_model_risk_score,18,0.1463414634,不放贷,D级企业原则上不予放贷,0,0,,,,,0,0.5,0.03,0,0,0,0,,budget_0.10_bmax_nominal_equality,nominal_equality,False,0.5621951951,budget,mean,0.1,0.5,0.03,990
E122,***商贸有限责任公司,D,elastic_net_logistic,0.4500783219,selected_model_risk_score,19,0.1544715447,不放贷,D级企业原则上不予放贷,0,0,,,,,0,0.5,0.03,0,0,0,0,,budget_0.10_bmax_nominal_equality,nominal_equality,False,0.6021516604,budget,mean,0.1,0.5,0.03,990
E123,***创科技有限责任公司,D,elastic_net_logistic,0.7819761114,selected_model_risk_score,3,0.0243902439,不放贷,D级企业原则上不予放贷,0,0,,,,,0,0.5,0.03,0,0,0,0,,budget_0.10_bmax_nominal_equality,nominal_equality,False,0.8270597923,budget,mean,0.1,0.5,0.03,990
E13,***汽车贸易有限公司,A,elastic_net_logistic,0.04053604698,selected_model_risk_score,113,0.918699187,不放贷,优化模型未选择,0,0,,,,,0,0.5,0.03,0,0,0,0,,budget_0.10_bmax_nominal_equality,nominal_equality,False,0.05373417783,budget,mean,0.1,0.5,0.03,990
E14,个体经营E14,C,elastic_net_logistic,0.03261041867,selected_model_risk_score,117,0.9512195122,放贷,优化模型选择,100,1000000,0.1105,11.05,0.7151023945,0.2848976055,28.48976055,0.5,0.03,3.045457077,0.4645315097,0.8546928165,1.726232751,0.01726232751,budget_0.10_bmax_nominal_equality,nominal_equality,False,0.04024201468,budget,mean,0.1,0.5,0.03,990
E15,***劳务有限公司,A,elastic_net_logistic,0.07381492047,selected_model_risk_score,95,0.7723577236,不放贷,优化模型未选择,0,0,,,,,0,0.5,0.03,0,0,0,0,,budget_0.10_bmax_nominal_equality,nominal_equality,False,0.1036254123,budget,mean,0.1,0.5,0.03,990
E16,***建筑劳务有限公司,A,elastic_net_logistic,0.04998777847,selected_model_risk_score,108,0.8780487805,不放贷,优化模型未选择,0,0,,,,,0,0.5,0.03,0,0,0,0,,budget_0.10_bmax_nominal_equality,nominal_equality,False,0.0624669862,budget,mean,0.1,0.5,0.03,990
E17,***消防工程有限公司,A,elastic_net_logistic,0.04649981408,selected_model_risk_score,111,0.9024390244,不放贷,优化模型未选择,0,0,,,,,0,0.5,0.03,0,0,0,0,,budget_0.10_bmax_nominal_equality,nominal_equality,False,0.05349825243,budget,mean,0.1,0.5,0.03,990
E18,***消防工程有限责任公司,A,elastic_net_logistic,0.04857513816,selected_model_risk_score,109,0.8861788618,不放贷,优化模型未选择,0,0,,,,,0,0.5,0.03,0,0,0,0,,budget_0.10_bmax_nominal_equality,nominal_equality,False,0.06117933194,budget,mean,0.1,0.5,0.03,990
E19,***科技有限公司,A,elastic_net_logistic,0.06543754966,selected_model_risk_score,100,0.8130081301,不放贷,优化模型未选择,0,0,,,,,0,0.5,0.03,0,0,0,0,,budget_0.10_bmax_nominal_equality,nominal_equality,False,0.09093656268,budget,mean,0.1,0.5,0.03,990
E2,***技术有限责任公司,A,elastic_net_logistic,0.02833749753,selected_model_risk_score,119,0.9674796748,放贷,优化模型选择,100,1000000,0.0985,9.85,0.7083020233,0.2916979767,29.16979767,0.5,0.03,2.791805062,0.4132995347,0.8750939301,1.503411597,0.01503411597,budget_0.10_bmax_nominal_equality,nominal_equality,False,0.03642833627,budget,mean,0.1,0.5,0.03,990
E20,***贸易有限公司,B,elastic_net_logistic,0.04546270238,selected_model_risk_score,112,0.9105691057,放贷,优化模型选择,100,1000000,0.1065,10.65,0.7053159925,0.2946840075,29.46840075,0.5,0.03,2.995705231,0.6698565665,0.8840520225,1.441796642,0.01441796642,budget_0.10_bmax_nominal_equality,nominal_equality,False,0.06402096704,budget,mean,0.1,0.5,0.03,990
E21,***建设工程有限公司,B,elastic_net_logistic,0.08415779812,selected_model_risk_score,85,0.6910569106,不放贷,优化模型未选择,0,0,,,,,0,0.5,0.03,0,0,0,0,,budget_0.10_bmax_nominal_equality,nominal_equality,False,0.09612822768,budget,mean,0.1,0.5,0.03,990
E22,***物流有限公司,A,elastic_net_logistic,0.08272431763,selected_model_risk_score,87,0.7073170732,不放贷,优化模型未选择,0,0,,,,,0,0.5,0.03,0,0,0,0,,budget_0.10_bmax_nominal_equality,nominal_equality,False,0.09349623574,budget,mean,0.1,0.5,0.03,990
E23,***贸易有限公司,B,elastic_net_logistic,0.03337482103,selected_model_risk_score,116,0.9430894309,放贷,优化模型选择,100,1000000,0.1065,10.65,0.7053159925,0.2946840075,29.46840075,0.5,0.03,3.033641653,0.4917513005,0.8840520225,1.65783833,0.0165783833,budget_0.10_bmax_nominal_equality,nominal_equality,False,0.04082479351,budget,mean,0.1,0.5,0.03,990
E24,***建筑工程有限公司,A,elastic_net_logistic,0.04702949043,selected_model_risk_score,110,0.8943089431,不放贷,优化模型未选择,0,0,,,,,0,0.5,0.03,0,0,0,0,,budget_0.10_bmax_nominal_equality,nominal_equality,False,0.06125175229,budget,mean,0.1,0.5,0.03,990
E25,***通讯设备有限公司,C,elastic_net_logistic,0.08202047653,selected_model_risk_score,89,0.7235772358,不放贷,优化模型未选择,0,0,,,,,0,0.5,0.03,0,0,0,0,,budget_0.10_bmax_nominal_equality,nominal_equality,False,0.09686547054,budget,mean,0.1,0.5,0.03,990
E26,***金属材料有限公司,A,elastic_net_logistic,0.1342940789,selected_model_risk_score,61,0.4959349593,不放贷,优化模型未选择,0,0,,,,,0,0.5,0.03,0,0,0,0,,budget_0.10_bmax_nominal_equality,nominal_equality,False,0.1782110185,budget,mean,0.1,0.5,0.03,990
E27,***农业开发有限公司,A,elastic_net_logistic,0.1103832985,selected_model_risk_score,70,0.5691056911,不放贷,优化模型未选择,0,0,,,,,0,0.5,0.03,0,0,0,0,,budget_0.10_bmax_nominal_equality,nominal_equality,False,0.1369068444,budget,mean,0.1,0.5,0.03,990
E28,***景观工程有限公司,B,elastic_net_logistic,0.09966092865,selected_model_risk_score,76,0.6178861789,不放贷,优化模型未选择,0,0,,,,,0,0.5,0.03,0,0,0,0,,budget_0.10_bmax_nominal_equality,nominal_equality,False,0.1193350508,budget,mean,0.1,0.5,0.03,990
E29,***建筑劳务有限公司,C,elastic_net_logistic,0.07253671793,selected_model_risk_score,96,0.7804878049,不放贷,优化模型未选择,0,0,,,,,0,0.5,0.03,0,0,0,0,,budget_0.10_bmax_nominal_equality,nominal_equality,False,0.08548890218,budget,mean,0.1,0.5,0.03,990
E3,***电子(中国)有限公司***分公司,C,elastic_net_logistic,0.02153611417,selected_model_risk_score,123,1,放贷,优化模型选择,100,1000000,0.0905,9.05,0.5900970447,0.4099029553,40.99029553,0.5,0.03,3.629730908,0.4413858422,1.229708866,1.9586362,0.019586362,budget_0.10_bmax_nominal_equality,nominal_equality,False,0.025281018,budget,mean,0.1,0.5,0.03,990
E30,***建筑工程有限公司,B,elastic_net_logistic,0.07713913412,selected_model_risk_score,94,0.7642276423,不放贷,优化模型未选择,0,0,,,,,0,0.5,0.03,0,0,0,0,,budget_0.10_bmax_nominal_equality,nominal_equality,False,0.1024182862,budget,mean,0.1,0.5,0.03,990
E31,***食品有限公司,A,elastic_net_logistic,0.0367643069,selected_model_risk_score,115,0.9349593496,不放贷,优化模型未选择,0,0,,,,,0,0.5,0.03,0,0,0,0,,budget_0.10_bmax_nominal_equality,nominal_equality,False,0.04188668071,budget,mean,0.1,0.5,0.03,990
E32,***建筑劳务有限公司,B,elastic_net_logistic,0.09279588464,selected_model_risk_score,79,0.6422764228,不放贷,优化模型未选择,0,0,,,,,0,0.5,0.03,0,0,0,0,,budget_0.10_bmax_nominal_equality,nominal_equality,False,0.104597557,budget,mean,0.1,0.5,0.03,990
E33,***园林有限责任公司,B,elastic_net_logistic,0.09823760896,selected_model_risk_score,77,0.6260162602,不放贷,优化模型未选择,0,0,,,,,0,0.5,0.03,0,0,0,0,,budget_0.10_bmax_nominal_equality,nominal_equality,False,0.1158892222,budget,mean,0.1,0.5,0.03,990
E34,***建设工程有限公司,B,elastic_net_logistic,0.1015652078,selected_model_risk_score,75,0.6097560976,不放贷,优化模型未选择,0,0,,,,,0,0.5,0.03,0,0,0,0,,budget_0.10_bmax_nominal_equality,nominal_equality,False,0.1393444528,budget,mean,0.1,0.5,0.03,990
E35,***商贸有限公司,B,elastic_net_logistic,0.08567951436,selected_model_risk_score,83,0.674796748,不放贷,优化模型未选择,0,0,,,,,0,0.5,0.03,0,0,0,0,,budget_0.10_bmax_nominal_equality,nominal_equality,False,0.1006056864,budget,mean,0.1,0.5,0.03,990
E36,***超硬材料有限公司,D,elastic_net_logistic,0.05081789908,selected_model_risk_score,107,0.8699186992,不放贷,D级企业原则上不予放贷,0,0,,,,,0,0.5,0.03,0,0,0,0,,budget_0.10_bmax_nominal_equality,nominal_equality,False,0.06163613971,budget,mean,0.1,0.5,0.03,990
E37,***木业有限公司,B,elastic_net_logistic,0.084549486,selected_model_risk_score,84,0.6829268293,不放贷,优化模型未选择,0,0,,,,,0,0.5,0.03,0,0,0,0,,budget_0.10_bmax_nominal_equality,nominal_equality,False,0.1088428529,budget,mean,0.1,0.5,0.03,990
E38,***建设工程有限公司,B,elastic_net_logistic,0.1218095512,selected_model_risk_score,63,0.512195122,不放贷,优化模型未选择,0,0,,,,,0,0.5,0.03,0,0,0,0,,budget_0.10_bmax_nominal_equality,nominal_equality,False,0.1460270212,budget,mean,0.1,0.5,0.03,990
E39,***建筑劳务有限公司,C,elastic_net_logistic,0.1815109557,selected_model_risk_score,52,0.4227642276,不放贷,优化模型未选择,0,0,,,,,0,0.5,0.03,0,0,0,0,,budget_0.10_bmax_nominal_equality,nominal_equality,False,0.2307578892,budget,mean,0.1,0.5,0.03,990
E4,***发展有限责任公司,C,elastic_net_logistic,0.03106769432,selected_model_risk_score,118,0.9593495935,放贷,优化模型选择,100,1000000,0.1105,11.05,0.7151023945,0.2848976055,28.48976055,0.5,0.03,3.050313756,0.442555586,0.8546928165,1.753065354,0.01753065354,budget_0.10_bmax_nominal_equality,nominal_equality,False,0.04400979025,budget,mean,0.1,0.5,0.03,990
E40,***财税咨询服务有限公司,C,elastic_net_logistic,0.08113873174,selected_model_risk_score,90,0.7317073171,不放贷,优化模型未选择,0,0,,,,,0,0.5,0.03,0,0,0,0,,budget_0.10_bmax_nominal_equality,nominal_equality,False,0.09293248415,budget,mean,0.1,0.5,0.03,990
E41,***物业发展有限公司,C,elastic_net_logistic,0.07916167381,selected_model_risk_score,91,0.7398373984,不放贷,优化模型未选择,0,0,,,,,0,0.5,0.03,0,0,0,0,,budget_0.10_bmax_nominal_equality,nominal_equality,False,0.09683047914,budget,mean,0.1,0.5,0.03,990
E42,***园艺场,A,elastic_net_logistic,0.1200846128,selected_model_risk_score,66,0.5365853659,不放贷,优化模型未选择,0,0,,,,,0,0.5,0.03,0,0,0,0,,budget_0.10_bmax_nominal_equality,nominal_equality,False,0.1475914741,budget,mean,0.1,0.5,0.03,990
E43,***建设工程有限公司,B,elastic_net_logistic,0.1927952664,selected_model_risk_score,48,0.3902439024,不放贷,优化模型未选择,0,0,,,,,0,0.5,0.03,0,0,0,0,,budget_0.10_bmax_nominal_equality,nominal_equality,False,0.2145282193,budget,mean,0.1,0.5,0.03,990
E44,***商贸有限公司,C,elastic_net_logistic,0.08616234673,selected_model_risk_score,82,0.6666666667,不放贷,优化模型未选择,0,0,,,,,0,0.5,0.03,0,0,0,0,,budget_0.10_bmax_nominal_equality,nominal_equality,False,0.1035354806,budget,mean,0.1,0.5,0.03,990
E45,个体经营E45,B,elastic_net_logistic,0.1068056002,selected_model_risk_score,73,0.593495935,不放贷,优化模型未选择,0,0,,,,,0,0.5,0.03,0,0,0,0,,budget_0.10_bmax_nominal_equality,nominal_equality,False,0.1219197504,budget,mean,0.1,0.5,0.03,990
E46,***广告传媒有限公司,C,elastic_net_logistic,0.05276002815,selected_model_risk_score,105,0.8536585366,不放贷,优化模型未选择,0,0,,,,,0,0.5,0.03,0,0,0,0,,budget_0.10_bmax_nominal_equality,nominal_equality,False,0.06245378683,budget,mean,0.1,0.5,0.03,990
E47,***控制设备有限责任公司,C,elastic_net_logistic,0.05124807767,selected_model_risk_score,106,0.8617886179,放贷,优化模型选择,90,900000,0.1105,11.05,0.7151023945,0.2848976055,25.64078449,0.5,0.03,2.688105166,0.6570204577,0.7692235348,1.261861173,0.0140206797,budget_0.10_bmax_nominal_equality,nominal_equality,False,0.05822355401,budget,mean,0.1,0.5,0.03,990
E48,***化工有限公司,A,elastic_net_logistic,0.07070577235,selected_model_risk_score,97,0.7886178862,不放贷,优化模型未选择,0,0,,,,,0,0.5,0.03,0,0,0,0,,budget_0.10_bmax_nominal_equality,nominal_equality,False,0.08921054517,budget,mean,0.1,0.5,0.03,990
E49,***地球环保科技有限公司,C,elastic_net_logistic,0.09803729486,selected_model_risk_score,78,0.6341463415,不放贷,优化模型未选择,0,0,,,,,0,0.5,0.03,0,0,0,0,,budget_0.10_bmax_nominal_equality,nominal_equality,False,0.1105965348,budget,mean,0.1,0.5,0.03,990
E5,***供应链管理有限公司,B,elastic_net_logistic,0.05668387407,selected_model_risk_score,103,0.837398374,不放贷,优化模型未选择,0,0,,,,,0,0.5,0.03,0,0,0,0,,budget_0.10_bmax_nominal_equality,nominal_equality,False,0.07330978844,budget,mean,0.1,0.5,0.03,990
E50,***建筑劳务有限公司,C,elastic_net_logistic,0.1692453772,selected_model_risk_score,54,0.4390243902,不放贷,优化模型未选择,0,0,,,,,0,0.5,0.03,0,0,0,0,,budget_0.10_bmax_nominal_equality,nominal_equality,False,0.2040258114,budget,mean,0.1,0.5,0.03,990
E51,***物流有限公司,B,elastic_net_logistic,0.0697365828,selected_model_risk_score,98,0.7967479675,不放贷,优化模型未选择,0,0,,,,,0,0.5,0.03,0,0,0,0,,budget_0.10_bmax_nominal_equality,nominal_equality,False,0.07874952738,budget,mean,0.1,0.5,0.03,990
E52,***商贸有限公司,D,elastic_net_logistic,0.2136303318,selected_model_risk_score,44,0.3577235772,不放贷,D级企业原则上不予放贷,0,0,,,,,0,0.5,0.03,0,0,0,0,,budget_0.10_bmax_nominal_equality,nominal_equality,False,0.2416471762,budget,mean,0.1,0.5,0.03,990
E53,***文化传媒有限公司,C,elastic_net_logistic,0.107156181,selected_model_risk_score,71,0.5772357724,不放贷,优化模型未选择,0,0,,,,,0,0.5,0.03,0,0,0,0,,budget_0.10_bmax_nominal_equality,nominal_equality,False,0.1294528809,budget,mean,0.1,0.5,0.03,990
E54,***新技术开发有限公司,A,elastic_net_logistic,0.06439978133,selected_model_risk_score,101,0.8211382114,不放贷,优化模型未选择,0,0,,,,,0,0.5,0.03,0,0,0,0,,budget_0.10_bmax_nominal_equality,nominal_equality,False,0.08481402429,budget,mean,0.1,0.5,0.03,990
E55,***集团有限公司***电力设备分公司,C,elastic_net_logistic,0.1835760094,selected_model_risk_score,51,0.4146341463,不放贷,优化模型未选择,0,0,,,,,0,0.5,0.03,0,0,0,0,,budget_0.10_bmax_nominal_equality,nominal_equality,False,0.2408611135,budget,mean,0.1,0.5,0.03,990
E56,***家居材料***有限公司,C,elastic_net_logistic,0.08755638262,selected_model_risk_score,81,0.6585365854,不放贷,优化模型未选择,0,0,,,,,0,0.5,0.03,0,0,0,0,,budget_0.10_bmax_nominal_equality,nominal_equality,False,0.1073776577,budget,mean,0.1,0.5,0.03,990
E57,***机械设备有限公司,B,elastic_net_logistic,0.1025680758,selected_model_risk_score,74,0.6016260163,不放贷,优化模型未选择,0,0,,,,,0,0.5,0.03,0,0,0,0,,budget_0.10_bmax_nominal_equality,nominal_equality,False,0.1291130293,budget,mean,0.1,0.5,0.03,990
E58,***油气工程建设有限责任公司,B,elastic_net_logistic,0.1498825704,selected_model_risk_score,58,0.4715447154,不放贷,优化模型未选择,0,0,,,,,0,0.5,0.03,0,0,0,0,,budget_0.10_bmax_nominal_equality,nominal_equality,False,0.166452668,budget,mean,0.1,0.5,0.03,990
E59,***商贸有限公司,A,elastic_net_logistic,0.06896464342,selected_model_risk_score,99,0.8048780488,不放贷,优化模型未选择,0,0,,,,,0,0.5,0.03,0,0,0,0,,budget_0.10_bmax_nominal_equality,nominal_equality,False,0.07641618763,budget,mean,0.1,0.5,0.03,990
E6,***装饰设计工程有限公司,A,elastic_net_logistic,0.03828902106,selected_model_risk_score,114,0.9268292683,不放贷,优化模型未选择,0,0,,,,,0,0.5,0.03,0,0,0,0,,budget_0.10_bmax_nominal_equality,nominal_equality,False,0.04389193776,budget,mean,0.1,0.5,0.03,990
E60,***机械租赁有限公司,B,elastic_net_logistic,0.2143912442,selected_model_risk_score,43,0.3495934959,不放贷,优化模型未选择,0,0,,,,,0,0.5,0.03,0,0,0,0,,budget_0.10_bmax_nominal_equality,nominal_equality,False,0.2335825691,budget,mean,0.1,0.5,0.03,990
E61,***调味品有限公司,B,elastic_net_logistic,0.07788330382,selected_model_risk_score,92,0.7479674797,不放贷,优化模型未选择,0,0,,,,,0,0.5,0.03,0,0,0,0,,budget_0.10_bmax_nominal_equality,nominal_equality,False,0.09484916536,budget,mean,0.1,0.5,0.03,990
E62,***工程造价咨询有限公司***分公司,B,elastic_net_logistic,0.1214523958,selected_model_risk_score,64,0.5203252033,不放贷,优化模型未选择,0,0,,,,,0,0.5,0.03,0,0,0,0,,budget_0.10_bmax_nominal_equality,nominal_equality,False,0.1450170246,budget,mean,0.1,0.5,0.03,990
E63,***科技有限公司,B,elastic_net_logistic,0.08368298573,selected_model_risk_score,86,0.6991869919,不放贷,优化模型未选择,0,0,,,,,0,0.5,0.03,0,0,0,0,,budget_0.10_bmax_nominal_equality,nominal_equality,False,0.1084106096,budget,mean,0.1,0.5,0.03,990
E64,***图书有限责任公司,A,elastic_net_logistic,0.1124750355,selected_model_risk_score,69,0.5609756098,不放贷,优化模型未选择,0,0,,,,,0,0.5,0.03,0,0,0,0,,budget_0.10_bmax_nominal_equality,nominal_equality,False,0.1209520698,budget,mean,0.1,0.5,0.03,990
E65,***商贸有限公司,B,elastic_net_logistic,0.0894097801,selected_model_risk_score,80,0.6504065041,不放贷,优化模型未选择,0,0,,,,,0,0.5,0.03,0,0,0,0,,budget_0.10_bmax_nominal_equality,nominal_equality,False,0.1016662421,budget,mean,0.1,0.5,0.03,990
E66,***快递有限公司,B,elastic_net_logistic,0.2947622952,selected_model_risk_score,30,0.243902439,不放贷,优化模型未选择,0,0,,,,,0,0.5,0.03,0,0,0,0,,budget_0.10_bmax_nominal_equality,nominal_equality,False,0.3741353375,budget,mean,0.1,0.5,0.03,990
E67,***信息技术有限公司,B,elastic_net_logistic,0.1845447393,selected_model_risk_score,50,0.406504065,不放贷,优化模型未选择,0,0,,,,,0,0.5,0.03,0,0,0,0,,budget_0.10_bmax_nominal_equality,nominal_equality,False,0.2088292217,budget,mean,0.1,0.5,0.03,990
E68,***花木总公司,C,elastic_net_logistic,0.3380718151,selected_model_risk_score,28,0.2276422764,不放贷,优化模型未选择,0,0,,,,,0,0.5,0.03,0,0,0,0,,budget_0.10_bmax_nominal_equality,nominal_equality,False,0.3824767947,budget,mean,0.1,0.5,0.03,990
E69,***电子器材经营部,C,elastic_net_logistic,0.2503652668,selected_model_risk_score,38,0.3089430894,不放贷,优化模型未选择,0,0,,,,,0,0.5,0.03,0,0,0,0,,budget_0.10_bmax_nominal_equality,nominal_equality,False,0.3207126735,budget,mean,0.1,0.5,0.03,990
E7,***家电有限公司***分公司,A,elastic_net_logistic,0.02580342326,selected_model_risk_score,121,0.9837398374,放贷,优化模型选择,100,1000000,0.0985,9.85,0.7083020233,0.2916979767,29.16979767,0.5,0.03,2.799086028,0.3763403178,0.8750939301,1.54765178,0.0154765178,budget_0.10_bmax_nominal_equality,nominal_equality,False,0.03436137967,budget,mean,0.1,0.5,0.03,990
E70,***科技有限公司,B,elastic_net_logistic,0.1379471805,selected_model_risk_score,60,0.487804878,不放贷,优化模型未选择,0,0,,,,,0,0.5,0.03,0,0,0,0,,budget_0.10_bmax_nominal_equality,nominal_equality,False,0.1557212843,budget,mean,0.1,0.5,0.03,990
E71,***农业科技有限公司,B,elastic_net_logistic,0.2041897012,selected_model_risk_score,45,0.3658536585,不放贷,优化模型未选择,0,0,,,,,0,0.5,0.03,0,0,0,0,,budget_0.10_bmax_nominal_equality,nominal_equality,False,0.2461670708,budget,mean,0.1,0.5,0.03,990
E72,***图书有限公司,C,elastic_net_logistic,0.2897171126,selected_model_risk_score,32,0.2601626016,不放贷,优化模型未选择,0,0,,,,,0,0.5,0.03,0,0,0,0,,budget_0.10_bmax_nominal_equality,nominal_equality,False,0.3383260035,budget,mean,0.1,0.5,0.03,990
E73,***商贸有限责任公司,C,elastic_net_logistic,0.1183311273,selected_model_risk_score,67,0.5447154472,不放贷,优化模型未选择,0,0,,,,,0,0.5,0.03,0,0,0,0,,budget_0.10_bmax_nominal_equality,nominal_equality,False,0.150943928,budget,mean,0.1,0.5,0.03,990
E74,***蔬菜专业合作社,B,elastic_net_logistic,0.1539591335,selected_model_risk_score,56,0.4552845528,不放贷,优化模型未选择,0,0,,,,,0,0.5,0.03,0,0,0,0,,budget_0.10_bmax_nominal_equality,nominal_equality,False,0.1754997095,budget,mean,0.1,0.5,0.03,990
E75,***酒店管理有限公司,C,elastic_net_logistic,0.1070850165,selected_model_risk_score,72,0.5853658537,不放贷,优化模型未选择,0,0,,,,,0,0.5,0.03,0,0,0,0,,budget_0.10_bmax_nominal_equality,nominal_equality,False,0.1282680192,budget,mean,0.1,0.5,0.03,990
E76,***信息科技有限公司,B,elastic_net_logistic,0.1706660196,selected_model_risk_score,53,0.4308943089,不放贷,优化模型未选择,0,0,,,,,0,0.5,0.03,0,0,0,0,,budget_0.10_bmax_nominal_equality,nominal_equality,False,0.1979402602,budget,mean,0.1,0.5,0.03,990
E77,***机电设备有限公司,C,elastic_net_logistic,0.3665492679,selected_model_risk_score,25,0.2032520325,不放贷,优化模型未选择,0,0,,,,,0,0.5,0.03,0,0,0,0,,budget_0.10_bmax_nominal_equality,nominal_equality,False,0.4663549766,budget,mean,0.1,0.5,0.03,990
E78,个体经营E78,C,elastic_net_logistic,0.1211539626,selected_model_risk_score,65,0.5284552846,不放贷,优化模型未选择,0,0,,,,,0,0.5,0.03,0,0,0,0,,budget_0.10_bmax_nominal_equality,nominal_equality,False,0.1481587806,budget,mean,0.1,0.5,0.03,990
E79,***鞋业有限公司,B,elastic_net_logistic,0.2025177165,selected_model_risk_score,46,0.3739837398,不放贷,优化模型未选择,0,0,,,,,0,0.5,0.03,0,0,0,0,,budget_0.10_bmax_nominal_equality,nominal_equality,False,0.2207361419,budget,mean,0.1,0.5,0.03,990
E8,***科学研究院有限公司,A,elastic_net_logistic,0.02606005345,selected_model_risk_score,120,0.9756097561,放贷,优化模型选择,100,1000000,0.0985,9.85,0.7083020233,0.2916979767,29.16979767,0.5,0.03,2.798348672,0.3800832432,0.8750939301,1.543171498,0.01543171498,budget_0.10_bmax_nominal_equality,nominal_equality,False,0.03439017911,budget,mean,0.1,0.5,0.03,990
E80,***实业有限责任公司,C,elastic_net_logistic,0.3432370641,selected_model_risk_score,26,0.2113821138,不放贷,优化模型未选择,0,0,,,,,0,0.5,0.03,0,0,0,0,,budget_0.10_bmax_nominal_equality,nominal_equality,False,0.3865190631,budget,mean,0.1,0.5,0.03,990
E81,***机械设备有限公司,A,elastic_net_logistic,0.1154202468,selected_model_risk_score,68,0.5528455285,不放贷,优化模型未选择,0,0,,,,,0,0.5,0.03,0,0,0,0,,budget_0.10_bmax_nominal_equality,nominal_equality,False,0.1339413155,budget,mean,0.1,0.5,0.03,990
E82,***商贸有限公司,D,elastic_net_logistic,0.194614899,selected_model_risk_score,47,0.3821138211,不放贷,D级企业原则上不予放贷,0,0,,,,,0,0.5,0.03,0,0,0,0,,budget_0.10_bmax_nominal_equality,nominal_equality,False,0.2318618526,budget,mean,0.1,0.5,0.03,990
E83,***社会福利院（***社会福利社会化服务中心）,B,elastic_net_logistic,0.5444532255,selected_model_risk_score,13,0.1056910569,不放贷,优化模型未选择,0,0,,,,,0,0.5,0.03,0,0,0,0,,budget_0.10_bmax_nominal_equality,nominal_equality,False,0.6237840466,budget,mean,0.1,0.5,0.03,990
E84,***建材有限公司,A,elastic_net_logistic,0.1532688251,selected_model_risk_score,57,0.4634146341,不放贷,优化模型未选择,0,0,,,,,0,0.5,0.03,0,0,0,0,,budget_0.10_bmax_nominal_equality,nominal_equality,False,0.1694921296,budget,mean,0.1,0.5,0.03,990
E85,***安防科技有限公司,B,elastic_net_logistic,0.2264316686,selected_model_risk_score,42,0.3414634146,不放贷,优化模型未选择,0,0,,,,,0,0.5,0.03,0,0,0,0,,budget_0.10_bmax_nominal_equality,nominal_equality,False,0.2483347601,budget,mean,0.1,0.5,0.03,990
E86,***地质工程勘察院***分院,C,elastic_net_logistic,0.2808208394,selected_model_risk_score,34,0.2764227642,不放贷,优化模型未选择,0,0,,,,,0,0.5,0.03,0,0,0,0,,budget_0.10_bmax_nominal_equality,nominal_equality,False,0.3548090468,budget,mean,0.1,0.5,0.03,990
E87,***实业有限责任公司,C,elastic_net_logistic,0.234076271,selected_model_risk_score,40,0.325203252,不放贷,优化模型未选择,0,0,,,,,0,0.5,0.03,0,0,0,0,,budget_0.10_bmax_nominal_equality,nominal_equality,False,0.2796569295,budget,mean,0.1,0.5,0.03,990
E88,***贸易有限公司,A,elastic_net_logistic,0.1654327803,selected_model_risk_score,55,0.4471544715,不放贷,优化模型未选择,0,0,,,,,0,0.5,0.03,0,0,0,0,,budget_0.10_bmax_nominal_equality,nominal_equality,False,0.189066442,budget,mean,0.1,0.5,0.03,990
E89,***物资有限公司,A,elastic_net_logistic,0.3344336244,selected_model_risk_score,29,0.2357723577,不放贷,优化模型未选择,0,0,,,,,0,0.5,0.03,0,0,0,0,,budget_0.10_bmax_nominal_equality,nominal_equality,False,0.3672701532,budget,mean,0.1,0.5,0.03,990
E9,***生活用品服务有限公司***分公司,A,elastic_net_logistic,0.02174866462,selected_model_risk_score,122,0.9918699187,放贷,优化模型选择,100,1000000,0.0985,9.85,0.7083020233,0.2916979767,29.16979767,0.5,0.03,2.810736262,0.3172020733,0.8750939301,1.618440259,0.01618440259,budget_0.10_bmax_nominal_equality,nominal_equality,False,0.02531048472,budget,mean,0.1,0.5,0.03,990
E90,***文化传媒有限责任公司,C,elastic_net_logistic,0.2928954659,selected_model_risk_score,31,0.2520325203,不放贷,优化模型未选择,0,0,,,,,0,0.5,0.03,0,0,0,0,,budget_0.10_bmax_nominal_equality,nominal_equality,False,0.3272754126,budget,mean,0.1,0.5,0.03,990
E91,***科技实业有限公司,A,elastic_net_logistic,0.123879862,selected_model_risk_score,62,0.5040650407,不放贷,优化模型未选择,0,0,,,,,0,0.5,0.03,0,0,0,0,,budget_0.10_bmax_nominal_equality,nominal_equality,False,0.1563985381,budget,mean,0.1,0.5,0.03,990
E92,***地质灾害防治有限公司,C,elastic_net_logistic,0.3701163354,selected_model_risk_score,24,0.1951219512,不放贷,优化模型未选择,0,0,,,,,0,0.5,0.03,0,0,0,0,,budget_0.10_bmax_nominal_equality,nominal_equality,False,0.4190045907,budget,mean,0.1,0.5,0.03,990
E93,***电脑设计事务所,B,elastic_net_logistic,0.2376719561,selected_model_risk_score,39,0.3170731707,不放贷,优化模型未选择,0,0,,,,,0,0.5,0.03,0,0,0,0,,budget_0.10_bmax_nominal_equality,nominal_equality,False,0.2575297987,budget,mean,0.1,0.5,0.03,990
E94,***汽车美容有限公司,C,elastic_net_logistic,0.3420261826,selected_model_risk_score,27,0.2195121951,不放贷,优化模型未选择,0,0,,,,,0,0.5,0.03,0,0,0,0,,budget_0.10_bmax_nominal_equality,nominal_equality,False,0.3879661601,budget,mean,0.1,0.5,0.03,990
E95,***兰花店,B,elastic_net_logistic,0.1441316116,selected_model_risk_score,59,0.4796747967,不放贷,优化模型未选择,0,0,,,,,0,0.5,0.03,0,0,0,0,,budget_0.10_bmax_nominal_equality,nominal_equality,False,0.1745511804,budget,mean,0.1,0.5,0.03,990
E96,***土地整理有限公司,C,elastic_net_logistic,0.8080355745,selected_model_risk_score,1,0.008130081301,不放贷,优化模型未选择,0,0,,,,,0,0.5,0.03,0,0,0,0,,budget_0.10_bmax_nominal_equality,nominal_equality,False,0.854739214,budget,mean,0.1,0.5,0.03,990
E97,***美工装饰部,B,elastic_net_logistic,0.2602897628,selected_model_risk_score,35,0.2845528455,不放贷,优化模型未选择,0,0,,,,,0,0.5,0.03,0,0,0,0,,budget_0.10_bmax_nominal_equality,nominal_equality,False,0.3283525845,budget,mean,0.1,0.5,0.03,990
E98,***文化传播有限公司,B,elastic_net_logistic,0.2814270169,selected_model_risk_score,33,0.2682926829,不放贷,优化模型未选择,0,0,,,,,0,0.5,0.03,0,0,0,0,,budget_0.10_bmax_nominal_equality,nominal_equality,False,0.3034353338,budget,mean,0.1,0.5,0.03,990
E99,***建筑工程有限责任公司,D,elastic_net_logistic,0.5839846822,selected_model_risk_score,10,0.08130081301,不放贷,D级企业原则上不予放贷,0,0,,,,,0,0.5,0.03,0,0,0,0,,budget_0.10_bmax_nominal_equality,nominal_equality,False,0.6898712011,budget,mean,0.1,0.5,0.03,990
E1,***电器销售有限公司,A,elastic_net_logistic,0.05655542179,selected_model_risk_score,104,0.8455284553,不放贷,优化模型未选择,0,0,,,,,0,0.5,0.03,0,0,0,0,,budget_0.20_bmax_nominal_equality,nominal_equality,False,0.0730491674,budget,mean,0.2,0.5,0.03,1980
E10,***建筑劳务有限公司,B,elastic_net_logistic,0.06093491817,selected_model_risk_score,102,0.8292682927,放贷,优化模型选择,100,1000000,0.1185,11.85,0.7692116619,0.2307883381,23.07883381,0.5,0.03,2.568194445,0.7031534248,0.6923650143,1.172676006,0.01172676006,budget_0.20_bmax_nominal_equality,nominal_equality,False,0.07833730674,budget,mean,0.2,0.5,0.03,1980
E100,***装饰工程有限公司,D,elastic_net_logistic,0.2578903118,selected_model_risk_score,36,0.2926829268,不放贷,D级企业原则上不予放贷,0,0,,,,,0,0.5,0.03,0,0,0,0,,budget_0.20_bmax_nominal_equality,nominal_equality,False,0.3416804479,budget,mean,0.2,0.5,0.03,1980
E101,***灯饰工程有限公司,D,elastic_net_logistic,0.7098560409,selected_model_risk_score,6,0.0487804878,不放贷,D级企业原则上不予放贷,0,0,,,,,0,0.5,0.03,0,0,0,0,,budget_0.20_bmax_nominal_equality,nominal_equality,False,0.7897592201,budget,mean,0.2,0.5,0.03,1980
E102,***大药房有限责任公司,D,elastic_net_logistic,0.4733747116,selected_model_risk_score,17,0.1382113821,不放贷,D级企业原则上不予放贷,0,0,,,,,0,0.5,0.03,0,0,0,0,,budget_0.20_bmax_nominal_equality,nominal_equality,False,0.6183651775,budget,mean,0.2,0.5,0.03,1980
E103,***科技有限公司,D,elastic_net_logistic,0.4055458126,selected_model_risk_score,22,0.1788617886,不放贷,D级企业原则上不予放贷,0,0,,,,,0,0.5,0.03,0,0,0,0,,budget_0.20_bmax_nominal_equality,nominal_equality,False,0.4768661053,budget,mean,0.2,0.5,0.03,1980
E104,***管理咨询有限责任公司,C,elastic_net_logistic,0.5371556855,selected_model_risk_score,14,0.1138211382,不放贷,优化模型未选择,0,0,,,,,0,0.5,0.03,0,0,0,0,,budget_0.20_bmax_nominal_equality,nominal_equality,False,0.6048969633,budget,mean,0.2,0.5,0.03,1980
E105,***建材经营部,C,elastic_net_logistic,0.2296735143,selected_model_risk_score,41,0.3333333333,不放贷,优化模型未选择,0,0,,,,,0,0.5,0.03,0,0,0,0,,budget_0.20_bmax_nominal_equality,nominal_equality,False,0.3150886304,budget,mean,0.2,0.5,0.03,1980
E106,***财务管理有限公司,B,elastic_net_logistic,0.25387818,selected_model_risk_score,37,0.3008130081,不放贷,优化模型未选择,0,0,,,,,0,0.5,0.03,0,0,0,0,,budget_0.20_bmax_nominal_equality,nominal_equality,False,0.2861266308,budget,mean,0.2,0.5,0.03,1980
E107,***科技有限公司,D,elastic_net_logistic,0.6278756036,selected_model_risk_score,8,0.06504065041,不放贷,D级企业原则上不予放贷,0,0,,,,,0,0.5,0.03,0,0,0,0,,budget_0.20_bmax_nominal_equality,nominal_equality,False,0.6820972821,budget,mean,0.2,0.5,0.03,1980
E108,***商贸有限公司,D,elastic_net_logistic,0.5221807895,selected_model_risk_score,15,0.1219512195,不放贷,D级企业原则上不予放贷,0,0,,,,,0,0.5,0.03,0,0,0,0,,budget_0.20_bmax_nominal_equality,nominal_equality,False,0.6296705299,budget,mean,0.2,0.5,0.03,1980
E109,***服饰有限公司,D,elastic_net_logistic,0.5493640614,selected_model_risk_score,12,0.09756097561,不放贷,D级企业原则上不予放贷,0,0,,,,,0,0.5,0.03,0,0,0,0,,budget_0.20_bmax_nominal_equality,nominal_equality,False,0.6102205923,budget,mean,0.2,0.5,0.03,1980
E11,***建设工程有限公司,C,elastic_net_logistic,0.07723891572,selected_model_risk_score,93,0.756097561,不放贷,优化模型未选择,0,0,,,,,0,0.5,0.03,0,0,0,0,,budget_0.20_bmax_nominal_equality,nominal_equality,False,0.1001763276,budget,mean,0.2,0.5,0.03,1980
E110,***通讯器材经营部,C,elastic_net_logistic,0.5711527053,selected_model_risk_score,11,0.08943089431,不放贷,优化模型未选择,0,0,,,,,0,0.5,0.03,0,0,0,0,,budget_0.20_bmax_nominal_equality,nominal_equality,False,0.6124762668,budget,mean,0.2,0.5,0.03,1980
E111,***科技有限公司,D,elastic_net_logistic,0.1919246162,selected_model_risk_score,49,0.3983739837,不放贷,D级企业原则上不予放贷,0,0,,,,,0,0.5,0.03,0,0,0,0,,budget_0.20_bmax_nominal_equality,nominal_equality,False,0.3189536769,budget,mean,0.2,0.5,0.03,1980
E112,***机械设备有限公司,D,elastic_net_logistic,0.4170540731,selected_model_risk_score,20,0.162601626,不放贷,D级企业原则上不予放贷,0,0,,,,,0,0.5,0.03,0,0,0,0,,budget_0.20_bmax_nominal_equality,nominal_equality,False,0.5129040595,budget,mean,0.2,0.5,0.03,1980
E113,***美居科技有限公司,D,elastic_net_logistic,0.7592451553,selected_model_risk_score,4,0.0325203252,不放贷,D级企业原则上不予放贷,0,0,,,,,0,0.5,0.03,0,0,0,0,,budget_0.20_bmax_nominal_equality,nominal_equality,False,0.8315439659,budget,mean,0.2,0.5,0.03,1980
E114,***食品有限责任公司,D,elastic_net_logistic,0.4770804739,selected_model_risk_score,16,0.1300813008,不放贷,D级企业原则上不予放贷,0,0,,,,,0,0.5,0.03,0,0,0,0,,budget_0.20_bmax_nominal_equality,nominal_equality,False,0.5421990478,budget,mean,0.2,0.5,0.03,1980
E115,***装饰工程有限公司,D,elastic_net_logistic,0.7835354924,selected_model_risk_score,2,0.0162601626,不放贷,D级企业原则上不予放贷,0,0,,,,,0,0.5,0.03,0,0,0,0,,budget_0.20_bmax_nominal_equality,nominal_equality,False,0.8331104651,budget,mean,0.2,0.5,0.03,1980
E116,***门窗有限公司,D,elastic_net_logistic,0.4160885126,selected_model_risk_score,21,0.1707317073,不放贷,D级企业原则上不予放贷,0,0,,,,,0,0.5,0.03,0,0,0,0,,budget_0.20_bmax_nominal_equality,nominal_equality,False,0.532859258,budget,mean,0.2,0.5,0.03,1980
E117,***人力资源管理咨询有限公司,D,elastic_net_logistic,0.6343060557,selected_model_risk_score,7,0.05691056911,不放贷,D级企业原则上不予放贷,0,0,,,,,0,0.5,0.03,0,0,0,0,,budget_0.20_bmax_nominal_equality,nominal_equality,False,0.7561127553,budget,mean,0.2,0.5,0.03,1980
E118,***体育用品有限公司,D,elastic_net_logistic,0.3859533716,selected_model_risk_score,23,0.1869918699,不放贷,D级企业原则上不予放贷,0,0,,,,,0,0.5,0.03,0,0,0,0,,budget_0.20_bmax_nominal_equality,nominal_equality,False,0.4429217794,budget,mean,0.2,0.5,0.03,1980
E119,***药房,D,elastic_net_logistic,0.6253065711,selected_model_risk_score,9,0.07317073171,不放贷,D级企业原则上不予放贷,0,0,,,,,0,0.5,0.03,0,0,0,0,,budget_0.20_bmax_nominal_equality,nominal_equality,False,0.6891769584,budget,mean,0.2,0.5,0.03,1980
E12,***建筑劳务有限公司,B,elastic_net_logistic,0.08202986653,selected_model_risk_score,88,0.7154471545,不放贷,优化模型未选择,0,0,,,,,0,0.5,0.03,0,0,0,0,,budget_0.20_bmax_nominal_equality,nominal_equality,False,0.1054632903,budget,mean,0.2,0.5,0.03,1980
E120,***陈列广告有限公司,D,elastic_net_logistic,0.721226934,selected_model_risk_score,5,0.0406504065,不放贷,D级企业原则上不予放贷,0,0,,,,,0,0.5,0.03,0,0,0,0,,budget_0.20_bmax_nominal_equality,nominal_equality,False,0.7608714869,budget,mean,0.2,0.5,0.03,1980
E121,***药业连锁有限公司***药店,D,elastic_net_logistic,0.4662178212,selected_model_risk_score,18,0.1463414634,不放贷,D级企业原则上不予放贷,0,0,,,,,0,0.5,0.03,0,0,0,0,,budget_0.20_bmax_nominal_equality,nominal_equality,False,0.5621951951,budget,mean,0.2,0.5,0.03,1980
E122,***商贸有限责任公司,D,elastic_net_logistic,0.4500783219,selected_model_risk_score,19,0.1544715447,不放贷,D级企业原则上不予放贷,0,0,,,,,0,0.5,0.03,0,0,0,0,,budget_0.20_bmax_nominal_equality,nominal_equality,False,0.6021516604,budget,mean,0.2,0.5,0.03,1980
E123,***创科技有限责任公司,D,elastic_net_logistic,0.7819761114,selected_model_risk_score,3,0.0243902439,不放贷,D级企业原则上不予放贷,0,0,,,,,0,0.5,0.03,0,0,0,0,,budget_0.20_bmax_nominal_equality,nominal_equality,False,0.8270597923,budget,mean,0.2,0.5,0.03,1980
E13,***汽车贸易有限公司,A,elastic_net_logistic,0.04053604698,selected_model_risk_score,113,0.918699187,放贷,优化模型选择,100,1000000,0.1025,10.25,0.7312754013,0.2687245987,26.87245987,0.5,0.03,2.642773549,0.5446516479,0.8061737961,1.291948105,0.01291948105,budget_0.20_bmax_nominal_equality,nominal_equality,False,0.05373417783,budget,mean,0.2,0.5,0.03,1980
E14,个体经营E14,C,elastic_net_logistic,0.03261041867,selected_model_risk_score,117,0.9512195122,放贷,优化模型选择,100,1000000,0.1105,11.05,0.7151023945,0.2848976055,28.48976055,0.5,0.03,3.045457077,0.4645315097,0.8546928165,1.726232751,0.01726232751,budget_0.20_bmax_nominal_equality,nominal_equality,False,0.04024201468,budget,mean,0.2,0.5,0.03,1980
E15,***劳务有限公司,A,elastic_net_logistic,0.07381492047,selected_model_risk_score,95,0.7723577236,不放贷,优化模型未选择,0,0,,,,,0,0.5,0.03,0,0,0,0,,budget_0.20_bmax_nominal_equality,nominal_equality,False,0.1036254123,budget,mean,0.2,0.5,0.03,1980
E16,***建筑劳务有限公司,A,elastic_net_logistic,0.04998777847,selected_model_risk_score,108,0.8780487805,放贷,优化模型选择,80,800000,0.1025,10.25,0.7312754013,0.2687245987,21.4979679,0.5,0.03,2.093391555,0.5373178284,0.6449390369,0.9111346893,0.01138918362,budget_0.20_bmax_nominal_equality,nominal_equality,False,0.0624669862,budget,mean,0.2,0.5,0.03,1980
E17,***消防工程有限公司,A,elastic_net_logistic,0.04649981408,selected_model_risk_score,111,0.9024390244,放贷,优化模型选择,100,1000000,0.1025,10.25,0.7312754013,0.2687245987,26.87245987,0.5,0.03,2.626346787,0.6247821939,0.8061737961,1.195390797,0.01195390797,budget_0.20_bmax_nominal_equality,nominal_equality,False,0.05349825243,budget,mean,0.2,0.5,0.03,1980
E18,***消防工程有限责任公司,A,elastic_net_logistic,0.04857513816,selected_model_risk_score,109,0.8861788618,放贷,优化模型选择,100,1000000,0.1025,10.25,0.7312754013,0.2687245987,26.87245987,0.5,0.03,2.620630458,0.6526667254,0.8061737961,1.161789936,0.01161789936,budget_0.20_bmax_nominal_equality,nominal_equality,False,0.06117933194,budget,mean,0.2,0.5,0.03,1980
E19,***科技有限公司,A,elastic_net_logistic,0.06543754966,selected_model_risk_score,100,0.8130081301,不放贷,优化模型未选择,0,0,,,,,0,0.5,0.03,0,0,0,0,,budget_0.20_bmax_nominal_equality,nominal_equality,False,0.09093656268,budget,mean,0.2,0.5,0.03,1980
E2,***技术有限责任公司,A,elastic_net_logistic,0.02833749753,selected_model_risk_score,119,0.9674796748,放贷,优化模型选择,100,1000000,0.0985,9.85,0.7083020233,0.2916979767,29.16979767,0.5,0.03,2.791805062,0.4132995347,0.8750939301,1.503411597,0.01503411597,budget_0.20_bmax_nominal_equality,nominal_equality,False,0.03642833627,budget,mean,0.2,0.5,0.03,1980
E20,***贸易有限公司,B,elastic_net_logistic,0.04546270238,selected_model_risk_score,112,0.9105691057,放贷,优化模型选择,100,1000000,0.1065,10.65,0.7053159925,0.2946840075,29.46840075,0.5,0.03,2.995705231,0.6698565665,0.8840520225,1.441796642,0.01441796642,budget_0.20_bmax_nominal_equality,nominal_equality,False,0.06402096704,budget,mean,0.2,0.5,0.03,1980
E21,***建设工程有限公司,B,elastic_net_logistic,0.08415779812,selected_model_risk_score,85,0.6910569106,不放贷,优化模型未选择,0,0,,,,,0,0.5,0.03,0,0,0,0,,budget_0.20_bmax_nominal_equality,nominal_equality,False,0.09612822768,budget,mean,0.2,0.5,0.03,1980
E22,***物流有限公司,A,elastic_net_logistic,0.08272431763,selected_model_risk_score,87,0.7073170732,不放贷,优化模型未选择,0,0,,,,,0,0.5,0.03,0,0,0,0,,budget_0.20_bmax_nominal_equality,nominal_equality,False,0.09349623574,budget,mean,0.2,0.5,0.03,1980
E23,***贸易有限公司,B,elastic_net_logistic,0.03337482103,selected_model_risk_score,116,0.9430894309,放贷,优化模型选择,100,1000000,0.1065,10.65,0.7053159925,0.2946840075,29.46840075,0.5,0.03,3.033641653,0.4917513005,0.8840520225,1.65783833,0.0165783833,budget_0.20_bmax_nominal_equality,nominal_equality,False,0.04082479351,budget,mean,0.2,0.5,0.03,1980
E24,***建筑工程有限公司,A,elastic_net_logistic,0.04702949043,selected_model_risk_score,110,0.8943089431,放贷,优化模型选择,100,1000000,0.1025,10.25,0.7312754013,0.2687245987,26.87245987,0.5,0.03,2.624887832,0.6318990471,0.8061737961,1.186814989,0.01186814989,budget_0.20_bmax_nominal_equality,nominal_equality,False,0.06125175229,budget,mean,0.2,0.5,0.03,1980
E25,***通讯设备有限公司,C,elastic_net_logistic,0.08202047653,selected_model_risk_score,89,0.7235772358,不放贷,优化模型未选择,0,0,,,,,0,0.5,0.03,0,0,0,0,,budget_0.20_bmax_nominal_equality,nominal_equality,False,0.09686547054,budget,mean,0.2,0.5,0.03,1980
E26,***金属材料有限公司,A,elastic_net_logistic,0.1342940789,selected_model_risk_score,61,0.4959349593,不放贷,优化模型未选择,0,0,,,,,0,0.5,0.03,0,0,0,0,,budget_0.20_bmax_nominal_equality,nominal_equality,False,0.1782110185,budget,mean,0.2,0.5,0.03,1980
E27,***农业开发有限公司,A,elastic_net_logistic,0.1103832985,selected_model_risk_score,70,0.5691056911,不放贷,优化模型未选择,0,0,,,,,0,0.5,0.03,0,0,0,0,,budget_0.20_bmax_nominal_equality,nominal_equality,False,0.1369068444,budget,mean,0.2,0.5,0.03,1980
E28,***景观工程有限公司,B,elastic_net_logistic,0.09966092865,selected_model_risk_score,76,0.6178861789,不放贷,优化模型未选择,0,0,,,,,0,0.5,0.03,0,0,0,0,,budget_0.20_bmax_nominal_equality,nominal_equality,False,0.1193350508,budget,mean,0.2,0.5,0.03,1980
E29,***建筑劳务有限公司,C,elastic_net_logistic,0.07253671793,selected_model_risk_score,96,0.7804878049,不放贷,优化模型未选择,0,0,,,,,0,0.5,0.03,0,0,0,0,,budget_0.20_bmax_nominal_equality,nominal_equality,False,0.08548890218,budget,mean,0.2,0.5,0.03,1980
E3,***电子(中国)有限公司***分公司,C,elastic_net_logistic,0.02153611417,selected_model_risk_score,123,1,放贷,优化模型选择,100,1000000,0.0905,9.05,0.5900970447,0.4099029553,40.99029553,0.5,0.03,3.629730908,0.4413858422,1.229708866,1.9586362,0.019586362,budget_0.20_bmax_nominal_equality,nominal_equality,False,0.025281018,budget,mean,0.2,0.5,0.03,1980
E30,***建筑工程有限公司,B,elastic_net_logistic,0.07713913412,selected_model_risk_score,94,0.7642276423,不放贷,优化模型未选择,0,0,,,,,0,0.5,0.03,0,0,0,0,,budget_0.20_bmax_nominal_equality,nominal_equality,False,0.1024182862,budget,mean,0.2,0.5,0.03,1980
E31,***食品有限公司,A,elastic_net_logistic,0.0367643069,selected_model_risk_score,115,0.9349593496,放贷,优化模型选择,100,1000000,0.0985,9.85,0.7083020233,0.2916979767,29.16979767,0.5,0.03,2.767592942,0.5362036969,0.8750939301,1.356295315,0.01356295315,budget_0.20_bmax_nominal_equality,nominal_equality,False,0.04188668071,budget,mean,0.2,0.5,0.03,1980
E32,***建筑劳务有限公司,B,elastic_net_logistic,0.09279588464,selected_model_risk_score,79,0.6422764228,不放贷,优化模型未选择,0,0,,,,,0,0.5,0.03,0,0,0,0,,budget_0.20_bmax_nominal_equality,nominal_equality,False,0.104597557,budget,mean,0.2,0.5,0.03,1980
E33,***园林有限责任公司,B,elastic_net_logistic,0.09823760896,selected_model_risk_score,77,0.6260162602,不放贷,优化模型未选择,0,0,,,,,0,0.5,0.03,0,0,0,0,,budget_0.20_bmax_nominal_equality,nominal_equality,False,0.1158892222,budget,mean,0.2,0.5,0.03,1980
E34,***建设工程有限公司,B,elastic_net_logistic,0.1015652078,selected_model_risk_score,75,0.6097560976,不放贷,优化模型未选择,0,0,,,,,0,0.5,0.03,0,0,0,0,,budget_0.20_bmax_nominal_equality,nominal_equality,False,0.1393444528,budget,mean,0.2,0.5,0.03,1980
E35,***商贸有限公司,B,elastic_net_logistic,0.08567951436,selected_model_risk_score,83,0.674796748,不放贷,优化模型未选择,0,0,,,,,0,0.5,0.03,0,0,0,0,,budget_0.20_bmax_nominal_equality,nominal_equality,False,0.1006056864,budget,mean,0.2,0.5,0.03,1980
E36,***超硬材料有限公司,D,elastic_net_logistic,0.05081789908,selected_model_risk_score,107,0.8699186992,不放贷,D级企业原则上不予放贷,0,0,,,,,0,0.5,0.03,0,0,0,0,,budget_0.20_bmax_nominal_equality,nominal_equality,False,0.06163613971,budget,mean,0.2,0.5,0.03,1980
E37,***木业有限公司,B,elastic_net_logistic,0.084549486,selected_model_risk_score,84,0.6829268293,不放贷,优化模型未选择,0,0,,,,,0,0.5,0.03,0,0,0,0,,budget_0.20_bmax_nominal_equality,nominal_equality,False,0.1088428529,budget,mean,0.2,0.5,0.03,1980
E38,***建设工程有限公司,B,elastic_net_logistic,0.1218095512,selected_model_risk_score,63,0.512195122,不放贷,优化模型未选择,0,0,,,,,0,0.5,0.03,0,0,0,0,,budget_0.20_bmax_nominal_equality,nominal_equality,False,0.1460270212,budget,mean,0.2,0.5,0.03,1980
E39,***建筑劳务有限公司,C,elastic_net_logistic,0.1815109557,selected_model_risk_score,52,0.4227642276,不放贷,优化模型未选择,0,0,,,,,0,0.5,0.03,0,0,0,0,,budget_0.20_bmax_nominal_equality,nominal_equality,False,0.2307578892,budget,mean,0.2,0.5,0.03,1980
E4,***发展有限责任公司,C,elastic_net_logistic,0.03106769432,selected_model_risk_score,118,0.9593495935,放贷,优化模型选择,100,1000000,0.1105,11.05,0.7151023945,0.2848976055,28.48976055,0.5,0.03,3.050313756,0.442555586,0.8546928165,1.753065354,0.01753065354,budget_0.20_bmax_nominal_equality,nominal_equality,False,0.04400979025,budget,mean,0.2,0.5,0.03,1980
E40,***财税咨询服务有限公司,C,elastic_net_logistic,0.08113873174,selected_model_risk_score,90,0.7317073171,不放贷,优化模型未选择,0,0,,,,,0,0.5,0.03,0,0,0,0,,budget_0.20_bmax_nominal_equality,nominal_equality,False,0.09293248415,budget,mean,0.2,0.5,0.03,1980
E41,***物业发展有限公司,C,elastic_net_logistic,0.07916167381,selected_model_risk_score,91,0.7398373984,不放贷,优化模型未选择,0,0,,,,,0,0.5,0.03,0,0,0,0,,budget_0.20_bmax_nominal_equality,nominal_equality,False,0.09683047914,budget,mean,0.2,0.5,0.03,1980
E42,***园艺场,A,elastic_net_logistic,0.1200846128,selected_model_risk_score,66,0.5365853659,不放贷,优化模型未选择,0,0,,,,,0,0.5,0.03,0,0,0,0,,budget_0.20_bmax_nominal_equality,nominal_equality,False,0.1475914741,budget,mean,0.2,0.5,0.03,1980
E43,***建设工程有限公司,B,elastic_net_logistic,0.1927952664,selected_model_risk_score,48,0.3902439024,不放贷,优化模型未选择,0,0,,,,,0,0.5,0.03,0,0,0,0,,budget_0.20_bmax_nominal_equality,nominal_equality,False,0.2145282193,budget,mean,0.2,0.5,0.03,1980
E44,***商贸有限公司,C,elastic_net_logistic,0.08616234673,selected_model_risk_score,82,0.6666666667,不放贷,优化模型未选择,0,0,,,,,0,0.5,0.03,0,0,0,0,,budget_0.20_bmax_nominal_equality,nominal_equality,False,0.1035354806,budget,mean,0.2,0.5,0.03,1980
E45,个体经营E45,B,elastic_net_logistic,0.1068056002,selected_model_risk_score,73,0.593495935,不放贷,优化模型未选择,0,0,,,,,0,0.5,0.03,0,0,0,0,,budget_0.20_bmax_nominal_equality,nominal_equality,False,0.1219197504,budget,mean,0.2,0.5,0.03,1980
E46,***广告传媒有限公司,C,elastic_net_logistic,0.05276002815,selected_model_risk_score,105,0.8536585366,放贷,优化模型选择,100,1000000,0.1105,11.05,0.7151023945,0.2848976055,28.48976055,0.5,0.03,2.982023718,0.7515602843,0.8546928165,1.375770617,0.01375770617,budget_0.20_bmax_nominal_equality,nominal_equality,False,0.06245378683,budget,mean,0.2,0.5,0.03,1980
E47,***控制设备有限责任公司,C,elastic_net_logistic,0.05124807767,selected_model_risk_score,106,0.8617886179,放贷,优化模型选择,100,1000000,0.1105,11.05,0.7151023945,0.2848976055,28.48976055,0.5,0.03,2.986783517,0.7300227307,0.8546928165,1.40206797,0.0140206797,budget_0.20_bmax_nominal_equality,nominal_equality,False,0.05822355401,budget,mean,0.2,0.5,0.03,1980
E48,***化工有限公司,A,elastic_net_logistic,0.07070577235,selected_model_risk_score,97,0.7886178862,不放贷,优化模型未选择,0,0,,,,,0,0.5,0.03,0,0,0,0,,budget_0.20_bmax_nominal_equality,nominal_equality,False,0.08921054517,budget,mean,0.2,0.5,0.03,1980
E49,***地球环保科技有限公司,C,elastic_net_logistic,0.09803729486,selected_model_risk_score,78,0.6341463415,不放贷,优化模型未选择,0,0,,,,,0,0.5,0.03,0,0,0,0,,budget_0.20_bmax_nominal_equality,nominal_equality,False,0.1105965348,budget,mean,0.2,0.5,0.03,1980
E5,***供应链管理有限公司,B,elastic_net_logistic,0.05668387407,selected_model_risk_score,103,0.837398374,放贷,优化模型选择,100,1000000,0.1065,10.65,0.7053159925,0.2946840075,29.46840075,0.5,0.03,2.960488878,0.8351915586,0.8840520225,1.241245297,0.01241245297,budget_0.20_bmax_nominal_equality,nominal_equality,False,0.07330978844,budget,mean,0.2,0.5,0.03,1980
E50,***建筑劳务有限公司,C,elastic_net_logistic,0.1692453772,selected_model_risk_score,54,0.4390243902,不放贷,优化模型未选择,0,0,,,,,0,0.5,0.03,0,0,0,0,,budget_0.20_bmax_nominal_equality,nominal_equality,False,0.2040258114,budget,mean,0.2,0.5,0.03,1980
E51,***物流有限公司,B,elastic_net_logistic,0.0697365828,selected_model_risk_score,98,0.7967479675,不放贷,优化模型未选择,0,0,,,,,0,0.5,0.03,0,0,0,0,,budget_0.20_bmax_nominal_equality,nominal_equality,False,0.07874952738,budget,mean,0.2,0.5,0.03,1980
E52,***商贸有限公司,D,elastic_net_logistic,0.2136303318,selected_model_risk_score,44,0.3577235772,不放贷,D级企业原则上不予放贷,0,0,,,,,0,0.5,0.03,0,0,0,0,,budget_0.20_bmax_nominal_equality,nominal_equality,False,0.2416471762,budget,mean,0.2,0.5,0.03,1980
E53,***文化传媒有限公司,C,elastic_net_logistic,0.107156181,selected_model_risk_score,71,0.5772357724,不放贷,优化模型未选择,0,0,,,,,0,0.5,0.03,0,0,0,0,,budget_0.20_bmax_nominal_equality,nominal_equality,False,0.1294528809,budget,mean,0.2,0.5,0.03,1980
E54,***新技术开发有限公司,A,elastic_net_logistic,0.06439978133,selected_model_risk_score,101,0.8211382114,不放贷,优化模型未选择,0,0,,,,,0,0.5,0.03,0,0,0,0,,budget_0.20_bmax_nominal_equality,nominal_equality,False,0.08481402429,budget,mean,0.2,0.5,0.03,1980
E55,***集团有限公司***电力设备分公司,C,elastic_net_logistic,0.1835760094,selected_model_risk_score,51,0.4146341463,不放贷,优化模型未选择,0,0,,,,,0,0.5,0.03,0,0,0,0,,budget_0.20_bmax_nominal_equality,nominal_equality,False,0.2408611135,budget,mean,0.2,0.5,0.03,1980
E56,***家居材料***有限公司,C,elastic_net_logistic,0.08755638262,selected_model_risk_score,81,0.6585365854,不放贷,优化模型未选择,0,0,,,,,0,0.5,0.03,0,0,0,0,,budget_0.20_bmax_nominal_equality,nominal_equality,False,0.1073776577,budget,mean,0.2,0.5,0.03,1980
E57,***机械设备有限公司,B,elastic_net_logistic,0.1025680758,selected_model_risk_score,74,0.6016260163,不放贷,优化模型未选择,0,0,,,,,0,0.5,0.03,0,0,0,0,,budget_0.20_bmax_nominal_equality,nominal_equality,False,0.1291130293,budget,mean,0.2,0.5,0.03,1980
E58,***油气工程建设有限责任公司,B,elastic_net_logistic,0.1498825704,selected_model_risk_score,58,0.4715447154,不放贷,优化模型未选择,0,0,,,,,0,0.5,0.03,0,0,0,0,,budget_0.20_bmax_nominal_equality,nominal_equality,False,0.166452668,budget,mean,0.2,0.5,0.03,1980
E59,***商贸有限公司,A,elastic_net_logistic,0.06896464342,selected_model_risk_score,99,0.8048780488,不放贷,优化模型未选择,0,0,,,,,0,0.5,0.03,0,0,0,0,,budget_0.20_bmax_nominal_equality,nominal_equality,False,0.07641618763,budget,mean,0.2,0.5,0.03,1980
E6,***装饰设计工程有限公司,A,elastic_net_logistic,0.03828902106,selected_model_risk_score,114,0.9268292683,放贷,优化模型选择,100,1000000,0.0985,9.85,0.7083020233,0.2916979767,29.16979767,0.5,0.03,2.763212095,0.5584414987,0.8750939301,1.329676667,0.01329676667,budget_0.20_bmax_nominal_equality,nominal_equality,False,0.04389193776,budget,mean,0.2,0.5,0.03,1980
E60,***机械租赁有限公司,B,elastic_net_logistic,0.2143912442,selected_model_risk_score,43,0.3495934959,不放贷,优化模型未选择,0,0,,,,,0,0.5,0.03,0,0,0,0,,budget_0.20_bmax_nominal_equality,nominal_equality,False,0.2335825691,budget,mean,0.2,0.5,0.03,1980
E61,***调味品有限公司,B,elastic_net_logistic,0.07788330382,selected_model_risk_score,92,0.7479674797,不放贷,优化模型未选择,0,0,,,,,0,0.5,0.03,0,0,0,0,,budget_0.20_bmax_nominal_equality,nominal_equality,False,0.09484916536,budget,mean,0.2,0.5,0.03,1980
E62,***工程造价咨询有限公司***分公司,B,elastic_net_logistic,0.1214523958,selected_model_risk_score,64,0.5203252033,不放贷,优化模型未选择,0,0,,,,,0,0.5,0.03,0,0,0,0,,budget_0.20_bmax_nominal_equality,nominal_equality,False,0.1450170246,budget,mean,0.2,0.5,0.03,1980
E63,***科技有限公司,B,elastic_net_logistic,0.08368298573,selected_model_risk_score,86,0.6991869919,不放贷,优化模型未选择,0,0,,,,,0,0.5,0.03,0,0,0,0,,budget_0.20_bmax_nominal_equality,nominal_equality,False,0.1084106096,budget,mean,0.2,0.5,0.03,1980
E64,***图书有限责任公司,A,elastic_net_logistic,0.1124750355,selected_model_risk_score,69,0.5609756098,不放贷,优化模型未选择,0,0,,,,,0,0.5,0.03,0,0,0,0,,budget_0.20_bmax_nominal_equality,nominal_equality,False,0.1209520698,budget,mean,0.2,0.5,0.03,1980
E65,***商贸有限公司,B,elastic_net_logistic,0.0894097801,selected_model_risk_score,80,0.6504065041,不放贷,优化模型未选择,0,0,,,,,0,0.5,0.03,0,0,0,0,,budget_0.20_bmax_nominal_equality,nominal_equality,False,0.1016662421,budget,mean,0.2,0.5,0.03,1980
E66,***快递有限公司,B,elastic_net_logistic,0.2947622952,selected_model_risk_score,30,0.243902439,不放贷,优化模型未选择,0,0,,,,,0,0.5,0.03,0,0,0,0,,budget_0.20_bmax_nominal_equality,nominal_equality,False,0.3741353375,budget,mean,0.2,0.5,0.03,1980
E67,***信息技术有限公司,B,elastic_net_logistic,0.1845447393,selected_model_risk_score,50,0.406504065,不放贷,优化模型未选择,0,0,,,,,0,0.5,0.03,0,0,0,0,,budget_0.20_bmax_nominal_equality,nominal_equality,False,0.2088292217,budget,mean,0.2,0.5,0.03,1980
E68,***花木总公司,C,elastic_net_logistic,0.3380718151,selected_model_risk_score,28,0.2276422764,不放贷,优化模型未选择,0,0,,,,,0,0.5,0.03,0,0,0,0,,budget_0.20_bmax_nominal_equality,nominal_equality,False,0.3824767947,budget,mean,0.2,0.5,0.03,1980
E69,***电子器材经营部,C,elastic_net_logistic,0.2503652668,selected_model_risk_score,38,0.3089430894,不放贷,优化模型未选择,0,0,,,,,0,0.5,0.03,0,0,0,0,,budget_0.20_bmax_nominal_equality,nominal_equality,False,0.3207126735,budget,mean,0.2,0.5,0.03,1980
E7,***家电有限公司***分公司,A,elastic_net_logistic,0.02580342326,selected_model_risk_score,121,0.9837398374,放贷,优化模型选择,100,1000000,0.0985,9.85,0.7083020233,0.2916979767,29.16979767,0.5,0.03,2.799086028,0.3763403178,0.8750939301,1.54765178,0.0154765178,budget_0.20_bmax_nominal_equality,nominal_equality,False,0.03436137967,budget,mean,0.2,0.5,0.03,1980
E70,***科技有限公司,B,elastic_net_logistic,0.1379471805,selected_model_risk_score,60,0.487804878,不放贷,优化模型未选择,0,0,,,,,0,0.5,0.03,0,0,0,0,,budget_0.20_bmax_nominal_equality,nominal_equality,False,0.1557212843,budget,mean,0.2,0.5,0.03,1980
E71,***农业科技有限公司,B,elastic_net_logistic,0.2041897012,selected_model_risk_score,45,0.3658536585,不放贷,优化模型未选择,0,0,,,,,0,0.5,0.03,0,0,0,0,,budget_0.20_bmax_nominal_equality,nominal_equality,False,0.2461670708,budget,mean,0.2,0.5,0.03,1980
E72,***图书有限公司,C,elastic_net_logistic,0.2897171126,selected_model_risk_score,32,0.2601626016,不放贷,优化模型未选择,0,0,,,,,0,0.5,0.03,0,0,0,0,,budget_0.20_bmax_nominal_equality,nominal_equality,False,0.3383260035,budget,mean,0.2,0.5,0.03,1980
E73,***商贸有限责任公司,C,elastic_net_logistic,0.1183311273,selected_model_risk_score,67,0.5447154472,不放贷,优化模型未选择,0,0,,,,,0,0.5,0.03,0,0,0,0,,budget_0.20_bmax_nominal_equality,nominal_equality,False,0.150943928,budget,mean,0.2,0.5,0.03,1980
E74,***蔬菜专业合作社,B,elastic_net_logistic,0.1539591335,selected_model_risk_score,56,0.4552845528,不放贷,优化模型未选择,0,0,,,,,0,0.5,0.03,0,0,0,0,,budget_0.20_bmax_nominal_equality,nominal_equality,False,0.1754997095,budget,mean,0.2,0.5,0.03,1980
E75,***酒店管理有限公司,C,elastic_net_logistic,0.1070850165,selected_model_risk_score,72,0.5853658537,不放贷,优化模型未选择,0,0,,,,,0,0.5,0.03,0,0,0,0,,budget_0.20_bmax_nominal_equality,nominal_equality,False,0.1282680192,budget,mean,0.2,0.5,0.03,1980
E76,***信息科技有限公司,B,elastic_net_logistic,0.1706660196,selected_model_risk_score,53,0.4308943089,不放贷,优化模型未选择,0,0,,,,,0,0.5,0.03,0,0,0,0,,budget_0.20_bmax_nominal_equality,nominal_equality,False,0.1979402602,budget,mean,0.2,0.5,0.03,1980
E77,***机电设备有限公司,C,elastic_net_logistic,0.3665492679,selected_model_risk_score,25,0.2032520325,不放贷,优化模型未选择,0,0,,,,,0,0.5,0.03,0,0,0,0,,budget_0.20_bmax_nominal_equality,nominal_equality,False,0.4663549766,budget,mean,0.2,0.5,0.03,1980
E78,个体经营E78,C,elastic_net_logistic,0.1211539626,selected_model_risk_score,65,0.5284552846,不放贷,优化模型未选择,0,0,,,,,0,0.5,0.03,0,0,0,0,,budget_0.20_bmax_nominal_equality,nominal_equality,False,0.1481587806,budget,mean,0.2,0.5,0.03,1980
E79,***鞋业有限公司,B,elastic_net_logistic,0.2025177165,selected_model_risk_score,46,0.3739837398,不放贷,优化模型未选择,0,0,,,,,0,0.5,0.03,0,0,0,0,,budget_0.20_bmax_nominal_equality,nominal_equality,False,0.2207361419,budget,mean,0.2,0.5,0.03,1980
E8,***科学研究院有限公司,A,elastic_net_logistic,0.02606005345,selected_model_risk_score,120,0.9756097561,放贷,优化模型选择,100,1000000,0.0985,9.85,0.7083020233,0.2916979767,29.16979767,0.5,0.03,2.798348672,0.3800832432,0.8750939301,1.543171498,0.01543171498,budget_0.20_bmax_nominal_equality,nominal_equality,False,0.03439017911,budget,mean,0.2,0.5,0.03,1980
E80,***实业有限责任公司,C,elastic_net_logistic,0.3432370641,selected_model_risk_score,26,0.2113821138,不放贷,优化模型未选择,0,0,,,,,0,0.5,0.03,0,0,0,0,,budget_0.20_bmax_nominal_equality,nominal_equality,False,0.3865190631,budget,mean,0.2,0.5,0.03,1980
E81,***机械设备有限公司,A,elastic_net_logistic,0.1154202468,selected_model_risk_score,68,0.5528455285,不放贷,优化模型未选择,0,0,,,,,0,0.5,0.03,0,0,0,0,,budget_0.20_bmax_nominal_equality,nominal_equality,False,0.1339413155,budget,mean,0.2,0.5,0.03,1980
E82,***商贸有限公司,D,elastic_net_logistic,0.194614899,selected_model_risk_score,47,0.3821138211,不放贷,D级企业原则上不予放贷,0,0,,,,,0,0.5,0.03,0,0,0,0,,budget_0.20_bmax_nominal_equality,nominal_equality,False,0.2318618526,budget,mean,0.2,0.5,0.03,1980
E83,***社会福利院（***社会福利社会化服务中心）,B,elastic_net_logistic,0.5444532255,selected_model_risk_score,13,0.1056910569,不放贷,优化模型未选择,0,0,,,,,0,0.5,0.03,0,0,0,0,,budget_0.20_bmax_nominal_equality,nominal_equality,False,0.6237840466,budget,mean,0.2,0.5,0.03,1980
E84,***建材有限公司,A,elastic_net_logistic,0.1532688251,selected_model_risk_score,57,0.4634146341,不放贷,优化模型未选择,0,0,,,,,0,0.5,0.03,0,0,0,0,,budget_0.20_bmax_nominal_equality,nominal_equality,False,0.1694921296,budget,mean,0.2,0.5,0.03,1980
E85,***安防科技有限公司,B,elastic_net_logistic,0.2264316686,selected_model_risk_score,42,0.3414634146,不放贷,优化模型未选择,0,0,,,,,0,0.5,0.03,0,0,0,0,,budget_0.20_bmax_nominal_equality,nominal_equality,False,0.2483347601,budget,mean,0.2,0.5,0.03,1980
E86,***地质工程勘察院***分院,C,elastic_net_logistic,0.2808208394,selected_model_risk_score,34,0.2764227642,不放贷,优化模型未选择,0,0,,,,,0,0.5,0.03,0,0,0,0,,budget_0.20_bmax_nominal_equality,nominal_equality,False,0.3548090468,budget,mean,0.2,0.5,0.03,1980
E87,***实业有限责任公司,C,elastic_net_logistic,0.234076271,selected_model_risk_score,40,0.325203252,不放贷,优化模型未选择,0,0,,,,,0,0.5,0.03,0,0,0,0,,budget_0.20_bmax_nominal_equality,nominal_equality,False,0.2796569295,budget,mean,0.2,0.5,0.03,1980
E88,***贸易有限公司,A,elastic_net_logistic,0.1654327803,selected_model_risk_score,55,0.4471544715,不放贷,优化模型未选择,0,0,,,,,0,0.5,0.03,0,0,0,0,,budget_0.20_bmax_nominal_equality,nominal_equality,False,0.189066442,budget,mean,0.2,0.5,0.03,1980
E89,***物资有限公司,A,elastic_net_logistic,0.3344336244,selected_model_risk_score,29,0.2357723577,不放贷,优化模型未选择,0,0,,,,,0,0.5,0.03,0,0,0,0,,budget_0.20_bmax_nominal_equality,nominal_equality,False,0.3672701532,budget,mean,0.2,0.5,0.03,1980
E9,***生活用品服务有限公司***分公司,A,elastic_net_logistic,0.02174866462,selected_model_risk_score,122,0.9918699187,放贷,优化模型选择,100,1000000,0.0985,9.85,0.7083020233,0.2916979767,29.16979767,0.5,0.03,2.810736262,0.3172020733,0.8750939301,1.618440259,0.01618440259,budget_0.20_bmax_nominal_equality,nominal_equality,False,0.02531048472,budget,mean,0.2,0.5,0.03,1980
E90,***文化传媒有限责任公司,C,elastic_net_logistic,0.2928954659,selected_model_risk_score,31,0.2520325203,不放贷,优化模型未选择,0,0,,,,,0,0.5,0.03,0,0,0,0,,budget_0.20_bmax_nominal_equality,nominal_equality,False,0.3272754126,budget,mean,0.2,0.5,0.03,1980
E91,***科技实业有限公司,A,elastic_net_logistic,0.123879862,selected_model_risk_score,62,0.5040650407,不放贷,优化模型未选择,0,0,,,,,0,0.5,0.03,0,0,0,0,,budget_0.20_bmax_nominal_equality,nominal_equality,False,0.1563985381,budget,mean,0.2,0.5,0.03,1980
E92,***地质灾害防治有限公司,C,elastic_net_logistic,0.3701163354,selected_model_risk_score,24,0.1951219512,不放贷,优化模型未选择,0,0,,,,,0,0.5,0.03,0,0,0,0,,budget_0.20_bmax_nominal_equality,nominal_equality,False,0.4190045907,budget,mean,0.2,0.5,0.03,1980
E93,***电脑设计事务所,B,elastic_net_logistic,0.2376719561,selected_model_risk_score,39,0.3170731707,不放贷,优化模型未选择,0,0,,,,,0,0.5,0.03,0,0,0,0,,budget_0.20_bmax_nominal_equality,nominal_equality,False,0.2575297987,budget,mean,0.2,0.5,0.03,1980
E94,***汽车美容有限公司,C,elastic_net_logistic,0.3420261826,selected_model_risk_score,27,0.2195121951,不放贷,优化模型未选择,0,0,,,,,0,0.5,0.03,0,0,0,0,,budget_0.20_bmax_nominal_equality,nominal_equality,False,0.3879661601,budget,mean,0.2,0.5,0.03,1980
E95,***兰花店,B,elastic_net_logistic,0.1441316116,selected_model_risk_score,59,0.4796747967,不放贷,优化模型未选择,0,0,,,,,0,0.5,0.03,0,0,0,0,,budget_0.20_bmax_nominal_equality,nominal_equality,False,0.1745511804,budget,mean,0.2,0.5,0.03,1980
E96,***土地整理有限公司,C,elastic_net_logistic,0.8080355745,selected_model_risk_score,1,0.008130081301,不放贷,优化模型未选择,0,0,,,,,0,0.5,0.03,0,0,0,0,,budget_0.20_bmax_nominal_equality,nominal_equality,False,0.854739214,budget,mean,0.2,0.5,0.03,1980
E97,***美工装饰部,B,elastic_net_logistic,0.2602897628,selected_model_risk_score,35,0.2845528455,不放贷,优化模型未选择,0,0,,,,,0,0.5,0.03,0,0,0,0,,budget_0.20_bmax_nominal_equality,nominal_equality,False,0.3283525845,budget,mean,0.2,0.5,0.03,1980
E98,***文化传播有限公司,B,elastic_net_logistic,0.2814270169,selected_model_risk_score,33,0.2682926829,不放贷,优化模型未选择,0,0,,,,,0,0.5,0.03,0,0,0,0,,budget_0.20_bmax_nominal_equality,nominal_equality,False,0.3034353338,budget,mean,0.2,0.5,0.03,1980
E99,***建筑工程有限责任公司,D,elastic_net_logistic,0.5839846822,selected_model_risk_score,10,0.08130081301,不放贷,D级企业原则上不予放贷,0,0,,,,,0,0.5,0.03,0,0,0,0,,budget_0.20_bmax_nominal_equality,nominal_equality,False,0.6898712011,budget,mean,0.2,0.5,0.03,1980
E1,***电器销售有限公司,A,elastic_net_logistic,0.05655542179,selected_model_risk_score,104,0.8455284553,放贷,优化模型选择,100,1000000,0.1225,12.25,0.8148090077,0.1851909923,18.51909923,0.5,0.03,2.140288611,0.5236777341,0.5555729769,1.0610379,0.010610379,budget_0.30_bmax_nominal_equality,nominal_equality,False,0.0730491674,budget,mean,0.3,0.5,0.03,2970
E10,***建筑劳务有限公司,B,elastic_net_logistic,0.06093491817,selected_model_risk_score,102,0.8292682927,放贷,优化模型选择,100,1000000,0.1185,11.85,0.7692116619,0.2307883381,23.07883381,0.5,0.03,2.568194445,0.7031534248,0.6923650143,1.172676006,0.01172676006,budget_0.30_bmax_nominal_equality,nominal_equality,False,0.07833730674,budget,mean,0.3,0.5,0.03,2970
E100,***装饰工程有限公司,D,elastic_net_logistic,0.2578903118,selected_model_risk_score,36,0.2926829268,不放贷,D级企业原则上不予放贷,0,0,,,,,0,0.5,0.03,0,0,0,0,,budget_0.30_bmax_nominal_equality,nominal_equality,False,0.3416804479,budget,mean,0.3,0.5,0.03,2970
E101,***灯饰工程有限公司,D,elastic_net_logistic,0.7098560409,selected_model_risk_score,6,0.0487804878,不放贷,D级企业原则上不予放贷,0,0,,,,,0,0.5,0.03,0,0,0,0,,budget_0.30_bmax_nominal_equality,nominal_equality,False,0.7897592201,budget,mean,0.3,0.5,0.03,2970
E102,***大药房有限责任公司,D,elastic_net_logistic,0.4733747116,selected_model_risk_score,17,0.1382113821,不放贷,D级企业原则上不予放贷,0,0,,,,,0,0.5,0.03,0,0,0,0,,budget_0.30_bmax_nominal_equality,nominal_equality,False,0.6183651775,budget,mean,0.3,0.5,0.03,2970
E103,***科技有限公司,D,elastic_net_logistic,0.4055458126,selected_model_risk_score,22,0.1788617886,不放贷,D级企业原则上不予放贷,0,0,,,,,0,0.5,0.03,0,0,0,0,,budget_0.30_bmax_nominal_equality,nominal_equality,False,0.4768661053,budget,mean,0.3,0.5,0.03,2970
E104,***管理咨询有限责任公司,C,elastic_net_logistic,0.5371556855,selected_model_risk_score,14,0.1138211382,不放贷,优化模型未选择,0,0,,,,,0,0.5,0.03,0,0,0,0,,budget_0.30_bmax_nominal_equality,nominal_equality,False,0.6048969633,budget,mean,0.3,0.5,0.03,2970
E105,***建材经营部,C,elastic_net_logistic,0.2296735143,selected_model_risk_score,41,0.3333333333,不放贷,优化模型未选择,0,0,,,,,0,0.5,0.03,0,0,0,0,,budget_0.30_bmax_nominal_equality,nominal_equality,False,0.3150886304,budget,mean,0.3,0.5,0.03,2970
E106,***财务管理有限公司,B,elastic_net_logistic,0.25387818,selected_model_risk_score,37,0.3008130081,不放贷,优化模型未选择,0,0,,,,,0,0.5,0.03,0,0,0,0,,budget_0.30_bmax_nominal_equality,nominal_equality,False,0.2861266308,budget,mean,0.3,0.5,0.03,2970
E107,***科技有限公司,D,elastic_net_logistic,0.6278756036,selected_model_risk_score,8,0.06504065041,不放贷,D级企业原则上不予放贷,0,0,,,,,0,0.5,0.03,0,0,0,0,,budget_0.30_bmax_nominal_equality,nominal_equality,False,0.6820972821,budget,mean,0.3,0.5,0.03,2970
E108,***商贸有限公司,D,elastic_net_logistic,0.5221807895,selected_model_risk_score,15,0.1219512195,不放贷,D级企业原则上不予放贷,0,0,,,,,0,0.5,0.03,0,0,0,0,,budget_0.30_bmax_nominal_equality,nominal_equality,False,0.6296705299,budget,mean,0.3,0.5,0.03,2970
E109,***服饰有限公司,D,elastic_net_logistic,0.5493640614,selected_model_risk_score,12,0.09756097561,不放贷,D级企业原则上不予放贷,0,0,,,,,0,0.5,0.03,0,0,0,0,,budget_0.30_bmax_nominal_equality,nominal_equality,False,0.6102205923,budget,mean,0.3,0.5,0.03,2970
E11,***建设工程有限公司,C,elastic_net_logistic,0.07723891572,selected_model_risk_score,93,0.756097561,放贷,优化模型选择,100,1000000,0.1425,14.25,0.8405321006,0.1594678994,15.94678994,0.5,0.03,2.096898498,0.6158563821,0.4784036982,1.002638417,0.01002638417,budget_0.30_bmax_nominal_equality,nominal_equality,False,0.1001763276,budget,mean,0.3,0.5,0.03,2970
E110,***通讯器材经营部,C,elastic_net_logistic,0.5711527053,selected_model_risk_score,11,0.08943089431,不放贷,优化模型未选择,0,0,,,,,0,0.5,0.03,0,0,0,0,,budget_0.30_bmax_nominal_equality,nominal_equality,False,0.6124762668,budget,mean,0.3,0.5,0.03,2970
E111,***科技有限公司,D,elastic_net_logistic,0.1919246162,selected_model_risk_score,49,0.3983739837,不放贷,D级企业原则上不予放贷,0,0,,,,,0,0.5,0.03,0,0,0,0,,budget_0.30_bmax_nominal_equality,nominal_equality,False,0.3189536769,budget,mean,0.3,0.5,0.03,2970
E112,***机械设备有限公司,D,elastic_net_logistic,0.4170540731,selected_model_risk_score,20,0.162601626,不放贷,D级企业原则上不予放贷,0,0,,,,,0,0.5,0.03,0,0,0,0,,budget_0.30_bmax_nominal_equality,nominal_equality,False,0.5129040595,budget,mean,0.3,0.5,0.03,2970
E113,***美居科技有限公司,D,elastic_net_logistic,0.7592451553,selected_model_risk_score,4,0.0325203252,不放贷,D级企业原则上不予放贷,0,0,,,,,0,0.5,0.03,0,0,0,0,,budget_0.30_bmax_nominal_equality,nominal_equality,False,0.8315439659,budget,mean,0.3,0.5,0.03,2970
E114,***食品有限责任公司,D,elastic_net_logistic,0.4770804739,selected_model_risk_score,16,0.1300813008,不放贷,D级企业原则上不予放贷,0,0,,,,,0,0.5,0.03,0,0,0,0,,budget_0.30_bmax_nominal_equality,nominal_equality,False,0.5421990478,budget,mean,0.3,0.5,0.03,2970
E115,***装饰工程有限公司,D,elastic_net_logistic,0.7835354924,selected_model_risk_score,2,0.0162601626,不放贷,D级企业原则上不予放贷,0,0,,,,,0,0.5,0.03,0,0,0,0,,budget_0.30_bmax_nominal_equality,nominal_equality,False,0.8331104651,budget,mean,0.3,0.5,0.03,2970
E116,***门窗有限公司,D,elastic_net_logistic,0.4160885126,selected_model_risk_score,21,0.1707317073,不放贷,D级企业原则上不予放贷,0,0,,,,,0,0.5,0.03,0,0,0,0,,budget_0.30_bmax_nominal_equality,nominal_equality,False,0.532859258,budget,mean,0.3,0.5,0.03,2970
E117,***人力资源管理咨询有限公司,D,elastic_net_logistic,0.6343060557,selected_model_risk_score,7,0.05691056911,不放贷,D级企业原则上不予放贷,0,0,,,,,0,0.5,0.03,0,0,0,0,,budget_0.30_bmax_nominal_equality,nominal_equality,False,0.7561127553,budget,mean,0.3,0.5,0.03,2970
E118,***体育用品有限公司,D,elastic_net_logistic,0.3859533716,selected_model_risk_score,23,0.1869918699,不放贷,D级企业原则上不予放贷,0,0,,,,,0,0.5,0.03,0,0,0,0,,budget_0.30_bmax_nominal_equality,nominal_equality,False,0.4429217794,budget,mean,0.3,0.5,0.03,2970
E119,***药房,D,elastic_net_logistic,0.6253065711,selected_model_risk_score,9,0.07317073171,不放贷,D级企业原则上不予放贷,0,0,,,,,0,0.5,0.03,0,0,0,0,,budget_0.30_bmax_nominal_equality,nominal_equality,False,0.6891769584,budget,mean,0.3,0.5,0.03,2970
E12,***建筑劳务有限公司,B,elastic_net_logistic,0.08202986653,selected_model_risk_score,88,0.7154471545,不放贷,优化模型未选择,0,0,,,,,0,0.5,0.03,0,0,0,0,,budget_0.30_bmax_nominal_equality,nominal_equality,False,0.1054632903,budget,mean,0.3,0.5,0.03,2970
E120,***陈列广告有限公司,D,elastic_net_logistic,0.721226934,selected_model_risk_score,5,0.0406504065,不放贷,D级企业原则上不予放贷,0,0,,,,,0,0.5,0.03,0,0,0,0,,budget_0.30_bmax_nominal_equality,nominal_equality,False,0.7608714869,budget,mean,0.3,0.5,0.03,2970
E121,***药业连锁有限公司***药店,D,elastic_net_logistic,0.4662178212,selected_model_risk_score,18,0.1463414634,不放贷,D级企业原则上不予放贷,0,0,,,,,0,0.5,0.03,0,0,0,0,,budget_0.30_bmax_nominal_equality,nominal_equality,False,0.5621951951,budget,mean,0.3,0.5,0.03,2970
E122,***商贸有限责任公司,D,elastic_net_logistic,0.4500783219,selected_model_risk_score,19,0.1544715447,不放贷,D级企业原则上不予放贷,0,0,,,,,0,0.5,0.03,0,0,0,0,,budget_0.30_bmax_nominal_equality,nominal_equality,False,0.6021516604,budget,mean,0.3,0.5,0.03,2970
E123,***创科技有限责任公司,D,elastic_net_logistic,0.7819761114,selected_model_risk_score,3,0.0243902439,不放贷,D级企业原则上不予放贷,0,0,,,,,0,0.5,0.03,0,0,0,0,,budget_0.30_bmax_nominal_equality,nominal_equality,False,0.8270597923,budget,mean,0.3,0.5,0.03,2970
E13,***汽车贸易有限公司,A,elastic_net_logistic,0.04053604698,selected_model_risk_score,113,0.918699187,放贷,优化模型选择,100,1000000,0.1025,10.25,0.7312754013,0.2687245987,26.87245987,0.5,0.03,2.642773549,0.5446516479,0.8061737961,1.291948105,0.01291948105,budget_0.30_bmax_nominal_equality,nominal_equality,False,0.05373417783,budget,mean,0.3,0.5,0.03,2970
E14,个体经营E14,C,elastic_net_logistic,0.03261041867,selected_model_risk_score,117,0.9512195122,放贷,优化模型选择,100,1000000,0.1105,11.05,0.7151023945,0.2848976055,28.48976055,0.5,0.03,3.045457077,0.4645315097,0.8546928165,1.726232751,0.01726232751,budget_0.30_bmax_nominal_equality,nominal_equality,False,0.04024201468,budget,mean,0.3,0.5,0.03,2970
E15,***劳务有限公司,A,elastic_net_logistic,0.07381492047,selected_model_risk_score,95,0.7723577236,不放贷,优化模型未选择,0,0,,,,,0,0.5,0.03,0,0,0,0,,budget_0.30_bmax_nominal_equality,nominal_equality,False,0.1036254123,budget,mean,0.3,0.5,0.03,2970
E16,***建筑劳务有限公司,A,elastic_net_logistic,0.04998777847,selected_model_risk_score,108,0.8780487805,放贷,优化模型选择,100,1000000,0.1025,10.25,0.7312754013,0.2687245987,26.87245987,0.5,0.03,2.616739443,0.6716472855,0.8061737961,1.138918362,0.01138918362,budget_0.30_bmax_nominal_equality,nominal_equality,False,0.0624669862,budget,mean,0.3,0.5,0.03,2970
E17,***消防工程有限公司,A,elastic_net_logistic,0.04649981408,selected_model_risk_score,111,0.9024390244,放贷,优化模型选择,100,1000000,0.1025,10.25,0.7312754013,0.2687245987,26.87245987,0.5,0.03,2.626346787,0.6247821939,0.8061737961,1.195390797,0.01195390797,budget_0.30_bmax_nominal_equality,nominal_equality,False,0.05349825243,budget,mean,0.3,0.5,0.03,2970
E18,***消防工程有限责任公司,A,elastic_net_logistic,0.04857513816,selected_model_risk_score,109,0.8861788618,放贷,优化模型选择,100,1000000,0.1025,10.25,0.7312754013,0.2687245987,26.87245987,0.5,0.03,2.620630458,0.6526667254,0.8061737961,1.161789936,0.01161789936,budget_0.30_bmax_nominal_equality,nominal_equality,False,0.06117933194,budget,mean,0.3,0.5,0.03,2970
E19,***科技有限公司,A,elastic_net_logistic,0.06543754966,selected_model_risk_score,100,0.8130081301,放贷,优化模型选择,70,700000,0.1225,12.25,0.8148090077,0.1851909923,12.96336946,0.5,0.03,1.484097095,0.4241455664,0.3889010838,0.6710504449,0.009586434928,budget_0.30_bmax_nominal_equality,nominal_equality,False,0.09093656268,budget,mean,0.3,0.5,0.03,2970
E2,***技术有限责任公司,A,elastic_net_logistic,0.02833749753,selected_model_risk_score,119,0.9674796748,放贷,优化模型选择,100,1000000,0.0985,9.85,0.7083020233,0.2916979767,29.16979767,0.5,0.03,2.791805062,0.4132995347,0.8750939301,1.503411597,0.01503411597,budget_0.30_bmax_nominal_equality,nominal_equality,False,0.03642833627,budget,mean,0.3,0.5,0.03,2970
E20,***贸易有限公司,B,elastic_net_logistic,0.04546270238,selected_model_risk_score,112,0.9105691057,放贷,优化模型选择,100,1000000,0.1065,10.65,0.7053159925,0.2946840075,29.46840075,0.5,0.03,2.995705231,0.6698565665,0.8840520225,1.441796642,0.01441796642,budget_0.30_bmax_nominal_equality,nominal_equality,False,0.06402096704,budget,mean,0.3,0.5,0.03,2970
E21,***建设工程有限公司,B,elastic_net_logistic,0.08415779812,selected_model_risk_score,85,0.6910569106,不放贷,优化模型未选择,0,0,,,,,0,0.5,0.03,0,0,0,0,,budget_0.30_bmax_nominal_equality,nominal_equality,False,0.09612822768,budget,mean,0.3,0.5,0.03,2970
E22,***物流有限公司,A,elastic_net_logistic,0.08272431763,selected_model_risk_score,87,0.7073170732,不放贷,优化模型未选择,0,0,,,,,0,0.5,0.03,0,0,0,0,,budget_0.30_bmax_nominal_equality,nominal_equality,False,0.09349623574,budget,mean,0.3,0.5,0.03,2970
E23,***贸易有限公司,B,elastic_net_logistic,0.03337482103,selected_model_risk_score,116,0.9430894309,放贷,优化模型选择,100,1000000,0.1065,10.65,0.7053159925,0.2946840075,29.46840075,0.5,0.03,3.033641653,0.4917513005,0.8840520225,1.65783833,0.0165783833,budget_0.30_bmax_nominal_equality,nominal_equality,False,0.04082479351,budget,mean,0.3,0.5,0.03,2970
E24,***建筑工程有限公司,A,elastic_net_logistic,0.04702949043,selected_model_risk_score,110,0.8943089431,放贷,优化模型选择,100,1000000,0.1025,10.25,0.7312754013,0.2687245987,26.87245987,0.5,0.03,2.624887832,0.6318990471,0.8061737961,1.186814989,0.01186814989,budget_0.30_bmax_nominal_equality,nominal_equality,False,0.06125175229,budget,mean,0.3,0.5,0.03,2970
E25,***通讯设备有限公司,C,elastic_net_logistic,0.08202047653,selected_model_risk_score,89,0.7235772358,不放贷,优化模型未选择,0,0,,,,,0,0.5,0.03,0,0,0,0,,budget_0.30_bmax_nominal_equality,nominal_equality,False,0.09686547054,budget,mean,0.3,0.5,0.03,2970
E26,***金属材料有限公司,A,elastic_net_logistic,0.1342940789,selected_model_risk_score,61,0.4959349593,不放贷,优化模型未选择,0,0,,,,,0,0.5,0.03,0,0,0,0,,budget_0.30_bmax_nominal_equality,nominal_equality,False,0.1782110185,budget,mean,0.3,0.5,0.03,2970
E27,***农业开发有限公司,A,elastic_net_logistic,0.1103832985,selected_model_risk_score,70,0.5691056911,不放贷,优化模型未选择,0,0,,,,,0,0.5,0.03,0,0,0,0,,budget_0.30_bmax_nominal_equality,nominal_equality,False,0.1369068444,budget,mean,0.3,0.5,0.03,2970
E28,***景观工程有限公司,B,elastic_net_logistic,0.09966092865,selected_model_risk_score,76,0.6178861789,不放贷,优化模型未选择,0,0,,,,,0,0.5,0.03,0,0,0,0,,budget_0.30_bmax_nominal_equality,nominal_equality,False,0.1193350508,budget,mean,0.3,0.5,0.03,2970
E29,***建筑劳务有限公司,C,elastic_net_logistic,0.07253671793,selected_model_risk_score,96,0.7804878049,放贷,优化模型选择,100,1000000,0.1425,14.25,0.8405321006,0.1594678994,15.94678994,0.5,0.03,2.107583854,0.5783639019,0.4784036982,1.050816254,0.01050816254,budget_0.30_bmax_nominal_equality,nominal_equality,False,0.08548890218,budget,mean,0.3,0.5,0.03,2970
E3,***电子(中国)有限公司***分公司,C,elastic_net_logistic,0.02153611417,selected_model_risk_score,123,1,放贷,优化模型选择,100,1000000,0.0905,9.05,0.5900970447,0.4099029553,40.99029553,0.5,0.03,3.629730908,0.4413858422,1.229708866,1.9586362,0.019586362,budget_0.30_bmax_nominal_equality,nominal_equality,False,0.025281018,budget,mean,0.3,0.5,0.03,2970
E30,***建筑工程有限公司,B,elastic_net_logistic,0.07713913412,selected_model_risk_score,94,0.7642276423,放贷,优化模型选择,100,1000000,0.1425,14.25,0.8439092946,0.1560907054,15.60907054,0.5,0.03,2.05271255,0.6020350929,0.4682721162,0.9824053413,0.009824053413,budget_0.30_bmax_nominal_equality,nominal_equality,False,0.1024182862,budget,mean,0.3,0.5,0.03,2970
E31,***食品有限公司,A,elastic_net_logistic,0.0367643069,selected_model_risk_score,115,0.9349593496,放贷,优化模型选择,100,1000000,0.0985,9.85,0.7083020233,0.2916979767,29.16979767,0.5,0.03,2.767592942,0.5362036969,0.8750939301,1.356295315,0.01356295315,budget_0.30_bmax_nominal_equality,nominal_equality,False,0.04188668071,budget,mean,0.3,0.5,0.03,2970
E32,***建筑劳务有限公司,B,elastic_net_logistic,0.09279588464,selected_model_risk_score,79,0.6422764228,不放贷,优化模型未选择,0,0,,,,,0,0.5,0.03,0,0,0,0,,budget_0.30_bmax_nominal_equality,nominal_equality,False,0.104597557,budget,mean,0.3,0.5,0.03,2970
E33,***园林有限责任公司,B,elastic_net_logistic,0.09823760896,selected_model_risk_score,77,0.6260162602,不放贷,优化模型未选择,0,0,,,,,0,0.5,0.03,0,0,0,0,,budget_0.30_bmax_nominal_equality,nominal_equality,False,0.1158892222,budget,mean,0.3,0.5,0.03,2970
E34,***建设工程有限公司,B,elastic_net_logistic,0.1015652078,selected_model_risk_score,75,0.6097560976,不放贷,优化模型未选择,0,0,,,,,0,0.5,0.03,0,0,0,0,,budget_0.30_bmax_nominal_equality,nominal_equality,False,0.1393444528,budget,mean,0.3,0.5,0.03,2970
E35,***商贸有限公司,B,elastic_net_logistic,0.08567951436,selected_model_risk_score,83,0.674796748,不放贷,优化模型未选择,0,0,,,,,0,0.5,0.03,0,0,0,0,,budget_0.30_bmax_nominal_equality,nominal_equality,False,0.1006056864,budget,mean,0.3,0.5,0.03,2970
E36,***超硬材料有限公司,D,elastic_net_logistic,0.05081789908,selected_model_risk_score,107,0.8699186992,不放贷,D级企业原则上不予放贷,0,0,,,,,0,0.5,0.03,0,0,0,0,,budget_0.30_bmax_nominal_equality,nominal_equality,False,0.06163613971,budget,mean,0.3,0.5,0.03,2970
E37,***木业有限公司,B,elastic_net_logistic,0.084549486,selected_model_risk_score,84,0.6829268293,不放贷,优化模型未选择,0,0,,,,,0,0.5,0.03,0,0,0,0,,budget_0.30_bmax_nominal_equality,nominal_equality,False,0.1088428529,budget,mean,0.3,0.5,0.03,2970
E38,***建设工程有限公司,B,elastic_net_logistic,0.1218095512,selected_model_risk_score,63,0.512195122,不放贷,优化模型未选择,0,0,,,,,0,0.5,0.03,0,0,0,0,,budget_0.30_bmax_nominal_equality,nominal_equality,False,0.1460270212,budget,mean,0.3,0.5,0.03,2970
E39,***建筑劳务有限公司,C,elastic_net_logistic,0.1815109557,selected_model_risk_score,52,0.4227642276,不放贷,优化模型未选择,0,0,,,,,0,0.5,0.03,0,0,0,0,,budget_0.30_bmax_nominal_equality,nominal_equality,False,0.2307578892,budget,mean,0.3,0.5,0.03,2970
E4,***发展有限责任公司,C,elastic_net_logistic,0.03106769432,selected_model_risk_score,118,0.9593495935,放贷,优化模型选择,100,1000000,0.1105,11.05,0.7151023945,0.2848976055,28.48976055,0.5,0.03,3.050313756,0.442555586,0.8546928165,1.753065354,0.01753065354,budget_0.30_bmax_nominal_equality,nominal_equality,False,0.04400979025,budget,mean,0.3,0.5,0.03,2970
E40,***财税咨询服务有限公司,C,elastic_net_logistic,0.08113873174,selected_model_risk_score,90,0.7317073171,放贷,优化模型选择,100,1000000,0.1425,14.25,0.8405321006,0.1594678994,15.94678994,0.5,0.03,2.088036487,0.6469511555,0.4784036982,0.9626816334,0.009626816334,budget_0.30_bmax_nominal_equality,nominal_equality,False,0.09293248415,budget,mean,0.3,0.5,0.03,2970
E41,***物业发展有限公司,C,elastic_net_logistic,0.07916167381,selected_model_risk_score,91,0.7398373984,放贷,优化模型选择,100,1000000,0.1425,14.25,0.8405321006,0.1594678994,15.94678994,0.5,0.03,2.092529188,0.6311872918,0.4784036982,0.9829381983,0.009829381983,budget_0.30_bmax_nominal_equality,nominal_equality,False,0.09683047914,budget,mean,0.3,0.5,0.03,2970
E42,***园艺场,A,elastic_net_logistic,0.1200846128,selected_model_risk_score,66,0.5365853659,不放贷,优化模型未选择,0,0,,,,,0,0.5,0.03,0,0,0,0,,budget_0.30_bmax_nominal_equality,nominal_equality,False,0.1475914741,budget,mean,0.3,0.5,0.03,2970
E43,***建设工程有限公司,B,elastic_net_logistic,0.1927952664,selected_model_risk_score,48,0.3902439024,不放贷,优化模型未选择,0,0,,,,,0,0.5,0.03,0,0,0,0,,budget_0.30_bmax_nominal_equality,nominal_equality,False,0.2145282193,budget,mean,0.3,0.5,0.03,2970
E44,***商贸有限公司,C,elastic_net_logistic,0.08616234673,selected_model_risk_score,82,0.6666666667,不放贷,优化模型未选择,0,0,,,,,0,0.5,0.03,0,0,0,0,,budget_0.30_bmax_nominal_equality,nominal_equality,False,0.1035354806,budget,mean,0.3,0.5,0.03,2970
E45,个体经营E45,B,elastic_net_logistic,0.1068056002,selected_model_risk_score,73,0.593495935,不放贷,优化模型未选择,0,0,,,,,0,0.5,0.03,0,0,0,0,,budget_0.30_bmax_nominal_equality,nominal_equality,False,0.1219197504,budget,mean,0.3,0.5,0.03,2970
E46,***广告传媒有限公司,C,elastic_net_logistic,0.05276002815,selected_model_risk_score,105,0.8536585366,放贷,优化模型选择,100,1000000,0.1105,11.05,0.7151023945,0.2848976055,28.48976055,0.5,0.03,2.982023718,0.7515602843,0.8546928165,1.375770617,0.01375770617,budget_0.30_bmax_nominal_equality,nominal_equality,False,0.06245378683,budget,mean,0.3,0.5,0.03,2970
E47,***控制设备有限责任公司,C,elastic_net_logistic,0.05124807767,selected_model_risk_score,106,0.8617886179,放贷,优化模型选择,100,1000000,0.1105,11.05,0.7151023945,0.2848976055,28.48976055,0.5,0.03,2.986783517,0.7300227307,0.8546928165,1.40206797,0.0140206797,budget_0.30_bmax_nominal_equality,nominal_equality,False,0.05822355401,budget,mean,0.3,0.5,0.03,2970
E48,***化工有限公司,A,elastic_net_logistic,0.07070577235,selected_model_risk_score,97,0.7886178862,不放贷,优化模型未选择,0,0,,,,,0,0.5,0.03,0,0,0,0,,budget_0.30_bmax_nominal_equality,nominal_equality,False,0.08921054517,budget,mean,0.3,0.5,0.03,2970
E49,***地球环保科技有限公司,C,elastic_net_logistic,0.09803729486,selected_model_risk_score,78,0.6341463415,不放贷,优化模型未选择,0,0,,,,,0,0.5,0.03,0,0,0,0,,budget_0.30_bmax_nominal_equality,nominal_equality,False,0.1105965348,budget,mean,0.3,0.5,0.03,2970
E5,***供应链管理有限公司,B,elastic_net_logistic,0.05668387407,selected_model_risk_score,103,0.837398374,放贷,优化模型选择,100,1000000,0.1065,10.65,0.7053159925,0.2946840075,29.46840075,0.5,0.03,2.960488878,0.8351915586,0.8840520225,1.241245297,0.01241245297,budget_0.30_bmax_nominal_equality,nominal_equality,False,0.07330978844,budget,mean,0.3,0.5,0.03,2970
E50,***建筑劳务有限公司,C,elastic_net_logistic,0.1692453772,selected_model_risk_score,54,0.4390243902,不放贷,优化模型未选择,0,0,,,,,0,0.5,0.03,0,0,0,0,,budget_0.30_bmax_nominal_equality,nominal_equality,False,0.2040258114,budget,mean,0.3,0.5,0.03,2970
E51,***物流有限公司,B,elastic_net_logistic,0.0697365828,selected_model_risk_score,98,0.7967479675,放贷,优化模型选择,100,1000000,0.1425,14.25,0.8439092946,0.1560907054,15.60907054,0.5,0.03,2.06917799,0.5442616201,0.4682721162,1.056644254,0.01056644254,budget_0.30_bmax_nominal_equality,nominal_equality,False,0.07874952738,budget,mean,0.3,0.5,0.03,2970
E52,***商贸有限公司,D,elastic_net_logistic,0.2136303318,selected_model_risk_score,44,0.3577235772,不放贷,D级企业原则上不予放贷,0,0,,,,,0,0.5,0.03,0,0,0,0,,budget_0.30_bmax_nominal_equality,nominal_equality,False,0.2416471762,budget,mean,0.3,0.5,0.03,2970
E53,***文化传媒有限公司,C,elastic_net_logistic,0.107156181,selected_model_risk_score,71,0.5772357724,不放贷,优化模型未选择,0,0,,,,,0,0.5,0.03,0,0,0,0,,budget_0.30_bmax_nominal_equality,nominal_equality,False,0.1294528809,budget,mean,0.3,0.5,0.03,2970
E54,***新技术开发有限公司,A,elastic_net_logistic,0.06439978133,selected_model_risk_score,101,0.8211382114,放贷,优化模型选择,100,1000000,0.1225,12.25,0.8148090077,0.1851909923,18.51909923,0.5,0.03,2.122492978,0.5963129704,0.5555729769,0.9706070306,0.009706070306,budget_0.30_bmax_nominal_equality,nominal_equality,False,0.08481402429,budget,mean,0.3,0.5,0.03,2970
E55,***集团有限公司***电力设备分公司,C,elastic_net_logistic,0.1835760094,selected_model_risk_score,51,0.4146341463,不放贷,优化模型未选择,0,0,,,,,0,0.5,0.03,0,0,0,0,,budget_0.30_bmax_nominal_equality,nominal_equality,False,0.2408611135,budget,mean,0.3,0.5,0.03,2970
E56,***家居材料***有限公司,C,elastic_net_logistic,0.08755638262,selected_model_risk_score,81,0.6585365854,不放贷,优化模型未选择,0,0,,,,,0,0.5,0.03,0,0,0,0,,budget_0.30_bmax_nominal_equality,nominal_equality,False,0.1073776577,budget,mean,0.3,0.5,0.03,2970
E57,***机械设备有限公司,B,elastic_net_logistic,0.1025680758,selected_model_risk_score,74,0.6016260163,不放贷,优化模型未选择,0,0,,,,,0,0.5,0.03,0,0,0,0,,budget_0.30_bmax_nominal_equality,nominal_equality,False,0.1291130293,budget,mean,0.3,0.5,0.03,2970
E58,***油气工程建设有限责任公司,B,elastic_net_logistic,0.1498825704,selected_model_risk_score,58,0.4715447154,不放贷,优化模型未选择,0,0,,,,,0,0.5,0.03,0,0,0,0,,budget_0.30_bmax_nominal_equality,nominal_equality,False,0.166452668,budget,mean,0.3,0.5,0.03,2970
E59,***商贸有限公司,A,elastic_net_logistic,0.06896464342,selected_model_risk_score,99,0.8048780488,不放贷,优化模型未选择,0,0,,,,,0,0.5,0.03,0,0,0,0,,budget_0.30_bmax_nominal_equality,nominal_equality,False,0.07641618763,budget,mean,0.3,0.5,0.03,2970
E6,***装饰设计工程有限公司,A,elastic_net_logistic,0.03828902106,selected_model_risk_score,114,0.9268292683,放贷,优化模型选择,100,1000000,0.0985,9.85,0.7083020233,0.2916979767,29.16979767,0.5,0.03,2.763212095,0.5584414987,0.8750939301,1.329676667,0.01329676667,budget_0.30_bmax_nominal_equality,nominal_equality,False,0.04389193776,budget,mean,0.3,0.5,0.03,2970
E60,***机械租赁有限公司,B,elastic_net_logistic,0.2143912442,selected_model_risk_score,43,0.3495934959,不放贷,优化模型未选择,0,0,,,,,0,0.5,0.03,0,0,0,0,,budget_0.30_bmax_nominal_equality,nominal_equality,False,0.2335825691,budget,mean,0.3,0.5,0.03,2970
E61,***调味品有限公司,B,elastic_net_logistic,0.07788330382,selected_model_risk_score,92,0.7479674797,放贷,优化模型选择,100,1000000,0.1425,14.25,0.8439092946,0.1560907054,15.60907054,0.5,0.03,2.051057299,0.6078429916,0.4682721162,0.9749421915,0.009749421915,budget_0.30_bmax_nominal_equality,nominal_equality,False,0.09484916536,budget,mean,0.3,0.5,0.03,2970
E62,***工程造价咨询有限公司***分公司,B,elastic_net_logistic,0.1214523958,selected_model_risk_score,64,0.5203252033,不放贷,优化模型未选择,0,0,,,,,0,0.5,0.03,0,0,0,0,,budget_0.30_bmax_nominal_equality,nominal_equality,False,0.1450170246,budget,mean,0.3,0.5,0.03,2970
E63,***科技有限公司,B,elastic_net_logistic,0.08368298573,selected_model_risk_score,86,0.6991869919,不放贷,优化模型未选择,0,0,,,,,0,0.5,0.03,0,0,0,0,,budget_0.30_bmax_nominal_equality,nominal_equality,False,0.1084106096,budget,mean,0.3,0.5,0.03,2970
E64,***图书有限责任公司,A,elastic_net_logistic,0.1124750355,selected_model_risk_score,69,0.5609756098,不放贷,优化模型未选择,0,0,,,,,0,0.5,0.03,0,0,0,0,,budget_0.30_bmax_nominal_equality,nominal_equality,False,0.1209520698,budget,mean,0.3,0.5,0.03,2970
E65,***商贸有限公司,B,elastic_net_logistic,0.0894097801,selected_model_risk_score,80,0.6504065041,不放贷,优化模型未选择,0,0,,,,,0,0.5,0.03,0,0,0,0,,budget_0.30_bmax_nominal_equality,nominal_equality,False,0.1016662421,budget,mean,0.3,0.5,0.03,2970
E66,***快递有限公司,B,elastic_net_logistic,0.2947622952,selected_model_risk_score,30,0.243902439,不放贷,优化模型未选择,0,0,,,,,0,0.5,0.03,0,0,0,0,,budget_0.30_bmax_nominal_equality,nominal_equality,False,0.3741353375,budget,mean,0.3,0.5,0.03,2970
E67,***信息技术有限公司,B,elastic_net_logistic,0.1845447393,selected_model_risk_score,50,0.406504065,不放贷,优化模型未选择,0,0,,,,,0,0.5,0.03,0,0,0,0,,budget_0.30_bmax_nominal_equality,nominal_equality,False,0.2088292217,budget,mean,0.3,0.5,0.03,2970
E68,***花木总公司,C,elastic_net_logistic,0.3380718151,selected_model_risk_score,28,0.2276422764,不放贷,优化模型未选择,0,0,,,,,0,0.5,0.03,0,0,0,0,,budget_0.30_bmax_nominal_equality,nominal_equality,False,0.3824767947,budget,mean,0.3,0.5,0.03,2970
E69,***电子器材经营部,C,elastic_net_logistic,0.2503652668,selected_model_risk_score,38,0.3089430894,不放贷,优化模型未选择,0,0,,,,,0,0.5,0.03,0,0,0,0,,budget_0.30_bmax_nominal_equality,nominal_equality,False,0.3207126735,budget,mean,0.3,0.5,0.03,2970
E7,***家电有限公司***分公司,A,elastic_net_logistic,0.02580342326,selected_model_risk_score,121,0.9837398374,放贷,优化模型选择,100,1000000,0.0985,9.85,0.7083020233,0.2916979767,29.16979767,0.5,0.03,2.799086028,0.3763403178,0.8750939301,1.54765178,0.0154765178,budget_0.30_bmax_nominal_equality,nominal_equality,False,0.03436137967,budget,mean,0.3,0.5,0.03,2970
E70,***科技有限公司,B,elastic_net_logistic,0.1379471805,selected_model_risk_score,60,0.487804878,不放贷,优化模型未选择,0,0,,,,,0,0.5,0.03,0,0,0,0,,budget_0.30_bmax_nominal_equality,nominal_equality,False,0.1557212843,budget,mean,0.3,0.5,0.03,2970
E71,***农业科技有限公司,B,elastic_net_logistic,0.2041897012,selected_model_risk_score,45,0.3658536585,不放贷,优化模型未选择,0,0,,,,,0,0.5,0.03,0,0,0,0,,budget_0.30_bmax_nominal_equality,nominal_equality,False,0.2461670708,budget,mean,0.3,0.5,0.03,2970
E72,***图书有限公司,C,elastic_net_logistic,0.2897171126,selected_model_risk_score,32,0.2601626016,不放贷,优化模型未选择,0,0,,,,,0,0.5,0.03,0,0,0,0,,budget_0.30_bmax_nominal_equality,nominal_equality,False,0.3383260035,budget,mean,0.3,0.5,0.03,2970
E73,***商贸有限责任公司,C,elastic_net_logistic,0.1183311273,selected_model_risk_score,67,0.5447154472,不放贷,优化模型未选择,0,0,,,,,0,0.5,0.03,0,0,0,0,,budget_0.30_bmax_nominal_equality,nominal_equality,False,0.150943928,budget,mean,0.3,0.5,0.03,2970
E74,***蔬菜专业合作社,B,elastic_net_logistic,0.1539591335,selected_model_risk_score,56,0.4552845528,不放贷,优化模型未选择,0,0,,,,,0,0.5,0.03,0,0,0,0,,budget_0.30_bmax_nominal_equality,nominal_equality,False,0.1754997095,budget,mean,0.3,0.5,0.03,2970
E75,***酒店管理有限公司,C,elastic_net_logistic,0.1070850165,selected_model_risk_score,72,0.5853658537,不放贷,优化模型未选择,0,0,,,,,0,0.5,0.03,0,0,0,0,,budget_0.30_bmax_nominal_equality,nominal_equality,False,0.1282680192,budget,mean,0.3,0.5,0.03,2970
E76,***信息科技有限公司,B,elastic_net_logistic,0.1706660196,selected_model_risk_score,53,0.4308943089,不放贷,优化模型未选择,0,0,,,,,0,0.5,0.03,0,0,0,0,,budget_0.30_bmax_nominal_equality,nominal_equality,False,0.1979402602,budget,mean,0.3,0.5,0.03,2970
E77,***机电设备有限公司,C,elastic_net_logistic,0.3665492679,selected_model_risk_score,25,0.2032520325,不放贷,优化模型未选择,0,0,,,,,0,0.5,0.03,0,0,0,0,,budget_0.30_bmax_nominal_equality,nominal_equality,False,0.4663549766,budget,mean,0.3,0.5,0.03,2970
E78,个体经营E78,C,elastic_net_logistic,0.1211539626,selected_model_risk_score,65,0.5284552846,不放贷,优化模型未选择,0,0,,,,,0,0.5,0.03,0,0,0,0,,budget_0.30_bmax_nominal_equality,nominal_equality,False,0.1481587806,budget,mean,0.3,0.5,0.03,2970
E79,***鞋业有限公司,B,elastic_net_logistic,0.2025177165,selected_model_risk_score,46,0.3739837398,不放贷,优化模型未选择,0,0,,,,,0,0.5,0.03,0,0,0,0,,budget_0.30_bmax_nominal_equality,nominal_equality,False,0.2207361419,budget,mean,0.3,0.5,0.03,2970
E8,***科学研究院有限公司,A,elastic_net_logistic,0.02606005345,selected_model_risk_score,120,0.9756097561,放贷,优化模型选择,100,1000000,0.0985,9.85,0.7083020233,0.2916979767,29.16979767,0.5,0.03,2.798348672,0.3800832432,0.8750939301,1.543171498,0.01543171498,budget_0.30_bmax_nominal_equality,nominal_equality,False,0.03439017911,budget,mean,0.3,0.5,0.03,2970
E80,***实业有限责任公司,C,elastic_net_logistic,0.3432370641,selected_model_risk_score,26,0.2113821138,不放贷,优化模型未选择,0,0,,,,,0,0.5,0.03,0,0,0,0,,budget_0.30_bmax_nominal_equality,nominal_equality,False,0.3865190631,budget,mean,0.3,0.5,0.03,2970
E81,***机械设备有限公司,A,elastic_net_logistic,0.1154202468,selected_model_risk_score,68,0.5528455285,不放贷,优化模型未选择,0,0,,,,,0,0.5,0.03,0,0,0,0,,budget_0.30_bmax_nominal_equality,nominal_equality,False,0.1339413155,budget,mean,0.3,0.5,0.03,2970
E82,***商贸有限公司,D,elastic_net_logistic,0.194614899,selected_model_risk_score,47,0.3821138211,不放贷,D级企业原则上不予放贷,0,0,,,,,0,0.5,0.03,0,0,0,0,,budget_0.30_bmax_nominal_equality,nominal_equality,False,0.2318618526,budget,mean,0.3,0.5,0.03,2970
E83,***社会福利院（***社会福利社会化服务中心）,B,elastic_net_logistic,0.5444532255,selected_model_risk_score,13,0.1056910569,不放贷,优化模型未选择,0,0,,,,,0,0.5,0.03,0,0,0,0,,budget_0.30_bmax_nominal_equality,nominal_equality,False,0.6237840466,budget,mean,0.3,0.5,0.03,2970
E84,***建材有限公司,A,elastic_net_logistic,0.1532688251,selected_model_risk_score,57,0.4634146341,不放贷,优化模型未选择,0,0,,,,,0,0.5,0.03,0,0,0,0,,budget_0.30_bmax_nominal_equality,nominal_equality,False,0.1694921296,budget,mean,0.3,0.5,0.03,2970
E85,***安防科技有限公司,B,elastic_net_logistic,0.2264316686,selected_model_risk_score,42,0.3414634146,不放贷,优化模型未选择,0,0,,,,,0,0.5,0.03,0,0,0,0,,budget_0.30_bmax_nominal_equality,nominal_equality,False,0.2483347601,budget,mean,0.3,0.5,0.03,2970
E86,***地质工程勘察院***分院,C,elastic_net_logistic,0.2808208394,selected_model_risk_score,34,0.2764227642,不放贷,优化模型未选择,0,0,,,,,0,0.5,0.03,0,0,0,0,,budget_0.30_bmax_nominal_equality,nominal_equality,False,0.3548090468,budget,mean,0.3,0.5,0.03,2970
E87,***实业有限责任公司,C,elastic_net_logistic,0.234076271,selected_model_risk_score,40,0.325203252,不放贷,优化模型未选择,0,0,,,,,0,0.5,0.03,0,0,0,0,,budget_0.30_bmax_nominal_equality,nominal_equality,False,0.2796569295,budget,mean,0.3,0.5,0.03,2970
E88,***贸易有限公司,A,elastic_net_logistic,0.1654327803,selected_model_risk_score,55,0.4471544715,不放贷,优化模型未选择,0,0,,,,,0,0.5,0.03,0,0,0,0,,budget_0.30_bmax_nominal_equality,nominal_equality,False,0.189066442,budget,mean,0.3,0.5,0.03,2970
E89,***物资有限公司,A,elastic_net_logistic,0.3344336244,selected_model_risk_score,29,0.2357723577,不放贷,优化模型未选择,0,0,,,,,0,0.5,0.03,0,0,0,0,,budget_0.30_bmax_nominal_equality,nominal_equality,False,0.3672701532,budget,mean,0.3,0.5,0.03,2970
E9,***生活用品服务有限公司***分公司,A,elastic_net_logistic,0.02174866462,selected_model_risk_score,122,0.9918699187,放贷,优化模型选择,100,1000000,0.0985,9.85,0.7083020233,0.2916979767,29.16979767,0.5,0.03,2.810736262,0.3172020733,0.8750939301,1.618440259,0.01618440259,budget_0.30_bmax_nominal_equality,nominal_equality,False,0.02531048472,budget,mean,0.3,0.5,0.03,2970
E90,***文化传媒有限责任公司,C,elastic_net_logistic,0.2928954659,selected_model_risk_score,31,0.2520325203,不放贷,优化模型未选择,0,0,,,,,0,0.5,0.03,0,0,0,0,,budget_0.30_bmax_nominal_equality,nominal_equality,False,0.3272754126,budget,mean,0.3,0.5,0.03,2970
E91,***科技实业有限公司,A,elastic_net_logistic,0.123879862,selected_model_risk_score,62,0.5040650407,不放贷,优化模型未选择,0,0,,,,,0,0.5,0.03,0,0,0,0,,budget_0.30_bmax_nominal_equality,nominal_equality,False,0.1563985381,budget,mean,0.3,0.5,0.03,2970
E92,***地质灾害防治有限公司,C,elastic_net_logistic,0.3701163354,selected_model_risk_score,24,0.1951219512,不放贷,优化模型未选择,0,0,,,,,0,0.5,0.03,0,0,0,0,,budget_0.30_bmax_nominal_equality,nominal_equality,False,0.4190045907,budget,mean,0.3,0.5,0.03,2970
E93,***电脑设计事务所,B,elastic_net_logistic,0.2376719561,selected_model_risk_score,39,0.3170731707,不放贷,优化模型未选择,0,0,,,,,0,0.5,0.03,0,0,0,0,,budget_0.30_bmax_nominal_equality,nominal_equality,False,0.2575297987,budget,mean,0.3,0.5,0.03,2970
E94,***汽车美容有限公司,C,elastic_net_logistic,0.3420261826,selected_model_risk_score,27,0.2195121951,不放贷,优化模型未选择,0,0,,,,,0,0.5,0.03,0,0,0,0,,budget_0.30_bmax_nominal_equality,nominal_equality,False,0.3879661601,budget,mean,0.3,0.5,0.03,2970
E95,***兰花店,B,elastic_net_logistic,0.1441316116,selected_model_risk_score,59,0.4796747967,不放贷,优化模型未选择,0,0,,,,,0,0.5,0.03,0,0,0,0,,budget_0.30_bmax_nominal_equality,nominal_equality,False,0.1745511804,budget,mean,0.3,0.5,0.03,2970
E96,***土地整理有限公司,C,elastic_net_logistic,0.8080355745,selected_model_risk_score,1,0.008130081301,不放贷,优化模型未选择,0,0,,,,,0,0.5,0.03,0,0,0,0,,budget_0.30_bmax_nominal_equality,nominal_equality,False,0.854739214,budget,mean,0.3,0.5,0.03,2970
E97,***美工装饰部,B,elastic_net_logistic,0.2602897628,selected_model_risk_score,35,0.2845528455,不放贷,优化模型未选择,0,0,,,,,0,0.5,0.03,0,0,0,0,,budget_0.30_bmax_nominal_equality,nominal_equality,False,0.3283525845,budget,mean,0.3,0.5,0.03,2970
E98,***文化传播有限公司,B,elastic_net_logistic,0.2814270169,selected_model_risk_score,33,0.2682926829,不放贷,优化模型未选择,0,0,,,,,0,0.5,0.03,0,0,0,0,,budget_0.30_bmax_nominal_equality,nominal_equality,False,0.3034353338,budget,mean,0.3,0.5,0.03,2970
E99,***建筑工程有限责任公司,D,elastic_net_logistic,0.5839846822,selected_model_risk_score,10,0.08130081301,不放贷,D级企业原则上不予放贷,0,0,,,,,0,0.5,0.03,0,0,0,0,,budget_0.30_bmax_nominal_equality,nominal_equality,False,0.6898712011,budget,mean,0.3,0.5,0.03,2970
E1,***电器销售有限公司,A,elastic_net_logistic,0.05655542179,selected_model_risk_score,104,0.8455284553,放贷,优化模型选择,100,1000000,0.1225,12.25,0.8148090077,0.1851909923,18.51909923,0.5,0.03,2.140288611,0.5236777341,0.5555729769,1.0610379,0.010610379,budget_0.40_bmax_nominal_equality,nominal_equality,False,0.0730491674,budget,mean,0.4,0.5,0.03,3960
E10,***建筑劳务有限公司,B,elastic_net_logistic,0.06093491817,selected_model_risk_score,102,0.8292682927,放贷,优化模型选择,100,1000000,0.1185,11.85,0.7692116619,0.2307883381,23.07883381,0.5,0.03,2.568194445,0.7031534248,0.6923650143,1.172676006,0.01172676006,budget_0.40_bmax_nominal_equality,nominal_equality,False,0.07833730674,budget,mean,0.4,0.5,0.03,3960
E100,***装饰工程有限公司,D,elastic_net_logistic,0.2578903118,selected_model_risk_score,36,0.2926829268,不放贷,D级企业原则上不予放贷,0,0,,,,,0,0.5,0.03,0,0,0,0,,budget_0.40_bmax_nominal_equality,nominal_equality,False,0.3416804479,budget,mean,0.4,0.5,0.03,3960
E101,***灯饰工程有限公司,D,elastic_net_logistic,0.7098560409,selected_model_risk_score,6,0.0487804878,不放贷,D级企业原则上不予放贷,0,0,,,,,0,0.5,0.03,0,0,0,0,,budget_0.40_bmax_nominal_equality,nominal_equality,False,0.7897592201,budget,mean,0.4,0.5,0.03,3960
E102,***大药房有限责任公司,D,elastic_net_logistic,0.4733747116,selected_model_risk_score,17,0.1382113821,不放贷,D级企业原则上不予放贷,0,0,,,,,0,0.5,0.03,0,0,0,0,,budget_0.40_bmax_nominal_equality,nominal_equality,False,0.6183651775,budget,mean,0.4,0.5,0.03,3960
E103,***科技有限公司,D,elastic_net_logistic,0.4055458126,selected_model_risk_score,22,0.1788617886,不放贷,D级企业原则上不予放贷,0,0,,,,,0,0.5,0.03,0,0,0,0,,budget_0.40_bmax_nominal_equality,nominal_equality,False,0.4768661053,budget,mean,0.4,0.5,0.03,3960
E104,***管理咨询有限责任公司,C,elastic_net_logistic,0.5371556855,selected_model_risk_score,14,0.1138211382,不放贷,优化模型未选择,0,0,,,,,0,0.5,0.03,0,0,0,0,,budget_0.40_bmax_nominal_equality,nominal_equality,False,0.6048969633,budget,mean,0.4,0.5,0.03,3960
E105,***建材经营部,C,elastic_net_logistic,0.2296735143,selected_model_risk_score,41,0.3333333333,不放贷,优化模型未选择,0,0,,,,,0,0.5,0.03,0,0,0,0,,budget_0.40_bmax_nominal_equality,nominal_equality,False,0.3150886304,budget,mean,0.4,0.5,0.03,3960
E106,***财务管理有限公司,B,elastic_net_logistic,0.25387818,selected_model_risk_score,37,0.3008130081,不放贷,优化模型未选择,0,0,,,,,0,0.5,0.03,0,0,0,0,,budget_0.40_bmax_nominal_equality,nominal_equality,False,0.2861266308,budget,mean,0.4,0.5,0.03,3960
E107,***科技有限公司,D,elastic_net_logistic,0.6278756036,selected_model_risk_score,8,0.06504065041,不放贷,D级企业原则上不予放贷,0,0,,,,,0,0.5,0.03,0,0,0,0,,budget_0.40_bmax_nominal_equality,nominal_equality,False,0.6820972821,budget,mean,0.4,0.5,0.03,3960
E108,***商贸有限公司,D,elastic_net_logistic,0.5221807895,selected_model_risk_score,15,0.1219512195,不放贷,D级企业原则上不予放贷,0,0,,,,,0,0.5,0.03,0,0,0,0,,budget_0.40_bmax_nominal_equality,nominal_equality,False,0.6296705299,budget,mean,0.4,0.5,0.03,3960
E109,***服饰有限公司,D,elastic_net_logistic,0.5493640614,selected_model_risk_score,12,0.09756097561,不放贷,D级企业原则上不予放贷,0,0,,,,,0,0.5,0.03,0,0,0,0,,budget_0.40_bmax_nominal_equality,nominal_equality,False,0.6102205923,budget,mean,0.4,0.5,0.03,3960
E11,***建设工程有限公司,C,elastic_net_logistic,0.07723891572,selected_model_risk_score,93,0.756097561,放贷,优化模型选择,100,1000000,0.1425,14.25,0.8405321006,0.1594678994,15.94678994,0.5,0.03,2.096898498,0.6158563821,0.4784036982,1.002638417,0.01002638417,budget_0.40_bmax_nominal_equality,nominal_equality,False,0.1001763276,budget,mean,0.4,0.5,0.03,3960
E110,***通讯器材经营部,C,elastic_net_logistic,0.5711527053,selected_model_risk_score,11,0.08943089431,不放贷,优化模型未选择,0,0,,,,,0,0.5,0.03,0,0,0,0,,budget_0.40_bmax_nominal_equality,nominal_equality,False,0.6124762668,budget,mean,0.4,0.5,0.03,3960
E111,***科技有限公司,D,elastic_net_logistic,0.1919246162,selected_model_risk_score,49,0.3983739837,不放贷,D级企业原则上不予放贷,0,0,,,,,0,0.5,0.03,0,0,0,0,,budget_0.40_bmax_nominal_equality,nominal_equality,False,0.3189536769,budget,mean,0.4,0.5,0.03,3960
E112,***机械设备有限公司,D,elastic_net_logistic,0.4170540731,selected_model_risk_score,20,0.162601626,不放贷,D级企业原则上不予放贷,0,0,,,,,0,0.5,0.03,0,0,0,0,,budget_0.40_bmax_nominal_equality,nominal_equality,False,0.5129040595,budget,mean,0.4,0.5,0.03,3960
E113,***美居科技有限公司,D,elastic_net_logistic,0.7592451553,selected_model_risk_score,4,0.0325203252,不放贷,D级企业原则上不予放贷,0,0,,,,,0,0.5,0.03,0,0,0,0,,budget_0.40_bmax_nominal_equality,nominal_equality,False,0.8315439659,budget,mean,0.4,0.5,0.03,3960
E114,***食品有限责任公司,D,elastic_net_logistic,0.4770804739,selected_model_risk_score,16,0.1300813008,不放贷,D级企业原则上不予放贷,0,0,,,,,0,0.5,0.03,0,0,0,0,,budget_0.40_bmax_nominal_equality,nominal_equality,False,0.5421990478,budget,mean,0.4,0.5,0.03,3960
E115,***装饰工程有限公司,D,elastic_net_logistic,0.7835354924,selected_model_risk_score,2,0.0162601626,不放贷,D级企业原则上不予放贷,0,0,,,,,0,0.5,0.03,0,0,0,0,,budget_0.40_bmax_nominal_equality,nominal_equality,False,0.8331104651,budget,mean,0.4,0.5,0.03,3960
E116,***门窗有限公司,D,elastic_net_logistic,0.4160885126,selected_model_risk_score,21,0.1707317073,不放贷,D级企业原则上不予放贷,0,0,,,,,0,0.5,0.03,0,0,0,0,,budget_0.40_bmax_nominal_equality,nominal_equality,False,0.532859258,budget,mean,0.4,0.5,0.03,3960
E117,***人力资源管理咨询有限公司,D,elastic_net_logistic,0.6343060557,selected_model_risk_score,7,0.05691056911,不放贷,D级企业原则上不予放贷,0,0,,,,,0,0.5,0.03,0,0,0,0,,budget_0.40_bmax_nominal_equality,nominal_equality,False,0.7561127553,budget,mean,0.4,0.5,0.03,3960
E118,***体育用品有限公司,D,elastic_net_logistic,0.3859533716,selected_model_risk_score,23,0.1869918699,不放贷,D级企业原则上不予放贷,0,0,,,,,0,0.5,0.03,0,0,0,0,,budget_0.40_bmax_nominal_equality,nominal_equality,False,0.4429217794,budget,mean,0.4,0.5,0.03,3960
E119,***药房,D,elastic_net_logistic,0.6253065711,selected_model_risk_score,9,0.07317073171,不放贷,D级企业原则上不予放贷,0,0,,,,,0,0.5,0.03,0,0,0,0,,budget_0.40_bmax_nominal_equality,nominal_equality,False,0.6891769584,budget,mean,0.4,0.5,0.03,3960
E12,***建筑劳务有限公司,B,elastic_net_logistic,0.08202986653,selected_model_risk_score,88,0.7154471545,放贷,优化模型选择,100,1000000,0.1425,14.25,0.8439092946,0.1560907054,15.60907054,0.5,0.03,2.041834131,0.6402049865,0.4682721162,0.9333570281,0.009333570281,budget_0.40_bmax_nominal_equality,nominal_equality,False,0.1054632903,budget,mean,0.4,0.5,0.03,3960
E120,***陈列广告有限公司,D,elastic_net_logistic,0.721226934,selected_model_risk_score,5,0.0406504065,不放贷,D级企业原则上不予放贷,0,0,,,,,0,0.5,0.03,0,0,0,0,,budget_0.40_bmax_nominal_equality,nominal_equality,False,0.7608714869,budget,mean,0.4,0.5,0.03,3960
E121,***药业连锁有限公司***药店,D,elastic_net_logistic,0.4662178212,selected_model_risk_score,18,0.1463414634,不放贷,D级企业原则上不予放贷,0,0,,,,,0,0.5,0.03,0,0,0,0,,budget_0.40_bmax_nominal_equality,nominal_equality,False,0.5621951951,budget,mean,0.4,0.5,0.03,3960
E122,***商贸有限责任公司,D,elastic_net_logistic,0.4500783219,selected_model_risk_score,19,0.1544715447,不放贷,D级企业原则上不予放贷,0,0,,,,,0,0.5,0.03,0,0,0,0,,budget_0.40_bmax_nominal_equality,nominal_equality,False,0.6021516604,budget,mean,0.4,0.5,0.03,3960
E123,***创科技有限责任公司,D,elastic_net_logistic,0.7819761114,selected_model_risk_score,3,0.0243902439,不放贷,D级企业原则上不予放贷,0,0,,,,,0,0.5,0.03,0,0,0,0,,budget_0.40_bmax_nominal_equality,nominal_equality,False,0.8270597923,budget,mean,0.4,0.5,0.03,3960
E13,***汽车贸易有限公司,A,elastic_net_logistic,0.04053604698,selected_model_risk_score,113,0.918699187,放贷,优化模型选择,100,1000000,0.1025,10.25,0.7312754013,0.2687245987,26.87245987,0.5,0.03,2.642773549,0.5446516479,0.8061737961,1.291948105,0.01291948105,budget_0.40_bmax_nominal_equality,nominal_equality,False,0.05373417783,budget,mean,0.4,0.5,0.03,3960
E14,个体经营E14,C,elastic_net_logistic,0.03261041867,selected_model_risk_score,117,0.9512195122,放贷,优化模型选择,100,1000000,0.1105,11.05,0.7151023945,0.2848976055,28.48976055,0.5,0.03,3.045457077,0.4645315097,0.8546928165,1.726232751,0.01726232751,budget_0.40_bmax_nominal_equality,nominal_equality,False,0.04024201468,budget,mean,0.4,0.5,0.03,3960
E15,***劳务有限公司,A,elastic_net_logistic,0.07381492047,selected_model_risk_score,95,0.7723577236,不放贷,优化模型未选择,0,0,,,,,0,0.5,0.03,0,0,0,0,,budget_0.40_bmax_nominal_equality,nominal_equality,False,0.1036254123,budget,mean,0.4,0.5,0.03,3960
E16,***建筑劳务有限公司,A,elastic_net_logistic,0.04998777847,selected_model_risk_score,108,0.8780487805,放贷,优化模型选择,100,1000000,0.1025,10.25,0.7312754013,0.2687245987,26.87245987,0.5,0.03,2.616739443,0.6716472855,0.8061737961,1.138918362,0.01138918362,budget_0.40_bmax_nominal_equality,nominal_equality,False,0.0624669862,budget,mean,0.4,0.5,0.03,3960
E17,***消防工程有限公司,A,elastic_net_logistic,0.04649981408,selected_model_risk_score,111,0.9024390244,放贷,优化模型选择,100,1000000,0.1025,10.25,0.7312754013,0.2687245987,26.87245987,0.5,0.03,2.626346787,0.6247821939,0.8061737961,1.195390797,0.01195390797,budget_0.40_bmax_nominal_equality,nominal_equality,False,0.05349825243,budget,mean,0.4,0.5,0.03,3960
E18,***消防工程有限责任公司,A,elastic_net_logistic,0.04857513816,selected_model_risk_score,109,0.8861788618,放贷,优化模型选择,100,1000000,0.1025,10.25,0.7312754013,0.2687245987,26.87245987,0.5,0.03,2.620630458,0.6526667254,0.8061737961,1.161789936,0.01161789936,budget_0.40_bmax_nominal_equality,nominal_equality,False,0.06117933194,budget,mean,0.4,0.5,0.03,3960
E19,***科技有限公司,A,elastic_net_logistic,0.06543754966,selected_model_risk_score,100,0.8130081301,放贷,优化模型选择,100,1000000,0.1225,12.25,0.8148090077,0.1851909923,18.51909923,0.5,0.03,2.120138707,0.6059222378,0.5555729769,0.9586434928,0.009586434928,budget_0.40_bmax_nominal_equality,nominal_equality,False,0.09093656268,budget,mean,0.4,0.5,0.03,3960
E2,***技术有限责任公司,A,elastic_net_logistic,0.02833749753,selected_model_risk_score,119,0.9674796748,放贷,优化模型选择,100,1000000,0.0985,9.85,0.7083020233,0.2916979767,29.16979767,0.5,0.03,2.791805062,0.4132995347,0.8750939301,1.503411597,0.01503411597,budget_0.40_bmax_nominal_equality,nominal_equality,False,0.03642833627,budget,mean,0.4,0.5,0.03,3960
E20,***贸易有限公司,B,elastic_net_logistic,0.04546270238,selected_model_risk_score,112,0.9105691057,放贷,优化模型选择,100,1000000,0.1065,10.65,0.7053159925,0.2946840075,29.46840075,0.5,0.03,2.995705231,0.6698565665,0.8840520225,1.441796642,0.01441796642,budget_0.40_bmax_nominal_equality,nominal_equality,False,0.06402096704,budget,mean,0.4,0.5,0.03,3960
E21,***建设工程有限公司,B,elastic_net_logistic,0.08415779812,selected_model_risk_score,85,0.6910569106,放贷,优化模型选择,100,1000000,0.1425,14.25,0.8439092946,0.1560907054,15.60907054,0.5,0.03,2.037100988,0.6568125037,0.4682721162,0.9120163685,0.009120163685,budget_0.40_bmax_nominal_equality,nominal_equality,False,0.09612822768,budget,mean,0.4,0.5,0.03,3960
E22,***物流有限公司,A,elastic_net_logistic,0.08272431763,selected_model_risk_score,87,0.7073170732,不放贷,优化模型未选择,0,0,,,,,0,0.5,0.03,0,0,0,0,,budget_0.40_bmax_nominal_equality,nominal_equality,False,0.09349623574,budget,mean,0.4,0.5,0.03,3960
E23,***贸易有限公司,B,elastic_net_logistic,0.03337482103,selected_model_risk_score,116,0.9430894309,放贷,优化模型选择,100,1000000,0.1065,10.65,0.7053159925,0.2946840075,29.46840075,0.5,0.03,3.033641653,0.4917513005,0.8840520225,1.65783833,0.0165783833,budget_0.40_bmax_nominal_equality,nominal_equality,False,0.04082479351,budget,mean,0.4,0.5,0.03,3960
E24,***建筑工程有限公司,A,elastic_net_logistic,0.04702949043,selected_model_risk_score,110,0.8943089431,放贷,优化模型选择,100,1000000,0.1025,10.25,0.7312754013,0.2687245987,26.87245987,0.5,0.03,2.624887832,0.6318990471,0.8061737961,1.186814989,0.01186814989,budget_0.40_bmax_nominal_equality,nominal_equality,False,0.06125175229,budget,mean,0.4,0.5,0.03,3960
E25,***通讯设备有限公司,C,elastic_net_logistic,0.08202047653,selected_model_risk_score,89,0.7235772358,放贷,优化模型选择,100,1000000,0.1425,14.25,0.8405321006,0.1594678994,15.94678994,0.5,0.03,2.086032795,0.653981655,0.4784036982,0.9536474416,0.009536474416,budget_0.40_bmax_nominal_equality,nominal_equality,False,0.09686547054,budget,mean,0.4,0.5,0.03,3960
E26,***金属材料有限公司,A,elastic_net_logistic,0.1342940789,selected_model_risk_score,61,0.4959349593,不放贷,优化模型未选择,0,0,,,,,0,0.5,0.03,0,0,0,0,,budget_0.40_bmax_nominal_equality,nominal_equality,False,0.1782110185,budget,mean,0.4,0.5,0.03,3960
E27,***农业开发有限公司,A,elastic_net_logistic,0.1103832985,selected_model_risk_score,70,0.5691056911,不放贷,优化模型未选择,0,0,,,,,0,0.5,0.03,0,0,0,0,,budget_0.40_bmax_nominal_equality,nominal_equality,False,0.1369068444,budget,mean,0.4,0.5,0.03,3960
E28,***景观工程有限公司,B,elastic_net_logistic,0.09966092865,selected_model_risk_score,76,0.6178861789,不放贷,优化模型未选择,0,0,,,,,0,0.5,0.03,0,0,0,0,,budget_0.40_bmax_nominal_equality,nominal_equality,False,0.1193350508,budget,mean,0.4,0.5,0.03,3960
E29,***建筑劳务有限公司,C,elastic_net_logistic,0.07253671793,selected_model_risk_score,96,0.7804878049,放贷,优化模型选择,100,1000000,0.1425,14.25,0.8405321006,0.1594678994,15.94678994,0.5,0.03,2.107583854,0.5783639019,0.4784036982,1.050816254,0.01050816254,budget_0.40_bmax_nominal_equality,nominal_equality,False,0.08548890218,budget,mean,0.4,0.5,0.03,3960
E3,***电子(中国)有限公司***分公司,C,elastic_net_logistic,0.02153611417,selected_model_risk_score,123,1,放贷,优化模型选择,100,1000000,0.0905,9.05,0.5900970447,0.4099029553,40.99029553,0.5,0.03,3.629730908,0.4413858422,1.229708866,1.9586362,0.019586362,budget_0.40_bmax_nominal_equality,nominal_equality,False,0.025281018,budget,mean,0.4,0.5,0.03,3960
E30,***建筑工程有限公司,B,elastic_net_logistic,0.07713913412,selected_model_risk_score,94,0.7642276423,放贷,优化模型选择,100,1000000,0.1425,14.25,0.8439092946,0.1560907054,15.60907054,0.5,0.03,2.05271255,0.6020350929,0.4682721162,0.9824053413,0.009824053413,budget_0.40_bmax_nominal_equality,nominal_equality,False,0.1024182862,budget,mean,0.4,0.5,0.03,3960
E31,***食品有限公司,A,elastic_net_logistic,0.0367643069,selected_model_risk_score,115,0.9349593496,放贷,优化模型选择,100,1000000,0.0985,9.85,0.7083020233,0.2916979767,29.16979767,0.5,0.03,2.767592942,0.5362036969,0.8750939301,1.356295315,0.01356295315,budget_0.40_bmax_nominal_equality,nominal_equality,False,0.04188668071,budget,mean,0.4,0.5,0.03,3960
E32,***建筑劳务有限公司,B,elastic_net_logistic,0.09279588464,selected_model_risk_score,79,0.6422764228,不放贷,优化模型未选择,0,0,,,,,0,0.5,0.03,0,0,0,0,,budget_0.40_bmax_nominal_equality,nominal_equality,False,0.104597557,budget,mean,0.4,0.5,0.03,3960
E33,***园林有限责任公司,B,elastic_net_logistic,0.09823760896,selected_model_risk_score,77,0.6260162602,不放贷,优化模型未选择,0,0,,,,,0,0.5,0.03,0,0,0,0,,budget_0.40_bmax_nominal_equality,nominal_equality,False,0.1158892222,budget,mean,0.4,0.5,0.03,3960
E34,***建设工程有限公司,B,elastic_net_logistic,0.1015652078,selected_model_risk_score,75,0.6097560976,不放贷,优化模型未选择,0,0,,,,,0,0.5,0.03,0,0,0,0,,budget_0.40_bmax_nominal_equality,nominal_equality,False,0.1393444528,budget,mean,0.4,0.5,0.03,3960
E35,***商贸有限公司,B,elastic_net_logistic,0.08567951436,selected_model_risk_score,83,0.674796748,放贷,优化模型选择,60,600000,0.1425,14.25,0.8439092946,0.1560907054,9.365442324,0.5,0.03,1.220229748,0.401213275,0.2809632697,0.538053203,0.008967553384,budget_0.40_bmax_nominal_equality,nominal_equality,False,0.1006056864,budget,mean,0.4,0.5,0.03,3960
E36,***超硬材料有限公司,D,elastic_net_logistic,0.05081789908,selected_model_risk_score,107,0.8699186992,不放贷,D级企业原则上不予放贷,0,0,,,,,0,0.5,0.03,0,0,0,0,,budget_0.40_bmax_nominal_equality,nominal_equality,False,0.06163613971,budget,mean,0.4,0.5,0.03,3960
E37,***木业有限公司,B,elastic_net_logistic,0.084549486,selected_model_risk_score,84,0.6829268293,放贷,优化模型选择,100,1000000,0.1425,14.25,0.8439092946,0.1560907054,15.60907054,0.5,0.03,2.03622976,0.6598694455,0.4682721162,0.9080881982,0.009080881982,budget_0.40_bmax_nominal_equality,nominal_equality,False,0.1088428529,budget,mean,0.4,0.5,0.03,3960
E38,***建设工程有限公司,B,elastic_net_logistic,0.1218095512,selected_model_risk_score,63,0.512195122,不放贷,优化模型未选择,0,0,,,,,0,0.5,0.03,0,0,0,0,,budget_0.40_bmax_nominal_equality,nominal_equality,False,0.1460270212,budget,mean,0.4,0.5,0.03,3960
E39,***建筑劳务有限公司,C,elastic_net_logistic,0.1815109557,selected_model_risk_score,52,0.4227642276,不放贷,优化模型未选择,0,0,,,,,0,0.5,0.03,0,0,0,0,,budget_0.40_bmax_nominal_equality,nominal_equality,False,0.2307578892,budget,mean,0.4,0.5,0.03,3960
E4,***发展有限责任公司,C,elastic_net_logistic,0.03106769432,selected_model_risk_score,118,0.9593495935,放贷,优化模型选择,100,1000000,0.1105,11.05,0.7151023945,0.2848976055,28.48976055,0.5,0.03,3.050313756,0.442555586,0.8546928165,1.753065354,0.01753065354,budget_0.40_bmax_nominal_equality,nominal_equality,False,0.04400979025,budget,mean,0.4,0.5,0.03,3960
E40,***财税咨询服务有限公司,C,elastic_net_logistic,0.08113873174,selected_model_risk_score,90,0.7317073171,放贷,优化模型选择,100,1000000,0.1425,14.25,0.8405321006,0.1594678994,15.94678994,0.5,0.03,2.088036487,0.6469511555,0.4784036982,0.9626816334,0.009626816334,budget_0.40_bmax_nominal_equality,nominal_equality,False,0.09293248415,budget,mean,0.4,0.5,0.03,3960
E41,***物业发展有限公司,C,elastic_net_logistic,0.07916167381,selected_model_risk_score,91,0.7398373984,放贷,优化模型选择,100,1000000,0.1425,14.25,0.8405321006,0.1594678994,15.94678994,0.5,0.03,2.092529188,0.6311872918,0.4784036982,0.9829381983,0.009829381983,budget_0.40_bmax_nominal_equality,nominal_equality,False,0.09683047914,budget,mean,0.4,0.5,0.03,3960
E42,***园艺场,A,elastic_net_logistic,0.1200846128,selected_model_risk_score,66,0.5365853659,不放贷,优化模型未选择,0,0,,,,,0,0.5,0.03,0,0,0,0,,budget_0.40_bmax_nominal_equality,nominal_equality,False,0.1475914741,budget,mean,0.4,0.5,0.03,3960
E43,***建设工程有限公司,B,elastic_net_logistic,0.1927952664,selected_model_risk_score,48,0.3902439024,不放贷,优化模型未选择,0,0,,,,,0,0.5,0.03,0,0,0,0,,budget_0.40_bmax_nominal_equality,nominal_equality,False,0.2145282193,budget,mean,0.4,0.5,0.03,3960
E44,***商贸有限公司,C,elastic_net_logistic,0.08616234673,selected_model_risk_score,82,0.6666666667,放贷,优化模型选择,100,1000000,0.1425,14.25,0.8405321006,0.1594678994,15.94678994,0.5,0.03,2.076620736,0.687006422,0.4784036982,0.911210616,0.00911210616,budget_0.40_bmax_nominal_equality,nominal_equality,False,0.1035354806,budget,mean,0.4,0.5,0.03,3960
E45,个体经营E45,B,elastic_net_logistic,0.1068056002,selected_model_risk_score,73,0.593495935,不放贷,优化模型未选择,0,0,,,,,0,0.5,0.03,0,0,0,0,,budget_0.40_bmax_nominal_equality,nominal_equality,False,0.1219197504,budget,mean,0.4,0.5,0.03,3960
E46,***广告传媒有限公司,C,elastic_net_logistic,0.05276002815,selected_model_risk_score,105,0.8536585366,放贷,优化模型选择,100,1000000,0.1105,11.05,0.7151023945,0.2848976055,28.48976055,0.5,0.03,2.982023718,0.7515602843,0.8546928165,1.375770617,0.01375770617,budget_0.40_bmax_nominal_equality,nominal_equality,False,0.06245378683,budget,mean,0.4,0.5,0.03,3960
E47,***控制设备有限责任公司,C,elastic_net_logistic,0.05124807767,selected_model_risk_score,106,0.8617886179,放贷,优化模型选择,100,1000000,0.1105,11.05,0.7151023945,0.2848976055,28.48976055,0.5,0.03,2.986783517,0.7300227307,0.8546928165,1.40206797,0.0140206797,budget_0.40_bmax_nominal_equality,nominal_equality,False,0.05822355401,budget,mean,0.4,0.5,0.03,3960
E48,***化工有限公司,A,elastic_net_logistic,0.07070577235,selected_model_risk_score,97,0.7886178862,放贷,优化模型选择,100,1000000,0.1225,12.25,0.8148090077,0.1851909923,18.51909923,0.5,0.03,2.108187272,0.6547036071,0.5555729769,0.8979106879,0.008979106879,budget_0.40_bmax_nominal_equality,nominal_equality,False,0.08921054517,budget,mean,0.4,0.5,0.03,3960
E49,***地球环保科技有限公司,C,elastic_net_logistic,0.09803729486,selected_model_risk_score,78,0.6341463415,不放贷,优化模型未选择,0,0,,,,,0,0.5,0.03,0,0,0,0,,budget_0.40_bmax_nominal_equality,nominal_equality,False,0.1105965348,budget,mean,0.4,0.5,0.03,3960
E5,***供应链管理有限公司,B,elastic_net_logistic,0.05668387407,selected_model_risk_score,103,0.837398374,放贷,优化模型选择,100,1000000,0.1065,10.65,0.7053159925,0.2946840075,29.46840075,0.5,0.03,2.960488878,0.8351915586,0.8840520225,1.241245297,0.01241245297,budget_0.40_bmax_nominal_equality,nominal_equality,False,0.07330978844,budget,mean,0.4,0.5,0.03,3960
E50,***建筑劳务有限公司,C,elastic_net_logistic,0.1692453772,selected_model_risk_score,54,0.4390243902,不放贷,优化模型未选择,0,0,,,,,0,0.5,0.03,0,0,0,0,,budget_0.40_bmax_nominal_equality,nominal_equality,False,0.2040258114,budget,mean,0.4,0.5,0.03,3960
E51,***物流有限公司,B,elastic_net_logistic,0.0697365828,selected_model_risk_score,98,0.7967479675,放贷,优化模型选择,100,1000000,0.1425,14.25,0.8439092946,0.1560907054,15.60907054,0.5,0.03,2.06917799,0.5442616201,0.4682721162,1.056644254,0.01056644254,budget_0.40_bmax_nominal_equality,nominal_equality,False,0.07874952738,budget,mean,0.4,0.5,0.03,3960
E52,***商贸有限公司,D,elastic_net_logistic,0.2136303318,selected_model_risk_score,44,0.3577235772,不放贷,D级企业原则上不予放贷,0,0,,,,,0,0.5,0.03,0,0,0,0,,budget_0.40_bmax_nominal_equality,nominal_equality,False,0.2416471762,budget,mean,0.4,0.5,0.03,3960
E53,***文化传媒有限公司,C,elastic_net_logistic,0.107156181,selected_model_risk_score,71,0.5772357724,不放贷,优化模型未选择,0,0,,,,,0,0.5,0.03,0,0,0,0,,budget_0.40_bmax_nominal_equality,nominal_equality,False,0.1294528809,budget,mean,0.4,0.5,0.03,3960
E54,***新技术开发有限公司,A,elastic_net_logistic,0.06439978133,selected_model_risk_score,101,0.8211382114,放贷,优化模型选择,100,1000000,0.1225,12.25,0.8148090077,0.1851909923,18.51909923,0.5,0.03,2.122492978,0.5963129704,0.5555729769,0.9706070306,0.009706070306,budget_0.40_bmax_nominal_equality,nominal_equality,False,0.08481402429,budget,mean,0.4,0.5,0.03,3960
E55,***集团有限公司***电力设备分公司,C,elastic_net_logistic,0.1835760094,selected_model_risk_score,51,0.4146341463,不放贷,优化模型未选择,0,0,,,,,0,0.5,0.03,0,0,0,0,,budget_0.40_bmax_nominal_equality,nominal_equality,False,0.2408611135,budget,mean,0.4,0.5,0.03,3960
E56,***家居材料***有限公司,C,elastic_net_logistic,0.08755638262,selected_model_risk_score,81,0.6585365854,放贷,优化模型选择,100,1000000,0.1425,14.25,0.8405321006,0.1594678994,15.94678994,0.5,0.03,2.073452905,0.6981216208,0.4784036982,0.8969275856,0.008969275856,budget_0.40_bmax_nominal_equality,nominal_equality,False,0.1073776577,budget,mean,0.4,0.5,0.03,3960
E57,***机械设备有限公司,B,elastic_net_logistic,0.1025680758,selected_model_risk_score,74,0.6016260163,不放贷,优化模型未选择,0,0,,,,,0,0.5,0.03,0,0,0,0,,budget_0.40_bmax_nominal_equality,nominal_equality,False,0.1291130293,budget,mean,0.4,0.5,0.03,3960
E58,***油气工程建设有限责任公司,B,elastic_net_logistic,0.1498825704,selected_model_risk_score,58,0.4715447154,不放贷,优化模型未选择,0,0,,,,,0,0.5,0.03,0,0,0,0,,budget_0.40_bmax_nominal_equality,nominal_equality,False,0.166452668,budget,mean,0.4,0.5,0.03,3960
E59,***商贸有限公司,A,elastic_net_logistic,0.06896464342,selected_model_risk_score,99,0.8048780488,放贷,优化模型选择,100,1000000,0.1225,12.25,0.8148090077,0.1851909923,18.51909923,0.5,0.03,2.112137179,0.6385815374,0.5555729769,0.9179826647,0.009179826647,budget_0.40_bmax_nominal_equality,nominal_equality,False,0.07641618763,budget,mean,0.4,0.5,0.03,3960
E6,***装饰设计工程有限公司,A,elastic_net_logistic,0.03828902106,selected_model_risk_score,114,0.9268292683,放贷,优化模型选择,100,1000000,0.0985,9.85,0.7083020233,0.2916979767,29.16979767,0.5,0.03,2.763212095,0.5584414987,0.8750939301,1.329676667,0.01329676667,budget_0.40_bmax_nominal_equality,nominal_equality,False,0.04389193776,budget,mean,0.4,0.5,0.03,3960
E60,***机械租赁有限公司,B,elastic_net_logistic,0.2143912442,selected_model_risk_score,43,0.3495934959,不放贷,优化模型未选择,0,0,,,,,0,0.5,0.03,0,0,0,0,,budget_0.40_bmax_nominal_equality,nominal_equality,False,0.2335825691,budget,mean,0.4,0.5,0.03,3960
E61,***调味品有限公司,B,elastic_net_logistic,0.07788330382,selected_model_risk_score,92,0.7479674797,放贷,优化模型选择,100,1000000,0.1425,14.25,0.8439092946,0.1560907054,15.60907054,0.5,0.03,2.051057299,0.6078429916,0.4682721162,0.9749421915,0.009749421915,budget_0.40_bmax_nominal_equality,nominal_equality,False,0.09484916536,budget,mean,0.4,0.5,0.03,3960
E62,***工程造价咨询有限公司***分公司,B,elastic_net_logistic,0.1214523958,selected_model_risk_score,64,0.5203252033,不放贷,优化模型未选择,0,0,,,,,0,0.5,0.03,0,0,0,0,,budget_0.40_bmax_nominal_equality,nominal_equality,False,0.1450170246,budget,mean,0.4,0.5,0.03,3960
E63,***科技有限公司,B,elastic_net_logistic,0.08368298573,selected_model_risk_score,86,0.6991869919,放贷,优化模型选择,100,1000000,0.1425,14.25,0.8439092946,0.1560907054,15.60907054,0.5,0.03,2.03815711,0.6531068136,0.4682721162,0.9167781802,0.009167781802,budget_0.40_bmax_nominal_equality,nominal_equality,False,0.1084106096,budget,mean,0.4,0.5,0.03,3960
E64,***图书有限责任公司,A,elastic_net_logistic,0.1124750355,selected_model_risk_score,69,0.5609756098,不放贷,优化模型未选择,0,0,,,,,0,0.5,0.03,0,0,0,0,,budget_0.40_bmax_nominal_equality,nominal_equality,False,0.1209520698,budget,mean,0.4,0.5,0.03,3960
E65,***商贸有限公司,B,elastic_net_logistic,0.0894097801,selected_model_risk_score,80,0.6504065041,不放贷,优化模型未选择,0,0,,,,,0,0.5,0.03,0,0,0,0,,budget_0.40_bmax_nominal_equality,nominal_equality,False,0.1016662421,budget,mean,0.4,0.5,0.03,3960
E66,***快递有限公司,B,elastic_net_logistic,0.2947622952,selected_model_risk_score,30,0.243902439,不放贷,优化模型未选择,0,0,,,,,0,0.5,0.03,0,0,0,0,,budget_0.40_bmax_nominal_equality,nominal_equality,False,0.3741353375,budget,mean,0.4,0.5,0.03,3960
E67,***信息技术有限公司,B,elastic_net_logistic,0.1845447393,selected_model_risk_score,50,0.406504065,不放贷,优化模型未选择,0,0,,,,,0,0.5,0.03,0,0,0,0,,budget_0.40_bmax_nominal_equality,nominal_equality,False,0.2088292217,budget,mean,0.4,0.5,0.03,3960
E68,***花木总公司,C,elastic_net_logistic,0.3380718151,selected_model_risk_score,28,0.2276422764,不放贷,优化模型未选择,0,0,,,,,0,0.5,0.03,0,0,0,0,,budget_0.40_bmax_nominal_equality,nominal_equality,False,0.3824767947,budget,mean,0.4,0.5,0.03,3960
E69,***电子器材经营部,C,elastic_net_logistic,0.2503652668,selected_model_risk_score,38,0.3089430894,不放贷,优化模型未选择,0,0,,,,,0,0.5,0.03,0,0,0,0,,budget_0.40_bmax_nominal_equality,nominal_equality,False,0.3207126735,budget,mean,0.4,0.5,0.03,3960
E7,***家电有限公司***分公司,A,elastic_net_logistic,0.02580342326,selected_model_risk_score,121,0.9837398374,放贷,优化模型选择,100,1000000,0.0985,9.85,0.7083020233,0.2916979767,29.16979767,0.5,0.03,2.799086028,0.3763403178,0.8750939301,1.54765178,0.0154765178,budget_0.40_bmax_nominal_equality,nominal_equality,False,0.03436137967,budget,mean,0.4,0.5,0.03,3960
E70,***科技有限公司,B,elastic_net_logistic,0.1379471805,selected_model_risk_score,60,0.487804878,不放贷,优化模型未选择,0,0,,,,,0,0.5,0.03,0,0,0,0,,budget_0.40_bmax_nominal_equality,nominal_equality,False,0.1557212843,budget,mean,0.4,0.5,0.03,3960
E71,***农业科技有限公司,B,elastic_net_logistic,0.2041897012,selected_model_risk_score,45,0.3658536585,不放贷,优化模型未选择,0,0,,,,,0,0.5,0.03,0,0,0,0,,budget_0.40_bmax_nominal_equality,nominal_equality,False,0.2461670708,budget,mean,0.4,0.5,0.03,3960
E72,***图书有限公司,C,elastic_net_logistic,0.2897171126,selected_model_risk_score,32,0.2601626016,不放贷,优化模型未选择,0,0,,,,,0,0.5,0.03,0,0,0,0,,budget_0.40_bmax_nominal_equality,nominal_equality,False,0.3383260035,budget,mean,0.4,0.5,0.03,3960
E73,***商贸有限责任公司,C,elastic_net_logistic,0.1183311273,selected_model_risk_score,67,0.5447154472,不放贷,优化模型未选择,0,0,,,,,0,0.5,0.03,0,0,0,0,,budget_0.40_bmax_nominal_equality,nominal_equality,False,0.150943928,budget,mean,0.4,0.5,0.03,3960
E74,***蔬菜专业合作社,B,elastic_net_logistic,0.1539591335,selected_model_risk_score,56,0.4552845528,不放贷,优化模型未选择,0,0,,,,,0,0.5,0.03,0,0,0,0,,budget_0.40_bmax_nominal_equality,nominal_equality,False,0.1754997095,budget,mean,0.4,0.5,0.03,3960
E75,***酒店管理有限公司,C,elastic_net_logistic,0.1070850165,selected_model_risk_score,72,0.5853658537,不放贷,优化模型未选择,0,0,,,,,0,0.5,0.03,0,0,0,0,,budget_0.40_bmax_nominal_equality,nominal_equality,False,0.1282680192,budget,mean,0.4,0.5,0.03,3960
E76,***信息科技有限公司,B,elastic_net_logistic,0.1706660196,selected_model_risk_score,53,0.4308943089,不放贷,优化模型未选择,0,0,,,,,0,0.5,0.03,0,0,0,0,,budget_0.40_bmax_nominal_equality,nominal_equality,False,0.1979402602,budget,mean,0.4,0.5,0.03,3960
E77,***机电设备有限公司,C,elastic_net_logistic,0.3665492679,selected_model_risk_score,25,0.2032520325,不放贷,优化模型未选择,0,0,,,,,0,0.5,0.03,0,0,0,0,,budget_0.40_bmax_nominal_equality,nominal_equality,False,0.4663549766,budget,mean,0.4,0.5,0.03,3960
E78,个体经营E78,C,elastic_net_logistic,0.1211539626,selected_model_risk_score,65,0.5284552846,不放贷,优化模型未选择,0,0,,,,,0,0.5,0.03,0,0,0,0,,budget_0.40_bmax_nominal_equality,nominal_equality,False,0.1481587806,budget,mean,0.4,0.5,0.03,3960
E79,***鞋业有限公司,B,elastic_net_logistic,0.2025177165,selected_model_risk_score,46,0.3739837398,不放贷,优化模型未选择,0,0,,,,,0,0.5,0.03,0,0,0,0,,budget_0.40_bmax_nominal_equality,nominal_equality,False,0.2207361419,budget,mean,0.4,0.5,0.03,3960
E8,***科学研究院有限公司,A,elastic_net_logistic,0.02606005345,selected_model_risk_score,120,0.9756097561,放贷,优化模型选择,100,1000000,0.0985,9.85,0.7083020233,0.2916979767,29.16979767,0.5,0.03,2.798348672,0.3800832432,0.8750939301,1.543171498,0.01543171498,budget_0.40_bmax_nominal_equality,nominal_equality,False,0.03439017911,budget,mean,0.4,0.5,0.03,3960
E80,***实业有限责任公司,C,elastic_net_logistic,0.3432370641,selected_model_risk_score,26,0.2113821138,不放贷,优化模型未选择,0,0,,,,,0,0.5,0.03,0,0,0,0,,budget_0.40_bmax_nominal_equality,nominal_equality,False,0.3865190631,budget,mean,0.4,0.5,0.03,3960
E81,***机械设备有限公司,A,elastic_net_logistic,0.1154202468,selected_model_risk_score,68,0.5528455285,不放贷,优化模型未选择,0,0,,,,,0,0.5,0.03,0,0,0,0,,budget_0.40_bmax_nominal_equality,nominal_equality,False,0.1339413155,budget,mean,0.4,0.5,0.03,3960
E82,***商贸有限公司,D,elastic_net_logistic,0.194614899,selected_model_risk_score,47,0.3821138211,不放贷,D级企业原则上不予放贷,0,0,,,,,0,0.5,0.03,0,0,0,0,,budget_0.40_bmax_nominal_equality,nominal_equality,False,0.2318618526,budget,mean,0.4,0.5,0.03,3960
E83,***社会福利院（***社会福利社会化服务中心）,B,elastic_net_logistic,0.5444532255,selected_model_risk_score,13,0.1056910569,不放贷,优化模型未选择,0,0,,,,,0,0.5,0.03,0,0,0,0,,budget_0.40_bmax_nominal_equality,nominal_equality,False,0.6237840466,budget,mean,0.4,0.5,0.03,3960
E84,***建材有限公司,A,elastic_net_logistic,0.1532688251,selected_model_risk_score,57,0.4634146341,不放贷,优化模型未选择,0,0,,,,,0,0.5,0.03,0,0,0,0,,budget_0.40_bmax_nominal_equality,nominal_equality,False,0.1694921296,budget,mean,0.4,0.5,0.03,3960
E85,***安防科技有限公司,B,elastic_net_logistic,0.2264316686,selected_model_risk_score,42,0.3414634146,不放贷,优化模型未选择,0,0,,,,,0,0.5,0.03,0,0,0,0,,budget_0.40_bmax_nominal_equality,nominal_equality,False,0.2483347601,budget,mean,0.4,0.5,0.03,3960
E86,***地质工程勘察院***分院,C,elastic_net_logistic,0.2808208394,selected_model_risk_score,34,0.2764227642,不放贷,优化模型未选择,0,0,,,,,0,0.5,0.03,0,0,0,0,,budget_0.40_bmax_nominal_equality,nominal_equality,False,0.3548090468,budget,mean,0.4,0.5,0.03,3960
E87,***实业有限责任公司,C,elastic_net_logistic,0.234076271,selected_model_risk_score,40,0.325203252,不放贷,优化模型未选择,0,0,,,,,0,0.5,0.03,0,0,0,0,,budget_0.40_bmax_nominal_equality,nominal_equality,False,0.2796569295,budget,mean,0.4,0.5,0.03,3960
E88,***贸易有限公司,A,elastic_net_logistic,0.1654327803,selected_model_risk_score,55,0.4471544715,不放贷,优化模型未选择,0,0,,,,,0,0.5,0.03,0,0,0,0,,budget_0.40_bmax_nominal_equality,nominal_equality,False,0.189066442,budget,mean,0.4,0.5,0.03,3960
E89,***物资有限公司,A,elastic_net_logistic,0.3344336244,selected_model_risk_score,29,0.2357723577,不放贷,优化模型未选择,0,0,,,,,0,0.5,0.03,0,0,0,0,,budget_0.40_bmax_nominal_equality,nominal_equality,False,0.3672701532,budget,mean,0.4,0.5,0.03,3960
E9,***生活用品服务有限公司***分公司,A,elastic_net_logistic,0.02174866462,selected_model_risk_score,122,0.9918699187,放贷,优化模型选择,100,1000000,0.0985,9.85,0.7083020233,0.2916979767,29.16979767,0.5,0.03,2.810736262,0.3172020733,0.8750939301,1.618440259,0.01618440259,budget_0.40_bmax_nominal_equality,nominal_equality,False,0.02531048472,budget,mean,0.4,0.5,0.03,3960
E90,***文化传媒有限责任公司,C,elastic_net_logistic,0.2928954659,selected_model_risk_score,31,0.2520325203,不放贷,优化模型未选择,0,0,,,,,0,0.5,0.03,0,0,0,0,,budget_0.40_bmax_nominal_equality,nominal_equality,False,0.3272754126,budget,mean,0.4,0.5,0.03,3960
E91,***科技实业有限公司,A,elastic_net_logistic,0.123879862,selected_model_risk_score,62,0.5040650407,不放贷,优化模型未选择,0,0,,,,,0,0.5,0.03,0,0,0,0,,budget_0.40_bmax_nominal_equality,nominal_equality,False,0.1563985381,budget,mean,0.4,0.5,0.03,3960
E92,***地质灾害防治有限公司,C,elastic_net_logistic,0.3701163354,selected_model_risk_score,24,0.1951219512,不放贷,优化模型未选择,0,0,,,,,0,0.5,0.03,0,0,0,0,,budget_0.40_bmax_nominal_equality,nominal_equality,False,0.4190045907,budget,mean,0.4,0.5,0.03,3960
E93,***电脑设计事务所,B,elastic_net_logistic,0.2376719561,selected_model_risk_score,39,0.3170731707,不放贷,优化模型未选择,0,0,,,,,0,0.5,0.03,0,0,0,0,,budget_0.40_bmax_nominal_equality,nominal_equality,False,0.2575297987,budget,mean,0.4,0.5,0.03,3960
E94,***汽车美容有限公司,C,elastic_net_logistic,0.3420261826,selected_model_risk_score,27,0.2195121951,不放贷,优化模型未选择,0,0,,,,,0,0.5,0.03,0,0,0,0,,budget_0.40_bmax_nominal_equality,nominal_equality,False,0.3879661601,budget,mean,0.4,0.5,0.03,3960
E95,***兰花店,B,elastic_net_logistic,0.1441316116,selected_model_risk_score,59,0.4796747967,不放贷,优化模型未选择,0,0,,,,,0,0.5,0.03,0,0,0,0,,budget_0.40_bmax_nominal_equality,nominal_equality,False,0.1745511804,budget,mean,0.4,0.5,0.03,3960
E96,***土地整理有限公司,C,elastic_net_logistic,0.8080355745,selected_model_risk_score,1,0.008130081301,不放贷,优化模型未选择,0,0,,,,,0,0.5,0.03,0,0,0,0,,budget_0.40_bmax_nominal_equality,nominal_equality,False,0.854739214,budget,mean,0.4,0.5,0.03,3960
E97,***美工装饰部,B,elastic_net_logistic,0.2602897628,selected_model_risk_score,35,0.2845528455,不放贷,优化模型未选择,0,0,,,,,0,0.5,0.03,0,0,0,0,,budget_0.40_bmax_nominal_equality,nominal_equality,False,0.3283525845,budget,mean,0.4,0.5,0.03,3960
E98,***文化传播有限公司,B,elastic_net_logistic,0.2814270169,selected_model_risk_score,33,0.2682926829,不放贷,优化模型未选择,0,0,,,,,0,0.5,0.03,0,0,0,0,,budget_0.40_bmax_nominal_equality,nominal_equality,False,0.3034353338,budget,mean,0.4,0.5,0.03,3960
E99,***建筑工程有限责任公司,D,elastic_net_logistic,0.5839846822,selected_model_risk_score,10,0.08130081301,不放贷,D级企业原则上不予放贷,0,0,,,,,0,0.5,0.03,0,0,0,0,,budget_0.40_bmax_nominal_equality,nominal_equality,False,0.6898712011,budget,mean,0.4,0.5,0.03,3960
E1,***电器销售有限公司,A,elastic_net_logistic,0.05655542179,selected_model_risk_score,104,0.8455284553,放贷,优化模型选择,100,1000000,0.1225,12.25,0.8148090077,0.1851909923,18.51909923,0.5,0.03,2.140288611,0.5236777341,0.5555729769,1.0610379,0.010610379,budget_0.50_bmax_nominal_equality,nominal_equality,False,0.0730491674,budget,mean,0.5,0.5,0.03,4950
E10,***建筑劳务有限公司,B,elastic_net_logistic,0.06093491817,selected_model_risk_score,102,0.8292682927,放贷,优化模型选择,100,1000000,0.1185,11.85,0.7692116619,0.2307883381,23.07883381,0.5,0.03,2.568194445,0.7031534248,0.6923650143,1.172676006,0.01172676006,budget_0.50_bmax_nominal_equality,nominal_equality,False,0.07833730674,budget,mean,0.5,0.5,0.03,4950
E100,***装饰工程有限公司,D,elastic_net_logistic,0.2578903118,selected_model_risk_score,36,0.2926829268,不放贷,D级企业原则上不予放贷,0,0,,,,,0,0.5,0.03,0,0,0,0,,budget_0.50_bmax_nominal_equality,nominal_equality,False,0.3416804479,budget,mean,0.5,0.5,0.03,4950
E101,***灯饰工程有限公司,D,elastic_net_logistic,0.7098560409,selected_model_risk_score,6,0.0487804878,不放贷,D级企业原则上不予放贷,0,0,,,,,0,0.5,0.03,0,0,0,0,,budget_0.50_bmax_nominal_equality,nominal_equality,False,0.7897592201,budget,mean,0.5,0.5,0.03,4950
E102,***大药房有限责任公司,D,elastic_net_logistic,0.4733747116,selected_model_risk_score,17,0.1382113821,不放贷,D级企业原则上不予放贷,0,0,,,,,0,0.5,0.03,0,0,0,0,,budget_0.50_bmax_nominal_equality,nominal_equality,False,0.6183651775,budget,mean,0.5,0.5,0.03,4950
E103,***科技有限公司,D,elastic_net_logistic,0.4055458126,selected_model_risk_score,22,0.1788617886,不放贷,D级企业原则上不予放贷,0,0,,,,,0,0.5,0.03,0,0,0,0,,budget_0.50_bmax_nominal_equality,nominal_equality,False,0.4768661053,budget,mean,0.5,0.5,0.03,4950
E104,***管理咨询有限责任公司,C,elastic_net_logistic,0.5371556855,selected_model_risk_score,14,0.1138211382,不放贷,优化模型未选择,0,0,,,,,0,0.5,0.03,0,0,0,0,,budget_0.50_bmax_nominal_equality,nominal_equality,False,0.6048969633,budget,mean,0.5,0.5,0.03,4950
E105,***建材经营部,C,elastic_net_logistic,0.2296735143,selected_model_risk_score,41,0.3333333333,不放贷,优化模型未选择,0,0,,,,,0,0.5,0.03,0,0,0,0,,budget_0.50_bmax_nominal_equality,nominal_equality,False,0.3150886304,budget,mean,0.5,0.5,0.03,4950
E106,***财务管理有限公司,B,elastic_net_logistic,0.25387818,selected_model_risk_score,37,0.3008130081,不放贷,优化模型未选择,0,0,,,,,0,0.5,0.03,0,0,0,0,,budget_0.50_bmax_nominal_equality,nominal_equality,False,0.2861266308,budget,mean,0.5,0.5,0.03,4950
E107,***科技有限公司,D,elastic_net_logistic,0.6278756036,selected_model_risk_score,8,0.06504065041,不放贷,D级企业原则上不予放贷,0,0,,,,,0,0.5,0.03,0,0,0,0,,budget_0.50_bmax_nominal_equality,nominal_equality,False,0.6820972821,budget,mean,0.5,0.5,0.03,4950
E108,***商贸有限公司,D,elastic_net_logistic,0.5221807895,selected_model_risk_score,15,0.1219512195,不放贷,D级企业原则上不予放贷,0,0,,,,,0,0.5,0.03,0,0,0,0,,budget_0.50_bmax_nominal_equality,nominal_equality,False,0.6296705299,budget,mean,0.5,0.5,0.03,4950
E109,***服饰有限公司,D,elastic_net_logistic,0.5493640614,selected_model_risk_score,12,0.09756097561,不放贷,D级企业原则上不予放贷,0,0,,,,,0,0.5,0.03,0,0,0,0,,budget_0.50_bmax_nominal_equality,nominal_equality,False,0.6102205923,budget,mean,0.5,0.5,0.03,4950
E11,***建设工程有限公司,C,elastic_net_logistic,0.07723891572,selected_model_risk_score,93,0.756097561,放贷,优化模型选择,100,1000000,0.1425,14.25,0.8405321006,0.1594678994,15.94678994,0.5,0.03,2.096898498,0.6158563821,0.4784036982,1.002638417,0.01002638417,budget_0.50_bmax_nominal_equality,nominal_equality,False,0.1001763276,budget,mean,0.5,0.5,0.03,4950
E110,***通讯器材经营部,C,elastic_net_logistic,0.5711527053,selected_model_risk_score,11,0.08943089431,不放贷,优化模型未选择,0,0,,,,,0,0.5,0.03,0,0,0,0,,budget_0.50_bmax_nominal_equality,nominal_equality,False,0.6124762668,budget,mean,0.5,0.5,0.03,4950
E111,***科技有限公司,D,elastic_net_logistic,0.1919246162,selected_model_risk_score,49,0.3983739837,不放贷,D级企业原则上不予放贷,0,0,,,,,0,0.5,0.03,0,0,0,0,,budget_0.50_bmax_nominal_equality,nominal_equality,False,0.3189536769,budget,mean,0.5,0.5,0.03,4950
E112,***机械设备有限公司,D,elastic_net_logistic,0.4170540731,selected_model_risk_score,20,0.162601626,不放贷,D级企业原则上不予放贷,0,0,,,,,0,0.5,0.03,0,0,0,0,,budget_0.50_bmax_nominal_equality,nominal_equality,False,0.5129040595,budget,mean,0.5,0.5,0.03,4950
E113,***美居科技有限公司,D,elastic_net_logistic,0.7592451553,selected_model_risk_score,4,0.0325203252,不放贷,D级企业原则上不予放贷,0,0,,,,,0,0.5,0.03,0,0,0,0,,budget_0.50_bmax_nominal_equality,nominal_equality,False,0.8315439659,budget,mean,0.5,0.5,0.03,4950
E114,***食品有限责任公司,D,elastic_net_logistic,0.4770804739,selected_model_risk_score,16,0.1300813008,不放贷,D级企业原则上不予放贷,0,0,,,,,0,0.5,0.03,0,0,0,0,,budget_0.50_bmax_nominal_equality,nominal_equality,False,0.5421990478,budget,mean,0.5,0.5,0.03,4950
E115,***装饰工程有限公司,D,elastic_net_logistic,0.7835354924,selected_model_risk_score,2,0.0162601626,不放贷,D级企业原则上不予放贷,0,0,,,,,0,0.5,0.03,0,0,0,0,,budget_0.50_bmax_nominal_equality,nominal_equality,False,0.8331104651,budget,mean,0.5,0.5,0.03,4950
E116,***门窗有限公司,D,elastic_net_logistic,0.4160885126,selected_model_risk_score,21,0.1707317073,不放贷,D级企业原则上不予放贷,0,0,,,,,0,0.5,0.03,0,0,0,0,,budget_0.50_bmax_nominal_equality,nominal_equality,False,0.532859258,budget,mean,0.5,0.5,0.03,4950
E117,***人力资源管理咨询有限公司,D,elastic_net_logistic,0.6343060557,selected_model_risk_score,7,0.05691056911,不放贷,D级企业原则上不予放贷,0,0,,,,,0,0.5,0.03,0,0,0,0,,budget_0.50_bmax_nominal_equality,nominal_equality,False,0.7561127553,budget,mean,0.5,0.5,0.03,4950
E118,***体育用品有限公司,D,elastic_net_logistic,0.3859533716,selected_model_risk_score,23,0.1869918699,不放贷,D级企业原则上不予放贷,0,0,,,,,0,0.5,0.03,0,0,0,0,,budget_0.50_bmax_nominal_equality,nominal_equality,False,0.4429217794,budget,mean,0.5,0.5,0.03,4950
E119,***药房,D,elastic_net_logistic,0.6253065711,selected_model_risk_score,9,0.07317073171,不放贷,D级企业原则上不予放贷,0,0,,,,,0,0.5,0.03,0,0,0,0,,budget_0.50_bmax_nominal_equality,nominal_equality,False,0.6891769584,budget,mean,0.5,0.5,0.03,4950
E12,***建筑劳务有限公司,B,elastic_net_logistic,0.08202986653,selected_model_risk_score,88,0.7154471545,放贷,优化模型选择,100,1000000,0.1425,14.25,0.8439092946,0.1560907054,15.60907054,0.5,0.03,2.041834131,0.6402049865,0.4682721162,0.9333570281,0.009333570281,budget_0.50_bmax_nominal_equality,nominal_equality,False,0.1054632903,budget,mean,0.5,0.5,0.03,4950
E120,***陈列广告有限公司,D,elastic_net_logistic,0.721226934,selected_model_risk_score,5,0.0406504065,不放贷,D级企业原则上不予放贷,0,0,,,,,0,0.5,0.03,0,0,0,0,,budget_0.50_bmax_nominal_equality,nominal_equality,False,0.7608714869,budget,mean,0.5,0.5,0.03,4950
E121,***药业连锁有限公司***药店,D,elastic_net_logistic,0.4662178212,selected_model_risk_score,18,0.1463414634,不放贷,D级企业原则上不予放贷,0,0,,,,,0,0.5,0.03,0,0,0,0,,budget_0.50_bmax_nominal_equality,nominal_equality,False,0.5621951951,budget,mean,0.5,0.5,0.03,4950
E122,***商贸有限责任公司,D,elastic_net_logistic,0.4500783219,selected_model_risk_score,19,0.1544715447,不放贷,D级企业原则上不予放贷,0,0,,,,,0,0.5,0.03,0,0,0,0,,budget_0.50_bmax_nominal_equality,nominal_equality,False,0.6021516604,budget,mean,0.5,0.5,0.03,4950
E123,***创科技有限责任公司,D,elastic_net_logistic,0.7819761114,selected_model_risk_score,3,0.0243902439,不放贷,D级企业原则上不予放贷,0,0,,,,,0,0.5,0.03,0,0,0,0,,budget_0.50_bmax_nominal_equality,nominal_equality,False,0.8270597923,budget,mean,0.5,0.5,0.03,4950
E13,***汽车贸易有限公司,A,elastic_net_logistic,0.04053604698,selected_model_risk_score,113,0.918699187,放贷,优化模型选择,100,1000000,0.1025,10.25,0.7312754013,0.2687245987,26.87245987,0.5,0.03,2.642773549,0.5446516479,0.8061737961,1.291948105,0.01291948105,budget_0.50_bmax_nominal_equality,nominal_equality,False,0.05373417783,budget,mean,0.5,0.5,0.03,4950
E14,个体经营E14,C,elastic_net_logistic,0.03261041867,selected_model_risk_score,117,0.9512195122,放贷,优化模型选择,100,1000000,0.1105,11.05,0.7151023945,0.2848976055,28.48976055,0.5,0.03,3.045457077,0.4645315097,0.8546928165,1.726232751,0.01726232751,budget_0.50_bmax_nominal_equality,nominal_equality,False,0.04024201468,budget,mean,0.5,0.5,0.03,4950
E15,***劳务有限公司,A,elastic_net_logistic,0.07381492047,selected_model_risk_score,95,0.7723577236,放贷,优化模型选择,100,1000000,0.1225,12.25,0.8148090077,0.1851909923,18.51909923,0.5,0.03,2.101133891,0.6834929184,0.5555729769,0.8620679953,0.008620679953,budget_0.50_bmax_nominal_equality,nominal_equality,False,0.1036254123,budget,mean,0.5,0.5,0.03,4950
E16,***建筑劳务有限公司,A,elastic_net_logistic,0.04998777847,selected_model_risk_score,108,0.8780487805,放贷,优化模型选择,100,1000000,0.1025,10.25,0.7312754013,0.2687245987,26.87245987,0.5,0.03,2.616739443,0.6716472855,0.8061737961,1.138918362,0.01138918362,budget_0.50_bmax_nominal_equality,nominal_equality,False,0.0624669862,budget,mean,0.5,0.5,0.03,4950
E17,***消防工程有限公司,A,elastic_net_logistic,0.04649981408,selected_model_risk_score,111,0.9024390244,放贷,优化模型选择,100,1000000,0.1025,10.25,0.7312754013,0.2687245987,26.87245987,0.5,0.03,2.626346787,0.6247821939,0.8061737961,1.195390797,0.01195390797,budget_0.50_bmax_nominal_equality,nominal_equality,False,0.05349825243,budget,mean,0.5,0.5,0.03,4950
E18,***消防工程有限责任公司,A,elastic_net_logistic,0.04857513816,selected_model_risk_score,109,0.8861788618,放贷,优化模型选择,100,1000000,0.1025,10.25,0.7312754013,0.2687245987,26.87245987,0.5,0.03,2.620630458,0.6526667254,0.8061737961,1.161789936,0.01161789936,budget_0.50_bmax_nominal_equality,nominal_equality,False,0.06117933194,budget,mean,0.5,0.5,0.03,4950
E19,***科技有限公司,A,elastic_net_logistic,0.06543754966,selected_model_risk_score,100,0.8130081301,放贷,优化模型选择,100,1000000,0.1225,12.25,0.8148090077,0.1851909923,18.51909923,0.5,0.03,2.120138707,0.6059222378,0.5555729769,0.9586434928,0.009586434928,budget_0.50_bmax_nominal_equality,nominal_equality,False,0.09093656268,budget,mean,0.5,0.5,0.03,4950
E2,***技术有限责任公司,A,elastic_net_logistic,0.02833749753,selected_model_risk_score,119,0.9674796748,放贷,优化模型选择,100,1000000,0.0985,9.85,0.7083020233,0.2916979767,29.16979767,0.5,0.03,2.791805062,0.4132995347,0.8750939301,1.503411597,0.01503411597,budget_0.50_bmax_nominal_equality,nominal_equality,False,0.03642833627,budget,mean,0.5,0.5,0.03,4950
E20,***贸易有限公司,B,elastic_net_logistic,0.04546270238,selected_model_risk_score,112,0.9105691057,放贷,优化模型选择,100,1000000,0.1065,10.65,0.7053159925,0.2946840075,29.46840075,0.5,0.03,2.995705231,0.6698565665,0.8840520225,1.441796642,0.01441796642,budget_0.50_bmax_nominal_equality,nominal_equality,False,0.06402096704,budget,mean,0.5,0.5,0.03,4950
E21,***建设工程有限公司,B,elastic_net_logistic,0.08415779812,selected_model_risk_score,85,0.6910569106,放贷,优化模型选择,100,1000000,0.1425,14.25,0.8439092946,0.1560907054,15.60907054,0.5,0.03,2.037100988,0.6568125037,0.4682721162,0.9120163685,0.009120163685,budget_0.50_bmax_nominal_equality,nominal_equality,False,0.09612822768,budget,mean,0.5,0.5,0.03,4950
E22,***物流有限公司,A,elastic_net_logistic,0.08272431763,selected_model_risk_score,87,0.7073170732,放贷,优化模型选择,100,1000000,0.1225,12.25,0.8148090077,0.1851909923,18.51909923,0.5,0.03,2.080922124,0.7659899235,0.5555729769,0.7593592241,0.007593592241,budget_0.50_bmax_nominal_equality,nominal_equality,False,0.09349623574,budget,mean,0.5,0.5,0.03,4950
E23,***贸易有限公司,B,elastic_net_logistic,0.03337482103,selected_model_risk_score,116,0.9430894309,放贷,优化模型选择,100,1000000,0.1065,10.65,0.7053159925,0.2946840075,29.46840075,0.5,0.03,3.033641653,0.4917513005,0.8840520225,1.65783833,0.0165783833,budget_0.50_bmax_nominal_equality,nominal_equality,False,0.04082479351,budget,mean,0.5,0.5,0.03,4950
E24,***建筑工程有限公司,A,elastic_net_logistic,0.04702949043,selected_model_risk_score,110,0.8943089431,放贷,优化模型选择,100,1000000,0.1025,10.25,0.7312754013,0.2687245987,26.87245987,0.5,0.03,2.624887832,0.6318990471,0.8061737961,1.186814989,0.01186814989,budget_0.50_bmax_nominal_equality,nominal_equality,False,0.06125175229,budget,mean,0.5,0.5,0.03,4950
E25,***通讯设备有限公司,C,elastic_net_logistic,0.08202047653,selected_model_risk_score,89,0.7235772358,放贷,优化模型选择,100,1000000,0.1425,14.25,0.8405321006,0.1594678994,15.94678994,0.5,0.03,2.086032795,0.653981655,0.4784036982,0.9536474416,0.009536474416,budget_0.50_bmax_nominal_equality,nominal_equality,False,0.09686547054,budget,mean,0.5,0.5,0.03,4950
E26,***金属材料有限公司,A,elastic_net_logistic,0.1342940789,selected_model_risk_score,61,0.4959349593,不放贷,优化模型未选择,0,0,,,,,0,0.5,0.03,0,0,0,0,,budget_0.50_bmax_nominal_equality,nominal_equality,False,0.1782110185,budget,mean,0.5,0.5,0.03,4950
E27,***农业开发有限公司,A,elastic_net_logistic,0.1103832985,selected_model_risk_score,70,0.5691056911,不放贷,优化模型未选择,0,0,,,,,0,0.5,0.03,0,0,0,0,,budget_0.50_bmax_nominal_equality,nominal_equality,False,0.1369068444,budget,mean,0.5,0.5,0.03,4950
E28,***景观工程有限公司,B,elastic_net_logistic,0.09966092865,selected_model_risk_score,76,0.6178861789,放贷,优化模型选择,100,1000000,0.1425,14.25,0.8439092946,0.1560907054,15.60907054,0.5,0.03,2.002617491,0.7778072327,0.4682721162,0.7565381417,0.007565381417,budget_0.50_bmax_nominal_equality,nominal_equality,False,0.1193350508,budget,mean,0.5,0.5,0.03,4950
E29,***建筑劳务有限公司,C,elastic_net_logistic,0.07253671793,selected_model_risk_score,96,0.7804878049,放贷,优化模型选择,100,1000000,0.1425,14.25,0.8405321006,0.1594678994,15.94678994,0.5,0.03,2.107583854,0.5783639019,0.4784036982,1.050816254,0.01050816254,budget_0.50_bmax_nominal_equality,nominal_equality,False,0.08548890218,budget,mean,0.5,0.5,0.03,4950
E3,***电子(中国)有限公司***分公司,C,elastic_net_logistic,0.02153611417,selected_model_risk_score,123,1,放贷,优化模型选择,100,1000000,0.0905,9.05,0.5900970447,0.4099029553,40.99029553,0.5,0.03,3.629730908,0.4413858422,1.229708866,1.9586362,0.019586362,budget_0.50_bmax_nominal_equality,nominal_equality,False,0.025281018,budget,mean,0.5,0.5,0.03,4950
E30,***建筑工程有限公司,B,elastic_net_logistic,0.07713913412,selected_model_risk_score,94,0.7642276423,放贷,优化模型选择,100,1000000,0.1425,14.25,0.8439092946,0.1560907054,15.60907054,0.5,0.03,2.05271255,0.6020350929,0.4682721162,0.9824053413,0.009824053413,budget_0.50_bmax_nominal_equality,nominal_equality,False,0.1024182862,budget,mean,0.5,0.5,0.03,4950
E31,***食品有限公司,A,elastic_net_logistic,0.0367643069,selected_model_risk_score,115,0.9349593496,放贷,优化模型选择,100,1000000,0.0985,9.85,0.7083020233,0.2916979767,29.16979767,0.5,0.03,2.767592942,0.5362036969,0.8750939301,1.356295315,0.01356295315,budget_0.50_bmax_nominal_equality,nominal_equality,False,0.04188668071,budget,mean,0.5,0.5,0.03,4950
E32,***建筑劳务有限公司,B,elastic_net_logistic,0.09279588464,selected_model_risk_score,79,0.6422764228,放贷,优化模型选择,100,1000000,0.1425,14.25,0.8439092946,0.1560907054,15.60907054,0.5,0.03,2.017887357,0.7242287546,0.4682721162,0.8253864861,0.008253864861,budget_0.50_bmax_nominal_equality,nominal_equality,False,0.104597557,budget,mean,0.5,0.5,0.03,4950
E33,***园林有限责任公司,B,elastic_net_logistic,0.09823760896,selected_model_risk_score,77,0.6260162602,放贷,优化模型选择,100,1000000,0.1425,14.25,0.8439092946,0.1560907054,15.60907054,0.5,0.03,2.00578337,0.766698884,0.4682721162,0.7708123699,0.007708123699,budget_0.50_bmax_nominal_equality,nominal_equality,False,0.1158892222,budget,mean,0.5,0.5,0.03,4950
E34,***建设工程有限公司,B,elastic_net_logistic,0.1015652078,selected_model_risk_score,75,0.6097560976,放贷,优化模型选择,100,1000000,0.1425,14.25,0.8439092946,0.1560907054,15.60907054,0.5,0.03,1.998381817,0.7926692465,0.4682721162,0.737440454,0.00737440454,budget_0.50_bmax_nominal_equality,nominal_equality,False,0.1393444528,budget,mean,0.5,0.5,0.03,4950
E35,***商贸有限公司,B,elastic_net_logistic,0.08567951436,selected_model_risk_score,83,0.674796748,放贷,优化模型选择,100,1000000,0.1425,14.25,0.8439092946,0.1560907054,15.60907054,0.5,0.03,2.033716246,0.6686887917,0.4682721162,0.8967553384,0.008967553384,budget_0.50_bmax_nominal_equality,nominal_equality,False,0.1006056864,budget,mean,0.5,0.5,0.03,4950
E36,***超硬材料有限公司,D,elastic_net_logistic,0.05081789908,selected_model_risk_score,107,0.8699186992,不放贷,D级企业原则上不予放贷,0,0,,,,,0,0.5,0.03,0,0,0,0,,budget_0.50_bmax_nominal_equality,nominal_equality,False,0.06163613971,budget,mean,0.5,0.5,0.03,4950
E37,***木业有限公司,B,elastic_net_logistic,0.084549486,selected_model_risk_score,84,0.6829268293,放贷,优化模型选择,100,1000000,0.1425,14.25,0.8439092946,0.1560907054,15.60907054,0.5,0.03,2.03622976,0.6598694455,0.4682721162,0.9080881982,0.009080881982,budget_0.50_bmax_nominal_equality,nominal_equality,False,0.1088428529,budget,mean,0.5,0.5,0.03,4950
E38,***建设工程有限公司,B,elastic_net_logistic,0.1218095512,selected_model_risk_score,63,0.512195122,不放贷,优化模型未选择,0,0,,,,,0,0.5,0.03,0,0,0,0,,budget_0.50_bmax_nominal_equality,nominal_equality,False,0.1460270212,budget,mean,0.5,0.5,0.03,4950
E39,***建筑劳务有限公司,C,elastic_net_logistic,0.1815109557,selected_model_risk_score,52,0.4227642276,不放贷,优化模型未选择,0,0,,,,,0,0.5,0.03,0,0,0,0,,budget_0.50_bmax_nominal_equality,nominal_equality,False,0.2307578892,budget,mean,0.5,0.5,0.03,4950
E4,***发展有限责任公司,C,elastic_net_logistic,0.03106769432,selected_model_risk_score,118,0.9593495935,放贷,优化模型选择,100,1000000,0.1105,11.05,0.7151023945,0.2848976055,28.48976055,0.5,0.03,3.050313756,0.442555586,0.8546928165,1.753065354,0.01753065354,budget_0.50_bmax_nominal_equality,nominal_equality,False,0.04400979025,budget,mean,0.5,0.5,0.03,4950
E40,***财税咨询服务有限公司,C,elastic_net_logistic,0.08113873174,selected_model_risk_score,90,0.7317073171,放贷,优化模型选择,100,1000000,0.1425,14.25,0.8405321006,0.1594678994,15.94678994,0.5,0.03,2.088036487,0.6469511555,0.4784036982,0.9626816334,0.009626816334,budget_0.50_bmax_nominal_equality,nominal_equality,False,0.09293248415,budget,mean,0.5,0.5,0.03,4950
E41,***物业发展有限公司,C,elastic_net_logistic,0.07916167381,selected_model_risk_score,91,0.7398373984,放贷,优化模型选择,100,1000000,0.1425,14.25,0.8405321006,0.1594678994,15.94678994,0.5,0.03,2.092529188,0.6311872918,0.4784036982,0.9829381983,0.009829381983,budget_0.50_bmax_nominal_equality,nominal_equality,False,0.09683047914,budget,mean,0.5,0.5,0.03,4950
E42,***园艺场,A,elastic_net_logistic,0.1200846128,selected_model_risk_score,66,0.5365853659,不放贷,优化模型未选择,0,0,,,,,0,0.5,0.03,0,0,0,0,,budget_0.50_bmax_nominal_equality,nominal_equality,False,0.1475914741,budget,mean,0.5,0.5,0.03,4950
E43,***建设工程有限公司,B,elastic_net_logistic,0.1927952664,selected_model_risk_score,48,0.3902439024,不放贷,优化模型未选择,0,0,,,,,0,0.5,0.03,0,0,0,0,,budget_0.50_bmax_nominal_equality,nominal_equality,False,0.2145282193,budget,mean,0.5,0.5,0.03,4950
E44,***商贸有限公司,C,elastic_net_logistic,0.08616234673,selected_model_risk_score,82,0.6666666667,放贷,优化模型选择,100,1000000,0.1425,14.25,0.8405321006,0.1594678994,15.94678994,0.5,0.03,2.076620736,0.687006422,0.4784036982,0.911210616,0.00911210616,budget_0.50_bmax_nominal_equality,nominal_equality,False,0.1035354806,budget,mean,0.5,0.5,0.03,4950
E45,个体经营E45,B,elastic_net_logistic,0.1068056002,selected_model_risk_score,73,0.593495935,不放贷,优化模型未选择,0,0,,,,,0,0.5,0.03,0,0,0,0,,budget_0.50_bmax_nominal_equality,nominal_equality,False,0.1219197504,budget,mean,0.5,0.5,0.03,4950
E46,***广告传媒有限公司,C,elastic_net_logistic,0.05276002815,selected_model_risk_score,105,0.8536585366,放贷,优化模型选择,100,1000000,0.1105,11.05,0.7151023945,0.2848976055,28.48976055,0.5,0.03,2.982023718,0.7515602843,0.8546928165,1.375770617,0.01375770617,budget_0.50_bmax_nominal_equality,nominal_equality,False,0.06245378683,budget,mean,0.5,0.5,0.03,4950
E47,***控制设备有限责任公司,C,elastic_net_logistic,0.05124807767,selected_model_risk_score,106,0.8617886179,放贷,优化模型选择,100,1000000,0.1105,11.05,0.7151023945,0.2848976055,28.48976055,0.5,0.03,2.986783517,0.7300227307,0.8546928165,1.40206797,0.0140206797,budget_0.50_bmax_nominal_equality,nominal_equality,False,0.05822355401,budget,mean,0.5,0.5,0.03,4950
E48,***化工有限公司,A,elastic_net_logistic,0.07070577235,selected_model_risk_score,97,0.7886178862,放贷,优化模型选择,100,1000000,0.1225,12.25,0.8148090077,0.1851909923,18.51909923,0.5,0.03,2.108187272,0.6547036071,0.5555729769,0.8979106879,0.008979106879,budget_0.50_bmax_nominal_equality,nominal_equality,False,0.08921054517,budget,mean,0.5,0.5,0.03,4950
E49,***地球环保科技有限公司,C,elastic_net_logistic,0.09803729486,selected_model_risk_score,78,0.6341463415,放贷,优化模型选择,100,1000000,0.1425,14.25,0.8405321006,0.1594678994,15.94678994,0.5,0.03,2.049635895,0.7816900737,0.4784036982,0.7895421235,0.007895421235,budget_0.50_bmax_nominal_equality,nominal_equality,False,0.1105965348,budget,mean,0.5,0.5,0.03,4950
E5,***供应链管理有限公司,B,elastic_net_logistic,0.05668387407,selected_model_risk_score,103,0.837398374,放贷,优化模型选择,100,1000000,0.1065,10.65,0.7053159925,0.2946840075,29.46840075,0.5,0.03,2.960488878,0.8351915586,0.8840520225,1.241245297,0.01241245297,budget_0.50_bmax_nominal_equality,nominal_equality,False,0.07330978844,budget,mean,0.5,0.5,0.03,4950
E50,***建筑劳务有限公司,C,elastic_net_logistic,0.1692453772,selected_model_risk_score,54,0.4390243902,不放贷,优化模型未选择,0,0,,,,,0,0.5,0.03,0,0,0,0,,budget_0.50_bmax_nominal_equality,nominal_equality,False,0.2040258114,budget,mean,0.5,0.5,0.03,4950
E51,***物流有限公司,B,elastic_net_logistic,0.0697365828,selected_model_risk_score,98,0.7967479675,放贷,优化模型选择,100,1000000,0.1425,14.25,0.8439092946,0.1560907054,15.60907054,0.5,0.03,2.06917799,0.5442616201,0.4682721162,1.056644254,0.01056644254,budget_0.50_bmax_nominal_equality,nominal_equality,False,0.07874952738,budget,mean,0.5,0.5,0.03,4950
E52,***商贸有限公司,D,elastic_net_logistic,0.2136303318,selected_model_risk_score,44,0.3577235772,不放贷,D级企业原则上不予放贷,0,0,,,,,0,0.5,0.03,0,0,0,0,,budget_0.50_bmax_nominal_equality,nominal_equality,False,0.2416471762,budget,mean,0.5,0.5,0.03,4950
E53,***文化传媒有限公司,C,elastic_net_logistic,0.107156181,selected_model_risk_score,71,0.5772357724,不放贷,优化模型未选择,0,0,,,,,0,0.5,0.03,0,0,0,0,,budget_0.50_bmax_nominal_equality,nominal_equality,False,0.1294528809,budget,mean,0.5,0.5,0.03,4950
E54,***新技术开发有限公司,A,elastic_net_logistic,0.06439978133,selected_model_risk_score,101,0.8211382114,放贷,优化模型选择,100,1000000,0.1225,12.25,0.8148090077,0.1851909923,18.51909923,0.5,0.03,2.122492978,0.5963129704,0.5555729769,0.9706070306,0.009706070306,budget_0.50_bmax_nominal_equality,nominal_equality,False,0.08481402429,budget,mean,0.5,0.5,0.03,4950
E55,***集团有限公司***电力设备分公司,C,elastic_net_logistic,0.1835760094,selected_model_risk_score,51,0.4146341463,不放贷,优化模型未选择,0,0,,,,,0,0.5,0.03,0,0,0,0,,budget_0.50_bmax_nominal_equality,nominal_equality,False,0.2408611135,budget,mean,0.5,0.5,0.03,4950
E56,***家居材料***有限公司,C,elastic_net_logistic,0.08755638262,selected_model_risk_score,81,0.6585365854,放贷,优化模型选择,100,1000000,0.1425,14.25,0.8405321006,0.1594678994,15.94678994,0.5,0.03,2.073452905,0.6981216208,0.4784036982,0.8969275856,0.008969275856,budget_0.50_bmax_nominal_equality,nominal_equality,False,0.1073776577,budget,mean,0.5,0.5,0.03,4950
E57,***机械设备有限公司,B,elastic_net_logistic,0.1025680758,selected_model_risk_score,74,0.6016260163,放贷,优化模型选择,100,1000000,0.1425,14.25,0.8439092946,0.1560907054,15.60907054,0.5,0.03,1.996151145,0.8004961652,0.4682721162,0.7273828635,0.007273828635,budget_0.50_bmax_nominal_equality,nominal_equality,False,0.1291130293,budget,mean,0.5,0.5,0.03,4950
E58,***油气工程建设有限责任公司,B,elastic_net_logistic,0.1498825704,selected_model_risk_score,58,0.4715447154,不放贷,优化模型未选择,0,0,,,,,0,0.5,0.03,0,0,0,0,,budget_0.50_bmax_nominal_equality,nominal_equality,False,0.166452668,budget,mean,0.5,0.5,0.03,4950
E59,***商贸有限公司,A,elastic_net_logistic,0.06896464342,selected_model_risk_score,99,0.8048780488,放贷,优化模型选择,100,1000000,0.1225,12.25,0.8148090077,0.1851909923,18.51909923,0.5,0.03,2.112137179,0.6385815374,0.5555729769,0.9179826647,0.009179826647,budget_0.50_bmax_nominal_equality,nominal_equality,False,0.07641618763,budget,mean,0.5,0.5,0.03,4950
E6,***装饰设计工程有限公司,A,elastic_net_logistic,0.03828902106,selected_model_risk_score,114,0.9268292683,放贷,优化模型选择,100,1000000,0.0985,9.85,0.7083020233,0.2916979767,29.16979767,0.5,0.03,2.763212095,0.5584414987,0.8750939301,1.329676667,0.01329676667,budget_0.50_bmax_nominal_equality,nominal_equality,False,0.04389193776,budget,mean,0.5,0.5,0.03,4950
E60,***机械租赁有限公司,B,elastic_net_logistic,0.2143912442,selected_model_risk_score,43,0.3495934959,不放贷,优化模型未选择,0,0,,,,,0,0.5,0.03,0,0,0,0,,budget_0.50_bmax_nominal_equality,nominal_equality,False,0.2335825691,budget,mean,0.5,0.5,0.03,4950
E61,***调味品有限公司,B,elastic_net_logistic,0.07788330382,selected_model_risk_score,92,0.7479674797,放贷,优化模型选择,100,1000000,0.1425,14.25,0.8439092946,0.1560907054,15.60907054,0.5,0.03,2.051057299,0.6078429916,0.4682721162,0.9749421915,0.009749421915,budget_0.50_bmax_nominal_equality,nominal_equality,False,0.09484916536,budget,mean,0.5,0.5,0.03,4950
E62,***工程造价咨询有限公司***分公司,B,elastic_net_logistic,0.1214523958,selected_model_risk_score,64,0.5203252033,不放贷,优化模型未选择,0,0,,,,,0,0.5,0.03,0,0,0,0,,budget_0.50_bmax_nominal_equality,nominal_equality,False,0.1450170246,budget,mean,0.5,0.5,0.03,4950
E63,***科技有限公司,B,elastic_net_logistic,0.08368298573,selected_model_risk_score,86,0.6991869919,放贷,优化模型选择,100,1000000,0.1425,14.25,0.8439092946,0.1560907054,15.60907054,0.5,0.03,2.03815711,0.6531068136,0.4682721162,0.9167781802,0.009167781802,budget_0.50_bmax_nominal_equality,nominal_equality,False,0.1084106096,budget,mean,0.5,0.5,0.03,4950
E64,***图书有限责任公司,A,elastic_net_logistic,0.1124750355,selected_model_risk_score,69,0.5609756098,不放贷,优化模型未选择,0,0,,,,,0,0.5,0.03,0,0,0,0,,budget_0.50_bmax_nominal_equality,nominal_equality,False,0.1209520698,budget,mean,0.5,0.5,0.03,4950
E65,***商贸有限公司,B,elastic_net_logistic,0.0894097801,selected_model_risk_score,80,0.6504065041,放贷,优化模型选择,100,1000000,0.1425,14.25,0.8439092946,0.1560907054,15.60907054,0.5,0.03,2.025419044,0.6978017823,0.4682721162,0.8593451455,0.008593451455,budget_0.50_bmax_nominal_equality,nominal_equality,False,0.1016662421,budget,mean,0.5,0.5,0.03,4950
E66,***快递有限公司,B,elastic_net_logistic,0.2947622952,selected_model_risk_score,30,0.243902439,不放贷,优化模型未选择,0,0,,,,,0,0.5,0.03,0,0,0,0,,budget_0.50_bmax_nominal_equality,nominal_equality,False,0.3741353375,budget,mean,0.5,0.5,0.03,4950
E67,***信息技术有限公司,B,elastic_net_logistic,0.1845447393,selected_model_risk_score,50,0.406504065,不放贷,优化模型未选择,0,0,,,,,0,0.5,0.03,0,0,0,0,,budget_0.50_bmax_nominal_equality,nominal_equality,False,0.2088292217,budget,mean,0.5,0.5,0.03,4950
E68,***花木总公司,C,elastic_net_logistic,0.3380718151,selected_model_risk_score,28,0.2276422764,不放贷,优化模型未选择,0,0,,,,,0,0.5,0.03,0,0,0,0,,budget_0.50_bmax_nominal_equality,nominal_equality,False,0.3824767947,budget,mean,0.5,0.5,0.03,4950
E69,***电子器材经营部,C,elastic_net_logistic,0.2503652668,selected_model_risk_score,38,0.3089430894,不放贷,优化模型未选择,0,0,,,,,0,0.5,0.03,0,0,0,0,,budget_0.50_bmax_nominal_equality,nominal_equality,False,0.3207126735,budget,mean,0.5,0.5,0.03,4950
E7,***家电有限公司***分公司,A,elastic_net_logistic,0.02580342326,selected_model_risk_score,121,0.9837398374,放贷,优化模型选择,100,1000000,0.0985,9.85,0.7083020233,0.2916979767,29.16979767,0.5,0.03,2.799086028,0.3763403178,0.8750939301,1.54765178,0.0154765178,budget_0.50_bmax_nominal_equality,nominal_equality,False,0.03436137967,budget,mean,0.5,0.5,0.03,4950
E70,***科技有限公司,B,elastic_net_logistic,0.1379471805,selected_model_risk_score,60,0.487804878,不放贷,优化模型未选择,0,0,,,,,0,0.5,0.03,0,0,0,0,,budget_0.50_bmax_nominal_equality,nominal_equality,False,0.1557212843,budget,mean,0.5,0.5,0.03,4950
E71,***农业科技有限公司,B,elastic_net_logistic,0.2041897012,selected_model_risk_score,45,0.3658536585,不放贷,优化模型未选择,0,0,,,,,0,0.5,0.03,0,0,0,0,,budget_0.50_bmax_nominal_equality,nominal_equality,False,0.2461670708,budget,mean,0.5,0.5,0.03,4950
E72,***图书有限公司,C,elastic_net_logistic,0.2897171126,selected_model_risk_score,32,0.2601626016,不放贷,优化模型未选择,0,0,,,,,0,0.5,0.03,0,0,0,0,,budget_0.50_bmax_nominal_equality,nominal_equality,False,0.3383260035,budget,mean,0.5,0.5,0.03,4950
E73,***商贸有限责任公司,C,elastic_net_logistic,0.1183311273,selected_model_risk_score,67,0.5447154472,不放贷,优化模型未选择,0,0,,,,,0,0.5,0.03,0,0,0,0,,budget_0.50_bmax_nominal_equality,nominal_equality,False,0.150943928,budget,mean,0.5,0.5,0.03,4950
E74,***蔬菜专业合作社,B,elastic_net_logistic,0.1539591335,selected_model_risk_score,56,0.4552845528,不放贷,优化模型未选择,0,0,,,,,0,0.5,0.03,0,0,0,0,,budget_0.50_bmax_nominal_equality,nominal_equality,False,0.1754997095,budget,mean,0.5,0.5,0.03,4950
E75,***酒店管理有限公司,C,elastic_net_logistic,0.1070850165,selected_model_risk_score,72,0.5853658537,放贷,优化模型选择,50,500000,0.1425,14.25,0.8405321006,0.1594678994,7.97339497,0.5,0.03,1.014537847,0.426915566,0.2392018491,0.3484204319,0.006968408637,budget_0.50_bmax_nominal_equality,nominal_equality,False,0.1282680192,budget,mean,0.5,0.5,0.03,4950
E76,***信息科技有限公司,B,elastic_net_logistic,0.1706660196,selected_model_risk_score,53,0.4308943089,不放贷,优化模型未选择,0,0,,,,,0,0.5,0.03,0,0,0,0,,budget_0.50_bmax_nominal_equality,nominal_equality,False,0.1979402602,budget,mean,0.5,0.5,0.03,4950
E77,***机电设备有限公司,C,elastic_net_logistic,0.3665492679,selected_model_risk_score,25,0.2032520325,不放贷,优化模型未选择,0,0,,,,,0,0.5,0.03,0,0,0,0,,budget_0.50_bmax_nominal_equality,nominal_equality,False,0.4663549766,budget,mean,0.5,0.5,0.03,4950
E78,个体经营E78,C,elastic_net_logistic,0.1211539626,selected_model_risk_score,65,0.5284552846,不放贷,优化模型未选择,0,0,,,,,0,0.5,0.03,0,0,0,0,,budget_0.50_bmax_nominal_equality,nominal_equality,False,0.1481587806,budget,mean,0.5,0.5,0.03,4950
E79,***鞋业有限公司,B,elastic_net_logistic,0.2025177165,selected_model_risk_score,46,0.3739837398,不放贷,优化模型未选择,0,0,,,,,0,0.5,0.03,0,0,0,0,,budget_0.50_bmax_nominal_equality,nominal_equality,False,0.2207361419,budget,mean,0.5,0.5,0.03,4950
E8,***科学研究院有限公司,A,elastic_net_logistic,0.02606005345,selected_model_risk_score,120,0.9756097561,放贷,优化模型选择,100,1000000,0.0985,9.85,0.7083020233,0.2916979767,29.16979767,0.5,0.03,2.798348672,0.3800832432,0.8750939301,1.543171498,0.01543171498,budget_0.50_bmax_nominal_equality,nominal_equality,False,0.03439017911,budget,mean,0.5,0.5,0.03,4950
E80,***实业有限责任公司,C,elastic_net_logistic,0.3432370641,selected_model_risk_score,26,0.2113821138,不放贷,优化模型未选择,0,0,,,,,0,0.5,0.03,0,0,0,0,,budget_0.50_bmax_nominal_equality,nominal_equality,False,0.3865190631,budget,mean,0.5,0.5,0.03,4950
E81,***机械设备有限公司,A,elastic_net_logistic,0.1154202468,selected_model_risk_score,68,0.5528455285,不放贷,优化模型未选择,0,0,,,,,0,0.5,0.03,0,0,0,0,,budget_0.50_bmax_nominal_equality,nominal_equality,False,0.1339413155,budget,mean,0.5,0.5,0.03,4950
E82,***商贸有限公司,D,elastic_net_logistic,0.194614899,selected_model_risk_score,47,0.3821138211,不放贷,D级企业原则上不予放贷,0,0,,,,,0,0.5,0.03,0,0,0,0,,budget_0.50_bmax_nominal_equality,nominal_equality,False,0.2318618526,budget,mean,0.5,0.5,0.03,4950
E83,***社会福利院（***社会福利社会化服务中心）,B,elastic_net_logistic,0.5444532255,selected_model_risk_score,13,0.1056910569,不放贷,优化模型未选择,0,0,,,,,0,0.5,0.03,0,0,0,0,,budget_0.50_bmax_nominal_equality,nominal_equality,False,0.6237840466,budget,mean,0.5,0.5,0.03,4950
E84,***建材有限公司,A,elastic_net_logistic,0.1532688251,selected_model_risk_score,57,0.4634146341,不放贷,优化模型未选择,0,0,,,,,0,0.5,0.03,0,0,0,0,,budget_0.50_bmax_nominal_equality,nominal_equality,False,0.1694921296,budget,mean,0.5,0.5,0.03,4950
E85,***安防科技有限公司,B,elastic_net_logistic,0.2264316686,selected_model_risk_score,42,0.3414634146,不放贷,优化模型未选择,0,0,,,,,0,0.5,0.03,0,0,0,0,,budget_0.50_bmax_nominal_equality,nominal_equality,False,0.2483347601,budget,mean,0.5,0.5,0.03,4950
E86,***地质工程勘察院***分院,C,elastic_net_logistic,0.2808208394,selected_model_risk_score,34,0.2764227642,不放贷,优化模型未选择,0,0,,,,,0,0.5,0.03,0,0,0,0,,budget_0.50_bmax_nominal_equality,nominal_equality,False,0.3548090468,budget,mean,0.5,0.5,0.03,4950
E87,***实业有限责任公司,C,elastic_net_logistic,0.234076271,selected_model_risk_score,40,0.325203252,不放贷,优化模型未选择,0,0,,,,,0,0.5,0.03,0,0,0,0,,budget_0.50_bmax_nominal_equality,nominal_equality,False,0.2796569295,budget,mean,0.5,0.5,0.03,4950
E88,***贸易有限公司,A,elastic_net_logistic,0.1654327803,selected_model_risk_score,55,0.4471544715,不放贷,优化模型未选择,0,0,,,,,0,0.5,0.03,0,0,0,0,,budget_0.50_bmax_nominal_equality,nominal_equality,False,0.189066442,budget,mean,0.5,0.5,0.03,4950
E89,***物资有限公司,A,elastic_net_logistic,0.3344336244,selected_model_risk_score,29,0.2357723577,不放贷,优化模型未选择,0,0,,,,,0,0.5,0.03,0,0,0,0,,budget_0.50_bmax_nominal_equality,nominal_equality,False,0.3672701532,budget,mean,0.5,0.5,0.03,4950
E9,***生活用品服务有限公司***分公司,A,elastic_net_logistic,0.02174866462,selected_model_risk_score,122,0.9918699187,放贷,优化模型选择,100,1000000,0.0985,9.85,0.7083020233,0.2916979767,29.16979767,0.5,0.03,2.810736262,0.3172020733,0.8750939301,1.618440259,0.01618440259,budget_0.50_bmax_nominal_equality,nominal_equality,False,0.02531048472,budget,mean,0.5,0.5,0.03,4950
E90,***文化传媒有限责任公司,C,elastic_net_logistic,0.2928954659,selected_model_risk_score,31,0.2520325203,不放贷,优化模型未选择,0,0,,,,,0,0.5,0.03,0,0,0,0,,budget_0.50_bmax_nominal_equality,nominal_equality,False,0.3272754126,budget,mean,0.5,0.5,0.03,4950
E91,***科技实业有限公司,A,elastic_net_logistic,0.123879862,selected_model_risk_score,62,0.5040650407,不放贷,优化模型未选择,0,0,,,,,0,0.5,0.03,0,0,0,0,,budget_0.50_bmax_nominal_equality,nominal_equality,False,0.1563985381,budget,mean,0.5,0.5,0.03,4950
E92,***地质灾害防治有限公司,C,elastic_net_logistic,0.3701163354,selected_model_risk_score,24,0.1951219512,不放贷,优化模型未选择,0,0,,,,,0,0.5,0.03,0,0,0,0,,budget_0.50_bmax_nominal_equality,nominal_equality,False,0.4190045907,budget,mean,0.5,0.5,0.03,4950
E93,***电脑设计事务所,B,elastic_net_logistic,0.2376719561,selected_model_risk_score,39,0.3170731707,不放贷,优化模型未选择,0,0,,,,,0,0.5,0.03,0,0,0,0,,budget_0.50_bmax_nominal_equality,nominal_equality,False,0.2575297987,budget,mean,0.5,0.5,0.03,4950
E94,***汽车美容有限公司,C,elastic_net_logistic,0.3420261826,selected_model_risk_score,27,0.2195121951,不放贷,优化模型未选择,0,0,,,,,0,0.5,0.03,0,0,0,0,,budget_0.50_bmax_nominal_equality,nominal_equality,False,0.3879661601,budget,mean,0.5,0.5,0.03,4950
E95,***兰花店,B,elastic_net_logistic,0.1441316116,selected_model_risk_score,59,0.4796747967,不放贷,优化模型未选择,0,0,,,,,0,0.5,0.03,0,0,0,0,,budget_0.50_bmax_nominal_equality,nominal_equality,False,0.1745511804,budget,mean,0.5,0.5,0.03,4950
E96,***土地整理有限公司,C,elastic_net_logistic,0.8080355745,selected_model_risk_score,1,0.008130081301,不放贷,优化模型未选择,0,0,,,,,0,0.5,0.03,0,0,0,0,,budget_0.50_bmax_nominal_equality,nominal_equality,False,0.854739214,budget,mean,0.5,0.5,0.03,4950
E97,***美工装饰部,B,elastic_net_logistic,0.2602897628,selected_model_risk_score,35,0.2845528455,不放贷,优化模型未选择,0,0,,,,,0,0.5,0.03,0,0,0,0,,budget_0.50_bmax_nominal_equality,nominal_equality,False,0.3283525845,budget,mean,0.5,0.5,0.03,4950
E98,***文化传播有限公司,B,elastic_net_logistic,0.2814270169,selected_model_risk_score,33,0.2682926829,不放贷,优化模型未选择,0,0,,,,,0,0.5,0.03,0,0,0,0,,budget_0.50_bmax_nominal_equality,nominal_equality,False,0.3034353338,budget,mean,0.5,0.5,0.03,4950
E99,***建筑工程有限责任公司,D,elastic_net_logistic,0.5839846822,selected_model_risk_score,10,0.08130081301,不放贷,D级企业原则上不予放贷,0,0,,,,,0,0.5,0.03,0,0,0,0,,budget_0.50_bmax_nominal_equality,nominal_equality,False,0.6898712011,budget,mean,0.5,0.5,0.03,4950
E1,***电器销售有限公司,A,elastic_net_logistic,0.05655542179,selected_model_risk_score,104,0.8455284553,放贷,优化模型选择,100,1000000,0.1225,12.25,0.8148090077,0.1851909923,18.51909923,0.5,0.03,2.140288611,0.5236777341,0.5555729769,1.0610379,0.010610379,budget_0.60_bmax_nominal_equality,nominal_equality,False,0.0730491674,budget,mean,0.6,0.5,0.03,5940
E10,***建筑劳务有限公司,B,elastic_net_logistic,0.06093491817,selected_model_risk_score,102,0.8292682927,放贷,优化模型选择,100,1000000,0.1185,11.85,0.7692116619,0.2307883381,23.07883381,0.5,0.03,2.568194445,0.7031534248,0.6923650143,1.172676006,0.01172676006,budget_0.60_bmax_nominal_equality,nominal_equality,False,0.07833730674,budget,mean,0.6,0.5,0.03,5940
E100,***装饰工程有限公司,D,elastic_net_logistic,0.2578903118,selected_model_risk_score,36,0.2926829268,不放贷,D级企业原则上不予放贷,0,0,,,,,0,0.5,0.03,0,0,0,0,,budget_0.60_bmax_nominal_equality,nominal_equality,False,0.3416804479,budget,mean,0.6,0.5,0.03,5940
E101,***灯饰工程有限公司,D,elastic_net_logistic,0.7098560409,selected_model_risk_score,6,0.0487804878,不放贷,D级企业原则上不予放贷,0,0,,,,,0,0.5,0.03,0,0,0,0,,budget_0.60_bmax_nominal_equality,nominal_equality,False,0.7897592201,budget,mean,0.6,0.5,0.03,5940
E102,***大药房有限责任公司,D,elastic_net_logistic,0.4733747116,selected_model_risk_score,17,0.1382113821,不放贷,D级企业原则上不予放贷,0,0,,,,,0,0.5,0.03,0,0,0,0,,budget_0.60_bmax_nominal_equality,nominal_equality,False,0.6183651775,budget,mean,0.6,0.5,0.03,5940
E103,***科技有限公司,D,elastic_net_logistic,0.4055458126,selected_model_risk_score,22,0.1788617886,不放贷,D级企业原则上不予放贷,0,0,,,,,0,0.5,0.03,0,0,0,0,,budget_0.60_bmax_nominal_equality,nominal_equality,False,0.4768661053,budget,mean,0.6,0.5,0.03,5940
E104,***管理咨询有限责任公司,C,elastic_net_logistic,0.5371556855,selected_model_risk_score,14,0.1138211382,不放贷,优化模型未选择,0,0,,,,,0,0.5,0.03,0,0,0,0,,budget_0.60_bmax_nominal_equality,nominal_equality,False,0.6048969633,budget,mean,0.6,0.5,0.03,5940
E105,***建材经营部,C,elastic_net_logistic,0.2296735143,selected_model_risk_score,41,0.3333333333,不放贷,优化模型未选择,0,0,,,,,0,0.5,0.03,0,0,0,0,,budget_0.60_bmax_nominal_equality,nominal_equality,False,0.3150886304,budget,mean,0.6,0.5,0.03,5940
E106,***财务管理有限公司,B,elastic_net_logistic,0.25387818,selected_model_risk_score,37,0.3008130081,不放贷,优化模型未选择,0,0,,,,,0,0.5,0.03,0,0,0,0,,budget_0.60_bmax_nominal_equality,nominal_equality,False,0.2861266308,budget,mean,0.6,0.5,0.03,5940
E107,***科技有限公司,D,elastic_net_logistic,0.6278756036,selected_model_risk_score,8,0.06504065041,不放贷,D级企业原则上不予放贷,0,0,,,,,0,0.5,0.03,0,0,0,0,,budget_0.60_bmax_nominal_equality,nominal_equality,False,0.6820972821,budget,mean,0.6,0.5,0.03,5940
E108,***商贸有限公司,D,elastic_net_logistic,0.5221807895,selected_model_risk_score,15,0.1219512195,不放贷,D级企业原则上不予放贷,0,0,,,,,0,0.5,0.03,0,0,0,0,,budget_0.60_bmax_nominal_equality,nominal_equality,False,0.6296705299,budget,mean,0.6,0.5,0.03,5940
E109,***服饰有限公司,D,elastic_net_logistic,0.5493640614,selected_model_risk_score,12,0.09756097561,不放贷,D级企业原则上不予放贷,0,0,,,,,0,0.5,0.03,0,0,0,0,,budget_0.60_bmax_nominal_equality,nominal_equality,False,0.6102205923,budget,mean,0.6,0.5,0.03,5940
E11,***建设工程有限公司,C,elastic_net_logistic,0.07723891572,selected_model_risk_score,93,0.756097561,放贷,优化模型选择,100,1000000,0.1425,14.25,0.8405321006,0.1594678994,15.94678994,0.5,0.03,2.096898498,0.6158563821,0.4784036982,1.002638417,0.01002638417,budget_0.60_bmax_nominal_equality,nominal_equality,False,0.1001763276,budget,mean,0.6,0.5,0.03,5940
E110,***通讯器材经营部,C,elastic_net_logistic,0.5711527053,selected_model_risk_score,11,0.08943089431,不放贷,优化模型未选择,0,0,,,,,0,0.5,0.03,0,0,0,0,,budget_0.60_bmax_nominal_equality,nominal_equality,False,0.6124762668,budget,mean,0.6,0.5,0.03,5940
E111,***科技有限公司,D,elastic_net_logistic,0.1919246162,selected_model_risk_score,49,0.3983739837,不放贷,D级企业原则上不予放贷,0,0,,,,,0,0.5,0.03,0,0,0,0,,budget_0.60_bmax_nominal_equality,nominal_equality,False,0.3189536769,budget,mean,0.6,0.5,0.03,5940
E112,***机械设备有限公司,D,elastic_net_logistic,0.4170540731,selected_model_risk_score,20,0.162601626,不放贷,D级企业原则上不予放贷,0,0,,,,,0,0.5,0.03,0,0,0,0,,budget_0.60_bmax_nominal_equality,nominal_equality,False,0.5129040595,budget,mean,0.6,0.5,0.03,5940
E113,***美居科技有限公司,D,elastic_net_logistic,0.7592451553,selected_model_risk_score,4,0.0325203252,不放贷,D级企业原则上不予放贷,0,0,,,,,0,0.5,0.03,0,0,0,0,,budget_0.60_bmax_nominal_equality,nominal_equality,False,0.8315439659,budget,mean,0.6,0.5,0.03,5940
E114,***食品有限责任公司,D,elastic_net_logistic,0.4770804739,selected_model_risk_score,16,0.1300813008,不放贷,D级企业原则上不予放贷,0,0,,,,,0,0.5,0.03,0,0,0,0,,budget_0.60_bmax_nominal_equality,nominal_equality,False,0.5421990478,budget,mean,0.6,0.5,0.03,5940
E115,***装饰工程有限公司,D,elastic_net_logistic,0.7835354924,selected_model_risk_score,2,0.0162601626,不放贷,D级企业原则上不予放贷,0,0,,,,,0,0.5,0.03,0,0,0,0,,budget_0.60_bmax_nominal_equality,nominal_equality,False,0.8331104651,budget,mean,0.6,0.5,0.03,5940
E116,***门窗有限公司,D,elastic_net_logistic,0.4160885126,selected_model_risk_score,21,0.1707317073,不放贷,D级企业原则上不予放贷,0,0,,,,,0,0.5,0.03,0,0,0,0,,budget_0.60_bmax_nominal_equality,nominal_equality,False,0.532859258,budget,mean,0.6,0.5,0.03,5940
E117,***人力资源管理咨询有限公司,D,elastic_net_logistic,0.6343060557,selected_model_risk_score,7,0.05691056911,不放贷,D级企业原则上不予放贷,0,0,,,,,0,0.5,0.03,0,0,0,0,,budget_0.60_bmax_nominal_equality,nominal_equality,False,0.7561127553,budget,mean,0.6,0.5,0.03,5940
E118,***体育用品有限公司,D,elastic_net_logistic,0.3859533716,selected_model_risk_score,23,0.1869918699,不放贷,D级企业原则上不予放贷,0,0,,,,,0,0.5,0.03,0,0,0,0,,budget_0.60_bmax_nominal_equality,nominal_equality,False,0.4429217794,budget,mean,0.6,0.5,0.03,5940
E119,***药房,D,elastic_net_logistic,0.6253065711,selected_model_risk_score,9,0.07317073171,不放贷,D级企业原则上不予放贷,0,0,,,,,0,0.5,0.03,0,0,0,0,,budget_0.60_bmax_nominal_equality,nominal_equality,False,0.6891769584,budget,mean,0.6,0.5,0.03,5940
E12,***建筑劳务有限公司,B,elastic_net_logistic,0.08202986653,selected_model_risk_score,88,0.7154471545,放贷,优化模型选择,100,1000000,0.1425,14.25,0.8439092946,0.1560907054,15.60907054,0.5,0.03,2.041834131,0.6402049865,0.4682721162,0.9333570281,0.009333570281,budget_0.60_bmax_nominal_equality,nominal_equality,False,0.1054632903,budget,mean,0.6,0.5,0.03,5940
E120,***陈列广告有限公司,D,elastic_net_logistic,0.721226934,selected_model_risk_score,5,0.0406504065,不放贷,D级企业原则上不予放贷,0,0,,,,,0,0.5,0.03,0,0,0,0,,budget_0.60_bmax_nominal_equality,nominal_equality,False,0.7608714869,budget,mean,0.6,0.5,0.03,5940
E121,***药业连锁有限公司***药店,D,elastic_net_logistic,0.4662178212,selected_model_risk_score,18,0.1463414634,不放贷,D级企业原则上不予放贷,0,0,,,,,0,0.5,0.03,0,0,0,0,,budget_0.60_bmax_nominal_equality,nominal_equality,False,0.5621951951,budget,mean,0.6,0.5,0.03,5940
E122,***商贸有限责任公司,D,elastic_net_logistic,0.4500783219,selected_model_risk_score,19,0.1544715447,不放贷,D级企业原则上不予放贷,0,0,,,,,0,0.5,0.03,0,0,0,0,,budget_0.60_bmax_nominal_equality,nominal_equality,False,0.6021516604,budget,mean,0.6,0.5,0.03,5940
E123,***创科技有限责任公司,D,elastic_net_logistic,0.7819761114,selected_model_risk_score,3,0.0243902439,不放贷,D级企业原则上不予放贷,0,0,,,,,0,0.5,0.03,0,0,0,0,,budget_0.60_bmax_nominal_equality,nominal_equality,False,0.8270597923,budget,mean,0.6,0.5,0.03,5940
E13,***汽车贸易有限公司,A,elastic_net_logistic,0.04053604698,selected_model_risk_score,113,0.918699187,放贷,优化模型选择,100,1000000,0.1025,10.25,0.7312754013,0.2687245987,26.87245987,0.5,0.03,2.642773549,0.5446516479,0.8061737961,1.291948105,0.01291948105,budget_0.60_bmax_nominal_equality,nominal_equality,False,0.05373417783,budget,mean,0.6,0.5,0.03,5940
E14,个体经营E14,C,elastic_net_logistic,0.03261041867,selected_model_risk_score,117,0.9512195122,放贷,优化模型选择,100,1000000,0.1105,11.05,0.7151023945,0.2848976055,28.48976055,0.5,0.03,3.045457077,0.4645315097,0.8546928165,1.726232751,0.01726232751,budget_0.60_bmax_nominal_equality,nominal_equality,False,0.04024201468,budget,mean,0.6,0.5,0.03,5940
E15,***劳务有限公司,A,elastic_net_logistic,0.07381492047,selected_model_risk_score,95,0.7723577236,放贷,优化模型选择,100,1000000,0.1225,12.25,0.8148090077,0.1851909923,18.51909923,0.5,0.03,2.101133891,0.6834929184,0.5555729769,0.8620679953,0.008620679953,budget_0.60_bmax_nominal_equality,nominal_equality,False,0.1036254123,budget,mean,0.6,0.5,0.03,5940
E16,***建筑劳务有限公司,A,elastic_net_logistic,0.04998777847,selected_model_risk_score,108,0.8780487805,放贷,优化模型选择,100,1000000,0.1025,10.25,0.7312754013,0.2687245987,26.87245987,0.5,0.03,2.616739443,0.6716472855,0.8061737961,1.138918362,0.01138918362,budget_0.60_bmax_nominal_equality,nominal_equality,False,0.0624669862,budget,mean,0.6,0.5,0.03,5940
E17,***消防工程有限公司,A,elastic_net_logistic,0.04649981408,selected_model_risk_score,111,0.9024390244,放贷,优化模型选择,100,1000000,0.1025,10.25,0.7312754013,0.2687245987,26.87245987,0.5,0.03,2.626346787,0.6247821939,0.8061737961,1.195390797,0.01195390797,budget_0.60_bmax_nominal_equality,nominal_equality,False,0.05349825243,budget,mean,0.6,0.5,0.03,5940
E18,***消防工程有限责任公司,A,elastic_net_logistic,0.04857513816,selected_model_risk_score,109,0.8861788618,放贷,优化模型选择,100,1000000,0.1025,10.25,0.7312754013,0.2687245987,26.87245987,0.5,0.03,2.620630458,0.6526667254,0.8061737961,1.161789936,0.01161789936,budget_0.60_bmax_nominal_equality,nominal_equality,False,0.06117933194,budget,mean,0.6,0.5,0.03,5940
E19,***科技有限公司,A,elastic_net_logistic,0.06543754966,selected_model_risk_score,100,0.8130081301,放贷,优化模型选择,100,1000000,0.1225,12.25,0.8148090077,0.1851909923,18.51909923,0.5,0.03,2.120138707,0.6059222378,0.5555729769,0.9586434928,0.009586434928,budget_0.60_bmax_nominal_equality,nominal_equality,False,0.09093656268,budget,mean,0.6,0.5,0.03,5940
E2,***技术有限责任公司,A,elastic_net_logistic,0.02833749753,selected_model_risk_score,119,0.9674796748,放贷,优化模型选择,100,1000000,0.0985,9.85,0.7083020233,0.2916979767,29.16979767,0.5,0.03,2.791805062,0.4132995347,0.8750939301,1.503411597,0.01503411597,budget_0.60_bmax_nominal_equality,nominal_equality,False,0.03642833627,budget,mean,0.6,0.5,0.03,5940
E20,***贸易有限公司,B,elastic_net_logistic,0.04546270238,selected_model_risk_score,112,0.9105691057,放贷,优化模型选择,100,1000000,0.1065,10.65,0.7053159925,0.2946840075,29.46840075,0.5,0.03,2.995705231,0.6698565665,0.8840520225,1.441796642,0.01441796642,budget_0.60_bmax_nominal_equality,nominal_equality,False,0.06402096704,budget,mean,0.6,0.5,0.03,5940
E21,***建设工程有限公司,B,elastic_net_logistic,0.08415779812,selected_model_risk_score,85,0.6910569106,放贷,优化模型选择,100,1000000,0.1425,14.25,0.8439092946,0.1560907054,15.60907054,0.5,0.03,2.037100988,0.6568125037,0.4682721162,0.9120163685,0.009120163685,budget_0.60_bmax_nominal_equality,nominal_equality,False,0.09612822768,budget,mean,0.6,0.5,0.03,5940
E22,***物流有限公司,A,elastic_net_logistic,0.08272431763,selected_model_risk_score,87,0.7073170732,放贷,优化模型选择,100,1000000,0.1225,12.25,0.8148090077,0.1851909923,18.51909923,0.5,0.03,2.080922124,0.7659899235,0.5555729769,0.7593592241,0.007593592241,budget_0.60_bmax_nominal_equality,nominal_equality,False,0.09349623574,budget,mean,0.6,0.5,0.03,5940
E23,***贸易有限公司,B,elastic_net_logistic,0.03337482103,selected_model_risk_score,116,0.9430894309,放贷,优化模型选择,100,1000000,0.1065,10.65,0.7053159925,0.2946840075,29.46840075,0.5,0.03,3.033641653,0.4917513005,0.8840520225,1.65783833,0.0165783833,budget_0.60_bmax_nominal_equality,nominal_equality,False,0.04082479351,budget,mean,0.6,0.5,0.03,5940
E24,***建筑工程有限公司,A,elastic_net_logistic,0.04702949043,selected_model_risk_score,110,0.8943089431,放贷,优化模型选择,100,1000000,0.1025,10.25,0.7312754013,0.2687245987,26.87245987,0.5,0.03,2.624887832,0.6318990471,0.8061737961,1.186814989,0.01186814989,budget_0.60_bmax_nominal_equality,nominal_equality,False,0.06125175229,budget,mean,0.6,0.5,0.03,5940
E25,***通讯设备有限公司,C,elastic_net_logistic,0.08202047653,selected_model_risk_score,89,0.7235772358,放贷,优化模型选择,100,1000000,0.1425,14.25,0.8405321006,0.1594678994,15.94678994,0.5,0.03,2.086032795,0.653981655,0.4784036982,0.9536474416,0.009536474416,budget_0.60_bmax_nominal_equality,nominal_equality,False,0.09686547054,budget,mean,0.6,0.5,0.03,5940
E26,***金属材料有限公司,A,elastic_net_logistic,0.1342940789,selected_model_risk_score,61,0.4959349593,不放贷,优化模型未选择,0,0,,,,,0,0.5,0.03,0,0,0,0,,budget_0.60_bmax_nominal_equality,nominal_equality,False,0.1782110185,budget,mean,0.6,0.5,0.03,5940
E27,***农业开发有限公司,A,elastic_net_logistic,0.1103832985,selected_model_risk_score,70,0.5691056911,放贷,优化模型选择,100,1000000,0.1425,14.25,0.8801803134,0.1198196866,11.98196866,0.5,0.03,1.51895872,0.6613046116,0.3594590598,0.4981950483,0.004981950483,budget_0.60_bmax_nominal_equality,nominal_equality,False,0.1369068444,budget,mean,0.6,0.5,0.03,5940
E28,***景观工程有限公司,B,elastic_net_logistic,0.09966092865,selected_model_risk_score,76,0.6178861789,放贷,优化模型选择,100,1000000,0.1425,14.25,0.8439092946,0.1560907054,15.60907054,0.5,0.03,2.002617491,0.7778072327,0.4682721162,0.7565381417,0.007565381417,budget_0.60_bmax_nominal_equality,nominal_equality,False,0.1193350508,budget,mean,0.6,0.5,0.03,5940
E29,***建筑劳务有限公司,C,elastic_net_logistic,0.07253671793,selected_model_risk_score,96,0.7804878049,放贷,优化模型选择,100,1000000,0.1425,14.25,0.8405321006,0.1594678994,15.94678994,0.5,0.03,2.107583854,0.5783639019,0.4784036982,1.050816254,0.01050816254,budget_0.60_bmax_nominal_equality,nominal_equality,False,0.08548890218,budget,mean,0.6,0.5,0.03,5940
E3,***电子(中国)有限公司***分公司,C,elastic_net_logistic,0.02153611417,selected_model_risk_score,123,1,放贷,优化模型选择,100,1000000,0.0905,9.05,0.5900970447,0.4099029553,40.99029553,0.5,0.03,3.629730908,0.4413858422,1.229708866,1.9586362,0.019586362,budget_0.60_bmax_nominal_equality,nominal_equality,False,0.025281018,budget,mean,0.6,0.5,0.03,5940
E30,***建筑工程有限公司,B,elastic_net_logistic,0.07713913412,selected_model_risk_score,94,0.7642276423,放贷,优化模型选择,100,1000000,0.1425,14.25,0.8439092946,0.1560907054,15.60907054,0.5,0.03,2.05271255,0.6020350929,0.4682721162,0.9824053413,0.009824053413,budget_0.60_bmax_nominal_equality,nominal_equality,False,0.1024182862,budget,mean,0.6,0.5,0.03,5940
E31,***食品有限公司,A,elastic_net_logistic,0.0367643069,selected_model_risk_score,115,0.9349593496,放贷,优化模型选择,100,1000000,0.0985,9.85,0.7083020233,0.2916979767,29.16979767,0.5,0.03,2.767592942,0.5362036969,0.8750939301,1.356295315,0.01356295315,budget_0.60_bmax_nominal_equality,nominal_equality,False,0.04188668071,budget,mean,0.6,0.5,0.03,5940
E32,***建筑劳务有限公司,B,elastic_net_logistic,0.09279588464,selected_model_risk_score,79,0.6422764228,放贷,优化模型选择,100,1000000,0.1425,14.25,0.8439092946,0.1560907054,15.60907054,0.5,0.03,2.017887357,0.7242287546,0.4682721162,0.8253864861,0.008253864861,budget_0.60_bmax_nominal_equality,nominal_equality,False,0.104597557,budget,mean,0.6,0.5,0.03,5940
E33,***园林有限责任公司,B,elastic_net_logistic,0.09823760896,selected_model_risk_score,77,0.6260162602,放贷,优化模型选择,100,1000000,0.1425,14.25,0.8439092946,0.1560907054,15.60907054,0.5,0.03,2.00578337,0.766698884,0.4682721162,0.7708123699,0.007708123699,budget_0.60_bmax_nominal_equality,nominal_equality,False,0.1158892222,budget,mean,0.6,0.5,0.03,5940
E34,***建设工程有限公司,B,elastic_net_logistic,0.1015652078,selected_model_risk_score,75,0.6097560976,放贷,优化模型选择,100,1000000,0.1425,14.25,0.8439092946,0.1560907054,15.60907054,0.5,0.03,1.998381817,0.7926692465,0.4682721162,0.737440454,0.00737440454,budget_0.60_bmax_nominal_equality,nominal_equality,False,0.1393444528,budget,mean,0.6,0.5,0.03,5940
E35,***商贸有限公司,B,elastic_net_logistic,0.08567951436,selected_model_risk_score,83,0.674796748,放贷,优化模型选择,100,1000000,0.1425,14.25,0.8439092946,0.1560907054,15.60907054,0.5,0.03,2.033716246,0.6686887917,0.4682721162,0.8967553384,0.008967553384,budget_0.60_bmax_nominal_equality,nominal_equality,False,0.1006056864,budget,mean,0.6,0.5,0.03,5940
E36,***超硬材料有限公司,D,elastic_net_logistic,0.05081789908,selected_model_risk_score,107,0.8699186992,不放贷,D级企业原则上不予放贷,0,0,,,,,0,0.5,0.03,0,0,0,0,,budget_0.60_bmax_nominal_equality,nominal_equality,False,0.06163613971,budget,mean,0.6,0.5,0.03,5940
E37,***木业有限公司,B,elastic_net_logistic,0.084549486,selected_model_risk_score,84,0.6829268293,放贷,优化模型选择,100,1000000,0.1425,14.25,0.8439092946,0.1560907054,15.60907054,0.5,0.03,2.03622976,0.6598694455,0.4682721162,0.9080881982,0.009080881982,budget_0.60_bmax_nominal_equality,nominal_equality,False,0.1088428529,budget,mean,0.6,0.5,0.03,5940
E38,***建设工程有限公司,B,elastic_net_logistic,0.1218095512,selected_model_risk_score,63,0.512195122,放贷,优化模型选择,100,1000000,0.1425,14.25,0.8439092946,0.1560907054,15.60907054,0.5,0.03,1.953352474,0.9506669386,0.4682721162,0.5344134197,0.005344134197,budget_0.60_bmax_nominal_equality,nominal_equality,False,0.1460270212,budget,mean,0.6,0.5,0.03,5940
E39,***建筑劳务有限公司,C,elastic_net_logistic,0.1815109557,selected_model_risk_score,52,0.4227642276,不放贷,优化模型未选择,0,0,,,,,0,0.5,0.03,0,0,0,0,,budget_0.60_bmax_nominal_equality,nominal_equality,False,0.2307578892,budget,mean,0.6,0.5,0.03,5940
E4,***发展有限责任公司,C,elastic_net_logistic,0.03106769432,selected_model_risk_score,118,0.9593495935,放贷,优化模型选择,100,1000000,0.1105,11.05,0.7151023945,0.2848976055,28.48976055,0.5,0.03,3.050313756,0.442555586,0.8546928165,1.753065354,0.01753065354,budget_0.60_bmax_nominal_equality,nominal_equality,False,0.04400979025,budget,mean,0.6,0.5,0.03,5940
E40,***财税咨询服务有限公司,C,elastic_net_logistic,0.08113873174,selected_model_risk_score,90,0.7317073171,放贷,优化模型选择,100,1000000,0.1425,14.25,0.8405321006,0.1594678994,15.94678994,0.5,0.03,2.088036487,0.6469511555,0.4784036982,0.9626816334,0.009626816334,budget_0.60_bmax_nominal_equality,nominal_equality,False,0.09293248415,budget,mean,0.6,0.5,0.03,5940
E41,***物业发展有限公司,C,elastic_net_logistic,0.07916167381,selected_model_risk_score,91,0.7398373984,放贷,优化模型选择,100,1000000,0.1425,14.25,0.8405321006,0.1594678994,15.94678994,0.5,0.03,2.092529188,0.6311872918,0.4784036982,0.9829381983,0.009829381983,budget_0.60_bmax_nominal_equality,nominal_equality,False,0.09683047914,budget,mean,0.6,0.5,0.03,5940
E42,***园艺场,A,elastic_net_logistic,0.1200846128,selected_model_risk_score,66,0.5365853659,放贷,优化模型选择,40,400000,0.1425,14.25,0.8801803134,0.1198196866,4.792787464,0.5,0.03,0.6009577598,0.2877700134,0.1437836239,0.1694041225,0.004235103061,budget_0.60_bmax_nominal_equality,nominal_equality,False,0.1475914741,budget,mean,0.6,0.5,0.03,5940
E43,***建设工程有限公司,B,elastic_net_logistic,0.1927952664,selected_model_risk_score,48,0.3902439024,不放贷,优化模型未选择,0,0,,,,,0,0.5,0.03,0,0,0,0,,budget_0.60_bmax_nominal_equality,nominal_equality,False,0.2145282193,budget,mean,0.6,0.5,0.03,5940
E44,***商贸有限公司,C,elastic_net_logistic,0.08616234673,selected_model_risk_score,82,0.6666666667,放贷,优化模型选择,100,1000000,0.1425,14.25,0.8405321006,0.1594678994,15.94678994,0.5,0.03,2.076620736,0.687006422,0.4784036982,0.911210616,0.00911210616,budget_0.60_bmax_nominal_equality,nominal_equality,False,0.1035354806,budget,mean,0.6,0.5,0.03,5940
E45,个体经营E45,B,elastic_net_logistic,0.1068056002,selected_model_risk_score,73,0.593495935,放贷,优化模型选择,100,1000000,0.1425,14.25,0.8439092946,0.1560907054,15.60907054,0.5,0.03,1.986725651,0.8335680738,0.4682721162,0.6848854609,0.006848854609,budget_0.60_bmax_nominal_equality,nominal_equality,False,0.1219197504,budget,mean,0.6,0.5,0.03,5940
E46,***广告传媒有限公司,C,elastic_net_logistic,0.05276002815,selected_model_risk_score,105,0.8536585366,放贷,优化模型选择,100,1000000,0.1105,11.05,0.7151023945,0.2848976055,28.48976055,0.5,0.03,2.982023718,0.7515602843,0.8546928165,1.375770617,0.01375770617,budget_0.60_bmax_nominal_equality,nominal_equality,False,0.06245378683,budget,mean,0.6,0.5,0.03,5940
E47,***控制设备有限责任公司,C,elastic_net_logistic,0.05124807767,selected_model_risk_score,106,0.8617886179,放贷,优化模型选择,100,1000000,0.1105,11.05,0.7151023945,0.2848976055,28.48976055,0.5,0.03,2.986783517,0.7300227307,0.8546928165,1.40206797,0.0140206797,budget_0.60_bmax_nominal_equality,nominal_equality,False,0.05822355401,budget,mean,0.6,0.5,0.03,5940
E48,***化工有限公司,A,elastic_net_logistic,0.07070577235,selected_model_risk_score,97,0.7886178862,放贷,优化模型选择,100,1000000,0.1225,12.25,0.8148090077,0.1851909923,18.51909923,0.5,0.03,2.108187272,0.6547036071,0.5555729769,0.8979106879,0.008979106879,budget_0.60_bmax_nominal_equality,nominal_equality,False,0.08921054517,budget,mean,0.6,0.5,0.03,5940
E49,***地球环保科技有限公司,C,elastic_net_logistic,0.09803729486,selected_model_risk_score,78,0.6341463415,放贷,优化模型选择,100,1000000,0.1425,14.25,0.8405321006,0.1594678994,15.94678994,0.5,0.03,2.049635895,0.7816900737,0.4784036982,0.7895421235,0.007895421235,budget_0.60_bmax_nominal_equality,nominal_equality,False,0.1105965348,budget,mean,0.6,0.5,0.03,5940
E5,***供应链管理有限公司,B,elastic_net_logistic,0.05668387407,selected_model_risk_score,103,0.837398374,放贷,优化模型选择,100,1000000,0.1065,10.65,0.7053159925,0.2946840075,29.46840075,0.5,0.03,2.960488878,0.8351915586,0.8840520225,1.241245297,0.01241245297,budget_0.60_bmax_nominal_equality,nominal_equality,False,0.07330978844,budget,mean,0.6,0.5,0.03,5940
E50,***建筑劳务有限公司,C,elastic_net_logistic,0.1692453772,selected_model_risk_score,54,0.4390243902,不放贷,优化模型未选择,0,0,,,,,0,0.5,0.03,0,0,0,0,,budget_0.60_bmax_nominal_equality,nominal_equality,False,0.2040258114,budget,mean,0.6,0.5,0.03,5940
E51,***物流有限公司,B,elastic_net_logistic,0.0697365828,selected_model_risk_score,98,0.7967479675,放贷,优化模型选择,100,1000000,0.1425,14.25,0.8439092946,0.1560907054,15.60907054,0.5,0.03,2.06917799,0.5442616201,0.4682721162,1.056644254,0.01056644254,budget_0.60_bmax_nominal_equality,nominal_equality,False,0.07874952738,budget,mean,0.6,0.5,0.03,5940
E52,***商贸有限公司,D,elastic_net_logistic,0.2136303318,selected_model_risk_score,44,0.3577235772,不放贷,D级企业原则上不予放贷,0,0,,,,,0,0.5,0.03,0,0,0,0,,budget_0.60_bmax_nominal_equality,nominal_equality,False,0.2416471762,budget,mean,0.6,0.5,0.03,5940
E53,***文化传媒有限公司,C,elastic_net_logistic,0.107156181,selected_model_risk_score,71,0.5772357724,放贷,优化模型选择,100,1000000,0.1425,14.25,0.8405321006,0.1594678994,15.94678994,0.5,0.03,2.028913978,0.8543985546,0.4784036982,0.6961117256,0.006961117256,budget_0.60_bmax_nominal_equality,nominal_equality,False,0.1294528809,budget,mean,0.6,0.5,0.03,5940
E54,***新技术开发有限公司,A,elastic_net_logistic,0.06439978133,selected_model_risk_score,101,0.8211382114,放贷,优化模型选择,100,1000000,0.1225,12.25,0.8148090077,0.1851909923,18.51909923,0.5,0.03,2.122492978,0.5963129704,0.5555729769,0.9706070306,0.009706070306,budget_0.60_bmax_nominal_equality,nominal_equality,False,0.08481402429,budget,mean,0.6,0.5,0.03,5940
E55,***集团有限公司***电力设备分公司,C,elastic_net_logistic,0.1835760094,selected_model_risk_score,51,0.4146341463,不放贷,优化模型未选择,0,0,,,,,0,0.5,0.03,0,0,0,0,,budget_0.60_bmax_nominal_equality,nominal_equality,False,0.2408611135,budget,mean,0.6,0.5,0.03,5940
E56,***家居材料***有限公司,C,elastic_net_logistic,0.08755638262,selected_model_risk_score,81,0.6585365854,放贷,优化模型选择,100,1000000,0.1425,14.25,0.8405321006,0.1594678994,15.94678994,0.5,0.03,2.073452905,0.6981216208,0.4784036982,0.8969275856,0.008969275856,budget_0.60_bmax_nominal_equality,nominal_equality,False,0.1073776577,budget,mean,0.6,0.5,0.03,5940
E57,***机械设备有限公司,B,elastic_net_logistic,0.1025680758,selected_model_risk_score,74,0.6016260163,放贷,优化模型选择,100,1000000,0.1425,14.25,0.8439092946,0.1560907054,15.60907054,0.5,0.03,1.996151145,0.8004961652,0.4682721162,0.7273828635,0.007273828635,budget_0.60_bmax_nominal_equality,nominal_equality,False,0.1291130293,budget,mean,0.6,0.5,0.03,5940
E58,***油气工程建设有限责任公司,B,elastic_net_logistic,0.1498825704,selected_model_risk_score,58,0.4715447154,不放贷,优化模型未选择,0,0,,,,,0,0.5,0.03,0,0,0,0,,budget_0.60_bmax_nominal_equality,nominal_equality,False,0.166452668,budget,mean,0.6,0.5,0.03,5940
E59,***商贸有限公司,A,elastic_net_logistic,0.06896464342,selected_model_risk_score,99,0.8048780488,放贷,优化模型选择,100,1000000,0.1225,12.25,0.8148090077,0.1851909923,18.51909923,0.5,0.03,2.112137179,0.6385815374,0.5555729769,0.9179826647,0.009179826647,budget_0.60_bmax_nominal_equality,nominal_equality,False,0.07641618763,budget,mean,0.6,0.5,0.03,5940
E6,***装饰设计工程有限公司,A,elastic_net_logistic,0.03828902106,selected_model_risk_score,114,0.9268292683,放贷,优化模型选择,100,1000000,0.0985,9.85,0.7083020233,0.2916979767,29.16979767,0.5,0.03,2.763212095,0.5584414987,0.8750939301,1.329676667,0.01329676667,budget_0.60_bmax_nominal_equality,nominal_equality,False,0.04389193776,budget,mean,0.6,0.5,0.03,5940
E60,***机械租赁有限公司,B,elastic_net_logistic,0.2143912442,selected_model_risk_score,43,0.3495934959,不放贷,优化模型未选择,0,0,,,,,0,0.5,0.03,0,0,0,0,,budget_0.60_bmax_nominal_equality,nominal_equality,False,0.2335825691,budget,mean,0.6,0.5,0.03,5940
E61,***调味品有限公司,B,elastic_net_logistic,0.07788330382,selected_model_risk_score,92,0.7479674797,放贷,优化模型选择,100,1000000,0.1425,14.25,0.8439092946,0.1560907054,15.60907054,0.5,0.03,2.051057299,0.6078429916,0.4682721162,0.9749421915,0.009749421915,budget_0.60_bmax_nominal_equality,nominal_equality,False,0.09484916536,budget,mean,0.6,0.5,0.03,5940
E62,***工程造价咨询有限公司***分公司,B,elastic_net_logistic,0.1214523958,selected_model_risk_score,64,0.5203252033,放贷,优化模型选择,100,1000000,0.1425,14.25,0.8439092946,0.1560907054,15.60907054,0.5,0.03,1.954146893,0.9478795066,0.4682721162,0.5379952697,0.005379952697,budget_0.60_bmax_nominal_equality,nominal_equality,False,0.1450170246,budget,mean,0.6,0.5,0.03,5940
E63,***科技有限公司,B,elastic_net_logistic,0.08368298573,selected_model_risk_score,86,0.6991869919,放贷,优化模型选择,100,1000000,0.1425,14.25,0.8439092946,0.1560907054,15.60907054,0.5,0.03,2.03815711,0.6531068136,0.4682721162,0.9167781802,0.009167781802,budget_0.60_bmax_nominal_equality,nominal_equality,False,0.1084106096,budget,mean,0.6,0.5,0.03,5940
E64,***图书有限责任公司,A,elastic_net_logistic,0.1124750355,selected_model_risk_score,69,0.5609756098,放贷,优化模型选择,100,1000000,0.1425,14.25,0.8801803134,0.1198196866,11.98196866,0.5,0.03,1.515387224,0.6738361752,0.3594590598,0.4820919891,0.004820919891,budget_0.60_bmax_nominal_equality,nominal_equality,False,0.1209520698,budget,mean,0.6,0.5,0.03,5940
E65,***商贸有限公司,B,elastic_net_logistic,0.0894097801,selected_model_risk_score,80,0.6504065041,放贷,优化模型选择,100,1000000,0.1425,14.25,0.8439092946,0.1560907054,15.60907054,0.5,0.03,2.025419044,0.6978017823,0.4682721162,0.8593451455,0.008593451455,budget_0.60_bmax_nominal_equality,nominal_equality,False,0.1016662421,budget,mean,0.6,0.5,0.03,5940
E66,***快递有限公司,B,elastic_net_logistic,0.2947622952,selected_model_risk_score,30,0.243902439,不放贷,优化模型未选择,0,0,,,,,0,0.5,0.03,0,0,0,0,,budget_0.60_bmax_nominal_equality,nominal_equality,False,0.3741353375,budget,mean,0.6,0.5,0.03,5940
E67,***信息技术有限公司,B,elastic_net_logistic,0.1845447393,selected_model_risk_score,50,0.406504065,不放贷,优化模型未选择,0,0,,,,,0,0.5,0.03,0,0,0,0,,budget_0.60_bmax_nominal_equality,nominal_equality,False,0.2088292217,budget,mean,0.6,0.5,0.03,5940
E68,***花木总公司,C,elastic_net_logistic,0.3380718151,selected_model_risk_score,28,0.2276422764,不放贷,优化模型未选择,0,0,,,,,0,0.5,0.03,0,0,0,0,,budget_0.60_bmax_nominal_equality,nominal_equality,False,0.3824767947,budget,mean,0.6,0.5,0.03,5940
E69,***电子器材经营部,C,elastic_net_logistic,0.2503652668,selected_model_risk_score,38,0.3089430894,不放贷,优化模型未选择,0,0,,,,,0,0.5,0.03,0,0,0,0,,budget_0.60_bmax_nominal_equality,nominal_equality,False,0.3207126735,budget,mean,0.6,0.5,0.03,5940
E7,***家电有限公司***分公司,A,elastic_net_logistic,0.02580342326,selected_model_risk_score,121,0.9837398374,放贷,优化模型选择,100,1000000,0.0985,9.85,0.7083020233,0.2916979767,29.16979767,0.5,0.03,2.799086028,0.3763403178,0.8750939301,1.54765178,0.0154765178,budget_0.60_bmax_nominal_equality,nominal_equality,False,0.03436137967,budget,mean,0.6,0.5,0.03,5940
E70,***科技有限公司,B,elastic_net_logistic,0.1379471805,selected_model_risk_score,60,0.487804878,不放贷,优化模型未选择,0,0,,,,,0,0.5,0.03,0,0,0,0,,budget_0.60_bmax_nominal_equality,nominal_equality,False,0.1557212843,budget,mean,0.6,0.5,0.03,5940
E71,***农业科技有限公司,B,elastic_net_logistic,0.2041897012,selected_model_risk_score,45,0.3658536585,不放贷,优化模型未选择,0,0,,,,,0,0.5,0.03,0,0,0,0,,budget_0.60_bmax_nominal_equality,nominal_equality,False,0.2461670708,budget,mean,0.6,0.5,0.03,5940
E72,***图书有限公司,C,elastic_net_logistic,0.2897171126,selected_model_risk_score,32,0.2601626016,不放贷,优化模型未选择,0,0,,,,,0,0.5,0.03,0,0,0,0,,budget_0.60_bmax_nominal_equality,nominal_equality,False,0.3383260035,budget,mean,0.6,0.5,0.03,5940
E73,***商贸有限责任公司,C,elastic_net_logistic,0.1183311273,selected_model_risk_score,67,0.5447154472,放贷,优化模型选择,100,1000000,0.1425,14.25,0.8405321006,0.1594678994,15.94678994,0.5,0.03,2.003519834,0.9435008152,0.4784036982,0.5816153207,0.005816153207,budget_0.60_bmax_nominal_equality,nominal_equality,False,0.150943928,budget,mean,0.6,0.5,0.03,5940
E74,***蔬菜专业合作社,B,elastic_net_logistic,0.1539591335,selected_model_risk_score,56,0.4552845528,不放贷,优化模型未选择,0,0,,,,,0,0.5,0.03,0,0,0,0,,budget_0.60_bmax_nominal_equality,nominal_equality,False,0.1754997095,budget,mean,0.6,0.5,0.03,5940
E75,***酒店管理有限公司,C,elastic_net_logistic,0.1070850165,selected_model_risk_score,72,0.5853658537,放贷,优化模型选择,100,1000000,0.1425,14.25,0.8405321006,0.1594678994,15.94678994,0.5,0.03,2.029075694,0.8538311319,0.4784036982,0.6968408637,0.006968408637,budget_0.60_bmax_nominal_equality,nominal_equality,False,0.1282680192,budget,mean,0.6,0.5,0.03,5940
E76,***信息科技有限公司,B,elastic_net_logistic,0.1706660196,selected_model_risk_score,53,0.4308943089,不放贷,优化模型未选择,0,0,,,,,0,0.5,0.03,0,0,0,0,,budget_0.60_bmax_nominal_equality,nominal_equality,False,0.1979402602,budget,mean,0.6,0.5,0.03,5940
E77,***机电设备有限公司,C,elastic_net_logistic,0.3665492679,selected_model_risk_score,25,0.2032520325,不放贷,优化模型未选择,0,0,,,,,0,0.5,0.03,0,0,0,0,,budget_0.60_bmax_nominal_equality,nominal_equality,False,0.4663549766,budget,mean,0.6,0.5,0.03,5940
E78,个体经营E78,C,elastic_net_logistic,0.1211539626,selected_model_risk_score,65,0.5284552846,放贷,优化模型选择,100,1000000,0.1425,14.25,0.8405321006,0.1594678994,15.94678994,0.5,0.03,1.997105174,0.966008396,0.4784036982,0.5526930794,0.005526930794,budget_0.60_bmax_nominal_equality,nominal_equality,False,0.1481587806,budget,mean,0.6,0.5,0.03,5940
E79,***鞋业有限公司,B,elastic_net_logistic,0.2025177165,selected_model_risk_score,46,0.3739837398,不放贷,优化模型未选择,0,0,,,,,0,0.5,0.03,0,0,0,0,,budget_0.60_bmax_nominal_equality,nominal_equality,False,0.2207361419,budget,mean,0.6,0.5,0.03,5940
E8,***科学研究院有限公司,A,elastic_net_logistic,0.02606005345,selected_model_risk_score,120,0.9756097561,放贷,优化模型选择,100,1000000,0.0985,9.85,0.7083020233,0.2916979767,29.16979767,0.5,0.03,2.798348672,0.3800832432,0.8750939301,1.543171498,0.01543171498,budget_0.60_bmax_nominal_equality,nominal_equality,False,0.03439017911,budget,mean,0.6,0.5,0.03,5940
E80,***实业有限责任公司,C,elastic_net_logistic,0.3432370641,selected_model_risk_score,26,0.2113821138,不放贷,优化模型未选择,0,0,,,,,0,0.5,0.03,0,0,0,0,,budget_0.60_bmax_nominal_equality,nominal_equality,False,0.3865190631,budget,mean,0.6,0.5,0.03,5940
E81,***机械设备有限公司,A,elastic_net_logistic,0.1154202468,selected_model_risk_score,68,0.5528455285,放贷,优化模型选择,100,1000000,0.1425,14.25,0.8801803134,0.1198196866,11.98196866,0.5,0.03,1.51035848,0.6914808899,0.3594590598,0.4594185307,0.004594185307,budget_0.60_bmax_nominal_equality,nominal_equality,False,0.1339413155,budget,mean,0.6,0.5,0.03,5940
E82,***商贸有限公司,D,elastic_net_logistic,0.194614899,selected_model_risk_score,47,0.3821138211,不放贷,D级企业原则上不予放贷,0,0,,,,,0,0.5,0.03,0,0,0,0,,budget_0.60_bmax_nominal_equality,nominal_equality,False,0.2318618526,budget,mean,0.6,0.5,0.03,5940
E83,***社会福利院（***社会福利社会化服务中心）,B,elastic_net_logistic,0.5444532255,selected_model_risk_score,13,0.1056910569,不放贷,优化模型未选择,0,0,,,,,0,0.5,0.03,0,0,0,0,,budget_0.60_bmax_nominal_equality,nominal_equality,False,0.6237840466,budget,mean,0.6,0.5,0.03,5940
E84,***建材有限公司,A,elastic_net_logistic,0.1532688251,selected_model_risk_score,57,0.4634146341,不放贷,优化模型未选择,0,0,,,,,0,0.5,0.03,0,0,0,0,,budget_0.60_bmax_nominal_equality,nominal_equality,False,0.1694921296,budget,mean,0.6,0.5,0.03,5940
E85,***安防科技有限公司,B,elastic_net_logistic,0.2264316686,selected_model_risk_score,42,0.3414634146,不放贷,优化模型未选择,0,0,,,,,0,0.5,0.03,0,0,0,0,,budget_0.60_bmax_nominal_equality,nominal_equality,False,0.2483347601,budget,mean,0.6,0.5,0.03,5940
E86,***地质工程勘察院***分院,C,elastic_net_logistic,0.2808208394,selected_model_risk_score,34,0.2764227642,不放贷,优化模型未选择,0,0,,,,,0,0.5,0.03,0,0,0,0,,budget_0.60_bmax_nominal_equality,nominal_equality,False,0.3548090468,budget,mean,0.6,0.5,0.03,5940
E87,***实业有限责任公司,C,elastic_net_logistic,0.234076271,selected_model_risk_score,40,0.325203252,不放贷,优化模型未选择,0,0,,,,,0,0.5,0.03,0,0,0,0,,budget_0.60_bmax_nominal_equality,nominal_equality,False,0.2796569295,budget,mean,0.6,0.5,0.03,5940
E88,***贸易有限公司,A,elastic_net_logistic,0.1654327803,selected_model_risk_score,55,0.4471544715,不放贷,优化模型未选择,0,0,,,,,0,0.5,0.03,0,0,0,0,,budget_0.60_bmax_nominal_equality,nominal_equality,False,0.189066442,budget,mean,0.6,0.5,0.03,5940
E89,***物资有限公司,A,elastic_net_logistic,0.3344336244,selected_model_risk_score,29,0.2357723577,不放贷,优化模型未选择,0,0,,,,,0,0.5,0.03,0,0,0,0,,budget_0.60_bmax_nominal_equality,nominal_equality,False,0.3672701532,budget,mean,0.6,0.5,0.03,5940
E9,***生活用品服务有限公司***分公司,A,elastic_net_logistic,0.02174866462,selected_model_risk_score,122,0.9918699187,放贷,优化模型选择,100,1000000,0.0985,9.85,0.7083020233,0.2916979767,29.16979767,0.5,0.03,2.810736262,0.3172020733,0.8750939301,1.618440259,0.01618440259,budget_0.60_bmax_nominal_equality,nominal_equality,False,0.02531048472,budget,mean,0.6,0.5,0.03,5940
E90,***文化传媒有限责任公司,C,elastic_net_logistic,0.2928954659,selected_model_risk_score,31,0.2520325203,不放贷,优化模型未选择,0,0,,,,,0,0.5,0.03,0,0,0,0,,budget_0.60_bmax_nominal_equality,nominal_equality,False,0.3272754126,budget,mean,0.6,0.5,0.03,5940
E91,***科技实业有限公司,A,elastic_net_logistic,0.123879862,selected_model_risk_score,62,0.5040650407,不放贷,优化模型未选择,0,0,,,,,0,0.5,0.03,0,0,0,0,,budget_0.60_bmax_nominal_equality,nominal_equality,False,0.1563985381,budget,mean,0.6,0.5,0.03,5940
E92,***地质灾害防治有限公司,C,elastic_net_logistic,0.3701163354,selected_model_risk_score,24,0.1951219512,不放贷,优化模型未选择,0,0,,,,,0,0.5,0.03,0,0,0,0,,budget_0.60_bmax_nominal_equality,nominal_equality,False,0.4190045907,budget,mean,0.6,0.5,0.03,5940
E93,***电脑设计事务所,B,elastic_net_logistic,0.2376719561,selected_model_risk_score,39,0.3170731707,不放贷,优化模型未选择,0,0,,,,,0,0.5,0.03,0,0,0,0,,budget_0.60_bmax_nominal_equality,nominal_equality,False,0.2575297987,budget,mean,0.6,0.5,0.03,5940
E94,***汽车美容有限公司,C,elastic_net_logistic,0.3420261826,selected_model_risk_score,27,0.2195121951,不放贷,优化模型未选择,0,0,,,,,0,0.5,0.03,0,0,0,0,,budget_0.60_bmax_nominal_equality,nominal_equality,False,0.3879661601,budget,mean,0.6,0.5,0.03,5940
E95,***兰花店,B,elastic_net_logistic,0.1441316116,selected_model_risk_score,59,0.4796747967,不放贷,优化模型未选择,0,0,,,,,0,0.5,0.03,0,0,0,0,,budget_0.60_bmax_nominal_equality,nominal_equality,False,0.1745511804,budget,mean,0.6,0.5,0.03,5940
E96,***土地整理有限公司,C,elastic_net_logistic,0.8080355745,selected_model_risk_score,1,0.008130081301,不放贷,优化模型未选择,0,0,,,,,0,0.5,0.03,0,0,0,0,,budget_0.60_bmax_nominal_equality,nominal_equality,False,0.854739214,budget,mean,0.6,0.5,0.03,5940
E97,***美工装饰部,B,elastic_net_logistic,0.2602897628,selected_model_risk_score,35,0.2845528455,不放贷,优化模型未选择,0,0,,,,,0,0.5,0.03,0,0,0,0,,budget_0.60_bmax_nominal_equality,nominal_equality,False,0.3283525845,budget,mean,0.6,0.5,0.03,5940
E98,***文化传播有限公司,B,elastic_net_logistic,0.2814270169,selected_model_risk_score,33,0.2682926829,不放贷,优化模型未选择,0,0,,,,,0,0.5,0.03,0,0,0,0,,budget_0.60_bmax_nominal_equality,nominal_equality,False,0.3034353338,budget,mean,0.6,0.5,0.03,5940
E99,***建筑工程有限责任公司,D,elastic_net_logistic,0.5839846822,selected_model_risk_score,10,0.08130081301,不放贷,D级企业原则上不予放贷,0,0,,,,,0,0.5,0.03,0,0,0,0,,budget_0.60_bmax_nominal_equality,nominal_equality,False,0.6898712011,budget,mean,0.6,0.5,0.03,5940
E1,***电器销售有限公司,A,elastic_net_logistic,0.05655542179,selected_model_risk_score,104,0.8455284553,放贷,优化模型选择,100,1000000,0.1225,12.25,0.8148090077,0.1851909923,18.51909923,0.5,0.03,2.140288611,0.5236777341,0.5555729769,1.0610379,0.010610379,budget_0.70_bmax_nominal_equality,nominal_equality,False,0.0730491674,budget,mean,0.7,0.5,0.03,6930
E10,***建筑劳务有限公司,B,elastic_net_logistic,0.06093491817,selected_model_risk_score,102,0.8292682927,放贷,优化模型选择,100,1000000,0.1185,11.85,0.7692116619,0.2307883381,23.07883381,0.5,0.03,2.568194445,0.7031534248,0.6923650143,1.172676006,0.01172676006,budget_0.70_bmax_nominal_equality,nominal_equality,False,0.07833730674,budget,mean,0.7,0.5,0.03,6930
E100,***装饰工程有限公司,D,elastic_net_logistic,0.2578903118,selected_model_risk_score,36,0.2926829268,不放贷,D级企业原则上不予放贷,0,0,,,,,0,0.5,0.03,0,0,0,0,,budget_0.70_bmax_nominal_equality,nominal_equality,False,0.3416804479,budget,mean,0.7,0.5,0.03,6930
E101,***灯饰工程有限公司,D,elastic_net_logistic,0.7098560409,selected_model_risk_score,6,0.0487804878,不放贷,D级企业原则上不予放贷,0,0,,,,,0,0.5,0.03,0,0,0,0,,budget_0.70_bmax_nominal_equality,nominal_equality,False,0.7897592201,budget,mean,0.7,0.5,0.03,6930
E102,***大药房有限责任公司,D,elastic_net_logistic,0.4733747116,selected_model_risk_score,17,0.1382113821,不放贷,D级企业原则上不予放贷,0,0,,,,,0,0.5,0.03,0,0,0,0,,budget_0.70_bmax_nominal_equality,nominal_equality,False,0.6183651775,budget,mean,0.7,0.5,0.03,6930
E103,***科技有限公司,D,elastic_net_logistic,0.4055458126,selected_model_risk_score,22,0.1788617886,不放贷,D级企业原则上不予放贷,0,0,,,,,0,0.5,0.03,0,0,0,0,,budget_0.70_bmax_nominal_equality,nominal_equality,False,0.4768661053,budget,mean,0.7,0.5,0.03,6930
E104,***管理咨询有限责任公司,C,elastic_net_logistic,0.5371556855,selected_model_risk_score,14,0.1138211382,不放贷,优化模型未选择,0,0,,,,,0,0.5,0.03,0,0,0,0,,budget_0.70_bmax_nominal_equality,nominal_equality,False,0.6048969633,budget,mean,0.7,0.5,0.03,6930
E105,***建材经营部,C,elastic_net_logistic,0.2296735143,selected_model_risk_score,41,0.3333333333,不放贷,优化模型未选择,0,0,,,,,0,0.5,0.03,0,0,0,0,,budget_0.70_bmax_nominal_equality,nominal_equality,False,0.3150886304,budget,mean,0.7,0.5,0.03,6930
E106,***财务管理有限公司,B,elastic_net_logistic,0.25387818,selected_model_risk_score,37,0.3008130081,不放贷,优化模型未选择,0,0,,,,,0,0.5,0.03,0,0,0,0,,budget_0.70_bmax_nominal_equality,nominal_equality,False,0.2861266308,budget,mean,0.7,0.5,0.03,6930
E107,***科技有限公司,D,elastic_net_logistic,0.6278756036,selected_model_risk_score,8,0.06504065041,不放贷,D级企业原则上不予放贷,0,0,,,,,0,0.5,0.03,0,0,0,0,,budget_0.70_bmax_nominal_equality,nominal_equality,False,0.6820972821,budget,mean,0.7,0.5,0.03,6930
E108,***商贸有限公司,D,elastic_net_logistic,0.5221807895,selected_model_risk_score,15,0.1219512195,不放贷,D级企业原则上不予放贷,0,0,,,,,0,0.5,0.03,0,0,0,0,,budget_0.70_bmax_nominal_equality,nominal_equality,False,0.6296705299,budget,mean,0.7,0.5,0.03,6930
E109,***服饰有限公司,D,elastic_net_logistic,0.5493640614,selected_model_risk_score,12,0.09756097561,不放贷,D级企业原则上不予放贷,0,0,,,,,0,0.5,0.03,0,0,0,0,,budget_0.70_bmax_nominal_equality,nominal_equality,False,0.6102205923,budget,mean,0.7,0.5,0.03,6930
E11,***建设工程有限公司,C,elastic_net_logistic,0.07723891572,selected_model_risk_score,93,0.756097561,放贷,优化模型选择,100,1000000,0.1425,14.25,0.8405321006,0.1594678994,15.94678994,0.5,0.03,2.096898498,0.6158563821,0.4784036982,1.002638417,0.01002638417,budget_0.70_bmax_nominal_equality,nominal_equality,False,0.1001763276,budget,mean,0.7,0.5,0.03,6930
E110,***通讯器材经营部,C,elastic_net_logistic,0.5711527053,selected_model_risk_score,11,0.08943089431,不放贷,优化模型未选择,0,0,,,,,0,0.5,0.03,0,0,0,0,,budget_0.70_bmax_nominal_equality,nominal_equality,False,0.6124762668,budget,mean,0.7,0.5,0.03,6930
E111,***科技有限公司,D,elastic_net_logistic,0.1919246162,selected_model_risk_score,49,0.3983739837,不放贷,D级企业原则上不予放贷,0,0,,,,,0,0.5,0.03,0,0,0,0,,budget_0.70_bmax_nominal_equality,nominal_equality,False,0.3189536769,budget,mean,0.7,0.5,0.03,6930
E112,***机械设备有限公司,D,elastic_net_logistic,0.4170540731,selected_model_risk_score,20,0.162601626,不放贷,D级企业原则上不予放贷,0,0,,,,,0,0.5,0.03,0,0,0,0,,budget_0.70_bmax_nominal_equality,nominal_equality,False,0.5129040595,budget,mean,0.7,0.5,0.03,6930
E113,***美居科技有限公司,D,elastic_net_logistic,0.7592451553,selected_model_risk_score,4,0.0325203252,不放贷,D级企业原则上不予放贷,0,0,,,,,0,0.5,0.03,0,0,0,0,,budget_0.70_bmax_nominal_equality,nominal_equality,False,0.8315439659,budget,mean,0.7,0.5,0.03,6930
E114,***食品有限责任公司,D,elastic_net_logistic,0.4770804739,selected_model_risk_score,16,0.1300813008,不放贷,D级企业原则上不予放贷,0,0,,,,,0,0.5,0.03,0,0,0,0,,budget_0.70_bmax_nominal_equality,nominal_equality,False,0.5421990478,budget,mean,0.7,0.5,0.03,6930
E115,***装饰工程有限公司,D,elastic_net_logistic,0.7835354924,selected_model_risk_score,2,0.0162601626,不放贷,D级企业原则上不予放贷,0,0,,,,,0,0.5,0.03,0,0,0,0,,budget_0.70_bmax_nominal_equality,nominal_equality,False,0.8331104651,budget,mean,0.7,0.5,0.03,6930
E116,***门窗有限公司,D,elastic_net_logistic,0.4160885126,selected_model_risk_score,21,0.1707317073,不放贷,D级企业原则上不予放贷,0,0,,,,,0,0.5,0.03,0,0,0,0,,budget_0.70_bmax_nominal_equality,nominal_equality,False,0.532859258,budget,mean,0.7,0.5,0.03,6930
E117,***人力资源管理咨询有限公司,D,elastic_net_logistic,0.6343060557,selected_model_risk_score,7,0.05691056911,不放贷,D级企业原则上不予放贷,0,0,,,,,0,0.5,0.03,0,0,0,0,,budget_0.70_bmax_nominal_equality,nominal_equality,False,0.7561127553,budget,mean,0.7,0.5,0.03,6930
E118,***体育用品有限公司,D,elastic_net_logistic,0.3859533716,selected_model_risk_score,23,0.1869918699,不放贷,D级企业原则上不予放贷,0,0,,,,,0,0.5,0.03,0,0,0,0,,budget_0.70_bmax_nominal_equality,nominal_equality,False,0.4429217794,budget,mean,0.7,0.5,0.03,6930
E119,***药房,D,elastic_net_logistic,0.6253065711,selected_model_risk_score,9,0.07317073171,不放贷,D级企业原则上不予放贷,0,0,,,,,0,0.5,0.03,0,0,0,0,,budget_0.70_bmax_nominal_equality,nominal_equality,False,0.6891769584,budget,mean,0.7,0.5,0.03,6930
E12,***建筑劳务有限公司,B,elastic_net_logistic,0.08202986653,selected_model_risk_score,88,0.7154471545,放贷,优化模型选择,100,1000000,0.1425,14.25,0.8439092946,0.1560907054,15.60907054,0.5,0.03,2.041834131,0.6402049865,0.4682721162,0.9333570281,0.009333570281,budget_0.70_bmax_nominal_equality,nominal_equality,False,0.1054632903,budget,mean,0.7,0.5,0.03,6930
E120,***陈列广告有限公司,D,elastic_net_logistic,0.721226934,selected_model_risk_score,5,0.0406504065,不放贷,D级企业原则上不予放贷,0,0,,,,,0,0.5,0.03,0,0,0,0,,budget_0.70_bmax_nominal_equality,nominal_equality,False,0.7608714869,budget,mean,0.7,0.5,0.03,6930
E121,***药业连锁有限公司***药店,D,elastic_net_logistic,0.4662178212,selected_model_risk_score,18,0.1463414634,不放贷,D级企业原则上不予放贷,0,0,,,,,0,0.5,0.03,0,0,0,0,,budget_0.70_bmax_nominal_equality,nominal_equality,False,0.5621951951,budget,mean,0.7,0.5,0.03,6930
E122,***商贸有限责任公司,D,elastic_net_logistic,0.4500783219,selected_model_risk_score,19,0.1544715447,不放贷,D级企业原则上不予放贷,0,0,,,,,0,0.5,0.03,0,0,0,0,,budget_0.70_bmax_nominal_equality,nominal_equality,False,0.6021516604,budget,mean,0.7,0.5,0.03,6930
E123,***创科技有限责任公司,D,elastic_net_logistic,0.7819761114,selected_model_risk_score,3,0.0243902439,不放贷,D级企业原则上不予放贷,0,0,,,,,0,0.5,0.03,0,0,0,0,,budget_0.70_bmax_nominal_equality,nominal_equality,False,0.8270597923,budget,mean,0.7,0.5,0.03,6930
E13,***汽车贸易有限公司,A,elastic_net_logistic,0.04053604698,selected_model_risk_score,113,0.918699187,放贷,优化模型选择,100,1000000,0.1025,10.25,0.7312754013,0.2687245987,26.87245987,0.5,0.03,2.642773549,0.5446516479,0.8061737961,1.291948105,0.01291948105,budget_0.70_bmax_nominal_equality,nominal_equality,False,0.05373417783,budget,mean,0.7,0.5,0.03,6930
E14,个体经营E14,C,elastic_net_logistic,0.03261041867,selected_model_risk_score,117,0.9512195122,放贷,优化模型选择,100,1000000,0.1105,11.05,0.7151023945,0.2848976055,28.48976055,0.5,0.03,3.045457077,0.4645315097,0.8546928165,1.726232751,0.01726232751,budget_0.70_bmax_nominal_equality,nominal_equality,False,0.04024201468,budget,mean,0.7,0.5,0.03,6930
E15,***劳务有限公司,A,elastic_net_logistic,0.07381492047,selected_model_risk_score,95,0.7723577236,放贷,优化模型选择,100,1000000,0.1225,12.25,0.8148090077,0.1851909923,18.51909923,0.5,0.03,2.101133891,0.6834929184,0.5555729769,0.8620679953,0.008620679953,budget_0.70_bmax_nominal_equality,nominal_equality,False,0.1036254123,budget,mean,0.7,0.5,0.03,6930
E16,***建筑劳务有限公司,A,elastic_net_logistic,0.04998777847,selected_model_risk_score,108,0.8780487805,放贷,优化模型选择,100,1000000,0.1025,10.25,0.7312754013,0.2687245987,26.87245987,0.5,0.03,2.616739443,0.6716472855,0.8061737961,1.138918362,0.01138918362,budget_0.70_bmax_nominal_equality,nominal_equality,False,0.0624669862,budget,mean,0.7,0.5,0.03,6930
E17,***消防工程有限公司,A,elastic_net_logistic,0.04649981408,selected_model_risk_score,111,0.9024390244,放贷,优化模型选择,100,1000000,0.1025,10.25,0.7312754013,0.2687245987,26.87245987,0.5,0.03,2.626346787,0.6247821939,0.8061737961,1.195390797,0.01195390797,budget_0.70_bmax_nominal_equality,nominal_equality,False,0.05349825243,budget,mean,0.7,0.5,0.03,6930
E18,***消防工程有限责任公司,A,elastic_net_logistic,0.04857513816,selected_model_risk_score,109,0.8861788618,放贷,优化模型选择,100,1000000,0.1025,10.25,0.7312754013,0.2687245987,26.87245987,0.5,0.03,2.620630458,0.6526667254,0.8061737961,1.161789936,0.01161789936,budget_0.70_bmax_nominal_equality,nominal_equality,False,0.06117933194,budget,mean,0.7,0.5,0.03,6930
E19,***科技有限公司,A,elastic_net_logistic,0.06543754966,selected_model_risk_score,100,0.8130081301,放贷,优化模型选择,100,1000000,0.1225,12.25,0.8148090077,0.1851909923,18.51909923,0.5,0.03,2.120138707,0.6059222378,0.5555729769,0.9586434928,0.009586434928,budget_0.70_bmax_nominal_equality,nominal_equality,False,0.09093656268,budget,mean,0.7,0.5,0.03,6930
E2,***技术有限责任公司,A,elastic_net_logistic,0.02833749753,selected_model_risk_score,119,0.9674796748,放贷,优化模型选择,100,1000000,0.0985,9.85,0.7083020233,0.2916979767,29.16979767,0.5,0.03,2.791805062,0.4132995347,0.8750939301,1.503411597,0.01503411597,budget_0.70_bmax_nominal_equality,nominal_equality,False,0.03642833627,budget,mean,0.7,0.5,0.03,6930
E20,***贸易有限公司,B,elastic_net_logistic,0.04546270238,selected_model_risk_score,112,0.9105691057,放贷,优化模型选择,100,1000000,0.1065,10.65,0.7053159925,0.2946840075,29.46840075,0.5,0.03,2.995705231,0.6698565665,0.8840520225,1.441796642,0.01441796642,budget_0.70_bmax_nominal_equality,nominal_equality,False,0.06402096704,budget,mean,0.7,0.5,0.03,6930
E21,***建设工程有限公司,B,elastic_net_logistic,0.08415779812,selected_model_risk_score,85,0.6910569106,放贷,优化模型选择,100,1000000,0.1425,14.25,0.8439092946,0.1560907054,15.60907054,0.5,0.03,2.037100988,0.6568125037,0.4682721162,0.9120163685,0.009120163685,budget_0.70_bmax_nominal_equality,nominal_equality,False,0.09612822768,budget,mean,0.7,0.5,0.03,6930
E22,***物流有限公司,A,elastic_net_logistic,0.08272431763,selected_model_risk_score,87,0.7073170732,放贷,优化模型选择,100,1000000,0.1225,12.25,0.8148090077,0.1851909923,18.51909923,0.5,0.03,2.080922124,0.7659899235,0.5555729769,0.7593592241,0.007593592241,budget_0.70_bmax_nominal_equality,nominal_equality,False,0.09349623574,budget,mean,0.7,0.5,0.03,6930
E23,***贸易有限公司,B,elastic_net_logistic,0.03337482103,selected_model_risk_score,116,0.9430894309,放贷,优化模型选择,100,1000000,0.1065,10.65,0.7053159925,0.2946840075,29.46840075,0.5,0.03,3.033641653,0.4917513005,0.8840520225,1.65783833,0.0165783833,budget_0.70_bmax_nominal_equality,nominal_equality,False,0.04082479351,budget,mean,0.7,0.5,0.03,6930
E24,***建筑工程有限公司,A,elastic_net_logistic,0.04702949043,selected_model_risk_score,110,0.8943089431,放贷,优化模型选择,100,1000000,0.1025,10.25,0.7312754013,0.2687245987,26.87245987,0.5,0.03,2.624887832,0.6318990471,0.8061737961,1.186814989,0.01186814989,budget_0.70_bmax_nominal_equality,nominal_equality,False,0.06125175229,budget,mean,0.7,0.5,0.03,6930
E25,***通讯设备有限公司,C,elastic_net_logistic,0.08202047653,selected_model_risk_score,89,0.7235772358,放贷,优化模型选择,100,1000000,0.1425,14.25,0.8405321006,0.1594678994,15.94678994,0.5,0.03,2.086032795,0.653981655,0.4784036982,0.9536474416,0.009536474416,budget_0.70_bmax_nominal_equality,nominal_equality,False,0.09686547054,budget,mean,0.7,0.5,0.03,6930
E26,***金属材料有限公司,A,elastic_net_logistic,0.1342940789,selected_model_risk_score,61,0.4959349593,放贷,优化模型选择,100,1000000,0.1425,14.25,0.8801803134,0.1198196866,11.98196866,0.5,0.03,1.478132723,0.8045537223,0.3594590598,0.3141199411,0.003141199411,budget_0.70_bmax_nominal_equality,nominal_equality,False,0.1782110185,budget,mean,0.7,0.5,0.03,6930
E27,***农业开发有限公司,A,elastic_net_logistic,0.1103832985,selected_model_risk_score,70,0.5691056911,放贷,优化模型选择,100,1000000,0.1425,14.25,0.8801803134,0.1198196866,11.98196866,0.5,0.03,1.51895872,0.6613046116,0.3594590598,0.4981950483,0.004981950483,budget_0.70_bmax_nominal_equality,nominal_equality,False,0.1369068444,budget,mean,0.7,0.5,0.03,6930
E28,***景观工程有限公司,B,elastic_net_logistic,0.09966092865,selected_model_risk_score,76,0.6178861789,放贷,优化模型选择,100,1000000,0.1425,14.25,0.8439092946,0.1560907054,15.60907054,0.5,0.03,2.002617491,0.7778072327,0.4682721162,0.7565381417,0.007565381417,budget_0.70_bmax_nominal_equality,nominal_equality,False,0.1193350508,budget,mean,0.7,0.5,0.03,6930
E29,***建筑劳务有限公司,C,elastic_net_logistic,0.07253671793,selected_model_risk_score,96,0.7804878049,放贷,优化模型选择,100,1000000,0.1425,14.25,0.8405321006,0.1594678994,15.94678994,0.5,0.03,2.107583854,0.5783639019,0.4784036982,1.050816254,0.01050816254,budget_0.70_bmax_nominal_equality,nominal_equality,False,0.08548890218,budget,mean,0.7,0.5,0.03,6930
E3,***电子(中国)有限公司***分公司,C,elastic_net_logistic,0.02153611417,selected_model_risk_score,123,1,放贷,优化模型选择,100,1000000,0.0905,9.05,0.5900970447,0.4099029553,40.99029553,0.5,0.03,3.629730908,0.4413858422,1.229708866,1.9586362,0.019586362,budget_0.70_bmax_nominal_equality,nominal_equality,False,0.025281018,budget,mean,0.7,0.5,0.03,6930
E30,***建筑工程有限公司,B,elastic_net_logistic,0.07713913412,selected_model_risk_score,94,0.7642276423,放贷,优化模型选择,100,1000000,0.1425,14.25,0.8439092946,0.1560907054,15.60907054,0.5,0.03,2.05271255,0.6020350929,0.4682721162,0.9824053413,0.009824053413,budget_0.70_bmax_nominal_equality,nominal_equality,False,0.1024182862,budget,mean,0.7,0.5,0.03,6930
E31,***食品有限公司,A,elastic_net_logistic,0.0367643069,selected_model_risk_score,115,0.9349593496,放贷,优化模型选择,100,1000000,0.0985,9.85,0.7083020233,0.2916979767,29.16979767,0.5,0.03,2.767592942,0.5362036969,0.8750939301,1.356295315,0.01356295315,budget_0.70_bmax_nominal_equality,nominal_equality,False,0.04188668071,budget,mean,0.7,0.5,0.03,6930
E32,***建筑劳务有限公司,B,elastic_net_logistic,0.09279588464,selected_model_risk_score,79,0.6422764228,放贷,优化模型选择,100,1000000,0.1425,14.25,0.8439092946,0.1560907054,15.60907054,0.5,0.03,2.017887357,0.7242287546,0.4682721162,0.8253864861,0.008253864861,budget_0.70_bmax_nominal_equality,nominal_equality,False,0.104597557,budget,mean,0.7,0.5,0.03,6930
E33,***园林有限责任公司,B,elastic_net_logistic,0.09823760896,selected_model_risk_score,77,0.6260162602,放贷,优化模型选择,100,1000000,0.1425,14.25,0.8439092946,0.1560907054,15.60907054,0.5,0.03,2.00578337,0.766698884,0.4682721162,0.7708123699,0.007708123699,budget_0.70_bmax_nominal_equality,nominal_equality,False,0.1158892222,budget,mean,0.7,0.5,0.03,6930
E34,***建设工程有限公司,B,elastic_net_logistic,0.1015652078,selected_model_risk_score,75,0.6097560976,放贷,优化模型选择,100,1000000,0.1425,14.25,0.8439092946,0.1560907054,15.60907054,0.5,0.03,1.998381817,0.7926692465,0.4682721162,0.737440454,0.00737440454,budget_0.70_bmax_nominal_equality,nominal_equality,False,0.1393444528,budget,mean,0.7,0.5,0.03,6930
E35,***商贸有限公司,B,elastic_net_logistic,0.08567951436,selected_model_risk_score,83,0.674796748,放贷,优化模型选择,100,1000000,0.1425,14.25,0.8439092946,0.1560907054,15.60907054,0.5,0.03,2.033716246,0.6686887917,0.4682721162,0.8967553384,0.008967553384,budget_0.70_bmax_nominal_equality,nominal_equality,False,0.1006056864,budget,mean,0.7,0.5,0.03,6930
E36,***超硬材料有限公司,D,elastic_net_logistic,0.05081789908,selected_model_risk_score,107,0.8699186992,不放贷,D级企业原则上不予放贷,0,0,,,,,0,0.5,0.03,0,0,0,0,,budget_0.70_bmax_nominal_equality,nominal_equality,False,0.06163613971,budget,mean,0.7,0.5,0.03,6930
E37,***木业有限公司,B,elastic_net_logistic,0.084549486,selected_model_risk_score,84,0.6829268293,放贷,优化模型选择,100,1000000,0.1425,14.25,0.8439092946,0.1560907054,15.60907054,0.5,0.03,2.03622976,0.6598694455,0.4682721162,0.9080881982,0.009080881982,budget_0.70_bmax_nominal_equality,nominal_equality,False,0.1088428529,budget,mean,0.7,0.5,0.03,6930
E38,***建设工程有限公司,B,elastic_net_logistic,0.1218095512,selected_model_risk_score,63,0.512195122,放贷,优化模型选择,100,1000000,0.1425,14.25,0.8439092946,0.1560907054,15.60907054,0.5,0.03,1.953352474,0.9506669386,0.4682721162,0.5344134197,0.005344134197,budget_0.70_bmax_nominal_equality,nominal_equality,False,0.1460270212,budget,mean,0.7,0.5,0.03,6930
E39,***建筑劳务有限公司,C,elastic_net_logistic,0.1815109557,selected_model_risk_score,52,0.4227642276,不放贷,优化模型未选择,0,0,,,,,0,0.5,0.03,0,0,0,0,,budget_0.70_bmax_nominal_equality,nominal_equality,False,0.2307578892,budget,mean,0.7,0.5,0.03,6930
E4,***发展有限责任公司,C,elastic_net_logistic,0.03106769432,selected_model_risk_score,118,0.9593495935,放贷,优化模型选择,100,1000000,0.1105,11.05,0.7151023945,0.2848976055,28.48976055,0.5,0.03,3.050313756,0.442555586,0.8546928165,1.753065354,0.01753065354,budget_0.70_bmax_nominal_equality,nominal_equality,False,0.04400979025,budget,mean,0.7,0.5,0.03,6930
E40,***财税咨询服务有限公司,C,elastic_net_logistic,0.08113873174,selected_model_risk_score,90,0.7317073171,放贷,优化模型选择,100,1000000,0.1425,14.25,0.8405321006,0.1594678994,15.94678994,0.5,0.03,2.088036487,0.6469511555,0.4784036982,0.9626816334,0.009626816334,budget_0.70_bmax_nominal_equality,nominal_equality,False,0.09293248415,budget,mean,0.7,0.5,0.03,6930
E41,***物业发展有限公司,C,elastic_net_logistic,0.07916167381,selected_model_risk_score,91,0.7398373984,放贷,优化模型选择,100,1000000,0.1425,14.25,0.8405321006,0.1594678994,15.94678994,0.5,0.03,2.092529188,0.6311872918,0.4784036982,0.9829381983,0.009829381983,budget_0.70_bmax_nominal_equality,nominal_equality,False,0.09683047914,budget,mean,0.7,0.5,0.03,6930
E42,***园艺场,A,elastic_net_logistic,0.1200846128,selected_model_risk_score,66,0.5365853659,放贷,优化模型选择,100,1000000,0.1425,14.25,0.8801803134,0.1198196866,11.98196866,0.5,0.03,1.502394399,0.7194250336,0.3594590598,0.4235103061,0.004235103061,budget_0.70_bmax_nominal_equality,nominal_equality,False,0.1475914741,budget,mean,0.7,0.5,0.03,6930
E43,***建设工程有限公司,B,elastic_net_logistic,0.1927952664,selected_model_risk_score,48,0.3902439024,不放贷,优化模型未选择,0,0,,,,,0,0.5,0.03,0,0,0,0,,budget_0.70_bmax_nominal_equality,nominal_equality,False,0.2145282193,budget,mean,0.7,0.5,0.03,6930
E44,***商贸有限公司,C,elastic_net_logistic,0.08616234673,selected_model_risk_score,82,0.6666666667,放贷,优化模型选择,100,1000000,0.1425,14.25,0.8405321006,0.1594678994,15.94678994,0.5,0.03,2.076620736,0.687006422,0.4784036982,0.911210616,0.00911210616,budget_0.70_bmax_nominal_equality,nominal_equality,False,0.1035354806,budget,mean,0.7,0.5,0.03,6930
E45,个体经营E45,B,elastic_net_logistic,0.1068056002,selected_model_risk_score,73,0.593495935,放贷,优化模型选择,100,1000000,0.1425,14.25,0.8439092946,0.1560907054,15.60907054,0.5,0.03,1.986725651,0.8335680738,0.4682721162,0.6848854609,0.006848854609,budget_0.70_bmax_nominal_equality,nominal_equality,False,0.1219197504,budget,mean,0.7,0.5,0.03,6930
E46,***广告传媒有限公司,C,elastic_net_logistic,0.05276002815,selected_model_risk_score,105,0.8536585366,放贷,优化模型选择,100,1000000,0.1105,11.05,0.7151023945,0.2848976055,28.48976055,0.5,0.03,2.982023718,0.7515602843,0.8546928165,1.375770617,0.01375770617,budget_0.70_bmax_nominal_equality,nominal_equality,False,0.06245378683,budget,mean,0.7,0.5,0.03,6930
E47,***控制设备有限责任公司,C,elastic_net_logistic,0.05124807767,selected_model_risk_score,106,0.8617886179,放贷,优化模型选择,100,1000000,0.1105,11.05,0.7151023945,0.2848976055,28.48976055,0.5,0.03,2.986783517,0.7300227307,0.8546928165,1.40206797,0.0140206797,budget_0.70_bmax_nominal_equality,nominal_equality,False,0.05822355401,budget,mean,0.7,0.5,0.03,6930
E48,***化工有限公司,A,elastic_net_logistic,0.07070577235,selected_model_risk_score,97,0.7886178862,放贷,优化模型选择,100,1000000,0.1225,12.25,0.8148090077,0.1851909923,18.51909923,0.5,0.03,2.108187272,0.6547036071,0.5555729769,0.8979106879,0.008979106879,budget_0.70_bmax_nominal_equality,nominal_equality,False,0.08921054517,budget,mean,0.7,0.5,0.03,6930
E49,***地球环保科技有限公司,C,elastic_net_logistic,0.09803729486,selected_model_risk_score,78,0.6341463415,放贷,优化模型选择,100,1000000,0.1425,14.25,0.8405321006,0.1594678994,15.94678994,0.5,0.03,2.049635895,0.7816900737,0.4784036982,0.7895421235,0.007895421235,budget_0.70_bmax_nominal_equality,nominal_equality,False,0.1105965348,budget,mean,0.7,0.5,0.03,6930
E5,***供应链管理有限公司,B,elastic_net_logistic,0.05668387407,selected_model_risk_score,103,0.837398374,放贷,优化模型选择,100,1000000,0.1065,10.65,0.7053159925,0.2946840075,29.46840075,0.5,0.03,2.960488878,0.8351915586,0.8840520225,1.241245297,0.01241245297,budget_0.70_bmax_nominal_equality,nominal_equality,False,0.07330978844,budget,mean,0.7,0.5,0.03,6930
E50,***建筑劳务有限公司,C,elastic_net_logistic,0.1692453772,selected_model_risk_score,54,0.4390243902,放贷,优化模型选择,100,1000000,0.15,15,0.8951647387,0.1048352613,10.48352613,0.5,0.03,1.306385669,0.8871441671,0.3145057839,0.1047357183,0.001047357183,budget_0.70_bmax_nominal_equality,nominal_equality,False,0.2040258114,budget,mean,0.7,0.5,0.03,6930
E51,***物流有限公司,B,elastic_net_logistic,0.0697365828,selected_model_risk_score,98,0.7967479675,放贷,优化模型选择,100,1000000,0.1425,14.25,0.8439092946,0.1560907054,15.60907054,0.5,0.03,2.06917799,0.5442616201,0.4682721162,1.056644254,0.01056644254,budget_0.70_bmax_nominal_equality,nominal_equality,False,0.07874952738,budget,mean,0.7,0.5,0.03,6930
E52,***商贸有限公司,D,elastic_net_logistic,0.2136303318,selected_model_risk_score,44,0.3577235772,不放贷,D级企业原则上不予放贷,0,0,,,,,0,0.5,0.03,0,0,0,0,,budget_0.70_bmax_nominal_equality,nominal_equality,False,0.2416471762,budget,mean,0.7,0.5,0.03,6930
E53,***文化传媒有限公司,C,elastic_net_logistic,0.107156181,selected_model_risk_score,71,0.5772357724,放贷,优化模型选择,100,1000000,0.1425,14.25,0.8405321006,0.1594678994,15.94678994,0.5,0.03,2.028913978,0.8543985546,0.4784036982,0.6961117256,0.006961117256,budget_0.70_bmax_nominal_equality,nominal_equality,False,0.1294528809,budget,mean,0.7,0.5,0.03,6930
E54,***新技术开发有限公司,A,elastic_net_logistic,0.06439978133,selected_model_risk_score,101,0.8211382114,放贷,优化模型选择,100,1000000,0.1225,12.25,0.8148090077,0.1851909923,18.51909923,0.5,0.03,2.122492978,0.5963129704,0.5555729769,0.9706070306,0.009706070306,budget_0.70_bmax_nominal_equality,nominal_equality,False,0.08481402429,budget,mean,0.7,0.5,0.03,6930
E55,***集团有限公司***电力设备分公司,C,elastic_net_logistic,0.1835760094,selected_model_risk_score,51,0.4146341463,不放贷,优化模型未选择,0,0,,,,,0,0.5,0.03,0,0,0,0,,budget_0.70_bmax_nominal_equality,nominal_equality,False,0.2408611135,budget,mean,0.7,0.5,0.03,6930
E56,***家居材料***有限公司,C,elastic_net_logistic,0.08755638262,selected_model_risk_score,81,0.6585365854,放贷,优化模型选择,100,1000000,0.1425,14.25,0.8405321006,0.1594678994,15.94678994,0.5,0.03,2.073452905,0.6981216208,0.4784036982,0.8969275856,0.008969275856,budget_0.70_bmax_nominal_equality,nominal_equality,False,0.1073776577,budget,mean,0.7,0.5,0.03,6930
E57,***机械设备有限公司,B,elastic_net_logistic,0.1025680758,selected_model_risk_score,74,0.6016260163,放贷,优化模型选择,100,1000000,0.1425,14.25,0.8439092946,0.1560907054,15.60907054,0.5,0.03,1.996151145,0.8004961652,0.4682721162,0.7273828635,0.007273828635,budget_0.70_bmax_nominal_equality,nominal_equality,False,0.1291130293,budget,mean,0.7,0.5,0.03,6930
E58,***油气工程建设有限责任公司,B,elastic_net_logistic,0.1498825704,selected_model_risk_score,58,0.4715447154,放贷,优化模型选择,100,1000000,0.1465,14.65,0.8681595356,0.1318404644,13.18404644,0.5,0.03,1.641970194,0.9880293844,0.3955213932,0.2584194163,0.002584194163,budget_0.70_bmax_nominal_equality,nominal_equality,False,0.166452668,budget,mean,0.7,0.5,0.03,6930
E59,***商贸有限公司,A,elastic_net_logistic,0.06896464342,selected_model_risk_score,99,0.8048780488,放贷,优化模型选择,100,1000000,0.1225,12.25,0.8148090077,0.1851909923,18.51909923,0.5,0.03,2.112137179,0.6385815374,0.5555729769,0.9179826647,0.009179826647,budget_0.70_bmax_nominal_equality,nominal_equality,False,0.07641618763,budget,mean,0.7,0.5,0.03,6930
E6,***装饰设计工程有限公司,A,elastic_net_logistic,0.03828902106,selected_model_risk_score,114,0.9268292683,放贷,优化模型选择,100,1000000,0.0985,9.85,0.7083020233,0.2916979767,29.16979767,0.5,0.03,2.763212095,0.5584414987,0.8750939301,1.329676667,0.01329676667,budget_0.70_bmax_nominal_equality,nominal_equality,False,0.04389193776,budget,mean,0.7,0.5,0.03,6930
E60,***机械租赁有限公司,B,elastic_net_logistic,0.2143912442,selected_model_risk_score,43,0.3495934959,不放贷,优化模型未选择,0,0,,,,,0,0.5,0.03,0,0,0,0,,budget_0.70_bmax_nominal_equality,nominal_equality,False,0.2335825691,budget,mean,0.7,0.5,0.03,6930
E61,***调味品有限公司,B,elastic_net_logistic,0.07788330382,selected_model_risk_score,92,0.7479674797,放贷,优化模型选择,100,1000000,0.1425,14.25,0.8439092946,0.1560907054,15.60907054,0.5,0.03,2.051057299,0.6078429916,0.4682721162,0.9749421915,0.009749421915,budget_0.70_bmax_nominal_equality,nominal_equality,False,0.09484916536,budget,mean,0.7,0.5,0.03,6930
E62,***工程造价咨询有限公司***分公司,B,elastic_net_logistic,0.1214523958,selected_model_risk_score,64,0.5203252033,放贷,优化模型选择,100,1000000,0.1425,14.25,0.8439092946,0.1560907054,15.60907054,0.5,0.03,1.954146893,0.9478795066,0.4682721162,0.5379952697,0.005379952697,budget_0.70_bmax_nominal_equality,nominal_equality,False,0.1450170246,budget,mean,0.7,0.5,0.03,6930
E63,***科技有限公司,B,elastic_net_logistic,0.08368298573,selected_model_risk_score,86,0.6991869919,放贷,优化模型选择,100,1000000,0.1425,14.25,0.8439092946,0.1560907054,15.60907054,0.5,0.03,2.03815711,0.6531068136,0.4682721162,0.9167781802,0.009167781802,budget_0.70_bmax_nominal_equality,nominal_equality,False,0.1084106096,budget,mean,0.7,0.5,0.03,6930
E64,***图书有限责任公司,A,elastic_net_logistic,0.1124750355,selected_model_risk_score,69,0.5609756098,放贷,优化模型选择,100,1000000,0.1425,14.25,0.8801803134,0.1198196866,11.98196866,0.5,0.03,1.515387224,0.6738361752,0.3594590598,0.4820919891,0.004820919891,budget_0.70_bmax_nominal_equality,nominal_equality,False,0.1209520698,budget,mean,0.7,0.5,0.03,6930
E65,***商贸有限公司,B,elastic_net_logistic,0.0894097801,selected_model_risk_score,80,0.6504065041,放贷,优化模型选择,100,1000000,0.1425,14.25,0.8439092946,0.1560907054,15.60907054,0.5,0.03,2.025419044,0.6978017823,0.4682721162,0.8593451455,0.008593451455,budget_0.70_bmax_nominal_equality,nominal_equality,False,0.1016662421,budget,mean,0.7,0.5,0.03,6930
E66,***快递有限公司,B,elastic_net_logistic,0.2947622952,selected_model_risk_score,30,0.243902439,不放贷,优化模型未选择,0,0,,,,,0,0.5,0.03,0,0,0,0,,budget_0.70_bmax_nominal_equality,nominal_equality,False,0.3741353375,budget,mean,0.7,0.5,0.03,6930
E67,***信息技术有限公司,B,elastic_net_logistic,0.1845447393,selected_model_risk_score,50,0.406504065,不放贷,优化模型未选择,0,0,,,,,0,0.5,0.03,0,0,0,0,,budget_0.70_bmax_nominal_equality,nominal_equality,False,0.2088292217,budget,mean,0.7,0.5,0.03,6930
E68,***花木总公司,C,elastic_net_logistic,0.3380718151,selected_model_risk_score,28,0.2276422764,不放贷,优化模型未选择,0,0,,,,,0,0.5,0.03,0,0,0,0,,budget_0.70_bmax_nominal_equality,nominal_equality,False,0.3824767947,budget,mean,0.7,0.5,0.03,6930
E69,***电子器材经营部,C,elastic_net_logistic,0.2503652668,selected_model_risk_score,38,0.3089430894,不放贷,优化模型未选择,0,0,,,,,0,0.5,0.03,0,0,0,0,,budget_0.70_bmax_nominal_equality,nominal_equality,False,0.3207126735,budget,mean,0.7,0.5,0.03,6930
E7,***家电有限公司***分公司,A,elastic_net_logistic,0.02580342326,selected_model_risk_score,121,0.9837398374,放贷,优化模型选择,100,1000000,0.0985,9.85,0.7083020233,0.2916979767,29.16979767,0.5,0.03,2.799086028,0.3763403178,0.8750939301,1.54765178,0.0154765178,budget_0.70_bmax_nominal_equality,nominal_equality,False,0.03436137967,budget,mean,0.7,0.5,0.03,6930
E70,***科技有限公司,B,elastic_net_logistic,0.1379471805,selected_model_risk_score,60,0.487804878,放贷,优化模型选择,100,1000000,0.1425,14.25,0.8439092946,0.1560907054,15.60907054,0.5,0.03,1.917457666,1.076613636,0.4682721162,0.372571914,0.00372571914,budget_0.70_bmax_nominal_equality,nominal_equality,False,0.1557212843,budget,mean,0.7,0.5,0.03,6930
E71,***农业科技有限公司,B,elastic_net_logistic,0.2041897012,selected_model_risk_score,45,0.3658536585,不放贷,优化模型未选择,0,0,,,,,0,0.5,0.03,0,0,0,0,,budget_0.70_bmax_nominal_equality,nominal_equality,False,0.2461670708,budget,mean,0.7,0.5,0.03,6930
E72,***图书有限公司,C,elastic_net_logistic,0.2897171126,selected_model_risk_score,32,0.2601626016,不放贷,优化模型未选择,0,0,,,,,0,0.5,0.03,0,0,0,0,,budget_0.70_bmax_nominal_equality,nominal_equality,False,0.3383260035,budget,mean,0.7,0.5,0.03,6930
E73,***商贸有限责任公司,C,elastic_net_logistic,0.1183311273,selected_model_risk_score,67,0.5447154472,放贷,优化模型选择,100,1000000,0.1425,14.25,0.8405321006,0.1594678994,15.94678994,0.5,0.03,2.003519834,0.9435008152,0.4784036982,0.5816153207,0.005816153207,budget_0.70_bmax_nominal_equality,nominal_equality,False,0.150943928,budget,mean,0.7,0.5,0.03,6930
E74,***蔬菜专业合作社,B,elastic_net_logistic,0.1539591335,selected_model_risk_score,56,0.4552845528,放贷,优化模型选择,100,1000000,0.15,15,0.885864919,0.114135081,11.4135081,0.5,0.03,1.448444142,0.8786069086,0.342405243,0.2274319908,0.002274319908,budget_0.70_bmax_nominal_equality,nominal_equality,False,0.1754997095,budget,mean,0.7,0.5,0.03,6930
E75,***酒店管理有限公司,C,elastic_net_logistic,0.1070850165,selected_model_risk_score,72,0.5853658537,放贷,优化模型选择,100,1000000,0.1425,14.25,0.8405321006,0.1594678994,15.94678994,0.5,0.03,2.029075694,0.8538311319,0.4784036982,0.6968408637,0.006968408637,budget_0.70_bmax_nominal_equality,nominal_equality,False,0.1282680192,budget,mean,0.7,0.5,0.03,6930
E76,***信息科技有限公司,B,elastic_net_logistic,0.1706660196,selected_model_risk_score,53,0.4308943089,放贷,优化模型选择,100,1000000,0.15,15,0.885864919,0.114135081,11.4135081,0.5,0.03,1.419841515,0.9739489985,0.342405243,0.1034872739,0.001034872739,budget_0.70_bmax_nominal_equality,nominal_equality,False,0.1979402602,budget,mean,0.7,0.5,0.03,6930
E77,***机电设备有限公司,C,elastic_net_logistic,0.3665492679,selected_model_risk_score,25,0.2032520325,不放贷,优化模型未选择,0,0,,,,,0,0.5,0.03,0,0,0,0,,budget_0.70_bmax_nominal_equality,nominal_equality,False,0.4663549766,budget,mean,0.7,0.5,0.03,6930
E78,个体经营E78,C,elastic_net_logistic,0.1211539626,selected_model_risk_score,65,0.5284552846,放贷,优化模型选择,100,1000000,0.1425,14.25,0.8405321006,0.1594678994,15.94678994,0.5,0.03,1.997105174,0.966008396,0.4784036982,0.5526930794,0.005526930794,budget_0.70_bmax_nominal_equality,nominal_equality,False,0.1481587806,budget,mean,0.7,0.5,0.03,6930
E79,***鞋业有限公司,B,elastic_net_logistic,0.2025177165,selected_model_risk_score,46,0.3739837398,不放贷,优化模型未选择,0,0,,,,,0,0.5,0.03,0,0,0,0,,budget_0.70_bmax_nominal_equality,nominal_equality,False,0.2207361419,budget,mean,0.7,0.5,0.03,6930
E8,***科学研究院有限公司,A,elastic_net_logistic,0.02606005345,selected_model_risk_score,120,0.9756097561,放贷,优化模型选择,100,1000000,0.0985,9.85,0.7083020233,0.2916979767,29.16979767,0.5,0.03,2.798348672,0.3800832432,0.8750939301,1.543171498,0.01543171498,budget_0.70_bmax_nominal_equality,nominal_equality,False,0.03439017911,budget,mean,0.7,0.5,0.03,6930
E80,***实业有限责任公司,C,elastic_net_logistic,0.3432370641,selected_model_risk_score,26,0.2113821138,不放贷,优化模型未选择,0,0,,,,,0,0.5,0.03,0,0,0,0,,budget_0.70_bmax_nominal_equality,nominal_equality,False,0.3865190631,budget,mean,0.7,0.5,0.03,6930
E81,***机械设备有限公司,A,elastic_net_logistic,0.1154202468,selected_model_risk_score,68,0.5528455285,放贷,优化模型选择,100,1000000,0.1425,14.25,0.8801803134,0.1198196866,11.98196866,0.5,0.03,1.51035848,0.6914808899,0.3594590598,0.4594185307,0.004594185307,budget_0.70_bmax_nominal_equality,nominal_equality,False,0.1339413155,budget,mean,0.7,0.5,0.03,6930
E82,***商贸有限公司,D,elastic_net_logistic,0.194614899,selected_model_risk_score,47,0.3821138211,不放贷,D级企业原则上不予放贷,0,0,,,,,0,0.5,0.03,0,0,0,0,,budget_0.70_bmax_nominal_equality,nominal_equality,False,0.2318618526,budget,mean,0.7,0.5,0.03,6930
E83,***社会福利院（***社会福利社会化服务中心）,B,elastic_net_logistic,0.5444532255,selected_model_risk_score,13,0.1056910569,不放贷,优化模型未选择,0,0,,,,,0,0.5,0.03,0,0,0,0,,budget_0.70_bmax_nominal_equality,nominal_equality,False,0.6237840466,budget,mean,0.7,0.5,0.03,6930
E84,***建材有限公司,A,elastic_net_logistic,0.1532688251,selected_model_risk_score,57,0.4634146341,放贷,优化模型选择,100,1000000,0.1465,14.65,0.9027259086,0.09727409137,9.727409137,0.5,0.03,1.206647333,0.7454542848,0.2918222741,0.1693707742,0.001693707742,budget_0.70_bmax_nominal_equality,nominal_equality,False,0.1694921296,budget,mean,0.7,0.5,0.03,6930
E85,***安防科技有限公司,B,elastic_net_logistic,0.2264316686,selected_model_risk_score,42,0.3414634146,不放贷,优化模型未选择,0,0,,,,,0,0.5,0.03,0,0,0,0,,budget_0.70_bmax_nominal_equality,nominal_equality,False,0.2483347601,budget,mean,0.7,0.5,0.03,6930
E86,***地质工程勘察院***分院,C,elastic_net_logistic,0.2808208394,selected_model_risk_score,34,0.2764227642,不放贷,优化模型未选择,0,0,,,,,0,0.5,0.03,0,0,0,0,,budget_0.70_bmax_nominal_equality,nominal_equality,False,0.3548090468,budget,mean,0.7,0.5,0.03,6930
E87,***实业有限责任公司,C,elastic_net_logistic,0.234076271,selected_model_risk_score,40,0.325203252,不放贷,优化模型未选择,0,0,,,,,0,0.5,0.03,0,0,0,0,,budget_0.70_bmax_nominal_equality,nominal_equality,False,0.2796569295,budget,mean,0.7,0.5,0.03,6930
E88,***贸易有限公司,A,elastic_net_logistic,0.1654327803,selected_model_risk_score,55,0.4471544715,放贷,优化模型选择,30,300000,0.15,15,0.922060687,0.07793931305,2.338179392,0.5,0.03,0.2927051811,0.1934057588,0.07014538174,0.02915404056,0.0009718013519,budget_0.70_bmax_nominal_equality,nominal_equality,False,0.189066442,budget,mean,0.7,0.5,0.03,6930
E89,***物资有限公司,A,elastic_net_logistic,0.3344336244,selected_model_risk_score,29,0.2357723577,不放贷,优化模型未选择,0,0,,,,,0,0.5,0.03,0,0,0,0,,budget_0.70_bmax_nominal_equality,nominal_equality,False,0.3672701532,budget,mean,0.7,0.5,0.03,6930
E9,***生活用品服务有限公司***分公司,A,elastic_net_logistic,0.02174866462,selected_model_risk_score,122,0.9918699187,放贷,优化模型选择,100,1000000,0.0985,9.85,0.7083020233,0.2916979767,29.16979767,0.5,0.03,2.810736262,0.3172020733,0.8750939301,1.618440259,0.01618440259,budget_0.70_bmax_nominal_equality,nominal_equality,False,0.02531048472,budget,mean,0.7,0.5,0.03,6930
E90,***文化传媒有限责任公司,C,elastic_net_logistic,0.2928954659,selected_model_risk_score,31,0.2520325203,不放贷,优化模型未选择,0,0,,,,,0,0.5,0.03,0,0,0,0,,budget_0.70_bmax_nominal_equality,nominal_equality,False,0.3272754126,budget,mean,0.7,0.5,0.03,6930
E91,***科技实业有限公司,A,elastic_net_logistic,0.123879862,selected_model_risk_score,62,0.5040650407,放贷,优化模型选择,100,1000000,0.1425,14.25,0.8801803134,0.1198196866,11.98196866,0.5,0.03,1.495914275,0.742162312,0.3594590598,0.3942929033,0.003942929033,budget_0.70_bmax_nominal_equality,nominal_equality,False,0.1563985381,budget,mean,0.7,0.5,0.03,6930
E92,***地质灾害防治有限公司,C,elastic_net_logistic,0.3701163354,selected_model_risk_score,24,0.1951219512,不放贷,优化模型未选择,0,0,,,,,0,0.5,0.03,0,0,0,0,,budget_0.70_bmax_nominal_equality,nominal_equality,False,0.4190045907,budget,mean,0.7,0.5,0.03,6930
E93,***电脑设计事务所,B,elastic_net_logistic,0.2376719561,selected_model_risk_score,39,0.3170731707,不放贷,优化模型未选择,0,0,,,,,0,0.5,0.03,0,0,0,0,,budget_0.70_bmax_nominal_equality,nominal_equality,False,0.2575297987,budget,mean,0.7,0.5,0.03,6930
E94,***汽车美容有限公司,C,elastic_net_logistic,0.3420261826,selected_model_risk_score,27,0.2195121951,不放贷,优化模型未选择,0,0,,,,,0,0.5,0.03,0,0,0,0,,budget_0.70_bmax_nominal_equality,nominal_equality,False,0.3879661601,budget,mean,0.7,0.5,0.03,6930
E95,***兰花店,B,elastic_net_logistic,0.1441316116,selected_model_risk_score,59,0.4796747967,放贷,优化模型选择,100,1000000,0.1425,14.25,0.8439092946,0.1560907054,15.60907054,0.5,0.03,1.903701682,1.124880246,0.4682721162,0.3105493193,0.003105493193,budget_0.70_bmax_nominal_equality,nominal_equality,False,0.1745511804,budget,mean,0.7,0.5,0.03,6930
E96,***土地整理有限公司,C,elastic_net_logistic,0.8080355745,selected_model_risk_score,1,0.008130081301,不放贷,优化模型未选择,0,0,,,,,0,0.5,0.03,0,0,0,0,,budget_0.70_bmax_nominal_equality,nominal_equality,False,0.854739214,budget,mean,0.7,0.5,0.03,6930
E97,***美工装饰部,B,elastic_net_logistic,0.2602897628,selected_model_risk_score,35,0.2845528455,不放贷,优化模型未选择,0,0,,,,,0,0.5,0.03,0,0,0,0,,budget_0.70_bmax_nominal_equality,nominal_equality,False,0.3283525845,budget,mean,0.7,0.5,0.03,6930
E98,***文化传播有限公司,B,elastic_net_logistic,0.2814270169,selected_model_risk_score,33,0.2682926829,不放贷,优化模型未选择,0,0,,,,,0,0.5,0.03,0,0,0,0,,budget_0.70_bmax_nominal_equality,nominal_equality,False,0.3034353338,budget,mean,0.7,0.5,0.03,6930
E99,***建筑工程有限责任公司,D,elastic_net_logistic,0.5839846822,selected_model_risk_score,10,0.08130081301,不放贷,D级企业原则上不予放贷,0,0,,,,,0,0.5,0.03,0,0,0,0,,budget_0.70_bmax_nominal_equality,nominal_equality,False,0.6898712011,budget,mean,0.7,0.5,0.03,6930
E1,***电器销售有限公司,A,elastic_net_logistic,0.05655542179,selected_model_risk_score,104,0.8455284553,放贷,优化模型选择,100,1000000,0.1225,12.25,0.8148090077,0.1851909923,18.51909923,0.5,0.03,2.140288611,0.5236777341,0.5555729769,1.0610379,0.010610379,budget_0.80_bmax_nominal_equality,nominal_equality,False,0.0730491674,budget,mean,0.8,0.5,0.03,7920
E10,***建筑劳务有限公司,B,elastic_net_logistic,0.06093491817,selected_model_risk_score,102,0.8292682927,放贷,优化模型选择,100,1000000,0.1185,11.85,0.7692116619,0.2307883381,23.07883381,0.5,0.03,2.568194445,0.7031534248,0.6923650143,1.172676006,0.01172676006,budget_0.80_bmax_nominal_equality,nominal_equality,False,0.07833730674,budget,mean,0.8,0.5,0.03,7920
E100,***装饰工程有限公司,D,elastic_net_logistic,0.2578903118,selected_model_risk_score,36,0.2926829268,不放贷,D级企业原则上不予放贷,0,0,,,,,0,0.5,0.03,0,0,0,0,,budget_0.80_bmax_nominal_equality,nominal_equality,False,0.3416804479,budget,mean,0.8,0.5,0.03,7920
E101,***灯饰工程有限公司,D,elastic_net_logistic,0.7098560409,selected_model_risk_score,6,0.0487804878,不放贷,D级企业原则上不予放贷,0,0,,,,,0,0.5,0.03,0,0,0,0,,budget_0.80_bmax_nominal_equality,nominal_equality,False,0.7897592201,budget,mean,0.8,0.5,0.03,7920
E102,***大药房有限责任公司,D,elastic_net_logistic,0.4733747116,selected_model_risk_score,17,0.1382113821,不放贷,D级企业原则上不予放贷,0,0,,,,,0,0.5,0.03,0,0,0,0,,budget_0.80_bmax_nominal_equality,nominal_equality,False,0.6183651775,budget,mean,0.8,0.5,0.03,7920
E103,***科技有限公司,D,elastic_net_logistic,0.4055458126,selected_model_risk_score,22,0.1788617886,不放贷,D级企业原则上不予放贷,0,0,,,,,0,0.5,0.03,0,0,0,0,,budget_0.80_bmax_nominal_equality,nominal_equality,False,0.4768661053,budget,mean,0.8,0.5,0.03,7920
E104,***管理咨询有限责任公司,C,elastic_net_logistic,0.5371556855,selected_model_risk_score,14,0.1138211382,不放贷,优化模型未选择,0,0,,,,,0,0.5,0.03,0,0,0,0,,budget_0.80_bmax_nominal_equality,nominal_equality,False,0.6048969633,budget,mean,0.8,0.5,0.03,7920
E105,***建材经营部,C,elastic_net_logistic,0.2296735143,selected_model_risk_score,41,0.3333333333,放贷,优化模型选择,100,1000000,0.15,15,0.8951647387,0.1048352613,10.48352613,0.5,0.03,1.211360676,1.203894144,0.3145057839,-0.3070392519,-0.003070392519,budget_0.80_bmax_nominal_equality,nominal_equality,False,0.3150886304,budget,mean,0.8,0.5,0.03,7920
E106,***财务管理有限公司,B,elastic_net_logistic,0.25387818,selected_model_risk_score,37,0.3008130081,不放贷,优化模型未选择,0,0,,,,,0,0.5,0.03,0,0,0,0,,budget_0.80_bmax_nominal_equality,nominal_equality,False,0.2861266308,budget,mean,0.8,0.5,0.03,7920
E107,***科技有限公司,D,elastic_net_logistic,0.6278756036,selected_model_risk_score,8,0.06504065041,不放贷,D级企业原则上不予放贷,0,0,,,,,0,0.5,0.03,0,0,0,0,,budget_0.80_bmax_nominal_equality,nominal_equality,False,0.6820972821,budget,mean,0.8,0.5,0.03,7920
E108,***商贸有限公司,D,elastic_net_logistic,0.5221807895,selected_model_risk_score,15,0.1219512195,不放贷,D级企业原则上不予放贷,0,0,,,,,0,0.5,0.03,0,0,0,0,,budget_0.80_bmax_nominal_equality,nominal_equality,False,0.6296705299,budget,mean,0.8,0.5,0.03,7920
E109,***服饰有限公司,D,elastic_net_logistic,0.5493640614,selected_model_risk_score,12,0.09756097561,不放贷,D级企业原则上不予放贷,0,0,,,,,0,0.5,0.03,0,0,0,0,,budget_0.80_bmax_nominal_equality,nominal_equality,False,0.6102205923,budget,mean,0.8,0.5,0.03,7920
E11,***建设工程有限公司,C,elastic_net_logistic,0.07723891572,selected_model_risk_score,93,0.756097561,放贷,优化模型选择,100,1000000,0.1425,14.25,0.8405321006,0.1594678994,15.94678994,0.5,0.03,2.096898498,0.6158563821,0.4784036982,1.002638417,0.01002638417,budget_0.80_bmax_nominal_equality,nominal_equality,False,0.1001763276,budget,mean,0.8,0.5,0.03,7920
E110,***通讯器材经营部,C,elastic_net_logistic,0.5711527053,selected_model_risk_score,11,0.08943089431,不放贷,优化模型未选择,0,0,,,,,0,0.5,0.03,0,0,0,0,,budget_0.80_bmax_nominal_equality,nominal_equality,False,0.6124762668,budget,mean,0.8,0.5,0.03,7920
E111,***科技有限公司,D,elastic_net_logistic,0.1919246162,selected_model_risk_score,49,0.3983739837,不放贷,D级企业原则上不予放贷,0,0,,,,,0,0.5,0.03,0,0,0,0,,budget_0.80_bmax_nominal_equality,nominal_equality,False,0.3189536769,budget,mean,0.8,0.5,0.03,7920
E112,***机械设备有限公司,D,elastic_net_logistic,0.4170540731,selected_model_risk_score,20,0.162601626,不放贷,D级企业原则上不予放贷,0,0,,,,,0,0.5,0.03,0,0,0,0,,budget_0.80_bmax_nominal_equality,nominal_equality,False,0.5129040595,budget,mean,0.8,0.5,0.03,7920
E113,***美居科技有限公司,D,elastic_net_logistic,0.7592451553,selected_model_risk_score,4,0.0325203252,不放贷,D级企业原则上不予放贷,0,0,,,,,0,0.5,0.03,0,0,0,0,,budget_0.80_bmax_nominal_equality,nominal_equality,False,0.8315439659,budget,mean,0.8,0.5,0.03,7920
E114,***食品有限责任公司,D,elastic_net_logistic,0.4770804739,selected_model_risk_score,16,0.1300813008,不放贷,D级企业原则上不予放贷,0,0,,,,,0,0.5,0.03,0,0,0,0,,budget_0.80_bmax_nominal_equality,nominal_equality,False,0.5421990478,budget,mean,0.8,0.5,0.03,7920
E115,***装饰工程有限公司,D,elastic_net_logistic,0.7835354924,selected_model_risk_score,2,0.0162601626,不放贷,D级企业原则上不予放贷,0,0,,,,,0,0.5,0.03,0,0,0,0,,budget_0.80_bmax_nominal_equality,nominal_equality,False,0.8331104651,budget,mean,0.8,0.5,0.03,7920
E116,***门窗有限公司,D,elastic_net_logistic,0.4160885126,selected_model_risk_score,21,0.1707317073,不放贷,D级企业原则上不予放贷,0,0,,,,,0,0.5,0.03,0,0,0,0,,budget_0.80_bmax_nominal_equality,nominal_equality,False,0.532859258,budget,mean,0.8,0.5,0.03,7920
E117,***人力资源管理咨询有限公司,D,elastic_net_logistic,0.6343060557,selected_model_risk_score,7,0.05691056911,不放贷,D级企业原则上不予放贷,0,0,,,,,0,0.5,0.03,0,0,0,0,,budget_0.80_bmax_nominal_equality,nominal_equality,False,0.7561127553,budget,mean,0.8,0.5,0.03,7920
E118,***体育用品有限公司,D,elastic_net_logistic,0.3859533716,selected_model_risk_score,23,0.1869918699,不放贷,D级企业原则上不予放贷,0,0,,,,,0,0.5,0.03,0,0,0,0,,budget_0.80_bmax_nominal_equality,nominal_equality,False,0.4429217794,budget,mean,0.8,0.5,0.03,7920
E119,***药房,D,elastic_net_logistic,0.6253065711,selected_model_risk_score,9,0.07317073171,不放贷,D级企业原则上不予放贷,0,0,,,,,0,0.5,0.03,0,0,0,0,,budget_0.80_bmax_nominal_equality,nominal_equality,False,0.6891769584,budget,mean,0.8,0.5,0.03,7920
E12,***建筑劳务有限公司,B,elastic_net_logistic,0.08202986653,selected_model_risk_score,88,0.7154471545,放贷,优化模型选择,100,1000000,0.1425,14.25,0.8439092946,0.1560907054,15.60907054,0.5,0.03,2.041834131,0.6402049865,0.4682721162,0.9333570281,0.009333570281,budget_0.80_bmax_nominal_equality,nominal_equality,False,0.1054632903,budget,mean,0.8,0.5,0.03,7920
E120,***陈列广告有限公司,D,elastic_net_logistic,0.721226934,selected_model_risk_score,5,0.0406504065,不放贷,D级企业原则上不予放贷,0,0,,,,,0,0.5,0.03,0,0,0,0,,budget_0.80_bmax_nominal_equality,nominal_equality,False,0.7608714869,budget,mean,0.8,0.5,0.03,7920
E121,***药业连锁有限公司***药店,D,elastic_net_logistic,0.4662178212,selected_model_risk_score,18,0.1463414634,不放贷,D级企业原则上不予放贷,0,0,,,,,0,0.5,0.03,0,0,0,0,,budget_0.80_bmax_nominal_equality,nominal_equality,False,0.5621951951,budget,mean,0.8,0.5,0.03,7920
E122,***商贸有限责任公司,D,elastic_net_logistic,0.4500783219,selected_model_risk_score,19,0.1544715447,不放贷,D级企业原则上不予放贷,0,0,,,,,0,0.5,0.03,0,0,0,0,,budget_0.80_bmax_nominal_equality,nominal_equality,False,0.6021516604,budget,mean,0.8,0.5,0.03,7920
E123,***创科技有限责任公司,D,elastic_net_logistic,0.7819761114,selected_model_risk_score,3,0.0243902439,不放贷,D级企业原则上不予放贷,0,0,,,,,0,0.5,0.03,0,0,0,0,,budget_0.80_bmax_nominal_equality,nominal_equality,False,0.8270597923,budget,mean,0.8,0.5,0.03,7920
E13,***汽车贸易有限公司,A,elastic_net_logistic,0.04053604698,selected_model_risk_score,113,0.918699187,放贷,优化模型选择,100,1000000,0.1025,10.25,0.7312754013,0.2687245987,26.87245987,0.5,0.03,2.642773549,0.5446516479,0.8061737961,1.291948105,0.01291948105,budget_0.80_bmax_nominal_equality,nominal_equality,False,0.05373417783,budget,mean,0.8,0.5,0.03,7920
E14,个体经营E14,C,elastic_net_logistic,0.03261041867,selected_model_risk_score,117,0.9512195122,放贷,优化模型选择,100,1000000,0.1105,11.05,0.7151023945,0.2848976055,28.48976055,0.5,0.03,3.045457077,0.4645315097,0.8546928165,1.726232751,0.01726232751,budget_0.80_bmax_nominal_equality,nominal_equality,False,0.04024201468,budget,mean,0.8,0.5,0.03,7920
E15,***劳务有限公司,A,elastic_net_logistic,0.07381492047,selected_model_risk_score,95,0.7723577236,放贷,优化模型选择,100,1000000,0.1225,12.25,0.8148090077,0.1851909923,18.51909923,0.5,0.03,2.101133891,0.6834929184,0.5555729769,0.8620679953,0.008620679953,budget_0.80_bmax_nominal_equality,nominal_equality,False,0.1036254123,budget,mean,0.8,0.5,0.03,7920
E16,***建筑劳务有限公司,A,elastic_net_logistic,0.04998777847,selected_model_risk_score,108,0.8780487805,放贷,优化模型选择,100,1000000,0.1025,10.25,0.7312754013,0.2687245987,26.87245987,0.5,0.03,2.616739443,0.6716472855,0.8061737961,1.138918362,0.01138918362,budget_0.80_bmax_nominal_equality,nominal_equality,False,0.0624669862,budget,mean,0.8,0.5,0.03,7920
E17,***消防工程有限公司,A,elastic_net_logistic,0.04649981408,selected_model_risk_score,111,0.9024390244,放贷,优化模型选择,100,1000000,0.1025,10.25,0.7312754013,0.2687245987,26.87245987,0.5,0.03,2.626346787,0.6247821939,0.8061737961,1.195390797,0.01195390797,budget_0.80_bmax_nominal_equality,nominal_equality,False,0.05349825243,budget,mean,0.8,0.5,0.03,7920
E18,***消防工程有限责任公司,A,elastic_net_logistic,0.04857513816,selected_model_risk_score,109,0.8861788618,放贷,优化模型选择,100,1000000,0.1025,10.25,0.7312754013,0.2687245987,26.87245987,0.5,0.03,2.620630458,0.6526667254,0.8061737961,1.161789936,0.01161789936,budget_0.80_bmax_nominal_equality,nominal_equality,False,0.06117933194,budget,mean,0.8,0.5,0.03,7920
E19,***科技有限公司,A,elastic_net_logistic,0.06543754966,selected_model_risk_score,100,0.8130081301,放贷,优化模型选择,100,1000000,0.1225,12.25,0.8148090077,0.1851909923,18.51909923,0.5,0.03,2.120138707,0.6059222378,0.5555729769,0.9586434928,0.009586434928,budget_0.80_bmax_nominal_equality,nominal_equality,False,0.09093656268,budget,mean,0.8,0.5,0.03,7920
E2,***技术有限责任公司,A,elastic_net_logistic,0.02833749753,selected_model_risk_score,119,0.9674796748,放贷,优化模型选择,100,1000000,0.0985,9.85,0.7083020233,0.2916979767,29.16979767,0.5,0.03,2.791805062,0.4132995347,0.8750939301,1.503411597,0.01503411597,budget_0.80_bmax_nominal_equality,nominal_equality,False,0.03642833627,budget,mean,0.8,0.5,0.03,7920
E20,***贸易有限公司,B,elastic_net_logistic,0.04546270238,selected_model_risk_score,112,0.9105691057,放贷,优化模型选择,100,1000000,0.1065,10.65,0.7053159925,0.2946840075,29.46840075,0.5,0.03,2.995705231,0.6698565665,0.8840520225,1.441796642,0.01441796642,budget_0.80_bmax_nominal_equality,nominal_equality,False,0.06402096704,budget,mean,0.8,0.5,0.03,7920
E21,***建设工程有限公司,B,elastic_net_logistic,0.08415779812,selected_model_risk_score,85,0.6910569106,放贷,优化模型选择,100,1000000,0.1425,14.25,0.8439092946,0.1560907054,15.60907054,0.5,0.03,2.037100988,0.6568125037,0.4682721162,0.9120163685,0.009120163685,budget_0.80_bmax_nominal_equality,nominal_equality,False,0.09612822768,budget,mean,0.8,0.5,0.03,7920
E22,***物流有限公司,A,elastic_net_logistic,0.08272431763,selected_model_risk_score,87,0.7073170732,放贷,优化模型选择,100,1000000,0.1225,12.25,0.8148090077,0.1851909923,18.51909923,0.5,0.03,2.080922124,0.7659899235,0.5555729769,0.7593592241,0.007593592241,budget_0.80_bmax_nominal_equality,nominal_equality,False,0.09349623574,budget,mean,0.8,0.5,0.03,7920
E23,***贸易有限公司,B,elastic_net_logistic,0.03337482103,selected_model_risk_score,116,0.9430894309,放贷,优化模型选择,100,1000000,0.1065,10.65,0.7053159925,0.2946840075,29.46840075,0.5,0.03,3.033641653,0.4917513005,0.8840520225,1.65783833,0.0165783833,budget_0.80_bmax_nominal_equality,nominal_equality,False,0.04082479351,budget,mean,0.8,0.5,0.03,7920
E24,***建筑工程有限公司,A,elastic_net_logistic,0.04702949043,selected_model_risk_score,110,0.8943089431,放贷,优化模型选择,100,1000000,0.1025,10.25,0.7312754013,0.2687245987,26.87245987,0.5,0.03,2.624887832,0.6318990471,0.8061737961,1.186814989,0.01186814989,budget_0.80_bmax_nominal_equality,nominal_equality,False,0.06125175229,budget,mean,0.8,0.5,0.03,7920
E25,***通讯设备有限公司,C,elastic_net_logistic,0.08202047653,selected_model_risk_score,89,0.7235772358,放贷,优化模型选择,100,1000000,0.1425,14.25,0.8405321006,0.1594678994,15.94678994,0.5,0.03,2.086032795,0.653981655,0.4784036982,0.9536474416,0.009536474416,budget_0.80_bmax_nominal_equality,nominal_equality,False,0.09686547054,budget,mean,0.8,0.5,0.03,7920
E26,***金属材料有限公司,A,elastic_net_logistic,0.1342940789,selected_model_risk_score,61,0.4959349593,放贷,优化模型选择,100,1000000,0.1425,14.25,0.8801803134,0.1198196866,11.98196866,0.5,0.03,1.478132723,0.8045537223,0.3594590598,0.3141199411,0.003141199411,budget_0.80_bmax_nominal_equality,nominal_equality,False,0.1782110185,budget,mean,0.8,0.5,0.03,7920
E27,***农业开发有限公司,A,elastic_net_logistic,0.1103832985,selected_model_risk_score,70,0.5691056911,放贷,优化模型选择,100,1000000,0.1425,14.25,0.8801803134,0.1198196866,11.98196866,0.5,0.03,1.51895872,0.6613046116,0.3594590598,0.4981950483,0.004981950483,budget_0.80_bmax_nominal_equality,nominal_equality,False,0.1369068444,budget,mean,0.8,0.5,0.03,7920
E28,***景观工程有限公司,B,elastic_net_logistic,0.09966092865,selected_model_risk_score,76,0.6178861789,放贷,优化模型选择,100,1000000,0.1425,14.25,0.8439092946,0.1560907054,15.60907054,0.5,0.03,2.002617491,0.7778072327,0.4682721162,0.7565381417,0.007565381417,budget_0.80_bmax_nominal_equality,nominal_equality,False,0.1193350508,budget,mean,0.8,0.5,0.03,7920
E29,***建筑劳务有限公司,C,elastic_net_logistic,0.07253671793,selected_model_risk_score,96,0.7804878049,放贷,优化模型选择,100,1000000,0.1425,14.25,0.8405321006,0.1594678994,15.94678994,0.5,0.03,2.107583854,0.5783639019,0.4784036982,1.050816254,0.01050816254,budget_0.80_bmax_nominal_equality,nominal_equality,False,0.08548890218,budget,mean,0.8,0.5,0.03,7920
E3,***电子(中国)有限公司***分公司,C,elastic_net_logistic,0.02153611417,selected_model_risk_score,123,1,放贷,优化模型选择,100,1000000,0.0905,9.05,0.5900970447,0.4099029553,40.99029553,0.5,0.03,3.629730908,0.4413858422,1.229708866,1.9586362,0.019586362,budget_0.80_bmax_nominal_equality,nominal_equality,False,0.025281018,budget,mean,0.8,0.5,0.03,7920
E30,***建筑工程有限公司,B,elastic_net_logistic,0.07713913412,selected_model_risk_score,94,0.7642276423,放贷,优化模型选择,100,1000000,0.1425,14.25,0.8439092946,0.1560907054,15.60907054,0.5,0.03,2.05271255,0.6020350929,0.4682721162,0.9824053413,0.009824053413,budget_0.80_bmax_nominal_equality,nominal_equality,False,0.1024182862,budget,mean,0.8,0.5,0.03,7920
E31,***食品有限公司,A,elastic_net_logistic,0.0367643069,selected_model_risk_score,115,0.9349593496,放贷,优化模型选择,100,1000000,0.0985,9.85,0.7083020233,0.2916979767,29.16979767,0.5,0.03,2.767592942,0.5362036969,0.8750939301,1.356295315,0.01356295315,budget_0.80_bmax_nominal_equality,nominal_equality,False,0.04188668071,budget,mean,0.8,0.5,0.03,7920
E32,***建筑劳务有限公司,B,elastic_net_logistic,0.09279588464,selected_model_risk_score,79,0.6422764228,放贷,优化模型选择,100,1000000,0.1425,14.25,0.8439092946,0.1560907054,15.60907054,0.5,0.03,2.017887357,0.7242287546,0.4682721162,0.8253864861,0.008253864861,budget_0.80_bmax_nominal_equality,nominal_equality,False,0.104597557,budget,mean,0.8,0.5,0.03,7920
E33,***园林有限责任公司,B,elastic_net_logistic,0.09823760896,selected_model_risk_score,77,0.6260162602,放贷,优化模型选择,100,1000000,0.1425,14.25,0.8439092946,0.1560907054,15.60907054,0.5,0.03,2.00578337,0.766698884,0.4682721162,0.7708123699,0.007708123699,budget_0.80_bmax_nominal_equality,nominal_equality,False,0.1158892222,budget,mean,0.8,0.5,0.03,7920
E34,***建设工程有限公司,B,elastic_net_logistic,0.1015652078,selected_model_risk_score,75,0.6097560976,放贷,优化模型选择,100,1000000,0.1425,14.25,0.8439092946,0.1560907054,15.60907054,0.5,0.03,1.998381817,0.7926692465,0.4682721162,0.737440454,0.00737440454,budget_0.80_bmax_nominal_equality,nominal_equality,False,0.1393444528,budget,mean,0.8,0.5,0.03,7920
E35,***商贸有限公司,B,elastic_net_logistic,0.08567951436,selected_model_risk_score,83,0.674796748,放贷,优化模型选择,100,1000000,0.1425,14.25,0.8439092946,0.1560907054,15.60907054,0.5,0.03,2.033716246,0.6686887917,0.4682721162,0.8967553384,0.008967553384,budget_0.80_bmax_nominal_equality,nominal_equality,False,0.1006056864,budget,mean,0.8,0.5,0.03,7920
E36,***超硬材料有限公司,D,elastic_net_logistic,0.05081789908,selected_model_risk_score,107,0.8699186992,不放贷,D级企业原则上不予放贷,0,0,,,,,0,0.5,0.03,0,0,0,0,,budget_0.80_bmax_nominal_equality,nominal_equality,False,0.06163613971,budget,mean,0.8,0.5,0.03,7920
E37,***木业有限公司,B,elastic_net_logistic,0.084549486,selected_model_risk_score,84,0.6829268293,放贷,优化模型选择,100,1000000,0.1425,14.25,0.8439092946,0.1560907054,15.60907054,0.5,0.03,2.03622976,0.6598694455,0.4682721162,0.9080881982,0.009080881982,budget_0.80_bmax_nominal_equality,nominal_equality,False,0.1088428529,budget,mean,0.8,0.5,0.03,7920
E38,***建设工程有限公司,B,elastic_net_logistic,0.1218095512,selected_model_risk_score,63,0.512195122,放贷,优化模型选择,100,1000000,0.1425,14.25,0.8439092946,0.1560907054,15.60907054,0.5,0.03,1.953352474,0.9506669386,0.4682721162,0.5344134197,0.005344134197,budget_0.80_bmax_nominal_equality,nominal_equality,False,0.1460270212,budget,mean,0.8,0.5,0.03,7920
E39,***建筑劳务有限公司,C,elastic_net_logistic,0.1815109557,selected_model_risk_score,52,0.4227642276,放贷,优化模型选择,100,1000000,0.15,15,0.8951647387,0.1048352613,10.48352613,0.5,0.03,1.287097692,0.9514374235,0.3145057839,0.02115448507,0.0002115448507,budget_0.80_bmax_nominal_equality,nominal_equality,False,0.2307578892,budget,mean,0.8,0.5,0.03,7920
E4,***发展有限责任公司,C,elastic_net_logistic,0.03106769432,selected_model_risk_score,118,0.9593495935,放贷,优化模型选择,100,1000000,0.1105,11.05,0.7151023945,0.2848976055,28.48976055,0.5,0.03,3.050313756,0.442555586,0.8546928165,1.753065354,0.01753065354,budget_0.80_bmax_nominal_equality,nominal_equality,False,0.04400979025,budget,mean,0.8,0.5,0.03,7920
E40,***财税咨询服务有限公司,C,elastic_net_logistic,0.08113873174,selected_model_risk_score,90,0.7317073171,放贷,优化模型选择,100,1000000,0.1425,14.25,0.8405321006,0.1594678994,15.94678994,0.5,0.03,2.088036487,0.6469511555,0.4784036982,0.9626816334,0.009626816334,budget_0.80_bmax_nominal_equality,nominal_equality,False,0.09293248415,budget,mean,0.8,0.5,0.03,7920
E41,***物业发展有限公司,C,elastic_net_logistic,0.07916167381,selected_model_risk_score,91,0.7398373984,放贷,优化模型选择,100,1000000,0.1425,14.25,0.8405321006,0.1594678994,15.94678994,0.5,0.03,2.092529188,0.6311872918,0.4784036982,0.9829381983,0.009829381983,budget_0.80_bmax_nominal_equality,nominal_equality,False,0.09683047914,budget,mean,0.8,0.5,0.03,7920
E42,***园艺场,A,elastic_net_logistic,0.1200846128,selected_model_risk_score,66,0.5365853659,放贷,优化模型选择,100,1000000,0.1425,14.25,0.8801803134,0.1198196866,11.98196866,0.5,0.03,1.502394399,0.7194250336,0.3594590598,0.4235103061,0.004235103061,budget_0.80_bmax_nominal_equality,nominal_equality,False,0.1475914741,budget,mean,0.8,0.5,0.03,7920
E43,***建设工程有限公司,B,elastic_net_logistic,0.1927952664,selected_model_risk_score,48,0.3902439024,放贷,优化模型选择,100,1000000,0.15,15,0.885864919,0.114135081,11.4135081,0.5,0.03,1.381955665,1.100235167,0.342405243,-0.06068474555,-0.0006068474555,budget_0.80_bmax_nominal_equality,nominal_equality,False,0.2145282193,budget,mean,0.8,0.5,0.03,7920
E44,***商贸有限公司,C,elastic_net_logistic,0.08616234673,selected_model_risk_score,82,0.6666666667,放贷,优化模型选择,100,1000000,0.1425,14.25,0.8405321006,0.1594678994,15.94678994,0.5,0.03,2.076620736,0.687006422,0.4784036982,0.911210616,0.00911210616,budget_0.80_bmax_nominal_equality,nominal_equality,False,0.1035354806,budget,mean,0.8,0.5,0.03,7920
E45,个体经营E45,B,elastic_net_logistic,0.1068056002,selected_model_risk_score,73,0.593495935,放贷,优化模型选择,100,1000000,0.1425,14.25,0.8439092946,0.1560907054,15.60907054,0.5,0.03,1.986725651,0.8335680738,0.4682721162,0.6848854609,0.006848854609,budget_0.80_bmax_nominal_equality,nominal_equality,False,0.1219197504,budget,mean,0.8,0.5,0.03,7920
E46,***广告传媒有限公司,C,elastic_net_logistic,0.05276002815,selected_model_risk_score,105,0.8536585366,放贷,优化模型选择,100,1000000,0.1105,11.05,0.7151023945,0.2848976055,28.48976055,0.5,0.03,2.982023718,0.7515602843,0.8546928165,1.375770617,0.01375770617,budget_0.80_bmax_nominal_equality,nominal_equality,False,0.06245378683,budget,mean,0.8,0.5,0.03,7920
E47,***控制设备有限责任公司,C,elastic_net_logistic,0.05124807767,selected_model_risk_score,106,0.8617886179,放贷,优化模型选择,100,1000000,0.1105,11.05,0.7151023945,0.2848976055,28.48976055,0.5,0.03,2.986783517,0.7300227307,0.8546928165,1.40206797,0.0140206797,budget_0.80_bmax_nominal_equality,nominal_equality,False,0.05822355401,budget,mean,0.8,0.5,0.03,7920
E48,***化工有限公司,A,elastic_net_logistic,0.07070577235,selected_model_risk_score,97,0.7886178862,放贷,优化模型选择,100,1000000,0.1225,12.25,0.8148090077,0.1851909923,18.51909923,0.5,0.03,2.108187272,0.6547036071,0.5555729769,0.8979106879,0.008979106879,budget_0.80_bmax_nominal_equality,nominal_equality,False,0.08921054517,budget,mean,0.8,0.5,0.03,7920
E49,***地球环保科技有限公司,C,elastic_net_logistic,0.09803729486,selected_model_risk_score,78,0.6341463415,放贷,优化模型选择,100,1000000,0.1425,14.25,0.8405321006,0.1594678994,15.94678994,0.5,0.03,2.049635895,0.7816900737,0.4784036982,0.7895421235,0.007895421235,budget_0.80_bmax_nominal_equality,nominal_equality,False,0.1105965348,budget,mean,0.8,0.5,0.03,7920
E5,***供应链管理有限公司,B,elastic_net_logistic,0.05668387407,selected_model_risk_score,103,0.837398374,放贷,优化模型选择,100,1000000,0.1065,10.65,0.7053159925,0.2946840075,29.46840075,0.5,0.03,2.960488878,0.8351915586,0.8840520225,1.241245297,0.01241245297,budget_0.80_bmax_nominal_equality,nominal_equality,False,0.07330978844,budget,mean,0.8,0.5,0.03,7920
E50,***建筑劳务有限公司,C,elastic_net_logistic,0.1692453772,selected_model_risk_score,54,0.4390243902,放贷,优化模型选择,100,1000000,0.15,15,0.8951647387,0.1048352613,10.48352613,0.5,0.03,1.306385669,0.8871441671,0.3145057839,0.1047357183,0.001047357183,budget_0.80_bmax_nominal_equality,nominal_equality,False,0.2040258114,budget,mean,0.8,0.5,0.03,7920
E51,***物流有限公司,B,elastic_net_logistic,0.0697365828,selected_model_risk_score,98,0.7967479675,放贷,优化模型选择,100,1000000,0.1425,14.25,0.8439092946,0.1560907054,15.60907054,0.5,0.03,2.06917799,0.5442616201,0.4682721162,1.056644254,0.01056644254,budget_0.80_bmax_nominal_equality,nominal_equality,False,0.07874952738,budget,mean,0.8,0.5,0.03,7920
E52,***商贸有限公司,D,elastic_net_logistic,0.2136303318,selected_model_risk_score,44,0.3577235772,不放贷,D级企业原则上不予放贷,0,0,,,,,0,0.5,0.03,0,0,0,0,,budget_0.80_bmax_nominal_equality,nominal_equality,False,0.2416471762,budget,mean,0.8,0.5,0.03,7920
E53,***文化传媒有限公司,C,elastic_net_logistic,0.107156181,selected_model_risk_score,71,0.5772357724,放贷,优化模型选择,100,1000000,0.1425,14.25,0.8405321006,0.1594678994,15.94678994,0.5,0.03,2.028913978,0.8543985546,0.4784036982,0.6961117256,0.006961117256,budget_0.80_bmax_nominal_equality,nominal_equality,False,0.1294528809,budget,mean,0.8,0.5,0.03,7920
E54,***新技术开发有限公司,A,elastic_net_logistic,0.06439978133,selected_model_risk_score,101,0.8211382114,放贷,优化模型选择,100,1000000,0.1225,12.25,0.8148090077,0.1851909923,18.51909923,0.5,0.03,2.122492978,0.5963129704,0.5555729769,0.9706070306,0.009706070306,budget_0.80_bmax_nominal_equality,nominal_equality,False,0.08481402429,budget,mean,0.8,0.5,0.03,7920
E55,***集团有限公司***电力设备分公司,C,elastic_net_logistic,0.1835760094,selected_model_risk_score,51,0.4146341463,放贷,优化模型选择,100,1000000,0.15,15,0.8951647387,0.1048352613,10.48352613,0.5,0.03,1.283850336,0.9622619457,0.3145057839,0.007082606199,7.082606199e-05,budget_0.80_bmax_nominal_equality,nominal_equality,False,0.2408611135,budget,mean,0.8,0.5,0.03,7920
E56,***家居材料***有限公司,C,elastic_net_logistic,0.08755638262,selected_model_risk_score,81,0.6585365854,放贷,优化模型选择,100,1000000,0.1425,14.25,0.8405321006,0.1594678994,15.94678994,0.5,0.03,2.073452905,0.6981216208,0.4784036982,0.8969275856,0.008969275856,budget_0.80_bmax_nominal_equality,nominal_equality,False,0.1073776577,budget,mean,0.8,0.5,0.03,7920
E57,***机械设备有限公司,B,elastic_net_logistic,0.1025680758,selected_model_risk_score,74,0.6016260163,放贷,优化模型选择,100,1000000,0.1425,14.25,0.8439092946,0.1560907054,15.60907054,0.5,0.03,1.996151145,0.8004961652,0.4682721162,0.7273828635,0.007273828635,budget_0.80_bmax_nominal_equality,nominal_equality,False,0.1291130293,budget,mean,0.8,0.5,0.03,7920
E58,***油气工程建设有限责任公司,B,elastic_net_logistic,0.1498825704,selected_model_risk_score,58,0.4715447154,放贷,优化模型选择,100,1000000,0.1465,14.65,0.8681595356,0.1318404644,13.18404644,0.5,0.03,1.641970194,0.9880293844,0.3955213932,0.2584194163,0.002584194163,budget_0.80_bmax_nominal_equality,nominal_equality,False,0.166452668,budget,mean,0.8,0.5,0.03,7920
E59,***商贸有限公司,A,elastic_net_logistic,0.06896464342,selected_model_risk_score,99,0.8048780488,放贷,优化模型选择,100,1000000,0.1225,12.25,0.8148090077,0.1851909923,18.51909923,0.5,0.03,2.112137179,0.6385815374,0.5555729769,0.9179826647,0.009179826647,budget_0.80_bmax_nominal_equality,nominal_equality,False,0.07641618763,budget,mean,0.8,0.5,0.03,7920
E6,***装饰设计工程有限公司,A,elastic_net_logistic,0.03828902106,selected_model_risk_score,114,0.9268292683,放贷,优化模型选择,100,1000000,0.0985,9.85,0.7083020233,0.2916979767,29.16979767,0.5,0.03,2.763212095,0.5584414987,0.8750939301,1.329676667,0.01329676667,budget_0.80_bmax_nominal_equality,nominal_equality,False,0.04389193776,budget,mean,0.8,0.5,0.03,7920
E60,***机械租赁有限公司,B,elastic_net_logistic,0.2143912442,selected_model_risk_score,43,0.3495934959,放贷,优化模型选择,100,1000000,0.15,15,0.885864919,0.114135081,11.4135081,0.5,0.03,1.344982785,1.223478101,0.342405243,-0.2209005595,-0.002209005595,budget_0.80_bmax_nominal_equality,nominal_equality,False,0.2335825691,budget,mean,0.8,0.5,0.03,7920
E61,***调味品有限公司,B,elastic_net_logistic,0.07788330382,selected_model_risk_score,92,0.7479674797,放贷,优化模型选择,100,1000000,0.1425,14.25,0.8439092946,0.1560907054,15.60907054,0.5,0.03,2.051057299,0.6078429916,0.4682721162,0.9749421915,0.009749421915,budget_0.80_bmax_nominal_equality,nominal_equality,False,0.09484916536,budget,mean,0.8,0.5,0.03,7920
E62,***工程造价咨询有限公司***分公司,B,elastic_net_logistic,0.1214523958,selected_model_risk_score,64,0.5203252033,放贷,优化模型选择,100,1000000,0.1425,14.25,0.8439092946,0.1560907054,15.60907054,0.5,0.03,1.954146893,0.9478795066,0.4682721162,0.5379952697,0.005379952697,budget_0.80_bmax_nominal_equality,nominal_equality,False,0.1450170246,budget,mean,0.8,0.5,0.03,7920
E63,***科技有限公司,B,elastic_net_logistic,0.08368298573,selected_model_risk_score,86,0.6991869919,放贷,优化模型选择,100,1000000,0.1425,14.25,0.8439092946,0.1560907054,15.60907054,0.5,0.03,2.03815711,0.6531068136,0.4682721162,0.9167781802,0.009167781802,budget_0.80_bmax_nominal_equality,nominal_equality,False,0.1084106096,budget,mean,0.8,0.5,0.03,7920
E64,***图书有限责任公司,A,elastic_net_logistic,0.1124750355,selected_model_risk_score,69,0.5609756098,放贷,优化模型选择,100,1000000,0.1425,14.25,0.8801803134,0.1198196866,11.98196866,0.5,0.03,1.515387224,0.6738361752,0.3594590598,0.4820919891,0.004820919891,budget_0.80_bmax_nominal_equality,nominal_equality,False,0.1209520698,budget,mean,0.8,0.5,0.03,7920
E65,***商贸有限公司,B,elastic_net_logistic,0.0894097801,selected_model_risk_score,80,0.6504065041,放贷,优化模型选择,100,1000000,0.1425,14.25,0.8439092946,0.1560907054,15.60907054,0.5,0.03,2.025419044,0.6978017823,0.4682721162,0.8593451455,0.008593451455,budget_0.80_bmax_nominal_equality,nominal_equality,False,0.1016662421,budget,mean,0.8,0.5,0.03,7920
E66,***快递有限公司,B,elastic_net_logistic,0.2947622952,selected_model_risk_score,30,0.243902439,不放贷,优化模型未选择,0,0,,,,,0,0.5,0.03,0,0,0,0,,budget_0.80_bmax_nominal_equality,nominal_equality,False,0.3741353375,budget,mean,0.8,0.5,0.03,7920
E67,***信息技术有限公司,B,elastic_net_logistic,0.1845447393,selected_model_risk_score,50,0.406504065,放贷,优化模型选择,100,1000000,0.15,15,0.885864919,0.114135081,11.4135081,0.5,0.03,1.396080783,1.053151438,0.342405243,0.0005241020716,5.241020716e-06,budget_0.80_bmax_nominal_equality,nominal_equality,False,0.2088292217,budget,mean,0.8,0.5,0.03,7920
E68,***花木总公司,C,elastic_net_logistic,0.3380718151,selected_model_risk_score,28,0.2276422764,不放贷,优化模型未选择,0,0,,,,,0,0.5,0.03,0,0,0,0,,budget_0.80_bmax_nominal_equality,nominal_equality,False,0.3824767947,budget,mean,0.8,0.5,0.03,7920
E69,***电子器材经营部,C,elastic_net_logistic,0.2503652668,selected_model_risk_score,38,0.3089430894,不放贷,优化模型未选择,0,0,,,,,0,0.5,0.03,0,0,0,0,,budget_0.80_bmax_nominal_equality,nominal_equality,False,0.3207126735,budget,mean,0.8,0.5,0.03,7920
E7,***家电有限公司***分公司,A,elastic_net_logistic,0.02580342326,selected_model_risk_score,121,0.9837398374,放贷,优化模型选择,100,1000000,0.0985,9.85,0.7083020233,0.2916979767,29.16979767,0.5,0.03,2.799086028,0.3763403178,0.8750939301,1.54765178,0.0154765178,budget_0.80_bmax_nominal_equality,nominal_equality,False,0.03436137967,budget,mean,0.8,0.5,0.03,7920
E70,***科技有限公司,B,elastic_net_logistic,0.1379471805,selected_model_risk_score,60,0.487804878,放贷,优化模型选择,100,1000000,0.1425,14.25,0.8439092946,0.1560907054,15.60907054,0.5,0.03,1.917457666,1.076613636,0.4682721162,0.372571914,0.00372571914,budget_0.80_bmax_nominal_equality,nominal_equality,False,0.1557212843,budget,mean,0.8,0.5,0.03,7920
E71,***农业科技有限公司,B,elastic_net_logistic,0.2041897012,selected_model_risk_score,45,0.3658536585,放贷,优化模型选择,100,1000000,0.15,15,0.885864919,0.114135081,11.4135081,0.5,0.03,1.362448094,1.165260404,0.342405243,-0.1452175536,-0.001452175536,budget_0.80_bmax_nominal_equality,nominal_equality,False,0.2461670708,budget,mean,0.8,0.5,0.03,7920
E72,***图书有限公司,C,elastic_net_logistic,0.2897171126,selected_model_risk_score,32,0.2601626016,不放贷,优化模型未选择,0,0,,,,,0,0.5,0.03,0,0,0,0,,budget_0.80_bmax_nominal_equality,nominal_equality,False,0.3383260035,budget,mean,0.8,0.5,0.03,7920
E73,***商贸有限责任公司,C,elastic_net_logistic,0.1183311273,selected_model_risk_score,67,0.5447154472,放贷,优化模型选择,100,1000000,0.1425,14.25,0.8405321006,0.1594678994,15.94678994,0.5,0.03,2.003519834,0.9435008152,0.4784036982,0.5816153207,0.005816153207,budget_0.80_bmax_nominal_equality,nominal_equality,False,0.150943928,budget,mean,0.8,0.5,0.03,7920
E74,***蔬菜专业合作社,B,elastic_net_logistic,0.1539591335,selected_model_risk_score,56,0.4552845528,放贷,优化模型选择,100,1000000,0.15,15,0.885864919,0.114135081,11.4135081,0.5,0.03,1.448444142,0.8786069086,0.342405243,0.2274319908,0.002274319908,budget_0.80_bmax_nominal_equality,nominal_equality,False,0.1754997095,budget,mean,0.8,0.5,0.03,7920
E75,***酒店管理有限公司,C,elastic_net_logistic,0.1070850165,selected_model_risk_score,72,0.5853658537,放贷,优化模型选择,100,1000000,0.1425,14.25,0.8405321006,0.1594678994,15.94678994,0.5,0.03,2.029075694,0.8538311319,0.4784036982,0.6968408637,0.006968408637,budget_0.80_bmax_nominal_equality,nominal_equality,False,0.1282680192,budget,mean,0.8,0.5,0.03,7920
E76,***信息科技有限公司,B,elastic_net_logistic,0.1706660196,selected_model_risk_score,53,0.4308943089,放贷,优化模型选择,100,1000000,0.15,15,0.885864919,0.114135081,11.4135081,0.5,0.03,1.419841515,0.9739489985,0.342405243,0.1034872739,0.001034872739,budget_0.80_bmax_nominal_equality,nominal_equality,False,0.1979402602,budget,mean,0.8,0.5,0.03,7920
E77,***机电设备有限公司,C,elastic_net_logistic,0.3665492679,selected_model_risk_score,25,0.2032520325,不放贷,优化模型未选择,0,0,,,,,0,0.5,0.03,0,0,0,0,,budget_0.80_bmax_nominal_equality,nominal_equality,False,0.4663549766,budget,mean,0.8,0.5,0.03,7920
E78,个体经营E78,C,elastic_net_logistic,0.1211539626,selected_model_risk_score,65,0.5284552846,放贷,优化模型选择,100,1000000,0.1425,14.25,0.8405321006,0.1594678994,15.94678994,0.5,0.03,1.997105174,0.966008396,0.4784036982,0.5526930794,0.005526930794,budget_0.80_bmax_nominal_equality,nominal_equality,False,0.1481587806,budget,mean,0.8,0.5,0.03,7920
E79,***鞋业有限公司,B,elastic_net_logistic,0.2025177165,selected_model_risk_score,46,0.3739837398,放贷,优化模型选择,100,1000000,0.15,15,0.885864919,0.114135081,11.4135081,0.5,0.03,1.365310575,1.155718799,0.342405243,-0.1328134665,-0.001328134665,budget_0.80_bmax_nominal_equality,nominal_equality,False,0.2207361419,budget,mean,0.8,0.5,0.03,7920
E8,***科学研究院有限公司,A,elastic_net_logistic,0.02606005345,selected_model_risk_score,120,0.9756097561,放贷,优化模型选择,100,1000000,0.0985,9.85,0.7083020233,0.2916979767,29.16979767,0.5,0.03,2.798348672,0.3800832432,0.8750939301,1.543171498,0.01543171498,budget_0.80_bmax_nominal_equality,nominal_equality,False,0.03439017911,budget,mean,0.8,0.5,0.03,7920
E80,***实业有限责任公司,C,elastic_net_logistic,0.3432370641,selected_model_risk_score,26,0.2113821138,不放贷,优化模型未选择,0,0,,,,,0,0.5,0.03,0,0,0,0,,budget_0.80_bmax_nominal_equality,nominal_equality,False,0.3865190631,budget,mean,0.8,0.5,0.03,7920
E81,***机械设备有限公司,A,elastic_net_logistic,0.1154202468,selected_model_risk_score,68,0.5528455285,放贷,优化模型选择,100,1000000,0.1425,14.25,0.8801803134,0.1198196866,11.98196866,0.5,0.03,1.51035848,0.6914808899,0.3594590598,0.4594185307,0.004594185307,budget_0.80_bmax_nominal_equality,nominal_equality,False,0.1339413155,budget,mean,0.8,0.5,0.03,7920
E82,***商贸有限公司,D,elastic_net_logistic,0.194614899,selected_model_risk_score,47,0.3821138211,不放贷,D级企业原则上不予放贷,0,0,,,,,0,0.5,0.03,0,0,0,0,,budget_0.80_bmax_nominal_equality,nominal_equality,False,0.2318618526,budget,mean,0.8,0.5,0.03,7920
E83,***社会福利院（***社会福利社会化服务中心）,B,elastic_net_logistic,0.5444532255,selected_model_risk_score,13,0.1056910569,不放贷,优化模型未选择,0,0,,,,,0,0.5,0.03,0,0,0,0,,budget_0.80_bmax_nominal_equality,nominal_equality,False,0.6237840466,budget,mean,0.8,0.5,0.03,7920
E84,***建材有限公司,A,elastic_net_logistic,0.1532688251,selected_model_risk_score,57,0.4634146341,放贷,优化模型选择,100,1000000,0.1465,14.65,0.9027259086,0.09727409137,9.727409137,0.5,0.03,1.206647333,0.7454542848,0.2918222741,0.1693707742,0.001693707742,budget_0.80_bmax_nominal_equality,nominal_equality,False,0.1694921296,budget,mean,0.8,0.5,0.03,7920
E85,***安防科技有限公司,B,elastic_net_logistic,0.2264316686,selected_model_risk_score,42,0.3414634146,放贷,优化模型选择,100,1000000,0.15,15,0.885864919,0.114135081,11.4135081,0.5,0.03,1.324369262,1.292189842,0.342405243,-0.3102258224,-0.003102258224,budget_0.80_bmax_nominal_equality,nominal_equality,False,0.2483347601,budget,mean,0.8,0.5,0.03,7920
E86,***地质工程勘察院***分院,C,elastic_net_logistic,0.2808208394,selected_model_risk_score,34,0.2764227642,不放贷,优化模型未选择,0,0,,,,,0,0.5,0.03,0,0,0,0,,budget_0.80_bmax_nominal_equality,nominal_equality,False,0.3548090468,budget,mean,0.8,0.5,0.03,7920
E87,***实业有限责任公司,C,elastic_net_logistic,0.234076271,selected_model_risk_score,40,0.325203252,放贷,优化模型选择,20,200000,0.15,15,0.8951647387,0.1048352613,2.096705226,0.5,0.03,0.2408874428,0.2453944703,0.06290115678,-0.06740818433,-0.003370409216,budget_0.80_bmax_nominal_equality,nominal_equality,False,0.2796569295,budget,mean,0.8,0.5,0.03,7920
E88,***贸易有限公司,A,elastic_net_logistic,0.1654327803,selected_model_risk_score,55,0.4471544715,放贷,优化模型选择,100,1000000,0.15,15,0.922060687,0.07793931305,7.793931305,0.5,0.03,0.975683937,0.6446858626,0.2338179392,0.09718013519,0.0009718013519,budget_0.80_bmax_nominal_equality,nominal_equality,False,0.189066442,budget,mean,0.8,0.5,0.03,7920
E89,***物资有限公司,A,elastic_net_logistic,0.3344336244,selected_model_risk_score,29,0.2357723577,不放贷,优化模型未选择,0,0,,,,,0,0.5,0.03,0,0,0,0,,budget_0.80_bmax_nominal_equality,nominal_equality,False,0.3672701532,budget,mean,0.8,0.5,0.03,7920
E9,***生活用品服务有限公司***分公司,A,elastic_net_logistic,0.02174866462,selected_model_risk_score,122,0.9918699187,放贷,优化模型选择,100,1000000,0.0985,9.85,0.7083020233,0.2916979767,29.16979767,0.5,0.03,2.810736262,0.3172020733,0.8750939301,1.618440259,0.01618440259,budget_0.80_bmax_nominal_equality,nominal_equality,False,0.02531048472,budget,mean,0.8,0.5,0.03,7920
E90,***文化传媒有限责任公司,C,elastic_net_logistic,0.2928954659,selected_model_risk_score,31,0.2520325203,不放贷,优化模型未选择,0,0,,,,,0,0.5,0.03,0,0,0,0,,budget_0.80_bmax_nominal_equality,nominal_equality,False,0.3272754126,budget,mean,0.8,0.5,0.03,7920
E91,***科技实业有限公司,A,elastic_net_logistic,0.123879862,selected_model_risk_score,62,0.5040650407,放贷,优化模型选择,100,1000000,0.1425,14.25,0.8801803134,0.1198196866,11.98196866,0.5,0.03,1.495914275,0.742162312,0.3594590598,0.3942929033,0.003942929033,budget_0.80_bmax_nominal_equality,nominal_equality,False,0.1563985381,budget,mean,0.8,0.5,0.03,7920
E92,***地质灾害防治有限公司,C,elastic_net_logistic,0.3701163354,selected_model_risk_score,24,0.1951219512,不放贷,优化模型未选择,0,0,,,,,0,0.5,0.03,0,0,0,0,,budget_0.80_bmax_nominal_equality,nominal_equality,False,0.4190045907,budget,mean,0.8,0.5,0.03,7920
E93,***电脑设计事务所,B,elastic_net_logistic,0.2376719561,selected_model_risk_score,39,0.3170731707,不放贷,优化模型未选择,0,0,,,,,0,0.5,0.03,0,0,0,0,,budget_0.80_bmax_nominal_equality,nominal_equality,False,0.2575297987,budget,mean,0.8,0.5,0.03,7920
E94,***汽车美容有限公司,C,elastic_net_logistic,0.3420261826,selected_model_risk_score,27,0.2195121951,不放贷,优化模型未选择,0,0,,,,,0,0.5,0.03,0,0,0,0,,budget_0.80_bmax_nominal_equality,nominal_equality,False,0.3879661601,budget,mean,0.8,0.5,0.03,7920
E95,***兰花店,B,elastic_net_logistic,0.1441316116,selected_model_risk_score,59,0.4796747967,放贷,优化模型选择,100,1000000,0.1425,14.25,0.8439092946,0.1560907054,15.60907054,0.5,0.03,1.903701682,1.124880246,0.4682721162,0.3105493193,0.003105493193,budget_0.80_bmax_nominal_equality,nominal_equality,False,0.1745511804,budget,mean,0.8,0.5,0.03,7920
E96,***土地整理有限公司,C,elastic_net_logistic,0.8080355745,selected_model_risk_score,1,0.008130081301,不放贷,优化模型未选择,0,0,,,,,0,0.5,0.03,0,0,0,0,,budget_0.80_bmax_nominal_equality,nominal_equality,False,0.854739214,budget,mean,0.8,0.5,0.03,7920
E97,***美工装饰部,B,elastic_net_logistic,0.2602897628,selected_model_risk_score,35,0.2845528455,不放贷,优化模型未选择,0,0,,,,,0,0.5,0.03,0,0,0,0,,budget_0.80_bmax_nominal_equality,nominal_equality,False,0.3283525845,budget,mean,0.8,0.5,0.03,7920
E98,***文化传播有限公司,B,elastic_net_logistic,0.2814270169,selected_model_risk_score,33,0.2682926829,不放贷,优化模型未选择,0,0,,,,,0,0.5,0.03,0,0,0,0,,budget_0.80_bmax_nominal_equality,nominal_equality,False,0.3034353338,budget,mean,0.8,0.5,0.03,7920
E99,***建筑工程有限责任公司,D,elastic_net_logistic,0.5839846822,selected_model_risk_score,10,0.08130081301,不放贷,D级企业原则上不予放贷,0,0,,,,,0,0.5,0.03,0,0,0,0,,budget_0.80_bmax_nominal_equality,nominal_equality,False,0.6898712011,budget,mean,0.8,0.5,0.03,7920
E1,***电器销售有限公司,A,elastic_net_logistic,0.05655542179,selected_model_risk_score,104,0.8455284553,放贷,优化模型选择,100,1000000,0.1225,12.25,0.8148090077,0.1851909923,18.51909923,0.5,0.03,2.140288611,0.5236777341,0.5555729769,1.0610379,0.010610379,budget_0.90_bmax_nominal_equality,nominal_equality,False,0.0730491674,budget,mean,0.9,0.5,0.03,8910
E10,***建筑劳务有限公司,B,elastic_net_logistic,0.06093491817,selected_model_risk_score,102,0.8292682927,放贷,优化模型选择,100,1000000,0.1185,11.85,0.7692116619,0.2307883381,23.07883381,0.5,0.03,2.568194445,0.7031534248,0.6923650143,1.172676006,0.01172676006,budget_0.90_bmax_nominal_equality,nominal_equality,False,0.07833730674,budget,mean,0.9,0.5,0.03,8910
E100,***装饰工程有限公司,D,elastic_net_logistic,0.2578903118,selected_model_risk_score,36,0.2926829268,不放贷,D级企业原则上不予放贷,0,0,,,,,0,0.5,0.03,0,0,0,0,,budget_0.90_bmax_nominal_equality,nominal_equality,False,0.3416804479,budget,mean,0.9,0.5,0.03,8910
E101,***灯饰工程有限公司,D,elastic_net_logistic,0.7098560409,selected_model_risk_score,6,0.0487804878,不放贷,D级企业原则上不予放贷,0,0,,,,,0,0.5,0.03,0,0,0,0,,budget_0.90_bmax_nominal_equality,nominal_equality,False,0.7897592201,budget,mean,0.9,0.5,0.03,8910
E102,***大药房有限责任公司,D,elastic_net_logistic,0.4733747116,selected_model_risk_score,17,0.1382113821,不放贷,D级企业原则上不予放贷,0,0,,,,,0,0.5,0.03,0,0,0,0,,budget_0.90_bmax_nominal_equality,nominal_equality,False,0.6183651775,budget,mean,0.9,0.5,0.03,8910
E103,***科技有限公司,D,elastic_net_logistic,0.4055458126,selected_model_risk_score,22,0.1788617886,不放贷,D级企业原则上不予放贷,0,0,,,,,0,0.5,0.03,0,0,0,0,,budget_0.90_bmax_nominal_equality,nominal_equality,False,0.4768661053,budget,mean,0.9,0.5,0.03,8910
E104,***管理咨询有限责任公司,C,elastic_net_logistic,0.5371556855,selected_model_risk_score,14,0.1138211382,不放贷,优化模型未选择,0,0,,,,,0,0.5,0.03,0,0,0,0,,budget_0.90_bmax_nominal_equality,nominal_equality,False,0.6048969633,budget,mean,0.9,0.5,0.03,8910
E105,***建材经营部,C,elastic_net_logistic,0.2296735143,selected_model_risk_score,41,0.3333333333,放贷,优化模型选择,100,1000000,0.15,15,0.8951647387,0.1048352613,10.48352613,0.5,0.03,1.211360676,1.203894144,0.3145057839,-0.3070392519,-0.003070392519,budget_0.90_bmax_nominal_equality,nominal_equality,False,0.3150886304,budget,mean,0.9,0.5,0.03,8910
E106,***财务管理有限公司,B,elastic_net_logistic,0.25387818,selected_model_risk_score,37,0.3008130081,放贷,优化模型选择,100,1000000,0.15,15,0.885864919,0.114135081,11.4135081,0.5,0.03,1.277380115,1.448820332,0.342405243,-0.5138454595,-0.005138454595,budget_0.90_bmax_nominal_equality,nominal_equality,False,0.2861266308,budget,mean,0.9,0.5,0.03,8910
E107,***科技有限公司,D,elastic_net_logistic,0.6278756036,selected_model_risk_score,8,0.06504065041,不放贷,D级企业原则上不予放贷,0,0,,,,,0,0.5,0.03,0,0,0,0,,budget_0.90_bmax_nominal_equality,nominal_equality,False,0.6820972821,budget,mean,0.9,0.5,0.03,8910
E108,***商贸有限公司,D,elastic_net_logistic,0.5221807895,selected_model_risk_score,15,0.1219512195,不放贷,D级企业原则上不予放贷,0,0,,,,,0,0.5,0.03,0,0,0,0,,budget_0.90_bmax_nominal_equality,nominal_equality,False,0.6296705299,budget,mean,0.9,0.5,0.03,8910
E109,***服饰有限公司,D,elastic_net_logistic,0.5493640614,selected_model_risk_score,12,0.09756097561,不放贷,D级企业原则上不予放贷,0,0,,,,,0,0.5,0.03,0,0,0,0,,budget_0.90_bmax_nominal_equality,nominal_equality,False,0.6102205923,budget,mean,0.9,0.5,0.03,8910
E11,***建设工程有限公司,C,elastic_net_logistic,0.07723891572,selected_model_risk_score,93,0.756097561,放贷,优化模型选择,100,1000000,0.1425,14.25,0.8405321006,0.1594678994,15.94678994,0.5,0.03,2.096898498,0.6158563821,0.4784036982,1.002638417,0.01002638417,budget_0.90_bmax_nominal_equality,nominal_equality,False,0.1001763276,budget,mean,0.9,0.5,0.03,8910
E110,***通讯器材经营部,C,elastic_net_logistic,0.5711527053,selected_model_risk_score,11,0.08943089431,不放贷,优化模型未选择,0,0,,,,,0,0.5,0.03,0,0,0,0,,budget_0.90_bmax_nominal_equality,nominal_equality,False,0.6124762668,budget,mean,0.9,0.5,0.03,8910
E111,***科技有限公司,D,elastic_net_logistic,0.1919246162,selected_model_risk_score,49,0.3983739837,不放贷,D级企业原则上不予放贷,0,0,,,,,0,0.5,0.03,0,0,0,0,,budget_0.90_bmax_nominal_equality,nominal_equality,False,0.3189536769,budget,mean,0.9,0.5,0.03,8910
E112,***机械设备有限公司,D,elastic_net_logistic,0.4170540731,selected_model_risk_score,20,0.162601626,不放贷,D级企业原则上不予放贷,0,0,,,,,0,0.5,0.03,0,0,0,0,,budget_0.90_bmax_nominal_equality,nominal_equality,False,0.5129040595,budget,mean,0.9,0.5,0.03,8910
E113,***美居科技有限公司,D,elastic_net_logistic,0.7592451553,selected_model_risk_score,4,0.0325203252,不放贷,D级企业原则上不予放贷,0,0,,,,,0,0.5,0.03,0,0,0,0,,budget_0.90_bmax_nominal_equality,nominal_equality,False,0.8315439659,budget,mean,0.9,0.5,0.03,8910
E114,***食品有限责任公司,D,elastic_net_logistic,0.4770804739,selected_model_risk_score,16,0.1300813008,不放贷,D级企业原则上不予放贷,0,0,,,,,0,0.5,0.03,0,0,0,0,,budget_0.90_bmax_nominal_equality,nominal_equality,False,0.5421990478,budget,mean,0.9,0.5,0.03,8910
E115,***装饰工程有限公司,D,elastic_net_logistic,0.7835354924,selected_model_risk_score,2,0.0162601626,不放贷,D级企业原则上不予放贷,0,0,,,,,0,0.5,0.03,0,0,0,0,,budget_0.90_bmax_nominal_equality,nominal_equality,False,0.8331104651,budget,mean,0.9,0.5,0.03,8910
E116,***门窗有限公司,D,elastic_net_logistic,0.4160885126,selected_model_risk_score,21,0.1707317073,不放贷,D级企业原则上不予放贷,0,0,,,,,0,0.5,0.03,0,0,0,0,,budget_0.90_bmax_nominal_equality,nominal_equality,False,0.532859258,budget,mean,0.9,0.5,0.03,8910
E117,***人力资源管理咨询有限公司,D,elastic_net_logistic,0.6343060557,selected_model_risk_score,7,0.05691056911,不放贷,D级企业原则上不予放贷,0,0,,,,,0,0.5,0.03,0,0,0,0,,budget_0.90_bmax_nominal_equality,nominal_equality,False,0.7561127553,budget,mean,0.9,0.5,0.03,8910
E118,***体育用品有限公司,D,elastic_net_logistic,0.3859533716,selected_model_risk_score,23,0.1869918699,不放贷,D级企业原则上不予放贷,0,0,,,,,0,0.5,0.03,0,0,0,0,,budget_0.90_bmax_nominal_equality,nominal_equality,False,0.4429217794,budget,mean,0.9,0.5,0.03,8910
E119,***药房,D,elastic_net_logistic,0.6253065711,selected_model_risk_score,9,0.07317073171,不放贷,D级企业原则上不予放贷,0,0,,,,,0,0.5,0.03,0,0,0,0,,budget_0.90_bmax_nominal_equality,nominal_equality,False,0.6891769584,budget,mean,0.9,0.5,0.03,8910
E12,***建筑劳务有限公司,B,elastic_net_logistic,0.08202986653,selected_model_risk_score,88,0.7154471545,放贷,优化模型选择,100,1000000,0.1425,14.25,0.8439092946,0.1560907054,15.60907054,0.5,0.03,2.041834131,0.6402049865,0.4682721162,0.9333570281,0.009333570281,budget_0.90_bmax_nominal_equality,nominal_equality,False,0.1054632903,budget,mean,0.9,0.5,0.03,8910
E120,***陈列广告有限公司,D,elastic_net_logistic,0.721226934,selected_model_risk_score,5,0.0406504065,不放贷,D级企业原则上不予放贷,0,0,,,,,0,0.5,0.03,0,0,0,0,,budget_0.90_bmax_nominal_equality,nominal_equality,False,0.7608714869,budget,mean,0.9,0.5,0.03,8910
E121,***药业连锁有限公司***药店,D,elastic_net_logistic,0.4662178212,selected_model_risk_score,18,0.1463414634,不放贷,D级企业原则上不予放贷,0,0,,,,,0,0.5,0.03,0,0,0,0,,budget_0.90_bmax_nominal_equality,nominal_equality,False,0.5621951951,budget,mean,0.9,0.5,0.03,8910
E122,***商贸有限责任公司,D,elastic_net_logistic,0.4500783219,selected_model_risk_score,19,0.1544715447,不放贷,D级企业原则上不予放贷,0,0,,,,,0,0.5,0.03,0,0,0,0,,budget_0.90_bmax_nominal_equality,nominal_equality,False,0.6021516604,budget,mean,0.9,0.5,0.03,8910
E123,***创科技有限责任公司,D,elastic_net_logistic,0.7819761114,selected_model_risk_score,3,0.0243902439,不放贷,D级企业原则上不予放贷,0,0,,,,,0,0.5,0.03,0,0,0,0,,budget_0.90_bmax_nominal_equality,nominal_equality,False,0.8270597923,budget,mean,0.9,0.5,0.03,8910
E13,***汽车贸易有限公司,A,elastic_net_logistic,0.04053604698,selected_model_risk_score,113,0.918699187,放贷,优化模型选择,100,1000000,0.1025,10.25,0.7312754013,0.2687245987,26.87245987,0.5,0.03,2.642773549,0.5446516479,0.8061737961,1.291948105,0.01291948105,budget_0.90_bmax_nominal_equality,nominal_equality,False,0.05373417783,budget,mean,0.9,0.5,0.03,8910
E14,个体经营E14,C,elastic_net_logistic,0.03261041867,selected_model_risk_score,117,0.9512195122,放贷,优化模型选择,100,1000000,0.1105,11.05,0.7151023945,0.2848976055,28.48976055,0.5,0.03,3.045457077,0.4645315097,0.8546928165,1.726232751,0.01726232751,budget_0.90_bmax_nominal_equality,nominal_equality,False,0.04024201468,budget,mean,0.9,0.5,0.03,8910
E15,***劳务有限公司,A,elastic_net_logistic,0.07381492047,selected_model_risk_score,95,0.7723577236,放贷,优化模型选择,100,1000000,0.1225,12.25,0.8148090077,0.1851909923,18.51909923,0.5,0.03,2.101133891,0.6834929184,0.5555729769,0.8620679953,0.008620679953,budget_0.90_bmax_nominal_equality,nominal_equality,False,0.1036254123,budget,mean,0.9,0.5,0.03,8910
E16,***建筑劳务有限公司,A,elastic_net_logistic,0.04998777847,selected_model_risk_score,108,0.8780487805,放贷,优化模型选择,100,1000000,0.1025,10.25,0.7312754013,0.2687245987,26.87245987,0.5,0.03,2.616739443,0.6716472855,0.8061737961,1.138918362,0.01138918362,budget_0.90_bmax_nominal_equality,nominal_equality,False,0.0624669862,budget,mean,0.9,0.5,0.03,8910
E17,***消防工程有限公司,A,elastic_net_logistic,0.04649981408,selected_model_risk_score,111,0.9024390244,放贷,优化模型选择,100,1000000,0.1025,10.25,0.7312754013,0.2687245987,26.87245987,0.5,0.03,2.626346787,0.6247821939,0.8061737961,1.195390797,0.01195390797,budget_0.90_bmax_nominal_equality,nominal_equality,False,0.05349825243,budget,mean,0.9,0.5,0.03,8910
E18,***消防工程有限责任公司,A,elastic_net_logistic,0.04857513816,selected_model_risk_score,109,0.8861788618,放贷,优化模型选择,100,1000000,0.1025,10.25,0.7312754013,0.2687245987,26.87245987,0.5,0.03,2.620630458,0.6526667254,0.8061737961,1.161789936,0.01161789936,budget_0.90_bmax_nominal_equality,nominal_equality,False,0.06117933194,budget,mean,0.9,0.5,0.03,8910
E19,***科技有限公司,A,elastic_net_logistic,0.06543754966,selected_model_risk_score,100,0.8130081301,放贷,优化模型选择,100,1000000,0.1225,12.25,0.8148090077,0.1851909923,18.51909923,0.5,0.03,2.120138707,0.6059222378,0.5555729769,0.9586434928,0.009586434928,budget_0.90_bmax_nominal_equality,nominal_equality,False,0.09093656268,budget,mean,0.9,0.5,0.03,8910
E2,***技术有限责任公司,A,elastic_net_logistic,0.02833749753,selected_model_risk_score,119,0.9674796748,放贷,优化模型选择,100,1000000,0.0985,9.85,0.7083020233,0.2916979767,29.16979767,0.5,0.03,2.791805062,0.4132995347,0.8750939301,1.503411597,0.01503411597,budget_0.90_bmax_nominal_equality,nominal_equality,False,0.03642833627,budget,mean,0.9,0.5,0.03,8910
E20,***贸易有限公司,B,elastic_net_logistic,0.04546270238,selected_model_risk_score,112,0.9105691057,放贷,优化模型选择,100,1000000,0.1065,10.65,0.7053159925,0.2946840075,29.46840075,0.5,0.03,2.995705231,0.6698565665,0.8840520225,1.441796642,0.01441796642,budget_0.90_bmax_nominal_equality,nominal_equality,False,0.06402096704,budget,mean,0.9,0.5,0.03,8910
E21,***建设工程有限公司,B,elastic_net_logistic,0.08415779812,selected_model_risk_score,85,0.6910569106,放贷,优化模型选择,100,1000000,0.1425,14.25,0.8439092946,0.1560907054,15.60907054,0.5,0.03,2.037100988,0.6568125037,0.4682721162,0.9120163685,0.009120163685,budget_0.90_bmax_nominal_equality,nominal_equality,False,0.09612822768,budget,mean,0.9,0.5,0.03,8910
E22,***物流有限公司,A,elastic_net_logistic,0.08272431763,selected_model_risk_score,87,0.7073170732,放贷,优化模型选择,100,1000000,0.1225,12.25,0.8148090077,0.1851909923,18.51909923,0.5,0.03,2.080922124,0.7659899235,0.5555729769,0.7593592241,0.007593592241,budget_0.90_bmax_nominal_equality,nominal_equality,False,0.09349623574,budget,mean,0.9,0.5,0.03,8910
E23,***贸易有限公司,B,elastic_net_logistic,0.03337482103,selected_model_risk_score,116,0.9430894309,放贷,优化模型选择,100,1000000,0.1065,10.65,0.7053159925,0.2946840075,29.46840075,0.5,0.03,3.033641653,0.4917513005,0.8840520225,1.65783833,0.0165783833,budget_0.90_bmax_nominal_equality,nominal_equality,False,0.04082479351,budget,mean,0.9,0.5,0.03,8910
E24,***建筑工程有限公司,A,elastic_net_logistic,0.04702949043,selected_model_risk_score,110,0.8943089431,放贷,优化模型选择,100,1000000,0.1025,10.25,0.7312754013,0.2687245987,26.87245987,0.5,0.03,2.624887832,0.6318990471,0.8061737961,1.186814989,0.01186814989,budget_0.90_bmax_nominal_equality,nominal_equality,False,0.06125175229,budget,mean,0.9,0.5,0.03,8910
E25,***通讯设备有限公司,C,elastic_net_logistic,0.08202047653,selected_model_risk_score,89,0.7235772358,放贷,优化模型选择,100,1000000,0.1425,14.25,0.8405321006,0.1594678994,15.94678994,0.5,0.03,2.086032795,0.653981655,0.4784036982,0.9536474416,0.009536474416,budget_0.90_bmax_nominal_equality,nominal_equality,False,0.09686547054,budget,mean,0.9,0.5,0.03,8910
E26,***金属材料有限公司,A,elastic_net_logistic,0.1342940789,selected_model_risk_score,61,0.4959349593,放贷,优化模型选择,100,1000000,0.1425,14.25,0.8801803134,0.1198196866,11.98196866,0.5,0.03,1.478132723,0.8045537223,0.3594590598,0.3141199411,0.003141199411,budget_0.90_bmax_nominal_equality,nominal_equality,False,0.1782110185,budget,mean,0.9,0.5,0.03,8910
E27,***农业开发有限公司,A,elastic_net_logistic,0.1103832985,selected_model_risk_score,70,0.5691056911,放贷,优化模型选择,100,1000000,0.1425,14.25,0.8801803134,0.1198196866,11.98196866,0.5,0.03,1.51895872,0.6613046116,0.3594590598,0.4981950483,0.004981950483,budget_0.90_bmax_nominal_equality,nominal_equality,False,0.1369068444,budget,mean,0.9,0.5,0.03,8910
E28,***景观工程有限公司,B,elastic_net_logistic,0.09966092865,selected_model_risk_score,76,0.6178861789,放贷,优化模型选择,100,1000000,0.1425,14.25,0.8439092946,0.1560907054,15.60907054,0.5,0.03,2.002617491,0.7778072327,0.4682721162,0.7565381417,0.007565381417,budget_0.90_bmax_nominal_equality,nominal_equality,False,0.1193350508,budget,mean,0.9,0.5,0.03,8910
E29,***建筑劳务有限公司,C,elastic_net_logistic,0.07253671793,selected_model_risk_score,96,0.7804878049,放贷,优化模型选择,100,1000000,0.1425,14.25,0.8405321006,0.1594678994,15.94678994,0.5,0.03,2.107583854,0.5783639019,0.4784036982,1.050816254,0.01050816254,budget_0.90_bmax_nominal_equality,nominal_equality,False,0.08548890218,budget,mean,0.9,0.5,0.03,8910
E3,***电子(中国)有限公司***分公司,C,elastic_net_logistic,0.02153611417,selected_model_risk_score,123,1,放贷,优化模型选择,100,1000000,0.0905,9.05,0.5900970447,0.4099029553,40.99029553,0.5,0.03,3.629730908,0.4413858422,1.229708866,1.9586362,0.019586362,budget_0.90_bmax_nominal_equality,nominal_equality,False,0.025281018,budget,mean,0.9,0.5,0.03,8910
E30,***建筑工程有限公司,B,elastic_net_logistic,0.07713913412,selected_model_risk_score,94,0.7642276423,放贷,优化模型选择,100,1000000,0.1425,14.25,0.8439092946,0.1560907054,15.60907054,0.5,0.03,2.05271255,0.6020350929,0.4682721162,0.9824053413,0.009824053413,budget_0.90_bmax_nominal_equality,nominal_equality,False,0.1024182862,budget,mean,0.9,0.5,0.03,8910
E31,***食品有限公司,A,elastic_net_logistic,0.0367643069,selected_model_risk_score,115,0.9349593496,放贷,优化模型选择,100,1000000,0.0985,9.85,0.7083020233,0.2916979767,29.16979767,0.5,0.03,2.767592942,0.5362036969,0.8750939301,1.356295315,0.01356295315,budget_0.90_bmax_nominal_equality,nominal_equality,False,0.04188668071,budget,mean,0.9,0.5,0.03,8910
E32,***建筑劳务有限公司,B,elastic_net_logistic,0.09279588464,selected_model_risk_score,79,0.6422764228,放贷,优化模型选择,100,1000000,0.1425,14.25,0.8439092946,0.1560907054,15.60907054,0.5,0.03,2.017887357,0.7242287546,0.4682721162,0.8253864861,0.008253864861,budget_0.90_bmax_nominal_equality,nominal_equality,False,0.104597557,budget,mean,0.9,0.5,0.03,8910
E33,***园林有限责任公司,B,elastic_net_logistic,0.09823760896,selected_model_risk_score,77,0.6260162602,放贷,优化模型选择,100,1000000,0.1425,14.25,0.8439092946,0.1560907054,15.60907054,0.5,0.03,2.00578337,0.766698884,0.4682721162,0.7708123699,0.007708123699,budget_0.90_bmax_nominal_equality,nominal_equality,False,0.1158892222,budget,mean,0.9,0.5,0.03,8910
E34,***建设工程有限公司,B,elastic_net_logistic,0.1015652078,selected_model_risk_score,75,0.6097560976,放贷,优化模型选择,100,1000000,0.1425,14.25,0.8439092946,0.1560907054,15.60907054,0.5,0.03,1.998381817,0.7926692465,0.4682721162,0.737440454,0.00737440454,budget_0.90_bmax_nominal_equality,nominal_equality,False,0.1393444528,budget,mean,0.9,0.5,0.03,8910
E35,***商贸有限公司,B,elastic_net_logistic,0.08567951436,selected_model_risk_score,83,0.674796748,放贷,优化模型选择,100,1000000,0.1425,14.25,0.8439092946,0.1560907054,15.60907054,0.5,0.03,2.033716246,0.6686887917,0.4682721162,0.8967553384,0.008967553384,budget_0.90_bmax_nominal_equality,nominal_equality,False,0.1006056864,budget,mean,0.9,0.5,0.03,8910
E36,***超硬材料有限公司,D,elastic_net_logistic,0.05081789908,selected_model_risk_score,107,0.8699186992,不放贷,D级企业原则上不予放贷,0,0,,,,,0,0.5,0.03,0,0,0,0,,budget_0.90_bmax_nominal_equality,nominal_equality,False,0.06163613971,budget,mean,0.9,0.5,0.03,8910
E37,***木业有限公司,B,elastic_net_logistic,0.084549486,selected_model_risk_score,84,0.6829268293,放贷,优化模型选择,100,1000000,0.1425,14.25,0.8439092946,0.1560907054,15.60907054,0.5,0.03,2.03622976,0.6598694455,0.4682721162,0.9080881982,0.009080881982,budget_0.90_bmax_nominal_equality,nominal_equality,False,0.1088428529,budget,mean,0.9,0.5,0.03,8910
E38,***建设工程有限公司,B,elastic_net_logistic,0.1218095512,selected_model_risk_score,63,0.512195122,放贷,优化模型选择,100,1000000,0.1425,14.25,0.8439092946,0.1560907054,15.60907054,0.5,0.03,1.953352474,0.9506669386,0.4682721162,0.5344134197,0.005344134197,budget_0.90_bmax_nominal_equality,nominal_equality,False,0.1460270212,budget,mean,0.9,0.5,0.03,8910
E39,***建筑劳务有限公司,C,elastic_net_logistic,0.1815109557,selected_model_risk_score,52,0.4227642276,放贷,优化模型选择,100,1000000,0.15,15,0.8951647387,0.1048352613,10.48352613,0.5,0.03,1.287097692,0.9514374235,0.3145057839,0.02115448507,0.0002115448507,budget_0.90_bmax_nominal_equality,nominal_equality,False,0.2307578892,budget,mean,0.9,0.5,0.03,8910
E4,***发展有限责任公司,C,elastic_net_logistic,0.03106769432,selected_model_risk_score,118,0.9593495935,放贷,优化模型选择,100,1000000,0.1105,11.05,0.7151023945,0.2848976055,28.48976055,0.5,0.03,3.050313756,0.442555586,0.8546928165,1.753065354,0.01753065354,budget_0.90_bmax_nominal_equality,nominal_equality,False,0.04400979025,budget,mean,0.9,0.5,0.03,8910
E40,***财税咨询服务有限公司,C,elastic_net_logistic,0.08113873174,selected_model_risk_score,90,0.7317073171,放贷,优化模型选择,100,1000000,0.1425,14.25,0.8405321006,0.1594678994,15.94678994,0.5,0.03,2.088036487,0.6469511555,0.4784036982,0.9626816334,0.009626816334,budget_0.90_bmax_nominal_equality,nominal_equality,False,0.09293248415,budget,mean,0.9,0.5,0.03,8910
E41,***物业发展有限公司,C,elastic_net_logistic,0.07916167381,selected_model_risk_score,91,0.7398373984,放贷,优化模型选择,100,1000000,0.1425,14.25,0.8405321006,0.1594678994,15.94678994,0.5,0.03,2.092529188,0.6311872918,0.4784036982,0.9829381983,0.009829381983,budget_0.90_bmax_nominal_equality,nominal_equality,False,0.09683047914,budget,mean,0.9,0.5,0.03,8910
E42,***园艺场,A,elastic_net_logistic,0.1200846128,selected_model_risk_score,66,0.5365853659,放贷,优化模型选择,100,1000000,0.1425,14.25,0.8801803134,0.1198196866,11.98196866,0.5,0.03,1.502394399,0.7194250336,0.3594590598,0.4235103061,0.004235103061,budget_0.90_bmax_nominal_equality,nominal_equality,False,0.1475914741,budget,mean,0.9,0.5,0.03,8910
E43,***建设工程有限公司,B,elastic_net_logistic,0.1927952664,selected_model_risk_score,48,0.3902439024,放贷,优化模型选择,100,1000000,0.15,15,0.885864919,0.114135081,11.4135081,0.5,0.03,1.381955665,1.100235167,0.342405243,-0.06068474555,-0.0006068474555,budget_0.90_bmax_nominal_equality,nominal_equality,False,0.2145282193,budget,mean,0.9,0.5,0.03,8910
E44,***商贸有限公司,C,elastic_net_logistic,0.08616234673,selected_model_risk_score,82,0.6666666667,放贷,优化模型选择,100,1000000,0.1425,14.25,0.8405321006,0.1594678994,15.94678994,0.5,0.03,2.076620736,0.687006422,0.4784036982,0.911210616,0.00911210616,budget_0.90_bmax_nominal_equality,nominal_equality,False,0.1035354806,budget,mean,0.9,0.5,0.03,8910
E45,个体经营E45,B,elastic_net_logistic,0.1068056002,selected_model_risk_score,73,0.593495935,放贷,优化模型选择,100,1000000,0.1425,14.25,0.8439092946,0.1560907054,15.60907054,0.5,0.03,1.986725651,0.8335680738,0.4682721162,0.6848854609,0.006848854609,budget_0.90_bmax_nominal_equality,nominal_equality,False,0.1219197504,budget,mean,0.9,0.5,0.03,8910
E46,***广告传媒有限公司,C,elastic_net_logistic,0.05276002815,selected_model_risk_score,105,0.8536585366,放贷,优化模型选择,100,1000000,0.1105,11.05,0.7151023945,0.2848976055,28.48976055,0.5,0.03,2.982023718,0.7515602843,0.8546928165,1.375770617,0.01375770617,budget_0.90_bmax_nominal_equality,nominal_equality,False,0.06245378683,budget,mean,0.9,0.5,0.03,8910
E47,***控制设备有限责任公司,C,elastic_net_logistic,0.05124807767,selected_model_risk_score,106,0.8617886179,放贷,优化模型选择,100,1000000,0.1105,11.05,0.7151023945,0.2848976055,28.48976055,0.5,0.03,2.986783517,0.7300227307,0.8546928165,1.40206797,0.0140206797,budget_0.90_bmax_nominal_equality,nominal_equality,False,0.05822355401,budget,mean,0.9,0.5,0.03,8910
E48,***化工有限公司,A,elastic_net_logistic,0.07070577235,selected_model_risk_score,97,0.7886178862,放贷,优化模型选择,100,1000000,0.1225,12.25,0.8148090077,0.1851909923,18.51909923,0.5,0.03,2.108187272,0.6547036071,0.5555729769,0.8979106879,0.008979106879,budget_0.90_bmax_nominal_equality,nominal_equality,False,0.08921054517,budget,mean,0.9,0.5,0.03,8910
E49,***地球环保科技有限公司,C,elastic_net_logistic,0.09803729486,selected_model_risk_score,78,0.6341463415,放贷,优化模型选择,100,1000000,0.1425,14.25,0.8405321006,0.1594678994,15.94678994,0.5,0.03,2.049635895,0.7816900737,0.4784036982,0.7895421235,0.007895421235,budget_0.90_bmax_nominal_equality,nominal_equality,False,0.1105965348,budget,mean,0.9,0.5,0.03,8910
E5,***供应链管理有限公司,B,elastic_net_logistic,0.05668387407,selected_model_risk_score,103,0.837398374,放贷,优化模型选择,100,1000000,0.1065,10.65,0.7053159925,0.2946840075,29.46840075,0.5,0.03,2.960488878,0.8351915586,0.8840520225,1.241245297,0.01241245297,budget_0.90_bmax_nominal_equality,nominal_equality,False,0.07330978844,budget,mean,0.9,0.5,0.03,8910
E50,***建筑劳务有限公司,C,elastic_net_logistic,0.1692453772,selected_model_risk_score,54,0.4390243902,放贷,优化模型选择,100,1000000,0.15,15,0.8951647387,0.1048352613,10.48352613,0.5,0.03,1.306385669,0.8871441671,0.3145057839,0.1047357183,0.001047357183,budget_0.90_bmax_nominal_equality,nominal_equality,False,0.2040258114,budget,mean,0.9,0.5,0.03,8910
E51,***物流有限公司,B,elastic_net_logistic,0.0697365828,selected_model_risk_score,98,0.7967479675,放贷,优化模型选择,100,1000000,0.1425,14.25,0.8439092946,0.1560907054,15.60907054,0.5,0.03,2.06917799,0.5442616201,0.4682721162,1.056644254,0.01056644254,budget_0.90_bmax_nominal_equality,nominal_equality,False,0.07874952738,budget,mean,0.9,0.5,0.03,8910
E52,***商贸有限公司,D,elastic_net_logistic,0.2136303318,selected_model_risk_score,44,0.3577235772,不放贷,D级企业原则上不予放贷,0,0,,,,,0,0.5,0.03,0,0,0,0,,budget_0.90_bmax_nominal_equality,nominal_equality,False,0.2416471762,budget,mean,0.9,0.5,0.03,8910
E53,***文化传媒有限公司,C,elastic_net_logistic,0.107156181,selected_model_risk_score,71,0.5772357724,放贷,优化模型选择,100,1000000,0.1425,14.25,0.8405321006,0.1594678994,15.94678994,0.5,0.03,2.028913978,0.8543985546,0.4784036982,0.6961117256,0.006961117256,budget_0.90_bmax_nominal_equality,nominal_equality,False,0.1294528809,budget,mean,0.9,0.5,0.03,8910
E54,***新技术开发有限公司,A,elastic_net_logistic,0.06439978133,selected_model_risk_score,101,0.8211382114,放贷,优化模型选择,100,1000000,0.1225,12.25,0.8148090077,0.1851909923,18.51909923,0.5,0.03,2.122492978,0.5963129704,0.5555729769,0.9706070306,0.009706070306,budget_0.90_bmax_nominal_equality,nominal_equality,False,0.08481402429,budget,mean,0.9,0.5,0.03,8910
E55,***集团有限公司***电力设备分公司,C,elastic_net_logistic,0.1835760094,selected_model_risk_score,51,0.4146341463,放贷,优化模型选择,100,1000000,0.15,15,0.8951647387,0.1048352613,10.48352613,0.5,0.03,1.283850336,0.9622619457,0.3145057839,0.007082606199,7.082606199e-05,budget_0.90_bmax_nominal_equality,nominal_equality,False,0.2408611135,budget,mean,0.9,0.5,0.03,8910
E56,***家居材料***有限公司,C,elastic_net_logistic,0.08755638262,selected_model_risk_score,81,0.6585365854,放贷,优化模型选择,100,1000000,0.1425,14.25,0.8405321006,0.1594678994,15.94678994,0.5,0.03,2.073452905,0.6981216208,0.4784036982,0.8969275856,0.008969275856,budget_0.90_bmax_nominal_equality,nominal_equality,False,0.1073776577,budget,mean,0.9,0.5,0.03,8910
E57,***机械设备有限公司,B,elastic_net_logistic,0.1025680758,selected_model_risk_score,74,0.6016260163,放贷,优化模型选择,100,1000000,0.1425,14.25,0.8439092946,0.1560907054,15.60907054,0.5,0.03,1.996151145,0.8004961652,0.4682721162,0.7273828635,0.007273828635,budget_0.90_bmax_nominal_equality,nominal_equality,False,0.1291130293,budget,mean,0.9,0.5,0.03,8910
E58,***油气工程建设有限责任公司,B,elastic_net_logistic,0.1498825704,selected_model_risk_score,58,0.4715447154,放贷,优化模型选择,100,1000000,0.1465,14.65,0.8681595356,0.1318404644,13.18404644,0.5,0.03,1.641970194,0.9880293844,0.3955213932,0.2584194163,0.002584194163,budget_0.90_bmax_nominal_equality,nominal_equality,False,0.166452668,budget,mean,0.9,0.5,0.03,8910
E59,***商贸有限公司,A,elastic_net_logistic,0.06896464342,selected_model_risk_score,99,0.8048780488,放贷,优化模型选择,100,1000000,0.1225,12.25,0.8148090077,0.1851909923,18.51909923,0.5,0.03,2.112137179,0.6385815374,0.5555729769,0.9179826647,0.009179826647,budget_0.90_bmax_nominal_equality,nominal_equality,False,0.07641618763,budget,mean,0.9,0.5,0.03,8910
E6,***装饰设计工程有限公司,A,elastic_net_logistic,0.03828902106,selected_model_risk_score,114,0.9268292683,放贷,优化模型选择,100,1000000,0.0985,9.85,0.7083020233,0.2916979767,29.16979767,0.5,0.03,2.763212095,0.5584414987,0.8750939301,1.329676667,0.01329676667,budget_0.90_bmax_nominal_equality,nominal_equality,False,0.04389193776,budget,mean,0.9,0.5,0.03,8910
E60,***机械租赁有限公司,B,elastic_net_logistic,0.2143912442,selected_model_risk_score,43,0.3495934959,放贷,优化模型选择,100,1000000,0.15,15,0.885864919,0.114135081,11.4135081,0.5,0.03,1.344982785,1.223478101,0.342405243,-0.2209005595,-0.002209005595,budget_0.90_bmax_nominal_equality,nominal_equality,False,0.2335825691,budget,mean,0.9,0.5,0.03,8910
E61,***调味品有限公司,B,elastic_net_logistic,0.07788330382,selected_model_risk_score,92,0.7479674797,放贷,优化模型选择,100,1000000,0.1425,14.25,0.8439092946,0.1560907054,15.60907054,0.5,0.03,2.051057299,0.6078429916,0.4682721162,0.9749421915,0.009749421915,budget_0.90_bmax_nominal_equality,nominal_equality,False,0.09484916536,budget,mean,0.9,0.5,0.03,8910
E62,***工程造价咨询有限公司***分公司,B,elastic_net_logistic,0.1214523958,selected_model_risk_score,64,0.5203252033,放贷,优化模型选择,100,1000000,0.1425,14.25,0.8439092946,0.1560907054,15.60907054,0.5,0.03,1.954146893,0.9478795066,0.4682721162,0.5379952697,0.005379952697,budget_0.90_bmax_nominal_equality,nominal_equality,False,0.1450170246,budget,mean,0.9,0.5,0.03,8910
E63,***科技有限公司,B,elastic_net_logistic,0.08368298573,selected_model_risk_score,86,0.6991869919,放贷,优化模型选择,100,1000000,0.1425,14.25,0.8439092946,0.1560907054,15.60907054,0.5,0.03,2.03815711,0.6531068136,0.4682721162,0.9167781802,0.009167781802,budget_0.90_bmax_nominal_equality,nominal_equality,False,0.1084106096,budget,mean,0.9,0.5,0.03,8910
E64,***图书有限责任公司,A,elastic_net_logistic,0.1124750355,selected_model_risk_score,69,0.5609756098,放贷,优化模型选择,100,1000000,0.1425,14.25,0.8801803134,0.1198196866,11.98196866,0.5,0.03,1.515387224,0.6738361752,0.3594590598,0.4820919891,0.004820919891,budget_0.90_bmax_nominal_equality,nominal_equality,False,0.1209520698,budget,mean,0.9,0.5,0.03,8910
E65,***商贸有限公司,B,elastic_net_logistic,0.0894097801,selected_model_risk_score,80,0.6504065041,放贷,优化模型选择,100,1000000,0.1425,14.25,0.8439092946,0.1560907054,15.60907054,0.5,0.03,2.025419044,0.6978017823,0.4682721162,0.8593451455,0.008593451455,budget_0.90_bmax_nominal_equality,nominal_equality,False,0.1016662421,budget,mean,0.9,0.5,0.03,8910
E66,***快递有限公司,B,elastic_net_logistic,0.2947622952,selected_model_risk_score,30,0.243902439,放贷,优化模型选择,10,100000,0.15,15,0.885864919,0.114135081,1.14135081,0.5,0.03,0.1207385438,0.1682135922,0.0342405243,-0.08171557265,-0.008171557265,budget_0.90_bmax_nominal_equality,nominal_equality,False,0.3741353375,budget,mean,0.9,0.5,0.03,8910
E67,***信息技术有限公司,B,elastic_net_logistic,0.1845447393,selected_model_risk_score,50,0.406504065,放贷,优化模型选择,100,1000000,0.15,15,0.885864919,0.114135081,11.4135081,0.5,0.03,1.396080783,1.053151438,0.342405243,0.0005241020716,5.241020716e-06,budget_0.90_bmax_nominal_equality,nominal_equality,False,0.2088292217,budget,mean,0.9,0.5,0.03,8910
E68,***花木总公司,C,elastic_net_logistic,0.3380718151,selected_model_risk_score,28,0.2276422764,不放贷,优化模型未选择,0,0,,,,,0,0.5,0.03,0,0,0,0,,budget_0.90_bmax_nominal_equality,nominal_equality,False,0.3824767947,budget,mean,0.9,0.5,0.03,8910
E69,***电子器材经营部,C,elastic_net_logistic,0.2503652668,selected_model_risk_score,38,0.3089430894,放贷,优化模型选择,100,1000000,0.15,15,0.8951647387,0.1048352613,10.48352613,0.5,0.03,1.178822297,1.312355408,0.3145057839,-0.4480388952,-0.004480388952,budget_0.90_bmax_nominal_equality,nominal_equality,False,0.3207126735,budget,mean,0.9,0.5,0.03,8910
E7,***家电有限公司***分公司,A,elastic_net_logistic,0.02580342326,selected_model_risk_score,121,0.9837398374,放贷,优化模型选择,100,1000000,0.0985,9.85,0.7083020233,0.2916979767,29.16979767,0.5,0.03,2.799086028,0.3763403178,0.8750939301,1.54765178,0.0154765178,budget_0.90_bmax_nominal_equality,nominal_equality,False,0.03436137967,budget,mean,0.9,0.5,0.03,8910
E70,***科技有限公司,B,elastic_net_logistic,0.1379471805,selected_model_risk_score,60,0.487804878,放贷,优化模型选择,100,1000000,0.1425,14.25,0.8439092946,0.1560907054,15.60907054,0.5,0.03,1.917457666,1.076613636,0.4682721162,0.372571914,0.00372571914,budget_0.90_bmax_nominal_equality,nominal_equality,False,0.1557212843,budget,mean,0.9,0.5,0.03,8910
E71,***农业科技有限公司,B,elastic_net_logistic,0.2041897012,selected_model_risk_score,45,0.3658536585,放贷,优化模型选择,100,1000000,0.15,15,0.885864919,0.114135081,11.4135081,0.5,0.03,1.362448094,1.165260404,0.342405243,-0.1452175536,-0.001452175536,budget_0.90_bmax_nominal_equality,nominal_equality,False,0.2461670708,budget,mean,0.9,0.5,0.03,8910
E72,***图书有限公司,C,elastic_net_logistic,0.2897171126,selected_model_risk_score,32,0.2601626016,放贷,优化模型选择,100,1000000,0.15,15,0.8951647387,0.1048352613,10.48352613,0.5,0.03,1.116940381,1.51862846,0.3145057839,-0.7161938626,-0.007161938626,budget_0.90_bmax_nominal_equality,nominal_equality,False,0.3383260035,budget,mean,0.9,0.5,0.03,8910
E73,***商贸有限责任公司,C,elastic_net_logistic,0.1183311273,selected_model_risk_score,67,0.5447154472,放贷,优化模型选择,100,1000000,0.1425,14.25,0.8405321006,0.1594678994,15.94678994,0.5,0.03,2.003519834,0.9435008152,0.4784036982,0.5816153207,0.005816153207,budget_0.90_bmax_nominal_equality,nominal_equality,False,0.150943928,budget,mean,0.9,0.5,0.03,8910
E74,***蔬菜专业合作社,B,elastic_net_logistic,0.1539591335,selected_model_risk_score,56,0.4552845528,放贷,优化模型选择,100,1000000,0.15,15,0.885864919,0.114135081,11.4135081,0.5,0.03,1.448444142,0.8786069086,0.342405243,0.2274319908,0.002274319908,budget_0.90_bmax_nominal_equality,nominal_equality,False,0.1754997095,budget,mean,0.9,0.5,0.03,8910
E75,***酒店管理有限公司,C,elastic_net_logistic,0.1070850165,selected_model_risk_score,72,0.5853658537,放贷,优化模型选择,100,1000000,0.1425,14.25,0.8405321006,0.1594678994,15.94678994,0.5,0.03,2.029075694,0.8538311319,0.4784036982,0.6968408637,0.006968408637,budget_0.90_bmax_nominal_equality,nominal_equality,False,0.1282680192,budget,mean,0.9,0.5,0.03,8910
E76,***信息科技有限公司,B,elastic_net_logistic,0.1706660196,selected_model_risk_score,53,0.4308943089,放贷,优化模型选择,100,1000000,0.15,15,0.885864919,0.114135081,11.4135081,0.5,0.03,1.419841515,0.9739489985,0.342405243,0.1034872739,0.001034872739,budget_0.90_bmax_nominal_equality,nominal_equality,False,0.1979402602,budget,mean,0.9,0.5,0.03,8910
E77,***机电设备有限公司,C,elastic_net_logistic,0.3665492679,selected_model_risk_score,25,0.2032520325,不放贷,优化模型未选择,0,0,,,,,0,0.5,0.03,0,0,0,0,,budget_0.90_bmax_nominal_equality,nominal_equality,False,0.4663549766,budget,mean,0.9,0.5,0.03,8910
E78,个体经营E78,C,elastic_net_logistic,0.1211539626,selected_model_risk_score,65,0.5284552846,放贷,优化模型选择,100,1000000,0.1425,14.25,0.8405321006,0.1594678994,15.94678994,0.5,0.03,1.997105174,0.966008396,0.4784036982,0.5526930794,0.005526930794,budget_0.90_bmax_nominal_equality,nominal_equality,False,0.1481587806,budget,mean,0.9,0.5,0.03,8910
E79,***鞋业有限公司,B,elastic_net_logistic,0.2025177165,selected_model_risk_score,46,0.3739837398,放贷,优化模型选择,100,1000000,0.15,15,0.885864919,0.114135081,11.4135081,0.5,0.03,1.365310575,1.155718799,0.342405243,-0.1328134665,-0.001328134665,budget_0.90_bmax_nominal_equality,nominal_equality,False,0.2207361419,budget,mean,0.9,0.5,0.03,8910
E8,***科学研究院有限公司,A,elastic_net_logistic,0.02606005345,selected_model_risk_score,120,0.9756097561,放贷,优化模型选择,100,1000000,0.0985,9.85,0.7083020233,0.2916979767,29.16979767,0.5,0.03,2.798348672,0.3800832432,0.8750939301,1.543171498,0.01543171498,budget_0.90_bmax_nominal_equality,nominal_equality,False,0.03439017911,budget,mean,0.9,0.5,0.03,8910
E80,***实业有限责任公司,C,elastic_net_logistic,0.3432370641,selected_model_risk_score,26,0.2113821138,不放贷,优化模型未选择,0,0,,,,,0,0.5,0.03,0,0,0,0,,budget_0.90_bmax_nominal_equality,nominal_equality,False,0.3865190631,budget,mean,0.9,0.5,0.03,8910
E81,***机械设备有限公司,A,elastic_net_logistic,0.1154202468,selected_model_risk_score,68,0.5528455285,放贷,优化模型选择,100,1000000,0.1425,14.25,0.8801803134,0.1198196866,11.98196866,0.5,0.03,1.51035848,0.6914808899,0.3594590598,0.4594185307,0.004594185307,budget_0.90_bmax_nominal_equality,nominal_equality,False,0.1339413155,budget,mean,0.9,0.5,0.03,8910
E82,***商贸有限公司,D,elastic_net_logistic,0.194614899,selected_model_risk_score,47,0.3821138211,不放贷,D级企业原则上不予放贷,0,0,,,,,0,0.5,0.03,0,0,0,0,,budget_0.90_bmax_nominal_equality,nominal_equality,False,0.2318618526,budget,mean,0.9,0.5,0.03,8910
E83,***社会福利院（***社会福利社会化服务中心）,B,elastic_net_logistic,0.5444532255,selected_model_risk_score,13,0.1056910569,不放贷,优化模型未选择,0,0,,,,,0,0.5,0.03,0,0,0,0,,budget_0.90_bmax_nominal_equality,nominal_equality,False,0.6237840466,budget,mean,0.9,0.5,0.03,8910
E84,***建材有限公司,A,elastic_net_logistic,0.1532688251,selected_model_risk_score,57,0.4634146341,放贷,优化模型选择,100,1000000,0.1465,14.65,0.9027259086,0.09727409137,9.727409137,0.5,0.03,1.206647333,0.7454542848,0.2918222741,0.1693707742,0.001693707742,budget_0.90_bmax_nominal_equality,nominal_equality,False,0.1694921296,budget,mean,0.9,0.5,0.03,8910
E85,***安防科技有限公司,B,elastic_net_logistic,0.2264316686,selected_model_risk_score,42,0.3414634146,放贷,优化模型选择,100,1000000,0.15,15,0.885864919,0.114135081,11.4135081,0.5,0.03,1.324369262,1.292189842,0.342405243,-0.3102258224,-0.003102258224,budget_0.90_bmax_nominal_equality,nominal_equality,False,0.2483347601,budget,mean,0.9,0.5,0.03,8910
E86,***地质工程勘察院***分院,C,elastic_net_logistic,0.2808208394,selected_model_risk_score,34,0.2764227642,放贷,优化模型选择,100,1000000,0.15,15,0.8951647387,0.1048352613,10.48352613,0.5,0.03,1.130930028,1.471996304,0.3145057839,-0.6555720594,-0.006555720594,budget_0.90_bmax_nominal_equality,nominal_equality,False,0.3548090468,budget,mean,0.9,0.5,0.03,8910
E87,***实业有限责任公司,C,elastic_net_logistic,0.234076271,selected_model_risk_score,40,0.325203252,放贷,优化模型选择,100,1000000,0.15,15,0.8951647387,0.1048352613,10.48352613,0.5,0.03,1.204437214,1.226972352,0.3145057839,-0.3370409216,-0.003370409216,budget_0.90_bmax_nominal_equality,nominal_equality,False,0.2796569295,budget,mean,0.9,0.5,0.03,8910
E88,***贸易有限公司,A,elastic_net_logistic,0.1654327803,selected_model_risk_score,55,0.4471544715,放贷,优化模型选择,100,1000000,0.15,15,0.922060687,0.07793931305,7.793931305,0.5,0.03,0.975683937,0.6446858626,0.2338179392,0.09718013519,0.0009718013519,budget_0.90_bmax_nominal_equality,nominal_equality,False,0.189066442,budget,mean,0.9,0.5,0.03,8910
E89,***物资有限公司,A,elastic_net_logistic,0.3344336244,selected_model_risk_score,29,0.2357723577,放贷,优化模型选择,100,1000000,0.15,15,0.922060687,0.07793931305,7.793931305,0.5,0.03,0.7781067916,1.303276347,0.2338179392,-0.7589874949,-0.007589874949,budget_0.90_bmax_nominal_equality,nominal_equality,False,0.3672701532,budget,mean,0.9,0.5,0.03,8910
E9,***生活用品服务有限公司***分公司,A,elastic_net_logistic,0.02174866462,selected_model_risk_score,122,0.9918699187,放贷,优化模型选择,100,1000000,0.0985,9.85,0.7083020233,0.2916979767,29.16979767,0.5,0.03,2.810736262,0.3172020733,0.8750939301,1.618440259,0.01618440259,budget_0.90_bmax_nominal_equality,nominal_equality,False,0.02531048472,budget,mean,0.9,0.5,0.03,8910
E90,***文化传媒有限责任公司,C,elastic_net_logistic,0.2928954659,selected_model_risk_score,31,0.2520325203,放贷,优化模型选择,100,1000000,0.15,15,0.8951647387,0.1048352613,10.48352613,0.5,0.03,1.111942329,1.535288635,0.3145057839,-0.73785209,-0.0073785209,budget_0.90_bmax_nominal_equality,nominal_equality,False,0.3272754126,budget,mean,0.9,0.5,0.03,8910
E91,***科技实业有限公司,A,elastic_net_logistic,0.123879862,selected_model_risk_score,62,0.5040650407,放贷,优化模型选择,100,1000000,0.1425,14.25,0.8801803134,0.1198196866,11.98196866,0.5,0.03,1.495914275,0.742162312,0.3594590598,0.3942929033,0.003942929033,budget_0.90_bmax_nominal_equality,nominal_equality,False,0.1563985381,budget,mean,0.9,0.5,0.03,8910
E92,***地质灾害防治有限公司,C,elastic_net_logistic,0.3701163354,selected_model_risk_score,24,0.1951219512,不放贷,优化模型未选择,0,0,,,,,0,0.5,0.03,0,0,0,0,,budget_0.90_bmax_nominal_equality,nominal_equality,False,0.4190045907,budget,mean,0.9,0.5,0.03,8910
E93,***电脑设计事务所,B,elastic_net_logistic,0.2376719561,selected_model_risk_score,39,0.3170731707,放贷,优化模型选择,100,1000000,0.15,15,0.885864919,0.114135081,11.4135081,0.5,0.03,1.305125596,1.356335398,0.342405243,-0.3936150455,-0.003936150455,budget_0.90_bmax_nominal_equality,nominal_equality,False,0.2575297987,budget,mean,0.9,0.5,0.03,8910
E94,***汽车美容有限公司,C,elastic_net_logistic,0.3420261826,selected_model_risk_score,27,0.2195121951,不放贷,优化模型未选择,0,0,,,,,0,0.5,0.03,0,0,0,0,,budget_0.90_bmax_nominal_equality,nominal_equality,False,0.3879661601,budget,mean,0.9,0.5,0.03,8910
E95,***兰花店,B,elastic_net_logistic,0.1441316116,selected_model_risk_score,59,0.4796747967,放贷,优化模型选择,100,1000000,0.1425,14.25,0.8439092946,0.1560907054,15.60907054,0.5,0.03,1.903701682,1.124880246,0.4682721162,0.3105493193,0.003105493193,budget_0.90_bmax_nominal_equality,nominal_equality,False,0.1745511804,budget,mean,0.9,0.5,0.03,8910
E96,***土地整理有限公司,C,elastic_net_logistic,0.8080355745,selected_model_risk_score,1,0.008130081301,不放贷,优化模型未选择,0,0,,,,,0,0.5,0.03,0,0,0,0,,budget_0.90_bmax_nominal_equality,nominal_equality,False,0.854739214,budget,mean,0.9,0.5,0.03,8910
E97,***美工装饰部,B,elastic_net_logistic,0.2602897628,selected_model_risk_score,35,0.2845528455,放贷,优化模型选择,100,1000000,0.15,15,0.885864919,0.114135081,11.4135081,0.5,0.03,1.266403318,1.485409658,0.342405243,-0.5614115834,-0.005614115834,budget_0.90_bmax_nominal_equality,nominal_equality,False,0.3283525845,budget,mean,0.9,0.5,0.03,8910
E98,***文化传播有限公司,B,elastic_net_logistic,0.2814270169,selected_model_risk_score,33,0.2682926829,放贷,优化模型选择,100,1000000,0.15,15,0.885864919,0.114135081,11.4135081,0.5,0.03,1.230215784,1.606034768,0.342405243,-0.718224227,-0.00718224227,budget_0.90_bmax_nominal_equality,nominal_equality,False,0.3034353338,budget,mean,0.9,0.5,0.03,8910
E99,***建筑工程有限责任公司,D,elastic_net_logistic,0.5839846822,selected_model_risk_score,10,0.08130081301,不放贷,D级企业原则上不予放贷,0,0,,,,,0,0.5,0.03,0,0,0,0,,budget_0.90_bmax_nominal_equality,nominal_equality,False,0.6898712011,budget,mean,0.9,0.5,0.03,8910
E1,***电器销售有限公司,A,elastic_net_logistic,0.05655542179,selected_model_risk_score,104,0.8455284553,放贷,优化模型选择,100,1000000,0.1225,12.25,0.8148090077,0.1851909923,18.51909923,0.5,0.03,2.140288611,0.5236777341,0.5555729769,1.0610379,0.010610379,budget_1.00_bmax_nominal_equality,nominal_equality,False,0.0730491674,budget,mean,1,0.5,0.03,9900
E10,***建筑劳务有限公司,B,elastic_net_logistic,0.06093491817,selected_model_risk_score,102,0.8292682927,放贷,优化模型选择,100,1000000,0.1185,11.85,0.7692116619,0.2307883381,23.07883381,0.5,0.03,2.568194445,0.7031534248,0.6923650143,1.172676006,0.01172676006,budget_1.00_bmax_nominal_equality,nominal_equality,False,0.07833730674,budget,mean,1,0.5,0.03,9900
E100,***装饰工程有限公司,D,elastic_net_logistic,0.2578903118,selected_model_risk_score,36,0.2926829268,不放贷,D级企业原则上不予放贷,0,0,,,,,0,0.5,0.03,0,0,0,0,,budget_1.00_bmax_nominal_equality,nominal_equality,False,0.3416804479,budget,mean,1,0.5,0.03,9900
E101,***灯饰工程有限公司,D,elastic_net_logistic,0.7098560409,selected_model_risk_score,6,0.0487804878,不放贷,D级企业原则上不予放贷,0,0,,,,,0,0.5,0.03,0,0,0,0,,budget_1.00_bmax_nominal_equality,nominal_equality,False,0.7897592201,budget,mean,1,0.5,0.03,9900
E102,***大药房有限责任公司,D,elastic_net_logistic,0.4733747116,selected_model_risk_score,17,0.1382113821,不放贷,D级企业原则上不予放贷,0,0,,,,,0,0.5,0.03,0,0,0,0,,budget_1.00_bmax_nominal_equality,nominal_equality,False,0.6183651775,budget,mean,1,0.5,0.03,9900
E103,***科技有限公司,D,elastic_net_logistic,0.4055458126,selected_model_risk_score,22,0.1788617886,不放贷,D级企业原则上不予放贷,0,0,,,,,0,0.5,0.03,0,0,0,0,,budget_1.00_bmax_nominal_equality,nominal_equality,False,0.4768661053,budget,mean,1,0.5,0.03,9900
E104,***管理咨询有限责任公司,C,elastic_net_logistic,0.5371556855,selected_model_risk_score,14,0.1138211382,放贷,优化模型选择,100,1000000,0.15,15,0.8951647387,0.1048352613,10.48352613,0.5,0.03,0.7278360698,2.815642832,0.3145057839,-2.402312547,-0.02402312547,budget_1.00_bmax_nominal_equality,nominal_equality,False,0.6048969633,budget,mean,1,0.5,0.03,9900
E105,***建材经营部,C,elastic_net_logistic,0.2296735143,selected_model_risk_score,41,0.3333333333,放贷,优化模型选择,100,1000000,0.15,15,0.8951647387,0.1048352613,10.48352613,0.5,0.03,1.211360676,1.203894144,0.3145057839,-0.3070392519,-0.003070392519,budget_1.00_bmax_nominal_equality,nominal_equality,False,0.3150886304,budget,mean,1,0.5,0.03,9900
E106,***财务管理有限公司,B,elastic_net_logistic,0.25387818,selected_model_risk_score,37,0.3008130081,放贷,优化模型选择,100,1000000,0.15,15,0.885864919,0.114135081,11.4135081,0.5,0.03,1.277380115,1.448820332,0.342405243,-0.5138454595,-0.005138454595,budget_1.00_bmax_nominal_equality,nominal_equality,False,0.2861266308,budget,mean,1,0.5,0.03,9900
E107,***科技有限公司,D,elastic_net_logistic,0.6278756036,selected_model_risk_score,8,0.06504065041,不放贷,D级企业原则上不予放贷,0,0,,,,,0,0.5,0.03,0,0,0,0,,budget_1.00_bmax_nominal_equality,nominal_equality,False,0.6820972821,budget,mean,1,0.5,0.03,9900
E108,***商贸有限公司,D,elastic_net_logistic,0.5221807895,selected_model_risk_score,15,0.1219512195,不放贷,D级企业原则上不予放贷,0,0,,,,,0,0.5,0.03,0,0,0,0,,budget_1.00_bmax_nominal_equality,nominal_equality,False,0.6296705299,budget,mean,1,0.5,0.03,9900
E109,***服饰有限公司,D,elastic_net_logistic,0.5493640614,selected_model_risk_score,12,0.09756097561,不放贷,D级企业原则上不予放贷,0,0,,,,,0,0.5,0.03,0,0,0,0,,budget_1.00_bmax_nominal_equality,nominal_equality,False,0.6102205923,budget,mean,1,0.5,0.03,9900
E11,***建设工程有限公司,C,elastic_net_logistic,0.07723891572,selected_model_risk_score,93,0.756097561,放贷,优化模型选择,100,1000000,0.1425,14.25,0.8405321006,0.1594678994,15.94678994,0.5,0.03,2.096898498,0.6158563821,0.4784036982,1.002638417,0.01002638417,budget_1.00_bmax_nominal_equality,nominal_equality,False,0.1001763276,budget,mean,1,0.5,0.03,9900
E110,***通讯器材经营部,C,elastic_net_logistic,0.5711527053,selected_model_risk_score,11,0.08943089431,放贷,优化模型选择,100,1000000,0.15,15,0.8951647387,0.1048352613,10.48352613,0.5,0.03,0.674374773,2.993847155,0.3145057839,-2.633978166,-0.02633978166,budget_1.00_bmax_nominal_equality,nominal_equality,False,0.6124762668,budget,mean,1,0.5,0.03,9900
E111,***科技有限公司,D,elastic_net_logistic,0.1919246162,selected_model_risk_score,49,0.3983739837,不放贷,D级企业原则上不予放贷,0,0,,,,,0,0.5,0.03,0,0,0,0,,budget_1.00_bmax_nominal_equality,nominal_equality,False,0.3189536769,budget,mean,1,0.5,0.03,9900
E112,***机械设备有限公司,D,elastic_net_logistic,0.4170540731,selected_model_risk_score,20,0.162601626,不放贷,D级企业原则上不予放贷,0,0,,,,,0,0.5,0.03,0,0,0,0,,budget_1.00_bmax_nominal_equality,nominal_equality,False,0.5129040595,budget,mean,1,0.5,0.03,9900
E113,***美居科技有限公司,D,elastic_net_logistic,0.7592451553,selected_model_risk_score,4,0.0325203252,不放贷,D级企业原则上不予放贷,0,0,,,,,0,0.5,0.03,0,0,0,0,,budget_1.00_bmax_nominal_equality,nominal_equality,False,0.8315439659,budget,mean,1,0.5,0.03,9900
E114,***食品有限责任公司,D,elastic_net_logistic,0.4770804739,selected_model_risk_score,16,0.1300813008,不放贷,D级企业原则上不予放贷,0,0,,,,,0,0.5,0.03,0,0,0,0,,budget_1.00_bmax_nominal_equality,nominal_equality,False,0.5421990478,budget,mean,1,0.5,0.03,9900
E115,***装饰工程有限公司,D,elastic_net_logistic,0.7835354924,selected_model_risk_score,2,0.0162601626,不放贷,D级企业原则上不予放贷,0,0,,,,,0,0.5,0.03,0,0,0,0,,budget_1.00_bmax_nominal_equality,nominal_equality,False,0.8331104651,budget,mean,1,0.5,0.03,9900
E116,***门窗有限公司,D,elastic_net_logistic,0.4160885126,selected_model_risk_score,21,0.1707317073,不放贷,D级企业原则上不予放贷,0,0,,,,,0,0.5,0.03,0,0,0,0,,budget_1.00_bmax_nominal_equality,nominal_equality,False,0.532859258,budget,mean,1,0.5,0.03,9900
E117,***人力资源管理咨询有限公司,D,elastic_net_logistic,0.6343060557,selected_model_risk_score,7,0.05691056911,不放贷,D级企业原则上不予放贷,0,0,,,,,0,0.5,0.03,0,0,0,0,,budget_1.00_bmax_nominal_equality,nominal_equality,False,0.7561127553,budget,mean,1,0.5,0.03,9900
E118,***体育用品有限公司,D,elastic_net_logistic,0.3859533716,selected_model_risk_score,23,0.1869918699,不放贷,D级企业原则上不予放贷,0,0,,,,,0,0.5,0.03,0,0,0,0,,budget_1.00_bmax_nominal_equality,nominal_equality,False,0.4429217794,budget,mean,1,0.5,0.03,9900
E119,***药房,D,elastic_net_logistic,0.6253065711,selected_model_risk_score,9,0.07317073171,不放贷,D级企业原则上不予放贷,0,0,,,,,0,0.5,0.03,0,0,0,0,,budget_1.00_bmax_nominal_equality,nominal_equality,False,0.6891769584,budget,mean,1,0.5,0.03,9900
E12,***建筑劳务有限公司,B,elastic_net_logistic,0.08202986653,selected_model_risk_score,88,0.7154471545,放贷,优化模型选择,100,1000000,0.1425,14.25,0.8439092946,0.1560907054,15.60907054,0.5,0.03,2.041834131,0.6402049865,0.4682721162,0.9333570281,0.009333570281,budget_1.00_bmax_nominal_equality,nominal_equality,False,0.1054632903,budget,mean,1,0.5,0.03,9900
E120,***陈列广告有限公司,D,elastic_net_logistic,0.721226934,selected_model_risk_score,5,0.0406504065,不放贷,D级企业原则上不予放贷,0,0,,,,,0,0.5,0.03,0,0,0,0,,budget_1.00_bmax_nominal_equality,nominal_equality,False,0.7608714869,budget,mean,1,0.5,0.03,9900
E121,***药业连锁有限公司***药店,D,elastic_net_logistic,0.4662178212,selected_model_risk_score,18,0.1463414634,不放贷,D级企业原则上不予放贷,0,0,,,,,0,0.5,0.03,0,0,0,0,,budget_1.00_bmax_nominal_equality,nominal_equality,False,0.5621951951,budget,mean,1,0.5,0.03,9900
E122,***商贸有限责任公司,D,elastic_net_logistic,0.4500783219,selected_model_risk_score,19,0.1544715447,不放贷,D级企业原则上不予放贷,0,0,,,,,0,0.5,0.03,0,0,0,0,,budget_1.00_bmax_nominal_equality,nominal_equality,False,0.6021516604,budget,mean,1,0.5,0.03,9900
E123,***创科技有限责任公司,D,elastic_net_logistic,0.7819761114,selected_model_risk_score,3,0.0243902439,不放贷,D级企业原则上不予放贷,0,0,,,,,0,0.5,0.03,0,0,0,0,,budget_1.00_bmax_nominal_equality,nominal_equality,False,0.8270597923,budget,mean,1,0.5,0.03,9900
E13,***汽车贸易有限公司,A,elastic_net_logistic,0.04053604698,selected_model_risk_score,113,0.918699187,放贷,优化模型选择,100,1000000,0.1025,10.25,0.7312754013,0.2687245987,26.87245987,0.5,0.03,2.642773549,0.5446516479,0.8061737961,1.291948105,0.01291948105,budget_1.00_bmax_nominal_equality,nominal_equality,False,0.05373417783,budget,mean,1,0.5,0.03,9900
E14,个体经营E14,C,elastic_net_logistic,0.03261041867,selected_model_risk_score,117,0.9512195122,放贷,优化模型选择,100,1000000,0.1105,11.05,0.7151023945,0.2848976055,28.48976055,0.5,0.03,3.045457077,0.4645315097,0.8546928165,1.726232751,0.01726232751,budget_1.00_bmax_nominal_equality,nominal_equality,False,0.04024201468,budget,mean,1,0.5,0.03,9900
E15,***劳务有限公司,A,elastic_net_logistic,0.07381492047,selected_model_risk_score,95,0.7723577236,放贷,优化模型选择,100,1000000,0.1225,12.25,0.8148090077,0.1851909923,18.51909923,0.5,0.03,2.101133891,0.6834929184,0.5555729769,0.8620679953,0.008620679953,budget_1.00_bmax_nominal_equality,nominal_equality,False,0.1036254123,budget,mean,1,0.5,0.03,9900
E16,***建筑劳务有限公司,A,elastic_net_logistic,0.04998777847,selected_model_risk_score,108,0.8780487805,放贷,优化模型选择,100,1000000,0.1025,10.25,0.7312754013,0.2687245987,26.87245987,0.5,0.03,2.616739443,0.6716472855,0.8061737961,1.138918362,0.01138918362,budget_1.00_bmax_nominal_equality,nominal_equality,False,0.0624669862,budget,mean,1,0.5,0.03,9900
E17,***消防工程有限公司,A,elastic_net_logistic,0.04649981408,selected_model_risk_score,111,0.9024390244,放贷,优化模型选择,100,1000000,0.1025,10.25,0.7312754013,0.2687245987,26.87245987,0.5,0.03,2.626346787,0.6247821939,0.8061737961,1.195390797,0.01195390797,budget_1.00_bmax_nominal_equality,nominal_equality,False,0.05349825243,budget,mean,1,0.5,0.03,9900
E18,***消防工程有限责任公司,A,elastic_net_logistic,0.04857513816,selected_model_risk_score,109,0.8861788618,放贷,优化模型选择,100,1000000,0.1025,10.25,0.7312754013,0.2687245987,26.87245987,0.5,0.03,2.620630458,0.6526667254,0.8061737961,1.161789936,0.01161789936,budget_1.00_bmax_nominal_equality,nominal_equality,False,0.06117933194,budget,mean,1,0.5,0.03,9900
E19,***科技有限公司,A,elastic_net_logistic,0.06543754966,selected_model_risk_score,100,0.8130081301,放贷,优化模型选择,100,1000000,0.1225,12.25,0.8148090077,0.1851909923,18.51909923,0.5,0.03,2.120138707,0.6059222378,0.5555729769,0.9586434928,0.009586434928,budget_1.00_bmax_nominal_equality,nominal_equality,False,0.09093656268,budget,mean,1,0.5,0.03,9900
E2,***技术有限责任公司,A,elastic_net_logistic,0.02833749753,selected_model_risk_score,119,0.9674796748,放贷,优化模型选择,100,1000000,0.0985,9.85,0.7083020233,0.2916979767,29.16979767,0.5,0.03,2.791805062,0.4132995347,0.8750939301,1.503411597,0.01503411597,budget_1.00_bmax_nominal_equality,nominal_equality,False,0.03642833627,budget,mean,1,0.5,0.03,9900
E20,***贸易有限公司,B,elastic_net_logistic,0.04546270238,selected_model_risk_score,112,0.9105691057,放贷,优化模型选择,100,1000000,0.1065,10.65,0.7053159925,0.2946840075,29.46840075,0.5,0.03,2.995705231,0.6698565665,0.8840520225,1.441796642,0.01441796642,budget_1.00_bmax_nominal_equality,nominal_equality,False,0.06402096704,budget,mean,1,0.5,0.03,9900
E21,***建设工程有限公司,B,elastic_net_logistic,0.08415779812,selected_model_risk_score,85,0.6910569106,放贷,优化模型选择,100,1000000,0.1425,14.25,0.8439092946,0.1560907054,15.60907054,0.5,0.03,2.037100988,0.6568125037,0.4682721162,0.9120163685,0.009120163685,budget_1.00_bmax_nominal_equality,nominal_equality,False,0.09612822768,budget,mean,1,0.5,0.03,9900
E22,***物流有限公司,A,elastic_net_logistic,0.08272431763,selected_model_risk_score,87,0.7073170732,放贷,优化模型选择,100,1000000,0.1225,12.25,0.8148090077,0.1851909923,18.51909923,0.5,0.03,2.080922124,0.7659899235,0.5555729769,0.7593592241,0.007593592241,budget_1.00_bmax_nominal_equality,nominal_equality,False,0.09349623574,budget,mean,1,0.5,0.03,9900
E23,***贸易有限公司,B,elastic_net_logistic,0.03337482103,selected_model_risk_score,116,0.9430894309,放贷,优化模型选择,100,1000000,0.1065,10.65,0.7053159925,0.2946840075,29.46840075,0.5,0.03,3.033641653,0.4917513005,0.8840520225,1.65783833,0.0165783833,budget_1.00_bmax_nominal_equality,nominal_equality,False,0.04082479351,budget,mean,1,0.5,0.03,9900
E24,***建筑工程有限公司,A,elastic_net_logistic,0.04702949043,selected_model_risk_score,110,0.8943089431,放贷,优化模型选择,100,1000000,0.1025,10.25,0.7312754013,0.2687245987,26.87245987,0.5,0.03,2.624887832,0.6318990471,0.8061737961,1.186814989,0.01186814989,budget_1.00_bmax_nominal_equality,nominal_equality,False,0.06125175229,budget,mean,1,0.5,0.03,9900
E25,***通讯设备有限公司,C,elastic_net_logistic,0.08202047653,selected_model_risk_score,89,0.7235772358,放贷,优化模型选择,100,1000000,0.1425,14.25,0.8405321006,0.1594678994,15.94678994,0.5,0.03,2.086032795,0.653981655,0.4784036982,0.9536474416,0.009536474416,budget_1.00_bmax_nominal_equality,nominal_equality,False,0.09686547054,budget,mean,1,0.5,0.03,9900
E26,***金属材料有限公司,A,elastic_net_logistic,0.1342940789,selected_model_risk_score,61,0.4959349593,放贷,优化模型选择,100,1000000,0.1425,14.25,0.8801803134,0.1198196866,11.98196866,0.5,0.03,1.478132723,0.8045537223,0.3594590598,0.3141199411,0.003141199411,budget_1.00_bmax_nominal_equality,nominal_equality,False,0.1782110185,budget,mean,1,0.5,0.03,9900
E27,***农业开发有限公司,A,elastic_net_logistic,0.1103832985,selected_model_risk_score,70,0.5691056911,放贷,优化模型选择,100,1000000,0.1425,14.25,0.8801803134,0.1198196866,11.98196866,0.5,0.03,1.51895872,0.6613046116,0.3594590598,0.4981950483,0.004981950483,budget_1.00_bmax_nominal_equality,nominal_equality,False,0.1369068444,budget,mean,1,0.5,0.03,9900
E28,***景观工程有限公司,B,elastic_net_logistic,0.09966092865,selected_model_risk_score,76,0.6178861789,放贷,优化模型选择,100,1000000,0.1425,14.25,0.8439092946,0.1560907054,15.60907054,0.5,0.03,2.002617491,0.7778072327,0.4682721162,0.7565381417,0.007565381417,budget_1.00_bmax_nominal_equality,nominal_equality,False,0.1193350508,budget,mean,1,0.5,0.03,9900
E29,***建筑劳务有限公司,C,elastic_net_logistic,0.07253671793,selected_model_risk_score,96,0.7804878049,放贷,优化模型选择,100,1000000,0.1425,14.25,0.8405321006,0.1594678994,15.94678994,0.5,0.03,2.107583854,0.5783639019,0.4784036982,1.050816254,0.01050816254,budget_1.00_bmax_nominal_equality,nominal_equality,False,0.08548890218,budget,mean,1,0.5,0.03,9900
E3,***电子(中国)有限公司***分公司,C,elastic_net_logistic,0.02153611417,selected_model_risk_score,123,1,放贷,优化模型选择,100,1000000,0.0905,9.05,0.5900970447,0.4099029553,40.99029553,0.5,0.03,3.629730908,0.4413858422,1.229708866,1.9586362,0.019586362,budget_1.00_bmax_nominal_equality,nominal_equality,False,0.025281018,budget,mean,1,0.5,0.03,9900
E30,***建筑工程有限公司,B,elastic_net_logistic,0.07713913412,selected_model_risk_score,94,0.7642276423,放贷,优化模型选择,100,1000000,0.1425,14.25,0.8439092946,0.1560907054,15.60907054,0.5,0.03,2.05271255,0.6020350929,0.4682721162,0.9824053413,0.009824053413,budget_1.00_bmax_nominal_equality,nominal_equality,False,0.1024182862,budget,mean,1,0.5,0.03,9900
E31,***食品有限公司,A,elastic_net_logistic,0.0367643069,selected_model_risk_score,115,0.9349593496,放贷,优化模型选择,100,1000000,0.0985,9.85,0.7083020233,0.2916979767,29.16979767,0.5,0.03,2.767592942,0.5362036969,0.8750939301,1.356295315,0.01356295315,budget_1.00_bmax_nominal_equality,nominal_equality,False,0.04188668071,budget,mean,1,0.5,0.03,9900
E32,***建筑劳务有限公司,B,elastic_net_logistic,0.09279588464,selected_model_risk_score,79,0.6422764228,放贷,优化模型选择,100,1000000,0.1425,14.25,0.8439092946,0.1560907054,15.60907054,0.5,0.03,2.017887357,0.7242287546,0.4682721162,0.8253864861,0.008253864861,budget_1.00_bmax_nominal_equality,nominal_equality,False,0.104597557,budget,mean,1,0.5,0.03,9900
E33,***园林有限责任公司,B,elastic_net_logistic,0.09823760896,selected_model_risk_score,77,0.6260162602,放贷,优化模型选择,100,1000000,0.1425,14.25,0.8439092946,0.1560907054,15.60907054,0.5,0.03,2.00578337,0.766698884,0.4682721162,0.7708123699,0.007708123699,budget_1.00_bmax_nominal_equality,nominal_equality,False,0.1158892222,budget,mean,1,0.5,0.03,9900
E34,***建设工程有限公司,B,elastic_net_logistic,0.1015652078,selected_model_risk_score,75,0.6097560976,放贷,优化模型选择,100,1000000,0.1425,14.25,0.8439092946,0.1560907054,15.60907054,0.5,0.03,1.998381817,0.7926692465,0.4682721162,0.737440454,0.00737440454,budget_1.00_bmax_nominal_equality,nominal_equality,False,0.1393444528,budget,mean,1,0.5,0.03,9900
E35,***商贸有限公司,B,elastic_net_logistic,0.08567951436,selected_model_risk_score,83,0.674796748,放贷,优化模型选择,100,1000000,0.1425,14.25,0.8439092946,0.1560907054,15.60907054,0.5,0.03,2.033716246,0.6686887917,0.4682721162,0.8967553384,0.008967553384,budget_1.00_bmax_nominal_equality,nominal_equality,False,0.1006056864,budget,mean,1,0.5,0.03,9900
E36,***超硬材料有限公司,D,elastic_net_logistic,0.05081789908,selected_model_risk_score,107,0.8699186992,不放贷,D级企业原则上不予放贷,0,0,,,,,0,0.5,0.03,0,0,0,0,,budget_1.00_bmax_nominal_equality,nominal_equality,False,0.06163613971,budget,mean,1,0.5,0.03,9900
E37,***木业有限公司,B,elastic_net_logistic,0.084549486,selected_model_risk_score,84,0.6829268293,放贷,优化模型选择,100,1000000,0.1425,14.25,0.8439092946,0.1560907054,15.60907054,0.5,0.03,2.03622976,0.6598694455,0.4682721162,0.9080881982,0.009080881982,budget_1.00_bmax_nominal_equality,nominal_equality,False,0.1088428529,budget,mean,1,0.5,0.03,9900
E38,***建设工程有限公司,B,elastic_net_logistic,0.1218095512,selected_model_risk_score,63,0.512195122,放贷,优化模型选择,100,1000000,0.1425,14.25,0.8439092946,0.1560907054,15.60907054,0.5,0.03,1.953352474,0.9506669386,0.4682721162,0.5344134197,0.005344134197,budget_1.00_bmax_nominal_equality,nominal_equality,False,0.1460270212,budget,mean,1,0.5,0.03,9900
E39,***建筑劳务有限公司,C,elastic_net_logistic,0.1815109557,selected_model_risk_score,52,0.4227642276,放贷,优化模型选择,100,1000000,0.15,15,0.8951647387,0.1048352613,10.48352613,0.5,0.03,1.287097692,0.9514374235,0.3145057839,0.02115448507,0.0002115448507,budget_1.00_bmax_nominal_equality,nominal_equality,False,0.2307578892,budget,mean,1,0.5,0.03,9900
E4,***发展有限责任公司,C,elastic_net_logistic,0.03106769432,selected_model_risk_score,118,0.9593495935,放贷,优化模型选择,100,1000000,0.1105,11.05,0.7151023945,0.2848976055,28.48976055,0.5,0.03,3.050313756,0.442555586,0.8546928165,1.753065354,0.01753065354,budget_1.00_bmax_nominal_equality,nominal_equality,False,0.04400979025,budget,mean,1,0.5,0.03,9900
E40,***财税咨询服务有限公司,C,elastic_net_logistic,0.08113873174,selected_model_risk_score,90,0.7317073171,放贷,优化模型选择,100,1000000,0.1425,14.25,0.8405321006,0.1594678994,15.94678994,0.5,0.03,2.088036487,0.6469511555,0.4784036982,0.9626816334,0.009626816334,budget_1.00_bmax_nominal_equality,nominal_equality,False,0.09293248415,budget,mean,1,0.5,0.03,9900
E41,***物业发展有限公司,C,elastic_net_logistic,0.07916167381,selected_model_risk_score,91,0.7398373984,放贷,优化模型选择,100,1000000,0.1425,14.25,0.8405321006,0.1594678994,15.94678994,0.5,0.03,2.092529188,0.6311872918,0.4784036982,0.9829381983,0.009829381983,budget_1.00_bmax_nominal_equality,nominal_equality,False,0.09683047914,budget,mean,1,0.5,0.03,9900
E42,***园艺场,A,elastic_net_logistic,0.1200846128,selected_model_risk_score,66,0.5365853659,放贷,优化模型选择,100,1000000,0.1425,14.25,0.8801803134,0.1198196866,11.98196866,0.5,0.03,1.502394399,0.7194250336,0.3594590598,0.4235103061,0.004235103061,budget_1.00_bmax_nominal_equality,nominal_equality,False,0.1475914741,budget,mean,1,0.5,0.03,9900
E43,***建设工程有限公司,B,elastic_net_logistic,0.1927952664,selected_model_risk_score,48,0.3902439024,放贷,优化模型选择,100,1000000,0.15,15,0.885864919,0.114135081,11.4135081,0.5,0.03,1.381955665,1.100235167,0.342405243,-0.06068474555,-0.0006068474555,budget_1.00_bmax_nominal_equality,nominal_equality,False,0.2145282193,budget,mean,1,0.5,0.03,9900
E44,***商贸有限公司,C,elastic_net_logistic,0.08616234673,selected_model_risk_score,82,0.6666666667,放贷,优化模型选择,100,1000000,0.1425,14.25,0.8405321006,0.1594678994,15.94678994,0.5,0.03,2.076620736,0.687006422,0.4784036982,0.911210616,0.00911210616,budget_1.00_bmax_nominal_equality,nominal_equality,False,0.1035354806,budget,mean,1,0.5,0.03,9900
E45,个体经营E45,B,elastic_net_logistic,0.1068056002,selected_model_risk_score,73,0.593495935,放贷,优化模型选择,100,1000000,0.1425,14.25,0.8439092946,0.1560907054,15.60907054,0.5,0.03,1.986725651,0.8335680738,0.4682721162,0.6848854609,0.006848854609,budget_1.00_bmax_nominal_equality,nominal_equality,False,0.1219197504,budget,mean,1,0.5,0.03,9900
E46,***广告传媒有限公司,C,elastic_net_logistic,0.05276002815,selected_model_risk_score,105,0.8536585366,放贷,优化模型选择,100,1000000,0.1105,11.05,0.7151023945,0.2848976055,28.48976055,0.5,0.03,2.982023718,0.7515602843,0.8546928165,1.375770617,0.01375770617,budget_1.00_bmax_nominal_equality,nominal_equality,False,0.06245378683,budget,mean,1,0.5,0.03,9900
E47,***控制设备有限责任公司,C,elastic_net_logistic,0.05124807767,selected_model_risk_score,106,0.8617886179,放贷,优化模型选择,100,1000000,0.1105,11.05,0.7151023945,0.2848976055,28.48976055,0.5,0.03,2.986783517,0.7300227307,0.8546928165,1.40206797,0.0140206797,budget_1.00_bmax_nominal_equality,nominal_equality,False,0.05822355401,budget,mean,1,0.5,0.03,9900
E48,***化工有限公司,A,elastic_net_logistic,0.07070577235,selected_model_risk_score,97,0.7886178862,放贷,优化模型选择,100,1000000,0.1225,12.25,0.8148090077,0.1851909923,18.51909923,0.5,0.03,2.108187272,0.6547036071,0.5555729769,0.8979106879,0.008979106879,budget_1.00_bmax_nominal_equality,nominal_equality,False,0.08921054517,budget,mean,1,0.5,0.03,9900
E49,***地球环保科技有限公司,C,elastic_net_logistic,0.09803729486,selected_model_risk_score,78,0.6341463415,放贷,优化模型选择,100,1000000,0.1425,14.25,0.8405321006,0.1594678994,15.94678994,0.5,0.03,2.049635895,0.7816900737,0.4784036982,0.7895421235,0.007895421235,budget_1.00_bmax_nominal_equality,nominal_equality,False,0.1105965348,budget,mean,1,0.5,0.03,9900
E5,***供应链管理有限公司,B,elastic_net_logistic,0.05668387407,selected_model_risk_score,103,0.837398374,放贷,优化模型选择,100,1000000,0.1065,10.65,0.7053159925,0.2946840075,29.46840075,0.5,0.03,2.960488878,0.8351915586,0.8840520225,1.241245297,0.01241245297,budget_1.00_bmax_nominal_equality,nominal_equality,False,0.07330978844,budget,mean,1,0.5,0.03,9900
E50,***建筑劳务有限公司,C,elastic_net_logistic,0.1692453772,selected_model_risk_score,54,0.4390243902,放贷,优化模型选择,100,1000000,0.15,15,0.8951647387,0.1048352613,10.48352613,0.5,0.03,1.306385669,0.8871441671,0.3145057839,0.1047357183,0.001047357183,budget_1.00_bmax_nominal_equality,nominal_equality,False,0.2040258114,budget,mean,1,0.5,0.03,9900
E51,***物流有限公司,B,elastic_net_logistic,0.0697365828,selected_model_risk_score,98,0.7967479675,放贷,优化模型选择,100,1000000,0.1425,14.25,0.8439092946,0.1560907054,15.60907054,0.5,0.03,2.06917799,0.5442616201,0.4682721162,1.056644254,0.01056644254,budget_1.00_bmax_nominal_equality,nominal_equality,False,0.07874952738,budget,mean,1,0.5,0.03,9900
E52,***商贸有限公司,D,elastic_net_logistic,0.2136303318,selected_model_risk_score,44,0.3577235772,不放贷,D级企业原则上不予放贷,0,0,,,,,0,0.5,0.03,0,0,0,0,,budget_1.00_bmax_nominal_equality,nominal_equality,False,0.2416471762,budget,mean,1,0.5,0.03,9900
E53,***文化传媒有限公司,C,elastic_net_logistic,0.107156181,selected_model_risk_score,71,0.5772357724,放贷,优化模型选择,100,1000000,0.1425,14.25,0.8405321006,0.1594678994,15.94678994,0.5,0.03,2.028913978,0.8543985546,0.4784036982,0.6961117256,0.006961117256,budget_1.00_bmax_nominal_equality,nominal_equality,False,0.1294528809,budget,mean,1,0.5,0.03,9900
E54,***新技术开发有限公司,A,elastic_net_logistic,0.06439978133,selected_model_risk_score,101,0.8211382114,放贷,优化模型选择,100,1000000,0.1225,12.25,0.8148090077,0.1851909923,18.51909923,0.5,0.03,2.122492978,0.5963129704,0.5555729769,0.9706070306,0.009706070306,budget_1.00_bmax_nominal_equality,nominal_equality,False,0.08481402429,budget,mean,1,0.5,0.03,9900
E55,***集团有限公司***电力设备分公司,C,elastic_net_logistic,0.1835760094,selected_model_risk_score,51,0.4146341463,放贷,优化模型选择,100,1000000,0.15,15,0.8951647387,0.1048352613,10.48352613,0.5,0.03,1.283850336,0.9622619457,0.3145057839,0.007082606199,7.082606199e-05,budget_1.00_bmax_nominal_equality,nominal_equality,False,0.2408611135,budget,mean,1,0.5,0.03,9900
E56,***家居材料***有限公司,C,elastic_net_logistic,0.08755638262,selected_model_risk_score,81,0.6585365854,放贷,优化模型选择,100,1000000,0.1425,14.25,0.8405321006,0.1594678994,15.94678994,0.5,0.03,2.073452905,0.6981216208,0.4784036982,0.8969275856,0.008969275856,budget_1.00_bmax_nominal_equality,nominal_equality,False,0.1073776577,budget,mean,1,0.5,0.03,9900
E57,***机械设备有限公司,B,elastic_net_logistic,0.1025680758,selected_model_risk_score,74,0.6016260163,放贷,优化模型选择,100,1000000,0.1425,14.25,0.8439092946,0.1560907054,15.60907054,0.5,0.03,1.996151145,0.8004961652,0.4682721162,0.7273828635,0.007273828635,budget_1.00_bmax_nominal_equality,nominal_equality,False,0.1291130293,budget,mean,1,0.5,0.03,9900
E58,***油气工程建设有限责任公司,B,elastic_net_logistic,0.1498825704,selected_model_risk_score,58,0.4715447154,放贷,优化模型选择,100,1000000,0.1465,14.65,0.8681595356,0.1318404644,13.18404644,0.5,0.03,1.641970194,0.9880293844,0.3955213932,0.2584194163,0.002584194163,budget_1.00_bmax_nominal_equality,nominal_equality,False,0.166452668,budget,mean,1,0.5,0.03,9900
E59,***商贸有限公司,A,elastic_net_logistic,0.06896464342,selected_model_risk_score,99,0.8048780488,放贷,优化模型选择,100,1000000,0.1225,12.25,0.8148090077,0.1851909923,18.51909923,0.5,0.03,2.112137179,0.6385815374,0.5555729769,0.9179826647,0.009179826647,budget_1.00_bmax_nominal_equality,nominal_equality,False,0.07641618763,budget,mean,1,0.5,0.03,9900
E6,***装饰设计工程有限公司,A,elastic_net_logistic,0.03828902106,selected_model_risk_score,114,0.9268292683,放贷,优化模型选择,100,1000000,0.0985,9.85,0.7083020233,0.2916979767,29.16979767,0.5,0.03,2.763212095,0.5584414987,0.8750939301,1.329676667,0.01329676667,budget_1.00_bmax_nominal_equality,nominal_equality,False,0.04389193776,budget,mean,1,0.5,0.03,9900
E60,***机械租赁有限公司,B,elastic_net_logistic,0.2143912442,selected_model_risk_score,43,0.3495934959,放贷,优化模型选择,100,1000000,0.15,15,0.885864919,0.114135081,11.4135081,0.5,0.03,1.344982785,1.223478101,0.342405243,-0.2209005595,-0.002209005595,budget_1.00_bmax_nominal_equality,nominal_equality,False,0.2335825691,budget,mean,1,0.5,0.03,9900
E61,***调味品有限公司,B,elastic_net_logistic,0.07788330382,selected_model_risk_score,92,0.7479674797,放贷,优化模型选择,100,1000000,0.1425,14.25,0.8439092946,0.1560907054,15.60907054,0.5,0.03,2.051057299,0.6078429916,0.4682721162,0.9749421915,0.009749421915,budget_1.00_bmax_nominal_equality,nominal_equality,False,0.09484916536,budget,mean,1,0.5,0.03,9900
E62,***工程造价咨询有限公司***分公司,B,elastic_net_logistic,0.1214523958,selected_model_risk_score,64,0.5203252033,放贷,优化模型选择,100,1000000,0.1425,14.25,0.8439092946,0.1560907054,15.60907054,0.5,0.03,1.954146893,0.9478795066,0.4682721162,0.5379952697,0.005379952697,budget_1.00_bmax_nominal_equality,nominal_equality,False,0.1450170246,budget,mean,1,0.5,0.03,9900
E63,***科技有限公司,B,elastic_net_logistic,0.08368298573,selected_model_risk_score,86,0.6991869919,放贷,优化模型选择,100,1000000,0.1425,14.25,0.8439092946,0.1560907054,15.60907054,0.5,0.03,2.03815711,0.6531068136,0.4682721162,0.9167781802,0.009167781802,budget_1.00_bmax_nominal_equality,nominal_equality,False,0.1084106096,budget,mean,1,0.5,0.03,9900
E64,***图书有限责任公司,A,elastic_net_logistic,0.1124750355,selected_model_risk_score,69,0.5609756098,放贷,优化模型选择,100,1000000,0.1425,14.25,0.8801803134,0.1198196866,11.98196866,0.5,0.03,1.515387224,0.6738361752,0.3594590598,0.4820919891,0.004820919891,budget_1.00_bmax_nominal_equality,nominal_equality,False,0.1209520698,budget,mean,1,0.5,0.03,9900
E65,***商贸有限公司,B,elastic_net_logistic,0.0894097801,selected_model_risk_score,80,0.6504065041,放贷,优化模型选择,100,1000000,0.1425,14.25,0.8439092946,0.1560907054,15.60907054,0.5,0.03,2.025419044,0.6978017823,0.4682721162,0.8593451455,0.008593451455,budget_1.00_bmax_nominal_equality,nominal_equality,False,0.1016662421,budget,mean,1,0.5,0.03,9900
E66,***快递有限公司,B,elastic_net_logistic,0.2947622952,selected_model_risk_score,30,0.243902439,放贷,优化模型选择,100,1000000,0.15,15,0.885864919,0.114135081,11.4135081,0.5,0.03,1.207385438,1.682135922,0.342405243,-0.8171557265,-0.008171557265,budget_1.00_bmax_nominal_equality,nominal_equality,False,0.3741353375,budget,mean,1,0.5,0.03,9900
E67,***信息技术有限公司,B,elastic_net_logistic,0.1845447393,selected_model_risk_score,50,0.406504065,放贷,优化模型选择,100,1000000,0.15,15,0.885864919,0.114135081,11.4135081,0.5,0.03,1.396080783,1.053151438,0.342405243,0.0005241020716,5.241020716e-06,budget_1.00_bmax_nominal_equality,nominal_equality,False,0.2088292217,budget,mean,1,0.5,0.03,9900
E68,***花木总公司,C,elastic_net_logistic,0.3380718151,selected_model_risk_score,28,0.2276422764,放贷,优化模型选择,100,1000000,0.15,15,0.8951647387,0.1048352613,10.48352613,0.5,0.03,1.040901213,1.772092354,0.3145057839,-1.045696924,-0.01045696924,budget_1.00_bmax_nominal_equality,nominal_equality,False,0.3824767947,budget,mean,1,0.5,0.03,9900
E69,***电子器材经营部,C,elastic_net_logistic,0.2503652668,selected_model_risk_score,38,0.3089430894,放贷,优化模型选择,100,1000000,0.15,15,0.8951647387,0.1048352613,10.48352613,0.5,0.03,1.178822297,1.312355408,0.3145057839,-0.4480388952,-0.004480388952,budget_1.00_bmax_nominal_equality,nominal_equality,False,0.3207126735,budget,mean,1,0.5,0.03,9900
E7,***家电有限公司***分公司,A,elastic_net_logistic,0.02580342326,selected_model_risk_score,121,0.9837398374,放贷,优化模型选择,100,1000000,0.0985,9.85,0.7083020233,0.2916979767,29.16979767,0.5,0.03,2.799086028,0.3763403178,0.8750939301,1.54765178,0.0154765178,budget_1.00_bmax_nominal_equality,nominal_equality,False,0.03436137967,budget,mean,1,0.5,0.03,9900
E70,***科技有限公司,B,elastic_net_logistic,0.1379471805,selected_model_risk_score,60,0.487804878,放贷,优化模型选择,100,1000000,0.1425,14.25,0.8439092946,0.1560907054,15.60907054,0.5,0.03,1.917457666,1.076613636,0.4682721162,0.372571914,0.00372571914,budget_1.00_bmax_nominal_equality,nominal_equality,False,0.1557212843,budget,mean,1,0.5,0.03,9900
E71,***农业科技有限公司,B,elastic_net_logistic,0.2041897012,selected_model_risk_score,45,0.3658536585,放贷,优化模型选择,100,1000000,0.15,15,0.885864919,0.114135081,11.4135081,0.5,0.03,1.362448094,1.165260404,0.342405243,-0.1452175536,-0.001452175536,budget_1.00_bmax_nominal_equality,nominal_equality,False,0.2461670708,budget,mean,1,0.5,0.03,9900
E72,***图书有限公司,C,elastic_net_logistic,0.2897171126,selected_model_risk_score,32,0.2601626016,放贷,优化模型选择,100,1000000,0.15,15,0.8951647387,0.1048352613,10.48352613,0.5,0.03,1.116940381,1.51862846,0.3145057839,-0.7161938626,-0.007161938626,budget_1.00_bmax_nominal_equality,nominal_equality,False,0.3383260035,budget,mean,1,0.5,0.03,9900
E73,***商贸有限责任公司,C,elastic_net_logistic,0.1183311273,selected_model_risk_score,67,0.5447154472,放贷,优化模型选择,100,1000000,0.1425,14.25,0.8405321006,0.1594678994,15.94678994,0.5,0.03,2.003519834,0.9435008152,0.4784036982,0.5816153207,0.005816153207,budget_1.00_bmax_nominal_equality,nominal_equality,False,0.150943928,budget,mean,1,0.5,0.03,9900
E74,***蔬菜专业合作社,B,elastic_net_logistic,0.1539591335,selected_model_risk_score,56,0.4552845528,放贷,优化模型选择,100,1000000,0.15,15,0.885864919,0.114135081,11.4135081,0.5,0.03,1.448444142,0.8786069086,0.342405243,0.2274319908,0.002274319908,budget_1.00_bmax_nominal_equality,nominal_equality,False,0.1754997095,budget,mean,1,0.5,0.03,9900
E75,***酒店管理有限公司,C,elastic_net_logistic,0.1070850165,selected_model_risk_score,72,0.5853658537,放贷,优化模型选择,100,1000000,0.1425,14.25,0.8405321006,0.1594678994,15.94678994,0.5,0.03,2.029075694,0.8538311319,0.4784036982,0.6968408637,0.006968408637,budget_1.00_bmax_nominal_equality,nominal_equality,False,0.1282680192,budget,mean,1,0.5,0.03,9900
E76,***信息科技有限公司,B,elastic_net_logistic,0.1706660196,selected_model_risk_score,53,0.4308943089,放贷,优化模型选择,100,1000000,0.15,15,0.885864919,0.114135081,11.4135081,0.5,0.03,1.419841515,0.9739489985,0.342405243,0.1034872739,0.001034872739,budget_1.00_bmax_nominal_equality,nominal_equality,False,0.1979402602,budget,mean,1,0.5,0.03,9900
E77,***机电设备有限公司,C,elastic_net_logistic,0.3665492679,selected_model_risk_score,25,0.2032520325,放贷,优化模型选择,100,1000000,0.15,15,0.8951647387,0.1048352613,10.48352613,0.5,0.03,0.9961195953,1.921364414,0.3145057839,-1.239750603,-0.01239750603,budget_1.00_bmax_nominal_equality,nominal_equality,False,0.4663549766,budget,mean,1,0.5,0.03,9900
E78,个体经营E78,C,elastic_net_logistic,0.1211539626,selected_model_risk_score,65,0.5284552846,放贷,优化模型选择,100,1000000,0.1425,14.25,0.8405321006,0.1594678994,15.94678994,0.5,0.03,1.997105174,0.966008396,0.4784036982,0.5526930794,0.005526930794,budget_1.00_bmax_nominal_equality,nominal_equality,False,0.1481587806,budget,mean,1,0.5,0.03,9900
E79,***鞋业有限公司,B,elastic_net_logistic,0.2025177165,selected_model_risk_score,46,0.3739837398,放贷,优化模型选择,100,1000000,0.15,15,0.885864919,0.114135081,11.4135081,0.5,0.03,1.365310575,1.155718799,0.342405243,-0.1328134665,-0.001328134665,budget_1.00_bmax_nominal_equality,nominal_equality,False,0.2207361419,budget,mean,1,0.5,0.03,9900
E8,***科学研究院有限公司,A,elastic_net_logistic,0.02606005345,selected_model_risk_score,120,0.9756097561,放贷,优化模型选择,100,1000000,0.0985,9.85,0.7083020233,0.2916979767,29.16979767,0.5,0.03,2.798348672,0.3800832432,0.8750939301,1.543171498,0.01543171498,budget_1.00_bmax_nominal_equality,nominal_equality,False,0.03439017911,budget,mean,1,0.5,0.03,9900
E80,***实业有限责任公司,C,elastic_net_logistic,0.3432370641,selected_model_risk_score,26,0.2113821138,放贷,优化模型选择,100,1000000,0.15,15,0.8951647387,0.1048352613,10.48352613,0.5,0.03,1.03277871,1.799167365,0.3145057839,-1.080894439,-0.01080894439,budget_1.00_bmax_nominal_equality,nominal_equality,False,0.3865190631,budget,mean,1,0.5,0.03,9900
E81,***机械设备有限公司,A,elastic_net_logistic,0.1154202468,selected_model_risk_score,68,0.5528455285,放贷,优化模型选择,100,1000000,0.1425,14.25,0.8801803134,0.1198196866,11.98196866,0.5,0.03,1.51035848,0.6914808899,0.3594590598,0.4594185307,0.004594185307,budget_1.00_bmax_nominal_equality,nominal_equality,False,0.1339413155,budget,mean,1,0.5,0.03,9900
E82,***商贸有限公司,D,elastic_net_logistic,0.194614899,selected_model_risk_score,47,0.3821138211,不放贷,D级企业原则上不予放贷,0,0,,,,,0,0.5,0.03,0,0,0,0,,budget_1.00_bmax_nominal_equality,nominal_equality,False,0.2318618526,budget,mean,1,0.5,0.03,9900
E83,***社会福利院（***社会福利社会化服务中心）,B,elastic_net_logistic,0.5444532255,selected_model_risk_score,13,0.1056910569,放贷,优化模型选择,100,1000000,0.15,15,0.885864919,0.114135081,11.4135081,0.5,0.03,0.7799080201,3.10706065,0.342405243,-2.669557873,-0.02669557873,budget_1.00_bmax_nominal_equality,nominal_equality,False,0.6237840466,budget,mean,1,0.5,0.03,9900
E84,***建材有限公司,A,elastic_net_logistic,0.1532688251,selected_model_risk_score,57,0.4634146341,放贷,优化模型选择,100,1000000,0.1465,14.65,0.9027259086,0.09727409137,9.727409137,0.5,0.03,1.206647333,0.7454542848,0.2918222741,0.1693707742,0.001693707742,budget_1.00_bmax_nominal_equality,nominal_equality,False,0.1694921296,budget,mean,1,0.5,0.03,9900
E85,***安防科技有限公司,B,elastic_net_logistic,0.2264316686,selected_model_risk_score,42,0.3414634146,放贷,优化模型选择,100,1000000,0.15,15,0.885864919,0.114135081,11.4135081,0.5,0.03,1.324369262,1.292189842,0.342405243,-0.3102258224,-0.003102258224,budget_1.00_bmax_nominal_equality,nominal_equality,False,0.2483347601,budget,mean,1,0.5,0.03,9900
E86,***地质工程勘察院***分院,C,elastic_net_logistic,0.2808208394,selected_model_risk_score,34,0.2764227642,放贷,优化模型选择,100,1000000,0.15,15,0.8951647387,0.1048352613,10.48352613,0.5,0.03,1.130930028,1.471996304,0.3145057839,-0.6555720594,-0.006555720594,budget_1.00_bmax_nominal_equality,nominal_equality,False,0.3548090468,budget,mean,1,0.5,0.03,9900
E87,***实业有限责任公司,C,elastic_net_logistic,0.234076271,selected_model_risk_score,40,0.325203252,放贷,优化模型选择,100,1000000,0.15,15,0.8951647387,0.1048352613,10.48352613,0.5,0.03,1.204437214,1.226972352,0.3145057839,-0.3370409216,-0.003370409216,budget_1.00_bmax_nominal_equality,nominal_equality,False,0.2796569295,budget,mean,1,0.5,0.03,9900
E88,***贸易有限公司,A,elastic_net_logistic,0.1654327803,selected_model_risk_score,55,0.4471544715,放贷,优化模型选择,100,1000000,0.15,15,0.922060687,0.07793931305,7.793931305,0.5,0.03,0.975683937,0.6446858626,0.2338179392,0.09718013519,0.0009718013519,budget_1.00_bmax_nominal_equality,nominal_equality,False,0.189066442,budget,mean,1,0.5,0.03,9900
E89,***物资有限公司,A,elastic_net_logistic,0.3344336244,selected_model_risk_score,29,0.2357723577,放贷,优化模型选择,100,1000000,0.15,15,0.922060687,0.07793931305,7.793931305,0.5,0.03,0.7781067916,1.303276347,0.2338179392,-0.7589874949,-0.007589874949,budget_1.00_bmax_nominal_equality,nominal_equality,False,0.3672701532,budget,mean,1,0.5,0.03,9900
E9,***生活用品服务有限公司***分公司,A,elastic_net_logistic,0.02174866462,selected_model_risk_score,122,0.9918699187,放贷,优化模型选择,100,1000000,0.0985,9.85,0.7083020233,0.2916979767,29.16979767,0.5,0.03,2.810736262,0.3172020733,0.8750939301,1.618440259,0.01618440259,budget_1.00_bmax_nominal_equality,nominal_equality,False,0.02531048472,budget,mean,1,0.5,0.03,9900
E90,***文化传媒有限责任公司,C,elastic_net_logistic,0.2928954659,selected_model_risk_score,31,0.2520325203,放贷,优化模型选择,100,1000000,0.15,15,0.8951647387,0.1048352613,10.48352613,0.5,0.03,1.111942329,1.535288635,0.3145057839,-0.73785209,-0.0073785209,budget_1.00_bmax_nominal_equality,nominal_equality,False,0.3272754126,budget,mean,1,0.5,0.03,9900
E91,***科技实业有限公司,A,elastic_net_logistic,0.123879862,selected_model_risk_score,62,0.5040650407,放贷,优化模型选择,100,1000000,0.1425,14.25,0.8801803134,0.1198196866,11.98196866,0.5,0.03,1.495914275,0.742162312,0.3594590598,0.3942929033,0.003942929033,budget_1.00_bmax_nominal_equality,nominal_equality,False,0.1563985381,budget,mean,1,0.5,0.03,9900
E92,***地质灾害防治有限公司,C,elastic_net_logistic,0.3701163354,selected_model_risk_score,24,0.1951219512,放贷,优化模型选择,100,1000000,0.15,15,0.8951647387,0.1048352613,10.48352613,0.5,0.03,0.9905102785,1.940062137,0.3145057839,-1.264057642,-0.01264057642,budget_1.00_bmax_nominal_equality,nominal_equality,False,0.4190045907,budget,mean,1,0.5,0.03,9900
E93,***电脑设计事务所,B,elastic_net_logistic,0.2376719561,selected_model_risk_score,39,0.3170731707,放贷,优化模型选择,100,1000000,0.15,15,0.885864919,0.114135081,11.4135081,0.5,0.03,1.305125596,1.356335398,0.342405243,-0.3936150455,-0.003936150455,budget_1.00_bmax_nominal_equality,nominal_equality,False,0.2575297987,budget,mean,1,0.5,0.03,9900
E94,***汽车美容有限公司,C,elastic_net_logistic,0.3420261826,selected_model_risk_score,27,0.2195121951,放贷,优化模型选择,100,1000000,0.15,15,0.8951647387,0.1048352613,10.48352613,0.5,0.03,1.034682856,1.792820211,0.3145057839,-1.072643139,-0.01072643139,budget_1.00_bmax_nominal_equality,nominal_equality,False,0.3879661601,budget,mean,1,0.5,0.03,9900
E95,***兰花店,B,elastic_net_logistic,0.1441316116,selected_model_risk_score,59,0.4796747967,放贷,优化模型选择,100,1000000,0.1425,14.25,0.8439092946,0.1560907054,15.60907054,0.5,0.03,1.903701682,1.124880246,0.4682721162,0.3105493193,0.003105493193,budget_1.00_bmax_nominal_equality,nominal_equality,False,0.1745511804,budget,mean,1,0.5,0.03,9900
E96,***土地整理有限公司,C,elastic_net_logistic,0.8080355745,selected_model_risk_score,1,0.008130081301,放贷,优化模型选择,100,1000000,0.15,15,0.8951647387,0.1048352613,10.48352613,0.5,0.03,0.3018696106,4.23553103,0.3145057839,-4.248167203,-0.04248167203,budget_1.00_bmax_nominal_equality,nominal_equality,False,0.854739214,budget,mean,1,0.5,0.03,9900
E97,***美工装饰部,B,elastic_net_logistic,0.2602897628,selected_model_risk_score,35,0.2845528455,放贷,优化模型选择,100,1000000,0.15,15,0.885864919,0.114135081,11.4135081,0.5,0.03,1.266403318,1.485409658,0.342405243,-0.5614115834,-0.005614115834,budget_1.00_bmax_nominal_equality,nominal_equality,False,0.3283525845,budget,mean,1,0.5,0.03,9900
E98,***文化传播有限公司,B,elastic_net_logistic,0.2814270169,selected_model_risk_score,33,0.2682926829,放贷,优化模型选择,100,1000000,0.15,15,0.885864919,0.114135081,11.4135081,0.5,0.03,1.230215784,1.606034768,0.342405243,-0.718224227,-0.00718224227,budget_1.00_bmax_nominal_equality,nominal_equality,False,0.3034353338,budget,mean,1,0.5,0.03,9900
E99,***建筑工程有限责任公司,D,elastic_net_logistic,0.5839846822,selected_model_risk_score,10,0.08130081301,不放贷,D级企业原则上不予放贷,0,0,,,,,0,0.5,0.03,0,0,0,0,,budget_1.00_bmax_nominal_equality,nominal_equality,False,0.6898712011,budget,mean,1,0.5,0.03,9900
