enterprise_id,enterprise_name,credit_rating,risk_model,risk_score,risk_score_source,risk_rank,risk_percentile,loan_decision,decision_reason,offered_loan_amount_10k,offered_loan_amount_yuan,interest_rate,interest_rate_percent,fitted_churn_rate,acceptance_probability,expected_disbursed_amount_10k,lgd,funding_cost_rate,expected_interest_income_10k,expected_credit_loss_10k,expected_funding_cost_10k,expected_net_return_10k,expected_net_return_per_offered_unit,solver_scenario_id,budget_definition,representative_scenario_flag,conservative_risk_score,scenario_family,risk_variant,budget_fraction,scenario_lgd,scenario_funding_cost_rate,scenario_budget_10k
E1,***电器销售有限公司,A,elastic_net_logistic,0.05655542179,selected_model_risk_score,104,0.8455284553,放贷,优化模型选择,100,1000000,0.0985,9.85,0.7083020233,0.2916979767,29.16979767,0.3,0.02,2.710728615,0.4949130632,0.5833959534,1.632419598,0.01632419598,lgd_0.30_funding_cost_0.02_joint,nominal_equality,False,0.0730491674,lgd_funding_joint,mean,0.5,0.3,0.02,4950
E10,***建筑劳务有限公司,B,elastic_net_logistic,0.06093491817,selected_model_risk_score,102,0.8292682927,放贷,优化模型选择,100,1000000,0.0945,9.45,0.6356051463,0.3643948537,36.43948537,0.3,0.02,3.233700065,0.6661311178,0.7287897074,1.83877924,0.0183877924,lgd_0.30_funding_cost_0.02_joint,nominal_equality,False,0.07833730674,lgd_funding_joint,mean,0.5,0.3,0.02,4950
E100,***装饰工程有限公司,D,elastic_net_logistic,0.2578903118,selected_model_risk_score,36,0.2926829268,不放贷,D级企业原则上不予放贷,0,0,,,,,0,0.3,0.02,0,0,0,0,,lgd_0.30_funding_cost_0.02_joint,nominal_equality,False,0.3416804479,lgd_funding_joint,mean,0.5,0.3,0.02,4950
E101,***灯饰工程有限公司,D,elastic_net_logistic,0.7098560409,selected_model_risk_score,6,0.0487804878,不放贷,D级企业原则上不予放贷,0,0,,,,,0,0.3,0.02,0,0,0,0,,lgd_0.30_funding_cost_0.02_joint,nominal_equality,False,0.7897592201,lgd_funding_joint,mean,0.5,0.3,0.02,4950
E102,***大药房有限责任公司,D,elastic_net_logistic,0.4733747116,selected_model_risk_score,17,0.1382113821,不放贷,D级企业原则上不予放贷,0,0,,,,,0,0.3,0.02,0,0,0,0,,lgd_0.30_funding_cost_0.02_joint,nominal_equality,False,0.6183651775,lgd_funding_joint,mean,0.5,0.3,0.02,4950
E103,***科技有限公司,D,elastic_net_logistic,0.4055458126,selected_model_risk_score,22,0.1788617886,不放贷,D级企业原则上不予放贷,0,0,,,,,0,0.3,0.02,0,0,0,0,,lgd_0.30_funding_cost_0.02_joint,nominal_equality,False,0.4768661053,lgd_funding_joint,mean,0.5,0.3,0.02,4950
E104,***管理咨询有限责任公司,C,elastic_net_logistic,0.5371556855,selected_model_risk_score,14,0.1138211382,不放贷,优化模型未选择,0,0,,,,,0,0.3,0.02,0,0,0,0,,lgd_0.30_funding_cost_0.02_joint,nominal_equality,False,0.6048969633,lgd_funding_joint,mean,0.5,0.3,0.02,4950
E105,***建材经营部,C,elastic_net_logistic,0.2296735143,selected_model_risk_score,41,0.3333333333,不放贷,优化模型未选择,0,0,,,,,0,0.3,0.02,0,0,0,0,,lgd_0.30_funding_cost_0.02_joint,nominal_equality,False,0.3150886304,lgd_funding_joint,mean,0.5,0.3,0.02,4950
E106,***财务管理有限公司,B,elastic_net_logistic,0.25387818,selected_model_risk_score,37,0.3008130081,不放贷,优化模型未选择,0,0,,,,,0,0.3,0.02,0,0,0,0,,lgd_0.30_funding_cost_0.02_joint,nominal_equality,False,0.2861266308,lgd_funding_joint,mean,0.5,0.3,0.02,4950
E107,***科技有限公司,D,elastic_net_logistic,0.6278756036,selected_model_risk_score,8,0.06504065041,不放贷,D级企业原则上不予放贷,0,0,,,,,0,0.3,0.02,0,0,0,0,,lgd_0.30_funding_cost_0.02_joint,nominal_equality,False,0.6820972821,lgd_funding_joint,mean,0.5,0.3,0.02,4950
E108,***商贸有限公司,D,elastic_net_logistic,0.5221807895,selected_model_risk_score,15,0.1219512195,不放贷,D级企业原则上不予放贷,0,0,,,,,0,0.3,0.02,0,0,0,0,,lgd_0.30_funding_cost_0.02_joint,nominal_equality,False,0.6296705299,lgd_funding_joint,mean,0.5,0.3,0.02,4950
E109,***服饰有限公司,D,elastic_net_logistic,0.5493640614,selected_model_risk_score,12,0.09756097561,不放贷,D级企业原则上不予放贷,0,0,,,,,0,0.3,0.02,0,0,0,0,,lgd_0.30_funding_cost_0.02_joint,nominal_equality,False,0.6102205923,lgd_funding_joint,mean,0.5,0.3,0.02,4950
E11,***建设工程有限公司,C,elastic_net_logistic,0.07723891572,selected_model_risk_score,93,0.756097561,放贷,优化模型选择,100,1000000,0.1105,11.05,0.7151023945,0.2848976055,28.48976055,0.3,0.02,2.904961278,0.6601554642,0.569795211,1.675010603,0.01675010603,lgd_0.30_funding_cost_0.02_joint,nominal_equality,False,0.1001763276,lgd_funding_joint,mean,0.5,0.3,0.02,4950
E110,***通讯器材经营部,C,elastic_net_logistic,0.5711527053,selected_model_risk_score,11,0.08943089431,不放贷,优化模型未选择,0,0,,,,,0,0.3,0.02,0,0,0,0,,lgd_0.30_funding_cost_0.02_joint,nominal_equality,False,0.6124762668,lgd_funding_joint,mean,0.5,0.3,0.02,4950
E111,***科技有限公司,D,elastic_net_logistic,0.1919246162,selected_model_risk_score,49,0.3983739837,不放贷,D级企业原则上不予放贷,0,0,,,,,0,0.3,0.02,0,0,0,0,,lgd_0.30_funding_cost_0.02_joint,nominal_equality,False,0.3189536769,lgd_funding_joint,mean,0.5,0.3,0.02,4950
E112,***机械设备有限公司,D,elastic_net_logistic,0.4170540731,selected_model_risk_score,20,0.162601626,不放贷,D级企业原则上不予放贷,0,0,,,,,0,0.3,0.02,0,0,0,0,,lgd_0.30_funding_cost_0.02_joint,nominal_equality,False,0.5129040595,lgd_funding_joint,mean,0.5,0.3,0.02,4950
E113,***美居科技有限公司,D,elastic_net_logistic,0.7592451553,selected_model_risk_score,4,0.0325203252,不放贷,D级企业原则上不予放贷,0,0,,,,,0,0.3,0.02,0,0,0,0,,lgd_0.30_funding_cost_0.02_joint,nominal_equality,False,0.8315439659,lgd_funding_joint,mean,0.5,0.3,0.02,4950
E114,***食品有限责任公司,D,elastic_net_logistic,0.4770804739,selected_model_risk_score,16,0.1300813008,不放贷,D级企业原则上不予放贷,0,0,,,,,0,0.3,0.02,0,0,0,0,,lgd_0.30_funding_cost_0.02_joint,nominal_equality,False,0.5421990478,lgd_funding_joint,mean,0.5,0.3,0.02,4950
E115,***装饰工程有限公司,D,elastic_net_logistic,0.7835354924,selected_model_risk_score,2,0.0162601626,不放贷,D级企业原则上不予放贷,0,0,,,,,0,0.3,0.02,0,0,0,0,,lgd_0.30_funding_cost_0.02_joint,nominal_equality,False,0.8331104651,lgd_funding_joint,mean,0.5,0.3,0.02,4950
E116,***门窗有限公司,D,elastic_net_logistic,0.4160885126,selected_model_risk_score,21,0.1707317073,不放贷,D级企业原则上不予放贷,0,0,,,,,0,0.3,0.02,0,0,0,0,,lgd_0.30_funding_cost_0.02_joint,nominal_equality,False,0.532859258,lgd_funding_joint,mean,0.5,0.3,0.02,4950
E117,***人力资源管理咨询有限公司,D,elastic_net_logistic,0.6343060557,selected_model_risk_score,7,0.05691056911,不放贷,D级企业原则上不予放贷,0,0,,,,,0,0.3,0.02,0,0,0,0,,lgd_0.30_funding_cost_0.02_joint,nominal_equality,False,0.7561127553,lgd_funding_joint,mean,0.5,0.3,0.02,4950
E118,***体育用品有限公司,D,elastic_net_logistic,0.3859533716,selected_model_risk_score,23,0.1869918699,不放贷,D级企业原则上不予放贷,0,0,,,,,0,0.3,0.02,0,0,0,0,,lgd_0.30_funding_cost_0.02_joint,nominal_equality,False,0.4429217794,lgd_funding_joint,mean,0.5,0.3,0.02,4950
E119,***药房,D,elastic_net_logistic,0.6253065711,selected_model_risk_score,9,0.07317073171,不放贷,D级企业原则上不予放贷,0,0,,,,,0,0.3,0.02,0,0,0,0,,lgd_0.30_funding_cost_0.02_joint,nominal_equality,False,0.6891769584,lgd_funding_joint,mean,0.5,0.3,0.02,4950
E12,***建筑劳务有限公司,B,elastic_net_logistic,0.08202986653,selected_model_risk_score,88,0.7154471545,放贷,优化模型选择,100,1000000,0.1065,10.65,0.7053159925,0.2946840075,29.46840075,0.3,0.02,2.880943403,0.7251866941,0.589368015,1.566388694,0.01566388694,lgd_0.30_funding_cost_0.02_joint,nominal_equality,False,0.1054632903,lgd_funding_joint,mean,0.5,0.3,0.02,4950
E120,***陈列广告有限公司,D,elastic_net_logistic,0.721226934,selected_model_risk_score,5,0.0406504065,不放贷,D级企业原则上不予放贷,0,0,,,,,0,0.3,0.02,0,0,0,0,,lgd_0.30_funding_cost_0.02_joint,nominal_equality,False,0.7608714869,lgd_funding_joint,mean,0.5,0.3,0.02,4950
E121,***药业连锁有限公司***药店,D,elastic_net_logistic,0.4662178212,selected_model_risk_score,18,0.1463414634,不放贷,D级企业原则上不予放贷,0,0,,,,,0,0.3,0.02,0,0,0,0,,lgd_0.30_funding_cost_0.02_joint,nominal_equality,False,0.5621951951,lgd_funding_joint,mean,0.5,0.3,0.02,4950
E122,***商贸有限责任公司,D,elastic_net_logistic,0.4500783219,selected_model_risk_score,19,0.1544715447,不放贷,D级企业原则上不予放贷,0,0,,,,,0,0.3,0.02,0,0,0,0,,lgd_0.30_funding_cost_0.02_joint,nominal_equality,False,0.6021516604,lgd_funding_joint,mean,0.5,0.3,0.02,4950
E123,***创科技有限责任公司,D,elastic_net_logistic,0.7819761114,selected_model_risk_score,3,0.0243902439,不放贷,D级企业原则上不予放贷,0,0,,,,,0,0.3,0.02,0,0,0,0,,lgd_0.30_funding_cost_0.02_joint,nominal_equality,False,0.8270597923,lgd_funding_joint,mean,0.5,0.3,0.02,4950
E13,***汽车贸易有限公司,A,elastic_net_logistic,0.04053604698,selected_model_risk_score,113,0.918699187,放贷,优化模型选择,100,1000000,0.0745,7.45,0.511096612,0.488903388,48.8903388,0.3,0.02,3.494684571,0.5945463211,0.977806776,1.922331474,0.01922331474,lgd_0.30_funding_cost_0.02_joint,nominal_equality,False,0.05373417783,lgd_funding_joint,mean,0.5,0.3,0.02,4950
E14,个体经营E14,C,elastic_net_logistic,0.03261041867,selected_model_risk_score,117,0.9512195122,放贷,优化模型选择,100,1000000,0.0905,9.05,0.5900970447,0.4099029553,40.99029553,0.3,0.02,3.588649427,0.4010132096,0.8198059106,2.367830307,0.02367830307,lgd_0.30_funding_cost_0.02_joint,nominal_equality,False,0.04024201468,lgd_funding_joint,mean,0.5,0.3,0.02,4950
E15,***劳务有限公司,A,elastic_net_logistic,0.07381492047,selected_model_risk_score,95,0.7723577236,放贷,优化模型选择,100,1000000,0.0985,9.85,0.7083020233,0.2916979767,29.16979767,0.3,0.02,2.66113819,0.6459498885,0.5833959534,1.431792348,0.01431792348,lgd_0.30_funding_cost_0.02_joint,nominal_equality,False,0.1036254123,lgd_funding_joint,mean,0.5,0.3,0.02,4950
E16,***建筑劳务有限公司,A,elastic_net_logistic,0.04998777847,selected_model_risk_score,108,0.8780487805,放贷,优化模型选择,100,1000000,0.0745,7.45,0.511096612,0.488903388,48.8903388,0.3,0.02,3.460258243,0.7331758276,0.977806776,1.74927564,0.0174927564,lgd_0.30_funding_cost_0.02_joint,nominal_equality,False,0.0624669862,lgd_funding_joint,mean,0.5,0.3,0.02,4950
E17,***消防工程有限公司,A,elastic_net_logistic,0.04649981408,selected_model_risk_score,111,0.9024390244,放贷,优化模型选择,100,1000000,0.0745,7.45,0.511096612,0.488903388,48.8903388,0.3,0.02,3.472962562,0.6820174994,0.977806776,1.813138286,0.01813138286,lgd_0.30_funding_cost_0.02_joint,nominal_equality,False,0.05349825243,lgd_funding_joint,mean,0.5,0.3,0.02,4950
E18,***消防工程有限责任公司,A,elastic_net_logistic,0.04857513816,selected_model_risk_score,109,0.8861788618,放贷,优化模型选择,100,1000000,0.0745,7.45,0.511096612,0.488903388,48.8903388,0.3,0.02,3.465403546,0.7124564886,0.977806776,1.775140281,0.01775140281,lgd_0.30_funding_cost_0.02_joint,nominal_equality,False,0.06117933194,lgd_funding_joint,mean,0.5,0.3,0.02,4950
E19,***科技有限公司,A,elastic_net_logistic,0.06543754966,selected_model_risk_score,100,0.8130081301,放贷,优化模型选择,100,1000000,0.0985,9.85,0.7083020233,0.2916979767,29.16979767,0.3,0.02,2.685208262,0.5726400251,0.5833959534,1.529172284,0.01529172284,lgd_0.30_funding_cost_0.02_joint,nominal_equality,False,0.09093656268,lgd_funding_joint,mean,0.5,0.3,0.02,4950
E2,***技术有限责任公司,A,elastic_net_logistic,0.02833749753,selected_model_risk_score,119,0.9674796748,放贷,优化模型选择,100,1000000,0.0745,7.45,0.511096612,0.488903388,48.8903388,0.3,0.02,3.539115716,0.4156289565,0.977806776,2.145679984,0.02145679984,lgd_0.30_funding_cost_0.02_joint,nominal_equality,False,0.03642833627,lgd_funding_joint,mean,0.5,0.3,0.02,4950
E20,***贸易有限公司,B,elastic_net_logistic,0.04546270238,selected_model_risk_score,112,0.9105691057,放贷,优化模型选择,100,1000000,0.0945,9.45,0.6356051463,0.3643948537,36.43948537,0.3,0.02,3.286979126,0.4969912435,0.7287897074,2.061198175,0.02061198175,lgd_0.30_funding_cost_0.02_joint,nominal_equality,False,0.06402096704,lgd_funding_joint,mean,0.5,0.3,0.02,4950
E21,***建设工程有限公司,B,elastic_net_logistic,0.08415779812,selected_model_risk_score,85,0.6910569106,放贷,优化模型选择,100,1000000,0.1065,10.65,0.7053159925,0.2946840075,29.46840075,0.3,0.02,2.874265136,0.7439987164,0.589368015,1.540898404,0.01540898404,lgd_0.30_funding_cost_0.02_joint,nominal_equality,False,0.09612822768,lgd_funding_joint,mean,0.5,0.3,0.02,4950
E22,***物流有限公司,A,elastic_net_logistic,0.08272431763,selected_model_risk_score,87,0.7073170732,放贷,优化模型选择,100,1000000,0.0985,9.85,0.7083020233,0.2916979767,29.16979767,0.3,0.02,2.635539487,0.7239154823,0.5833959534,1.328228051,0.01328228051,lgd_0.30_funding_cost_0.02_joint,nominal_equality,False,0.09349623574,lgd_funding_joint,mean,0.5,0.3,0.02,4950
E23,***贸易有限公司,B,elastic_net_logistic,0.03337482103,selected_model_risk_score,116,0.9430894309,放贷,优化模型选择,100,1000000,0.0825,8.25,0.5484939576,0.4515060424,45.15060424,0.3,0.02,3.60060615,0.4520680008,0.9030120848,2.245526064,0.02245526064,lgd_0.30_funding_cost_0.02_joint,nominal_equality,False,0.04082479351,lgd_funding_joint,mean,0.5,0.3,0.02,4950
E24,***建筑工程有限公司,A,elastic_net_logistic,0.04702949043,selected_model_risk_score,110,0.8943089431,放贷,优化模型选择,100,1000000,0.0745,7.45,0.511096612,0.488903388,48.8903388,0.3,0.02,3.471033305,0.6897863162,0.977806776,1.803440213,0.01803440213,lgd_0.30_funding_cost_0.02_joint,nominal_equality,False,0.06125175229,lgd_funding_joint,mean,0.5,0.3,0.02,4950
E25,***通讯设备有限公司,C,elastic_net_logistic,0.08202047653,selected_model_risk_score,89,0.7235772358,放贷,优化模型选择,100,1000000,0.1105,11.05,0.7151023945,0.2848976055,28.48976055,0.3,0.02,2.889908358,0.701023121,0.569795211,1.619090026,0.01619090026,lgd_0.30_funding_cost_0.02_joint,nominal_equality,False,0.09686547054,lgd_funding_joint,mean,0.5,0.3,0.02,4950
E26,***金属材料有限公司,A,elastic_net_logistic,0.1342940789,selected_model_risk_score,61,0.4959349593,不放贷,优化模型未选择,0,0,,,,,0,0.3,0.02,0,0,0,0,,lgd_0.30_funding_cost_0.02_joint,nominal_equality,False,0.1782110185,lgd_funding_joint,mean,0.5,0.3,0.02,4950
E27,***农业开发有限公司,A,elastic_net_logistic,0.1103832985,selected_model_risk_score,70,0.5691056911,不放贷,优化模型未选择,0,0,,,,,0,0.3,0.02,0,0,0,0,,lgd_0.30_funding_cost_0.02_joint,nominal_equality,False,0.1369068444,lgd_funding_joint,mean,0.5,0.3,0.02,4950
E28,***景观工程有限公司,B,elastic_net_logistic,0.09966092865,selected_model_risk_score,76,0.6178861789,放贷,优化模型选择,100,1000000,0.1065,10.65,0.7053159925,0.2946840075,29.46840075,0.3,0.02,2.825610348,0.8810544554,0.589368015,1.355187878,0.01355187878,lgd_0.30_funding_cost_0.02_joint,nominal_equality,False,0.1193350508,lgd_funding_joint,mean,0.5,0.3,0.02,4950
E29,***建筑劳务有限公司,C,elastic_net_logistic,0.07253671793,selected_model_risk_score,96,0.7804878049,放贷,优化模型选择,100,1000000,0.1105,11.05,0.7151023945,0.2848976055,28.48976055,0.3,0.02,2.919764354,0.6199661175,0.569795211,1.730003026,0.01730003026,lgd_0.30_funding_cost_0.02_joint,nominal_equality,False,0.08548890218,lgd_funding_joint,mean,0.5,0.3,0.02,4950
E3,***电子(中国)有限公司***分公司,C,elastic_net_logistic,0.02153611417,selected_model_risk_score,123,1,放贷,优化模型选择,100,1000000,0.0825,8.25,0.5302487056,0.4697512944,46.97512944,0.3,0.02,3.791986084,0.3034985252,0.9395025888,2.54898497,0.0254898497,lgd_0.30_funding_cost_0.02_joint,nominal_equality,False,0.025281018,lgd_funding_joint,mean,0.5,0.3,0.02,4950
E30,***建筑工程有限公司,B,elastic_net_logistic,0.07713913412,selected_model_risk_score,94,0.7642276423,放贷,优化模型选择,100,1000000,0.1065,10.65,0.7053159925,0.2946840075,29.46840075,0.3,0.02,2.896292403,0.6819500753,0.589368015,1.624974313,0.01624974313,lgd_0.30_funding_cost_0.02_joint,nominal_equality,False,0.1024182862,lgd_funding_joint,mean,0.5,0.3,0.02,4950
E31,***食品有限公司,A,elastic_net_logistic,0.0367643069,selected_model_risk_score,115,0.9349593496,放贷,优化模型选择,100,1000000,0.0745,7.45,0.511096612,0.488903388,48.8903388,0.3,0.02,3.508422494,0.539225826,0.977806776,1.991389892,0.01991389892,lgd_0.30_funding_cost_0.02_joint,nominal_equality,False,0.04188668071,lgd_funding_joint,mean,0.5,0.3,0.02,4950
E32,***建筑劳务有限公司,B,elastic_net_logistic,0.09279588464,selected_model_risk_score,79,0.6422764228,放贷,优化模型选择,100,1000000,0.1065,10.65,0.7053159925,0.2946840075,29.46840075,0.3,0.02,2.847155497,0.820363895,0.589368015,1.437423587,0.01437423587,lgd_0.30_funding_cost_0.02_joint,nominal_equality,False,0.104597557,lgd_funding_joint,mean,0.5,0.3,0.02,4950
E33,***园林有限责任公司,B,elastic_net_logistic,0.09823760896,selected_model_risk_score,77,0.6260162602,放贷,优化模型选择,100,1000000,0.1065,10.65,0.7053159925,0.2946840075,29.46840075,0.3,0.02,2.830077273,0.8684715689,0.589368015,1.372237689,0.01372237689,lgd_0.30_funding_cost_0.02_joint,nominal_equality,False,0.1158892222,lgd_funding_joint,mean,0.5,0.3,0.02,4950
E34,***建设工程有限公司,B,elastic_net_logistic,0.1015652078,selected_model_risk_score,75,0.6097560976,放贷,优化模型选择,100,1000000,0.1065,10.65,0.7053159925,0.2946840075,29.46840075,0.3,0.02,2.819633988,0.8978892737,0.589368015,1.332376699,0.01332376699,lgd_0.30_funding_cost_0.02_joint,nominal_equality,False,0.1393444528,lgd_funding_joint,mean,0.5,0.3,0.02,4950
E35,***商贸有限公司,B,elastic_net_logistic,0.08567951436,selected_model_risk_score,83,0.674796748,放贷,优化模型选择,100,1000000,0.1065,10.65,0.7053159925,0.2946840075,29.46840075,0.3,0.02,2.869489405,0.7574514796,0.589368015,1.52266991,0.0152266991,lgd_0.30_funding_cost_0.02_joint,nominal_equality,False,0.1006056864,lgd_funding_joint,mean,0.5,0.3,0.02,4950
E36,***超硬材料有限公司,D,elastic_net_logistic,0.05081789908,selected_model_risk_score,107,0.8699186992,不放贷,D级企业原则上不予放贷,0,0,,,,,0,0.3,0.02,0,0,0,0,,lgd_0.30_funding_cost_0.02_joint,nominal_equality,False,0.06163613971,lgd_funding_joint,mean,0.5,0.3,0.02,4950
E37,***木业有限公司,B,elastic_net_logistic,0.084549486,selected_model_risk_score,84,0.6829268293,放贷,优化模型选择,100,1000000,0.1065,10.65,0.7053159925,0.2946840075,29.46840075,0.3,0.02,2.873035868,0.747461441,0.589368015,1.536206412,0.01536206412,lgd_0.30_funding_cost_0.02_joint,nominal_equality,False,0.1088428529,lgd_funding_joint,mean,0.5,0.3,0.02,4950
E38,***建设工程有限公司,B,elastic_net_logistic,0.1218095512,selected_model_risk_score,63,0.512195122,不放贷,优化模型未选择,0,0,,,,,0,0.3,0.02,0,0,0,0,,lgd_0.30_funding_cost_0.02_joint,nominal_equality,False,0.1460270212,lgd_funding_joint,mean,0.5,0.3,0.02,4950
E39,***建筑劳务有限公司,C,elastic_net_logistic,0.1815109557,selected_model_risk_score,52,0.4227642276,不放贷,优化模型未选择,0,0,,,,,0,0.3,0.02,0,0,0,0,,lgd_0.30_funding_cost_0.02_joint,nominal_equality,False,0.2307578892,lgd_funding_joint,mean,0.5,0.3,0.02,4950
E4,***发展有限责任公司,C,elastic_net_logistic,0.03106769432,selected_model_risk_score,118,0.9593495935,放贷,优化模型选择,100,1000000,0.0905,9.05,0.5900970447,0.4099029553,40.99029553,0.3,0.02,3.594372351,0.3820421915,0.8198059106,2.392524249,0.02392524249,lgd_0.30_funding_cost_0.02_joint,nominal_equality,False,0.04400979025,lgd_funding_joint,mean,0.5,0.3,0.02,4950
E40,***财税咨询服务有限公司,C,elastic_net_logistic,0.08113873174,selected_model_risk_score,90,0.7317073171,放贷,优化模型选择,100,1000000,0.1105,11.05,0.7151023945,0.2848976055,28.48976055,0.3,0.02,2.892684195,0.6934869116,0.569795211,1.629402072,0.01629402072,lgd_0.30_funding_cost_0.02_joint,nominal_equality,False,0.09293248415,lgd_funding_joint,mean,0.5,0.3,0.02,4950
E41,***物业发展有限公司,C,elastic_net_logistic,0.07916167381,selected_model_risk_score,91,0.7398373984,放贷,优化模型选择,100,1000000,0.1105,11.05,0.7151023945,0.2848976055,28.48976055,0.3,0.02,2.898908208,0.6765891395,0.569795211,1.652523857,0.01652523857,lgd_0.30_funding_cost_0.02_joint,nominal_equality,False,0.09683047914,lgd_funding_joint,mean,0.5,0.3,0.02,4950
E42,***园艺场,A,elastic_net_logistic,0.1200846128,selected_model_risk_score,66,0.5365853659,不放贷,优化模型未选择,0,0,,,,,0,0.3,0.02,0,0,0,0,,lgd_0.30_funding_cost_0.02_joint,nominal_equality,False,0.1475914741,lgd_funding_joint,mean,0.5,0.3,0.02,4950
E43,***建设工程有限公司,B,elastic_net_logistic,0.1927952664,selected_model_risk_score,48,0.3902439024,不放贷,优化模型未选择,0,0,,,,,0,0.3,0.02,0,0,0,0,,lgd_0.30_funding_cost_0.02_joint,nominal_equality,False,0.2145282193,lgd_funding_joint,mean,0.5,0.3,0.02,4950
E44,***商贸有限公司,C,elastic_net_logistic,0.08616234673,selected_model_risk_score,82,0.6666666667,放贷,优化模型选择,100,1000000,0.1105,11.05,0.7151023945,0.2848976055,28.48976055,0.3,0.02,2.87686926,0.736423388,0.569795211,1.57065066,0.0157065066,lgd_0.30_funding_cost_0.02_joint,nominal_equality,False,0.1035354806,lgd_funding_joint,mean,0.5,0.3,0.02,4950
E45,个体经营E45,B,elastic_net_logistic,0.1068056002,selected_model_risk_score,73,0.593495935,不放贷,优化模型未选择,0,0,,,,,0,0.3,0.02,0,0,0,0,,lgd_0.30_funding_cost_0.02_joint,nominal_equality,False,0.1219197504,lgd_funding_joint,mean,0.5,0.3,0.02,4950
E46,***广告传媒有限公司,C,elastic_net_logistic,0.05276002815,selected_model_risk_score,105,0.8536585366,放贷,优化模型选择,100,1000000,0.0905,9.05,0.5900970447,0.4099029553,40.99029553,0.3,0.02,3.513901998,0.6487947438,0.8198059106,2.045301343,0.02045301343,lgd_0.30_funding_cost_0.02_joint,nominal_equality,False,0.06245378683,lgd_funding_joint,mean,0.5,0.3,0.02,4950
E47,***控制设备有限责任公司,C,elastic_net_logistic,0.05124807767,selected_model_risk_score,106,0.8617886179,放贷,优化模型选择,100,1000000,0.0905,9.05,0.5900970447,0.4099029553,40.99029553,0.3,0.02,3.519510762,0.6302021547,0.8198059106,2.069502697,0.02069502697,lgd_0.30_funding_cost_0.02_joint,nominal_equality,False,0.05822355401,lgd_funding_joint,mean,0.5,0.3,0.02,4950
E48,***化工有限公司,A,elastic_net_logistic,0.07070577235,selected_model_risk_score,97,0.7886178862,放贷,优化模型选择,100,1000000,0.0985,9.85,0.7083020233,0.2916979767,29.16979767,0.3,0.02,2.670071473,0.6187419221,0.5833959534,1.467933597,0.01467933597,lgd_0.30_funding_cost_0.02_joint,nominal_equality,False,0.08921054517,lgd_funding_joint,mean,0.5,0.3,0.02,4950
E49,***地球环保科技有限公司,C,elastic_net_logistic,0.09803729486,selected_model_risk_score,78,0.6341463415,放贷,优化模型选择,100,1000000,0.1105,11.05,0.7151023945,0.2848976055,28.48976055,0.3,0.02,2.839485515,0.8379177167,0.569795211,1.431772587,0.01431772587,lgd_0.30_funding_cost_0.02_joint,nominal_equality,False,0.1105965348,lgd_funding_joint,mean,0.5,0.3,0.02,4950
E5,***供应链管理有限公司,B,elastic_net_logistic,0.05668387407,selected_model_risk_score,103,0.837398374,放贷,优化模型选择,100,1000000,0.0945,9.45,0.6356051463,0.3643948537,36.43948537,0.3,0.02,3.248338669,0.61965936,0.7287897074,1.899889602,0.01899889602,lgd_0.30_funding_cost_0.02_joint,nominal_equality,False,0.07330978844,lgd_funding_joint,mean,0.5,0.3,0.02,4950
E50,***建筑劳务有限公司,C,elastic_net_logistic,0.1692453772,selected_model_risk_score,54,0.4390243902,不放贷,优化模型未选择,0,0,,,,,0,0.3,0.02,0,0,0,0,,lgd_0.30_funding_cost_0.02_joint,nominal_equality,False,0.2040258114,lgd_funding_joint,mean,0.5,0.3,0.02,4950
E51,***物流有限公司,B,elastic_net_logistic,0.0697365828,selected_model_risk_score,98,0.7967479675,放贷,优化模型选择,100,1000000,0.1065,10.65,0.7053159925,0.2946840075,29.46840075,0.3,0.02,2.919524457,0.6165076707,0.589368015,1.713648771,0.01713648771,lgd_0.30_funding_cost_0.02_joint,nominal_equality,False,0.07874952738,lgd_funding_joint,mean,0.5,0.3,0.02,4950
E52,***商贸有限公司,D,elastic_net_logistic,0.2136303318,selected_model_risk_score,44,0.3577235772,不放贷,D级企业原则上不予放贷,0,0,,,,,0,0.3,0.02,0,0,0,0,,lgd_0.30_funding_cost_0.02_joint,nominal_equality,False,0.2416471762,lgd_funding_joint,mean,0.5,0.3,0.02,4950
E53,***文化传媒有限公司,C,elastic_net_logistic,0.107156181,selected_model_risk_score,71,0.5772357724,放贷,优化模型选择,50,500000,0.1105,11.05,0.7151023945,0.2848976055,14.24488027,0.3,0.02,1.40538909,0.4579280907,0.2848976055,0.6625633941,0.01325126788,lgd_0.30_funding_cost_0.02_joint,nominal_equality,False,0.1294528809,lgd_funding_joint,mean,0.5,0.3,0.02,4950
E54,***新技术开发有限公司,A,elastic_net_logistic,0.06439978133,selected_model_risk_score,101,0.8211382114,放贷,优化模型选择,100,1000000,0.0985,9.85,0.7083020233,0.2916979767,29.16979767,0.3,0.02,2.688190004,0.5635585774,0.5833959534,1.541235473,0.01541235473,lgd_0.30_funding_cost_0.02_joint,nominal_equality,False,0.08481402429,lgd_funding_joint,mean,0.5,0.3,0.02,4950
E55,***集团有限公司***电力设备分公司,C,elastic_net_logistic,0.1835760094,selected_model_risk_score,51,0.4146341463,不放贷,优化模型未选择,0,0,,,,,0,0.3,0.02,0,0,0,0,,lgd_0.30_funding_cost_0.02_joint,nominal_equality,False,0.2408611135,lgd_funding_joint,mean,0.5,0.3,0.02,4950
E56,***家居材料***有限公司,C,elastic_net_logistic,0.08755638262,selected_model_risk_score,81,0.6585365854,放贷,优化模型选择,100,1000000,0.1105,11.05,0.7151023945,0.2848976055,28.48976055,0.3,0.02,2.872480669,0.7483381126,0.569795211,1.554347346,0.01554347346,lgd_0.30_funding_cost_0.02_joint,nominal_equality,False,0.1073776577,lgd_funding_joint,mean,0.5,0.3,0.02,4950
E57,***机械设备有限公司,B,elastic_net_logistic,0.1025680758,selected_model_risk_score,74,0.6016260163,不放贷,优化模型未选择,0,0,,,,,0,0.3,0.02,0,0,0,0,,lgd_0.30_funding_cost_0.02_joint,nominal_equality,False,0.1291130293,lgd_funding_joint,mean,0.5,0.3,0.02,4950
E58,***油气工程建设有限责任公司,B,elastic_net_logistic,0.1498825704,selected_model_risk_score,58,0.4715447154,不放贷,优化模型未选择,0,0,,,,,0,0.3,0.02,0,0,0,0,,lgd_0.30_funding_cost_0.02_joint,nominal_equality,False,0.166452668,lgd_funding_joint,mean,0.5,0.3,0.02,4950
E59,***商贸有限公司,A,elastic_net_logistic,0.06896464342,selected_model_risk_score,99,0.8048780488,放贷,优化模型选择,100,1000000,0.0985,9.85,0.7083020233,0.2916979767,29.16979767,0.3,0.02,2.675074128,0.6035054085,0.5833959534,1.488172766,0.01488172766,lgd_0.30_funding_cost_0.02_joint,nominal_equality,False,0.07641618763,lgd_funding_joint,mean,0.5,0.3,0.02,4950
E6,***装饰设计工程有限公司,A,elastic_net_logistic,0.03828902106,selected_model_risk_score,114,0.9268292683,放贷,优化模型选择,100,1000000,0.0745,7.45,0.511096612,0.488903388,48.8903388,0.3,0.02,3.502868981,0.5615889636,0.977806776,1.963473242,0.01963473242,lgd_0.30_funding_cost_0.02_joint,nominal_equality,False,0.04389193776,lgd_funding_joint,mean,0.5,0.3,0.02,4950
E60,***机械租赁有限公司,B,elastic_net_logistic,0.2143912442,selected_model_risk_score,43,0.3495934959,不放贷,优化模型未选择,0,0,,,,,0,0.3,0.02,0,0,0,0,,lgd_0.30_funding_cost_0.02_joint,nominal_equality,False,0.2335825691,lgd_funding_joint,mean,0.5,0.3,0.02,4950
E61,***调味品有限公司,B,elastic_net_logistic,0.07788330382,selected_model_risk_score,92,0.7479674797,放贷,优化模型选择,100,1000000,0.1065,10.65,0.7053159925,0.2946840075,29.46840075,0.3,0.02,2.893956912,0.6885289226,0.589368015,1.616059975,0.01616059975,lgd_0.30_funding_cost_0.02_joint,nominal_equality,False,0.09484916536,lgd_funding_joint,mean,0.5,0.3,0.02,4950
E62,***工程造价咨询有限公司***分公司,B,elastic_net_logistic,0.1214523958,selected_model_risk_score,64,0.5203252033,不放贷,优化模型未选择,0,0,,,,,0,0.3,0.02,0,0,0,0,,lgd_0.30_funding_cost_0.02_joint,nominal_equality,False,0.1450170246,lgd_funding_joint,mean,0.5,0.3,0.02,4950
E63,***科技有限公司,B,elastic_net_logistic,0.08368298573,selected_model_risk_score,86,0.6991869919,放贷,优化模型选择,100,1000000,0.1065,10.65,0.7053159925,0.2946840075,29.46840075,0.3,0.02,2.875755279,0.7398011278,0.589368015,1.546586137,0.01546586137,lgd_0.30_funding_cost_0.02_joint,nominal_equality,False,0.1084106096,lgd_funding_joint,mean,0.5,0.3,0.02,4950
E64,***图书有限责任公司,A,elastic_net_logistic,0.1124750355,selected_model_risk_score,69,0.5609756098,不放贷,优化模型未选择,0,0,,,,,0,0.3,0.02,0,0,0,0,,lgd_0.30_funding_cost_0.02_joint,nominal_equality,False,0.1209520698,lgd_funding_joint,mean,0.5,0.3,0.02,4950
E65,***商贸有限公司,B,elastic_net_logistic,0.0894097801,selected_model_risk_score,80,0.6504065041,放贷,优化模型选择,100,1000000,0.1065,10.65,0.7053159925,0.2946840075,29.46840075,0.3,0.02,2.857782396,0.7904289693,0.589368015,1.477985411,0.01477985411,lgd_0.30_funding_cost_0.02_joint,nominal_equality,False,0.1016662421,lgd_funding_joint,mean,0.5,0.3,0.02,4950
E66,***快递有限公司,B,elastic_net_logistic,0.2947622952,selected_model_risk_score,30,0.243902439,不放贷,优化模型未选择,0,0,,,,,0,0.3,0.02,0,0,0,0,,lgd_0.30_funding_cost_0.02_joint,nominal_equality,False,0.3741353375,lgd_funding_joint,mean,0.5,0.3,0.02,4950
E67,***信息技术有限公司,B,elastic_net_logistic,0.1845447393,selected_model_risk_score,50,0.406504065,不放贷,优化模型未选择,0,0,,,,,0,0.3,0.02,0,0,0,0,,lgd_0.30_funding_cost_0.02_joint,nominal_equality,False,0.2088292217,lgd_funding_joint,mean,0.5,0.3,0.02,4950
E68,***花木总公司,C,elastic_net_logistic,0.3380718151,selected_model_risk_score,28,0.2276422764,不放贷,优化模型未选择,0,0,,,,,0,0.3,0.02,0,0,0,0,,lgd_0.30_funding_cost_0.02_joint,nominal_equality,False,0.3824767947,lgd_funding_joint,mean,0.5,0.3,0.02,4950
E69,***电子器材经营部,C,elastic_net_logistic,0.2503652668,selected_model_risk_score,38,0.3089430894,不放贷,优化模型未选择,0,0,,,,,0,0.3,0.02,0,0,0,0,,lgd_0.30_funding_cost_0.02_joint,nominal_equality,False,0.3207126735,lgd_funding_joint,mean,0.5,0.3,0.02,4950
E7,***家电有限公司***分公司,A,elastic_net_logistic,0.02580342326,selected_model_risk_score,121,0.9837398374,放贷,优化模型选择,100,1000000,0.0745,7.45,0.511096612,0.488903388,48.8903388,0.3,0.02,3.548345652,0.3784614316,0.977806776,2.192077444,0.02192077444,lgd_0.30_funding_cost_0.02_joint,nominal_equality,False,0.03436137967,lgd_funding_joint,mean,0.5,0.3,0.02,4950
E70,***科技有限公司,B,elastic_net_logistic,0.1379471805,selected_model_risk_score,60,0.487804878,不放贷,优化模型未选择,0,0,,,,,0,0.3,0.02,0,0,0,0,,lgd_0.30_funding_cost_0.02_joint,nominal_equality,False,0.1557212843,lgd_funding_joint,mean,0.5,0.3,0.02,4950
E71,***农业科技有限公司,B,elastic_net_logistic,0.2041897012,selected_model_risk_score,45,0.3658536585,不放贷,优化模型未选择,0,0,,,,,0,0.3,0.02,0,0,0,0,,lgd_0.30_funding_cost_0.02_joint,nominal_equality,False,0.2461670708,lgd_funding_joint,mean,0.5,0.3,0.02,4950
E72,***图书有限公司,C,elastic_net_logistic,0.2897171126,selected_model_risk_score,32,0.2601626016,不放贷,优化模型未选择,0,0,,,,,0,0.3,0.02,0,0,0,0,,lgd_0.30_funding_cost_0.02_joint,nominal_equality,False,0.3383260035,lgd_funding_joint,mean,0.5,0.3,0.02,4950
E73,***商贸有限责任公司,C,elastic_net_logistic,0.1183311273,selected_model_risk_score,67,0.5447154472,不放贷,优化模型未选择,0,0,,,,,0,0.3,0.02,0,0,0,0,,lgd_0.30_funding_cost_0.02_joint,nominal_equality,False,0.150943928,lgd_funding_joint,mean,0.5,0.3,0.02,4950
E74,***蔬菜专业合作社,B,elastic_net_logistic,0.1539591335,selected_model_risk_score,56,0.4552845528,不放贷,优化模型未选择,0,0,,,,,0,0.3,0.02,0,0,0,0,,lgd_0.30_funding_cost_0.02_joint,nominal_equality,False,0.1754997095,lgd_funding_joint,mean,0.5,0.3,0.02,4950
E75,***酒店管理有限公司,C,elastic_net_logistic,0.1070850165,selected_model_risk_score,72,0.5853658537,放贷,优化模型选择,100,1000000,0.1105,11.05,0.7151023945,0.2848976055,28.48976055,0.3,0.02,2.811002215,0.9152479436,0.569795211,1.32595906,0.0132595906,lgd_0.30_funding_cost_0.02_joint,nominal_equality,False,0.1282680192,lgd_funding_joint,mean,0.5,0.3,0.02,4950
E76,***信息科技有限公司,B,elastic_net_logistic,0.1706660196,selected_model_risk_score,53,0.4308943089,不放贷,优化模型未选择,0,0,,,,,0,0.3,0.02,0,0,0,0,,lgd_0.30_funding_cost_0.02_joint,nominal_equality,False,0.1979402602,lgd_funding_joint,mean,0.5,0.3,0.02,4950
E77,***机电设备有限公司,C,elastic_net_logistic,0.3665492679,selected_model_risk_score,25,0.2032520325,不放贷,优化模型未选择,0,0,,,,,0,0.3,0.02,0,0,0,0,,lgd_0.30_funding_cost_0.02_joint,nominal_equality,False,0.4663549766,lgd_funding_joint,mean,0.5,0.3,0.02,4950
E78,个体经营E78,C,elastic_net_logistic,0.1211539626,selected_model_risk_score,65,0.5284552846,不放贷,优化模型未选择,0,0,,,,,0,0.3,0.02,0,0,0,0,,lgd_0.30_funding_cost_0.02_joint,nominal_equality,False,0.1481587806,lgd_funding_joint,mean,0.5,0.3,0.02,4950
E79,***鞋业有限公司,B,elastic_net_logistic,0.2025177165,selected_model_risk_score,46,0.3739837398,不放贷,优化模型未选择,0,0,,,,,0,0.3,0.02,0,0,0,0,,lgd_0.30_funding_cost_0.02_joint,nominal_equality,False,0.2207361419,lgd_funding_joint,mean,0.5,0.3,0.02,4950
E8,***科学研究院有限公司,A,elastic_net_logistic,0.02606005345,selected_model_risk_score,120,0.9756097561,放贷,优化模型选择,100,1000000,0.0745,7.45,0.511096612,0.488903388,48.8903388,0.3,0.02,3.54741092,0.3822254527,0.977806776,2.187378691,0.02187378691,lgd_0.30_funding_cost_0.02_joint,nominal_equality,False,0.03439017911,lgd_funding_joint,mean,0.5,0.3,0.02,4950
E80,***实业有限责任公司,C,elastic_net_logistic,0.3432370641,selected_model_risk_score,26,0.2113821138,不放贷,优化模型未选择,0,0,,,,,0,0.3,0.02,0,0,0,0,,lgd_0.30_funding_cost_0.02_joint,nominal_equality,False,0.3865190631,lgd_funding_joint,mean,0.5,0.3,0.02,4950
E81,***机械设备有限公司,A,elastic_net_logistic,0.1154202468,selected_model_risk_score,68,0.5528455285,不放贷,优化模型未选择,0,0,,,,,0,0.3,0.02,0,0,0,0,,lgd_0.30_funding_cost_0.02_joint,nominal_equality,False,0.1339413155,lgd_funding_joint,mean,0.5,0.3,0.02,4950
E82,***商贸有限公司,D,elastic_net_logistic,0.194614899,selected_model_risk_score,47,0.3821138211,不放贷,D级企业原则上不予放贷,0,0,,,,,0,0.3,0.02,0,0,0,0,,lgd_0.30_funding_cost_0.02_joint,nominal_equality,False,0.2318618526,lgd_funding_joint,mean,0.5,0.3,0.02,4950
E83,***社会福利院（***社会福利社会化服务中心）,B,elastic_net_logistic,0.5444532255,selected_model_risk_score,13,0.1056910569,不放贷,优化模型未选择,0,0,,,,,0,0.3,0.02,0,0,0,0,,lgd_0.30_funding_cost_0.02_joint,nominal_equality,False,0.6237840466,lgd_funding_joint,mean,0.5,0.3,0.02,4950
E84,***建材有限公司,A,elastic_net_logistic,0.1532688251,selected_model_risk_score,57,0.4634146341,不放贷,优化模型未选择,0,0,,,,,0,0.3,0.02,0,0,0,0,,lgd_0.30_funding_cost_0.02_joint,nominal_equality,False,0.1694921296,lgd_funding_joint,mean,0.5,0.3,0.02,4950
E85,***安防科技有限公司,B,elastic_net_logistic,0.2264316686,selected_model_risk_score,42,0.3414634146,不放贷,优化模型未选择,0,0,,,,,0,0.3,0.02,0,0,0,0,,lgd_0.30_funding_cost_0.02_joint,nominal_equality,False,0.2483347601,lgd_funding_joint,mean,0.5,0.3,0.02,4950
E86,***地质工程勘察院***分院,C,elastic_net_logistic,0.2808208394,selected_model_risk_score,34,0.2764227642,不放贷,优化模型未选择,0,0,,,,,0,0.3,0.02,0,0,0,0,,lgd_0.30_funding_cost_0.02_joint,nominal_equality,False,0.3548090468,lgd_funding_joint,mean,0.5,0.3,0.02,4950
E87,***实业有限责任公司,C,elastic_net_logistic,0.234076271,selected_model_risk_score,40,0.325203252,不放贷,优化模型未选择,0,0,,,,,0,0.3,0.02,0,0,0,0,,lgd_0.30_funding_cost_0.02_joint,nominal_equality,False,0.2796569295,lgd_funding_joint,mean,0.5,0.3,0.02,4950
E88,***贸易有限公司,A,elastic_net_logistic,0.1654327803,selected_model_risk_score,55,0.4471544715,不放贷,优化模型未选择,0,0,,,,,0,0.3,0.02,0,0,0,0,,lgd_0.30_funding_cost_0.02_joint,nominal_equality,False,0.189066442,lgd_funding_joint,mean,0.5,0.3,0.02,4950
E89,***物资有限公司,A,elastic_net_logistic,0.3344336244,selected_model_risk_score,29,0.2357723577,不放贷,优化模型未选择,0,0,,,,,0,0.3,0.02,0,0,0,0,,lgd_0.30_funding_cost_0.02_joint,nominal_equality,False,0.3672701532,lgd_funding_joint,mean,0.5,0.3,0.02,4950
E9,***生活用品服务有限公司***分公司,A,elastic_net_logistic,0.02174866462,selected_model_risk_score,122,0.9918699187,放贷,优化模型选择,100,1000000,0.0745,7.45,0.511096612,0.488903388,48.8903388,0.3,0.02,3.563114422,0.3189898745,0.977806776,2.266317771,0.02266317771,lgd_0.30_funding_cost_0.02_joint,nominal_equality,False,0.02531048472,lgd_funding_joint,mean,0.5,0.3,0.02,4950
E90,***文化传媒有限责任公司,C,elastic_net_logistic,0.2928954659,selected_model_risk_score,31,0.2520325203,不放贷,优化模型未选择,0,0,,,,,0,0.3,0.02,0,0,0,0,,lgd_0.30_funding_cost_0.02_joint,nominal_equality,False,0.3272754126,lgd_funding_joint,mean,0.5,0.3,0.02,4950
E91,***科技实业有限公司,A,elastic_net_logistic,0.123879862,selected_model_risk_score,62,0.5040650407,不放贷,优化模型未选择,0,0,,,,,0,0.3,0.02,0,0,0,0,,lgd_0.30_funding_cost_0.02_joint,nominal_equality,False,0.1563985381,lgd_funding_joint,mean,0.5,0.3,0.02,4950
E92,***地质灾害防治有限公司,C,elastic_net_logistic,0.3701163354,selected_model_risk_score,24,0.1951219512,不放贷,优化模型未选择,0,0,,,,,0,0.3,0.02,0,0,0,0,,lgd_0.30_funding_cost_0.02_joint,nominal_equality,False,0.4190045907,lgd_funding_joint,mean,0.5,0.3,0.02,4950
E93,***电脑设计事务所,B,elastic_net_logistic,0.2376719561,selected_model_risk_score,39,0.3170731707,不放贷,优化模型未选择,0,0,,,,,0,0.3,0.02,0,0,0,0,,lgd_0.30_funding_cost_0.02_joint,nominal_equality,False,0.2575297987,lgd_funding_joint,mean,0.5,0.3,0.02,4950
E94,***汽车美容有限公司,C,elastic_net_logistic,0.3420261826,selected_model_risk_score,27,0.2195121951,不放贷,优化模型未选择,0,0,,,,,0,0.3,0.02,0,0,0,0,,lgd_0.30_funding_cost_0.02_joint,nominal_equality,False,0.3879661601,lgd_funding_joint,mean,0.5,0.3,0.02,4950
E95,***兰花店,B,elastic_net_logistic,0.1441316116,selected_model_risk_score,59,0.4796747967,不放贷,优化模型未选择,0,0,,,,,0,0.3,0.02,0,0,0,0,,lgd_0.30_funding_cost_0.02_joint,nominal_equality,False,0.1745511804,lgd_funding_joint,mean,0.5,0.3,0.02,4950
E96,***土地整理有限公司,C,elastic_net_logistic,0.8080355745,selected_model_risk_score,1,0.008130081301,不放贷,优化模型未选择,0,0,,,,,0,0.3,0.02,0,0,0,0,,lgd_0.30_funding_cost_0.02_joint,nominal_equality,False,0.854739214,lgd_funding_joint,mean,0.5,0.3,0.02,4950
E97,***美工装饰部,B,elastic_net_logistic,0.2602897628,selected_model_risk_score,35,0.2845528455,不放贷,优化模型未选择,0,0,,,,,0,0.3,0.02,0,0,0,0,,lgd_0.30_funding_cost_0.02_joint,nominal_equality,False,0.3283525845,lgd_funding_joint,mean,0.5,0.3,0.02,4950
E98,***文化传播有限公司,B,elastic_net_logistic,0.2814270169,selected_model_risk_score,33,0.2682926829,不放贷,优化模型未选择,0,0,,,,,0,0.3,0.02,0,0,0,0,,lgd_0.30_funding_cost_0.02_joint,nominal_equality,False,0.3034353338,lgd_funding_joint,mean,0.5,0.3,0.02,4950
E99,***建筑工程有限责任公司,D,elastic_net_logistic,0.5839846822,selected_model_risk_score,10,0.08130081301,不放贷,D级企业原则上不予放贷,0,0,,,,,0,0.3,0.02,0,0,0,0,,lgd_0.30_funding_cost_0.02_joint,nominal_equality,False,0.6898712011,lgd_funding_joint,mean,0.5,0.3,0.02,4950
E1,***电器销售有限公司,A,elastic_net_logistic,0.05655542179,selected_model_risk_score,104,0.8455284553,放贷,优化模型选择,100,1000000,0.0985,9.85,0.7083020233,0.2916979767,29.16979767,0.3,0.03,2.710728615,0.4949130632,0.8750939301,1.340721621,0.01340721621,lgd_0.30_funding_cost_0.03_joint,nominal_equality,False,0.0730491674,lgd_funding_joint,mean,0.5,0.3,0.03,4950
E10,***建筑劳务有限公司,B,elastic_net_logistic,0.06093491817,selected_model_risk_score,102,0.8292682927,放贷,优化模型选择,100,1000000,0.1065,10.65,0.7053159925,0.2946840075,29.46840075,0.3,0.03,2.947147466,0.5386963765,0.8840520225,1.524399067,0.01524399067,lgd_0.30_funding_cost_0.03_joint,nominal_equality,False,0.07833730674,lgd_funding_joint,mean,0.5,0.3,0.03,4950
E100,***装饰工程有限公司,D,elastic_net_logistic,0.2578903118,selected_model_risk_score,36,0.2926829268,不放贷,D级企业原则上不予放贷,0,0,,,,,0,0.3,0.03,0,0,0,0,,lgd_0.30_funding_cost_0.03_joint,nominal_equality,False,0.3416804479,lgd_funding_joint,mean,0.5,0.3,0.03,4950
E101,***灯饰工程有限公司,D,elastic_net_logistic,0.7098560409,selected_model_risk_score,6,0.0487804878,不放贷,D级企业原则上不予放贷,0,0,,,,,0,0.3,0.03,0,0,0,0,,lgd_0.30_funding_cost_0.03_joint,nominal_equality,False,0.7897592201,lgd_funding_joint,mean,0.5,0.3,0.03,4950
E102,***大药房有限责任公司,D,elastic_net_logistic,0.4733747116,selected_model_risk_score,17,0.1382113821,不放贷,D级企业原则上不予放贷,0,0,,,,,0,0.3,0.03,0,0,0,0,,lgd_0.30_funding_cost_0.03_joint,nominal_equality,False,0.6183651775,lgd_funding_joint,mean,0.5,0.3,0.03,4950
E103,***科技有限公司,D,elastic_net_logistic,0.4055458126,selected_model_risk_score,22,0.1788617886,不放贷,D级企业原则上不予放贷,0,0,,,,,0,0.3,0.03,0,0,0,0,,lgd_0.30_funding_cost_0.03_joint,nominal_equality,False,0.4768661053,lgd_funding_joint,mean,0.5,0.3,0.03,4950
E104,***管理咨询有限责任公司,C,elastic_net_logistic,0.5371556855,selected_model_risk_score,14,0.1138211382,不放贷,优化模型未选择,0,0,,,,,0,0.3,0.03,0,0,0,0,,lgd_0.30_funding_cost_0.03_joint,nominal_equality,False,0.6048969633,lgd_funding_joint,mean,0.5,0.3,0.03,4950
E105,***建材经营部,C,elastic_net_logistic,0.2296735143,selected_model_risk_score,41,0.3333333333,不放贷,优化模型未选择,0,0,,,,,0,0.3,0.03,0,0,0,0,,lgd_0.30_funding_cost_0.03_joint,nominal_equality,False,0.3150886304,lgd_funding_joint,mean,0.5,0.3,0.03,4950
E106,***财务管理有限公司,B,elastic_net_logistic,0.25387818,selected_model_risk_score,37,0.3008130081,不放贷,优化模型未选择,0,0,,,,,0,0.3,0.03,0,0,0,0,,lgd_0.30_funding_cost_0.03_joint,nominal_equality,False,0.2861266308,lgd_funding_joint,mean,0.5,0.3,0.03,4950
E107,***科技有限公司,D,elastic_net_logistic,0.6278756036,selected_model_risk_score,8,0.06504065041,不放贷,D级企业原则上不予放贷,0,0,,,,,0,0.3,0.03,0,0,0,0,,lgd_0.30_funding_cost_0.03_joint,nominal_equality,False,0.6820972821,lgd_funding_joint,mean,0.5,0.3,0.03,4950
E108,***商贸有限公司,D,elastic_net_logistic,0.5221807895,selected_model_risk_score,15,0.1219512195,不放贷,D级企业原则上不予放贷,0,0,,,,,0,0.3,0.03,0,0,0,0,,lgd_0.30_funding_cost_0.03_joint,nominal_equality,False,0.6296705299,lgd_funding_joint,mean,0.5,0.3,0.03,4950
E109,***服饰有限公司,D,elastic_net_logistic,0.5493640614,selected_model_risk_score,12,0.09756097561,不放贷,D级企业原则上不予放贷,0,0,,,,,0,0.3,0.03,0,0,0,0,,lgd_0.30_funding_cost_0.03_joint,nominal_equality,False,0.6102205923,lgd_funding_joint,mean,0.5,0.3,0.03,4950
E11,***建设工程有限公司,C,elastic_net_logistic,0.07723891572,selected_model_risk_score,93,0.756097561,放贷,优化模型选择,100,1000000,0.1105,11.05,0.7151023945,0.2848976055,28.48976055,0.3,0.03,2.904961278,0.6601554642,0.8546928165,1.390112997,0.01390112997,lgd_0.30_funding_cost_0.03_joint,nominal_equality,False,0.1001763276,lgd_funding_joint,mean,0.5,0.3,0.03,4950
E110,***通讯器材经营部,C,elastic_net_logistic,0.5711527053,selected_model_risk_score,11,0.08943089431,不放贷,优化模型未选择,0,0,,,,,0,0.3,0.03,0,0,0,0,,lgd_0.30_funding_cost_0.03_joint,nominal_equality,False,0.6124762668,lgd_funding_joint,mean,0.5,0.3,0.03,4950
E111,***科技有限公司,D,elastic_net_logistic,0.1919246162,selected_model_risk_score,49,0.3983739837,不放贷,D级企业原则上不予放贷,0,0,,,,,0,0.3,0.03,0,0,0,0,,lgd_0.30_funding_cost_0.03_joint,nominal_equality,False,0.3189536769,lgd_funding_joint,mean,0.5,0.3,0.03,4950
E112,***机械设备有限公司,D,elastic_net_logistic,0.4170540731,selected_model_risk_score,20,0.162601626,不放贷,D级企业原则上不予放贷,0,0,,,,,0,0.3,0.03,0,0,0,0,,lgd_0.30_funding_cost_0.03_joint,nominal_equality,False,0.5129040595,lgd_funding_joint,mean,0.5,0.3,0.03,4950
E113,***美居科技有限公司,D,elastic_net_logistic,0.7592451553,selected_model_risk_score,4,0.0325203252,不放贷,D级企业原则上不予放贷,0,0,,,,,0,0.3,0.03,0,0,0,0,,lgd_0.30_funding_cost_0.03_joint,nominal_equality,False,0.8315439659,lgd_funding_joint,mean,0.5,0.3,0.03,4950
E114,***食品有限责任公司,D,elastic_net_logistic,0.4770804739,selected_model_risk_score,16,0.1300813008,不放贷,D级企业原则上不予放贷,0,0,,,,,0,0.3,0.03,0,0,0,0,,lgd_0.30_funding_cost_0.03_joint,nominal_equality,False,0.5421990478,lgd_funding_joint,mean,0.5,0.3,0.03,4950
E115,***装饰工程有限公司,D,elastic_net_logistic,0.7835354924,selected_model_risk_score,2,0.0162601626,不放贷,D级企业原则上不予放贷,0,0,,,,,0,0.3,0.03,0,0,0,0,,lgd_0.30_funding_cost_0.03_joint,nominal_equality,False,0.8331104651,lgd_funding_joint,mean,0.5,0.3,0.03,4950
E116,***门窗有限公司,D,elastic_net_logistic,0.4160885126,selected_model_risk_score,21,0.1707317073,不放贷,D级企业原则上不予放贷,0,0,,,,,0,0.3,0.03,0,0,0,0,,lgd_0.30_funding_cost_0.03_joint,nominal_equality,False,0.532859258,lgd_funding_joint,mean,0.5,0.3,0.03,4950
E117,***人力资源管理咨询有限公司,D,elastic_net_logistic,0.6343060557,selected_model_risk_score,7,0.05691056911,不放贷,D级企业原则上不予放贷,0,0,,,,,0,0.3,0.03,0,0,0,0,,lgd_0.30_funding_cost_0.03_joint,nominal_equality,False,0.7561127553,lgd_funding_joint,mean,0.5,0.3,0.03,4950
E118,***体育用品有限公司,D,elastic_net_logistic,0.3859533716,selected_model_risk_score,23,0.1869918699,不放贷,D级企业原则上不予放贷,0,0,,,,,0,0.3,0.03,0,0,0,0,,lgd_0.30_funding_cost_0.03_joint,nominal_equality,False,0.4429217794,lgd_funding_joint,mean,0.5,0.3,0.03,4950
E119,***药房,D,elastic_net_logistic,0.6253065711,selected_model_risk_score,9,0.07317073171,不放贷,D级企业原则上不予放贷,0,0,,,,,0,0.3,0.03,0,0,0,0,,lgd_0.30_funding_cost_0.03_joint,nominal_equality,False,0.6891769584,lgd_funding_joint,mean,0.5,0.3,0.03,4950
E12,***建筑劳务有限公司,B,elastic_net_logistic,0.08202986653,selected_model_risk_score,88,0.7154471545,放贷,优化模型选择,100,1000000,0.1065,10.65,0.7053159925,0.2946840075,29.46840075,0.3,0.03,2.880943403,0.7251866941,0.8840520225,1.271704687,0.01271704687,lgd_0.30_funding_cost_0.03_joint,nominal_equality,False,0.1054632903,lgd_funding_joint,mean,0.5,0.3,0.03,4950
E120,***陈列广告有限公司,D,elastic_net_logistic,0.721226934,selected_model_risk_score,5,0.0406504065,不放贷,D级企业原则上不予放贷,0,0,,,,,0,0.3,0.03,0,0,0,0,,lgd_0.30_funding_cost_0.03_joint,nominal_equality,False,0.7608714869,lgd_funding_joint,mean,0.5,0.3,0.03,4950
E121,***药业连锁有限公司***药店,D,elastic_net_logistic,0.4662178212,selected_model_risk_score,18,0.1463414634,不放贷,D级企业原则上不予放贷,0,0,,,,,0,0.3,0.03,0,0,0,0,,lgd_0.30_funding_cost_0.03_joint,nominal_equality,False,0.5621951951,lgd_funding_joint,mean,0.5,0.3,0.03,4950
E122,***商贸有限责任公司,D,elastic_net_logistic,0.4500783219,selected_model_risk_score,19,0.1544715447,不放贷,D级企业原则上不予放贷,0,0,,,,,0,0.3,0.03,0,0,0,0,,lgd_0.30_funding_cost_0.03_joint,nominal_equality,False,0.6021516604,lgd_funding_joint,mean,0.5,0.3,0.03,4950
E123,***创科技有限责任公司,D,elastic_net_logistic,0.7819761114,selected_model_risk_score,3,0.0243902439,不放贷,D级企业原则上不予放贷,0,0,,,,,0,0.3,0.03,0,0,0,0,,lgd_0.30_funding_cost_0.03_joint,nominal_equality,False,0.8270597923,lgd_funding_joint,mean,0.5,0.3,0.03,4950
E13,***汽车贸易有限公司,A,elastic_net_logistic,0.04053604698,selected_model_risk_score,113,0.918699187,放贷,优化模型选择,100,1000000,0.0985,9.85,0.7083020233,0.2916979767,29.16979767,0.3,0.03,2.756755884,0.3547284866,0.8750939301,1.526933467,0.01526933467,lgd_0.30_funding_cost_0.03_joint,nominal_equality,False,0.05373417783,lgd_funding_joint,mean,0.5,0.3,0.03,4950
E14,个体经营E14,C,elastic_net_logistic,0.03261041867,selected_model_risk_score,117,0.9512195122,放贷,优化模型选择,100,1000000,0.0905,9.05,0.5900970447,0.4099029553,40.99029553,0.3,0.03,3.588649427,0.4010132096,1.229708866,1.957927352,0.01957927352,lgd_0.30_funding_cost_0.03_joint,nominal_equality,False,0.04024201468,lgd_funding_joint,mean,0.5,0.3,0.03,4950
E15,***劳务有限公司,A,elastic_net_logistic,0.07381492047,selected_model_risk_score,95,0.7723577236,放贷,优化模型选择,100,1000000,0.1025,10.25,0.7312754013,0.2687245987,26.87245987,0.3,0.03,2.551109317,0.5950765464,0.8061737961,1.149858974,0.01149858974,lgd_0.30_funding_cost_0.03_joint,nominal_equality,False,0.1036254123,lgd_funding_joint,mean,0.5,0.3,0.03,4950
E16,***建筑劳务有限公司,A,elastic_net_logistic,0.04998777847,selected_model_risk_score,108,0.8780487805,放贷,优化模型选择,100,1000000,0.0985,9.85,0.7083020233,0.2916979767,29.16979767,0.3,0.03,2.729598932,0.4374400152,0.8750939301,1.417064987,0.01417064987,lgd_0.30_funding_cost_0.03_joint,nominal_equality,False,0.0624669862,lgd_funding_joint,mean,0.5,0.3,0.03,4950
E17,***消防工程有限公司,A,elastic_net_logistic,0.04649981408,selected_model_risk_score,111,0.9024390244,放贷,优化模型选择,100,1000000,0.0985,9.85,0.7083020233,0.2916979767,29.16979767,0.3,0.03,2.739620639,0.4069170505,0.8750939301,1.457609658,0.01457609658,lgd_0.30_funding_cost_0.03_joint,nominal_equality,False,0.05349825243,lgd_funding_joint,mean,0.5,0.3,0.03,4950
E18,***消防工程有限责任公司,A,elastic_net_logistic,0.04857513816,selected_model_risk_score,109,0.8861788618,放贷,优化模型选择,100,1000000,0.0985,9.85,0.7083020233,0.2916979767,29.16979767,0.3,0.03,2.733657766,0.4250780856,0.8750939301,1.43348575,0.0143348575,lgd_0.30_funding_cost_0.03_joint,nominal_equality,False,0.06117933194,lgd_funding_joint,mean,0.5,0.3,0.03,4950
E19,***科技有限公司,A,elastic_net_logistic,0.06543754966,selected_model_risk_score,100,0.8130081301,放贷,优化模型选择,100,1000000,0.1025,10.25,0.7312754013,0.2687245987,26.87245987,0.3,0.03,2.574184174,0.5275403782,0.8061737961,1.24047,0.0124047,lgd_0.30_funding_cost_0.03_joint,nominal_equality,False,0.09093656268,lgd_funding_joint,mean,0.5,0.3,0.03,4950
E2,***技术有限责任公司,A,elastic_net_logistic,0.02833749753,selected_model_risk_score,119,0.9674796748,放贷,优化模型选择,100,1000000,0.0985,9.85,0.7083020233,0.2916979767,29.16979767,0.3,0.03,2.791805062,0.2479797208,0.8750939301,1.668731411,0.01668731411,lgd_0.30_funding_cost_0.03_joint,nominal_equality,False,0.03642833627,lgd_funding_joint,mean,0.5,0.3,0.03,4950
E20,***贸易有限公司,B,elastic_net_logistic,0.04546270238,selected_model_risk_score,112,0.9105691057,放贷,优化模型选择,100,1000000,0.1065,10.65,0.7053159925,0.2946840075,29.46840075,0.3,0.03,2.995705231,0.4019139399,0.8840520225,1.709739269,0.01709739269,lgd_0.30_funding_cost_0.03_joint,nominal_equality,False,0.06402096704,lgd_funding_joint,mean,0.5,0.3,0.03,4950
E21,***建设工程有限公司,B,elastic_net_logistic,0.08415779812,selected_model_risk_score,85,0.6910569106,放贷,优化模型选择,100,1000000,0.1065,10.65,0.7053159925,0.2946840075,29.46840075,0.3,0.03,2.874265136,0.7439987164,0.8840520225,1.246214397,0.01246214397,lgd_0.30_funding_cost_0.03_joint,nominal_equality,False,0.09612822768,lgd_funding_joint,mean,0.5,0.3,0.03,4950
E22,***物流有限公司,A,elastic_net_logistic,0.08272431763,selected_model_risk_score,87,0.7073170732,放贷,优化模型选择,100,1000000,0.1225,12.25,0.8148090077,0.1851909923,18.51909923,0.3,0.03,2.080922124,0.4595939541,0.5555729769,1.065755193,0.01065755193,lgd_0.30_funding_cost_0.03_joint,nominal_equality,False,0.09349623574,lgd_funding_joint,mean,0.5,0.3,0.03,4950
E23,***贸易有限公司,B,elastic_net_logistic,0.03337482103,selected_model_risk_score,116,0.9430894309,放贷,优化模型选择,100,1000000,0.0945,9.45,0.6356051463,0.3643948537,36.43948537,0.3,0.03,3.328604124,0.3648483908,1.093184561,1.870571172,0.01870571172,lgd_0.30_funding_cost_0.03_joint,nominal_equality,False,0.04082479351,lgd_funding_joint,mean,0.5,0.3,0.03,4950
E24,***建筑工程有限公司,A,elastic_net_logistic,0.04702949043,selected_model_risk_score,110,0.8943089431,放贷,优化模型选择,100,1000000,0.0985,9.85,0.7083020233,0.2916979767,29.16979767,0.3,0.03,2.73809876,0.4115522161,0.8750939301,1.451452613,0.01451452613,lgd_0.30_funding_cost_0.03_joint,nominal_equality,False,0.06125175229,lgd_funding_joint,mean,0.5,0.3,0.03,4950
E25,***通讯设备有限公司,C,elastic_net_logistic,0.08202047653,selected_model_risk_score,89,0.7235772358,放贷,优化模型选择,100,1000000,0.1105,11.05,0.7151023945,0.2848976055,28.48976055,0.3,0.03,2.889908358,0.701023121,0.8546928165,1.33419242,0.0133419242,lgd_0.30_funding_cost_0.03_joint,nominal_equality,False,0.09686547054,lgd_funding_joint,mean,0.5,0.3,0.03,4950
E26,***金属材料有限公司,A,elastic_net_logistic,0.1342940789,selected_model_risk_score,61,0.4959349593,不放贷,优化模型未选择,0,0,,,,,0,0.3,0.03,0,0,0,0,,lgd_0.30_funding_cost_0.03_joint,nominal_equality,False,0.1782110185,lgd_funding_joint,mean,0.5,0.3,0.03,4950
E27,***农业开发有限公司,A,elastic_net_logistic,0.1103832985,selected_model_risk_score,70,0.5691056911,不放贷,优化模型未选择,0,0,,,,,0,0.3,0.03,0,0,0,0,,lgd_0.30_funding_cost_0.03_joint,nominal_equality,False,0.1369068444,lgd_funding_joint,mean,0.5,0.3,0.03,4950
E28,***景观工程有限公司,B,elastic_net_logistic,0.09966092865,selected_model_risk_score,76,0.6178861789,放贷,优化模型选择,100,1000000,0.1185,11.85,0.7692116619,0.2307883381,23.07883381,0.3,0.03,2.462284932,0.6900174029,0.6923650143,1.079902515,0.01079902515,lgd_0.30_funding_cost_0.03_joint,nominal_equality,False,0.1193350508,lgd_funding_joint,mean,0.5,0.3,0.03,4950
E29,***建筑劳务有限公司,C,elastic_net_logistic,0.07253671793,selected_model_risk_score,96,0.7804878049,放贷,优化模型选择,100,1000000,0.1105,11.05,0.7151023945,0.2848976055,28.48976055,0.3,0.03,2.919764354,0.6199661175,0.8546928165,1.44510542,0.0144510542,lgd_0.30_funding_cost_0.03_joint,nominal_equality,False,0.08548890218,lgd_funding_joint,mean,0.5,0.3,0.03,4950
E3,***电子(中国)有限公司***分公司,C,elastic_net_logistic,0.02153611417,selected_model_risk_score,123,1,放贷,优化模型选择,100,1000000,0.0905,9.05,0.5900970447,0.4099029553,40.99029553,0.3,0.03,3.629730908,0.2648315053,1.229708866,2.135190537,0.02135190537,lgd_0.30_funding_cost_0.03_joint,nominal_equality,False,0.025281018,lgd_funding_joint,mean,0.5,0.3,0.03,4950
E30,***建筑工程有限公司,B,elastic_net_logistic,0.07713913412,selected_model_risk_score,94,0.7642276423,放贷,优化模型选择,100,1000000,0.1065,10.65,0.7053159925,0.2946840075,29.46840075,0.3,0.03,2.896292403,0.6819500753,0.8840520225,1.330290305,0.01330290305,lgd_0.30_funding_cost_0.03_joint,nominal_equality,False,0.1024182862,lgd_funding_joint,mean,0.5,0.3,0.03,4950
E31,***食品有限公司,A,elastic_net_logistic,0.0367643069,selected_model_risk_score,115,0.9349593496,放贷,优化模型选择,100,1000000,0.0985,9.85,0.7083020233,0.2916979767,29.16979767,0.3,0.03,2.767592942,0.3217222181,0.8750939301,1.570776794,0.01570776794,lgd_0.30_funding_cost_0.03_joint,nominal_equality,False,0.04188668071,lgd_funding_joint,mean,0.5,0.3,0.03,4950
E32,***建筑劳务有限公司,B,elastic_net_logistic,0.09279588464,selected_model_risk_score,79,0.6422764228,放贷,优化模型选择,100,1000000,0.1185,11.85,0.7692116619,0.2307883381,23.07883381,0.3,0.03,2.481059742,0.64248624,0.6923650143,1.146208487,0.01146208487,lgd_0.30_funding_cost_0.03_joint,nominal_equality,False,0.104597557,lgd_funding_joint,mean,0.5,0.3,0.03,4950
E33,***园林有限责任公司,B,elastic_net_logistic,0.09823760896,selected_model_risk_score,77,0.6260162602,放贷,优化模型选择,100,1000000,0.1185,11.85,0.7692116619,0.2307883381,23.07883381,0.3,0.03,2.466177487,0.6801628353,0.6923650143,1.093649637,0.01093649637,lgd_0.30_funding_cost_0.03_joint,nominal_equality,False,0.1158892222,lgd_funding_joint,mean,0.5,0.3,0.03,4950
E34,***建设工程有限公司,B,elastic_net_logistic,0.1015652078,selected_model_risk_score,75,0.6097560976,放贷,优化模型选择,100,1000000,0.1185,11.85,0.7692116619,0.2307883381,23.07883381,0.3,0.03,2.45707703,0.7032019655,0.6923650143,1.06151005,0.0106151005,lgd_0.30_funding_cost_0.03_joint,nominal_equality,False,0.1393444528,lgd_funding_joint,mean,0.5,0.3,0.03,4950
E35,***商贸有限公司,B,elastic_net_logistic,0.08567951436,selected_model_risk_score,83,0.674796748,放贷,优化模型选择,100,1000000,0.1065,10.65,0.7053159925,0.2946840075,29.46840075,0.3,0.03,2.869489405,0.7574514796,0.8840520225,1.227985903,0.01227985903,lgd_0.30_funding_cost_0.03_joint,nominal_equality,False,0.1006056864,lgd_funding_joint,mean,0.5,0.3,0.03,4950
E36,***超硬材料有限公司,D,elastic_net_logistic,0.05081789908,selected_model_risk_score,107,0.8699186992,不放贷,D级企业原则上不予放贷,0,0,,,,,0,0.3,0.03,0,0,0,0,,lgd_0.30_funding_cost_0.03_joint,nominal_equality,False,0.06163613971,lgd_funding_joint,mean,0.5,0.3,0.03,4950
E37,***木业有限公司,B,elastic_net_logistic,0.084549486,selected_model_risk_score,84,0.6829268293,放贷,优化模型选择,100,1000000,0.1065,10.65,0.7053159925,0.2946840075,29.46840075,0.3,0.03,2.873035868,0.747461441,0.8840520225,1.241522405,0.01241522405,lgd_0.30_funding_cost_0.03_joint,nominal_equality,False,0.1088428529,lgd_funding_joint,mean,0.5,0.3,0.03,4950
E38,***建设工程有限公司,B,elastic_net_logistic,0.1218095512,selected_model_risk_score,63,0.512195122,不放贷,优化模型未选择,0,0,,,,,0,0.3,0.03,0,0,0,0,,lgd_0.30_funding_cost_0.03_joint,nominal_equality,False,0.1460270212,lgd_funding_joint,mean,0.5,0.3,0.03,4950
E39,***建筑劳务有限公司,C,elastic_net_logistic,0.1815109557,selected_model_risk_score,52,0.4227642276,不放贷,优化模型未选择,0,0,,,,,0,0.3,0.03,0,0,0,0,,lgd_0.30_funding_cost_0.03_joint,nominal_equality,False,0.2307578892,lgd_funding_joint,mean,0.5,0.3,0.03,4950
E4,***发展有限责任公司,C,elastic_net_logistic,0.03106769432,selected_model_risk_score,118,0.9593495935,放贷,优化模型选择,100,1000000,0.0905,9.05,0.5900970447,0.4099029553,40.99029553,0.3,0.03,3.594372351,0.3820421915,1.229708866,1.982621294,0.01982621294,lgd_0.30_funding_cost_0.03_joint,nominal_equality,False,0.04400979025,lgd_funding_joint,mean,0.5,0.3,0.03,4950
E40,***财税咨询服务有限公司,C,elastic_net_logistic,0.08113873174,selected_model_risk_score,90,0.7317073171,放贷,优化模型选择,100,1000000,0.1105,11.05,0.7151023945,0.2848976055,28.48976055,0.3,0.03,2.892684195,0.6934869116,0.8546928165,1.344504467,0.01344504467,lgd_0.30_funding_cost_0.03_joint,nominal_equality,False,0.09293248415,lgd_funding_joint,mean,0.5,0.3,0.03,4950
E41,***物业发展有限公司,C,elastic_net_logistic,0.07916167381,selected_model_risk_score,91,0.7398373984,放贷,优化模型选择,100,1000000,0.1105,11.05,0.7151023945,0.2848976055,28.48976055,0.3,0.03,2.898908208,0.6765891395,0.8546928165,1.367626252,0.01367626252,lgd_0.30_funding_cost_0.03_joint,nominal_equality,False,0.09683047914,lgd_funding_joint,mean,0.5,0.3,0.03,4950
E42,***园艺场,A,elastic_net_logistic,0.1200846128,selected_model_risk_score,66,0.5365853659,不放贷,优化模型未选择,0,0,,,,,0,0.3,0.03,0,0,0,0,,lgd_0.30_funding_cost_0.03_joint,nominal_equality,False,0.1475914741,lgd_funding_joint,mean,0.5,0.3,0.03,4950
E43,***建设工程有限公司,B,elastic_net_logistic,0.1927952664,selected_model_risk_score,48,0.3902439024,不放贷,优化模型未选择,0,0,,,,,0,0.3,0.03,0,0,0,0,,lgd_0.30_funding_cost_0.03_joint,nominal_equality,False,0.2145282193,lgd_funding_joint,mean,0.5,0.3,0.03,4950
E44,***商贸有限公司,C,elastic_net_logistic,0.08616234673,selected_model_risk_score,82,0.6666666667,放贷,优化模型选择,100,1000000,0.1105,11.05,0.7151023945,0.2848976055,28.48976055,0.3,0.03,2.87686926,0.736423388,0.8546928165,1.285753055,0.01285753055,lgd_0.30_funding_cost_0.03_joint,nominal_equality,False,0.1035354806,lgd_funding_joint,mean,0.5,0.3,0.03,4950
E45,个体经营E45,B,elastic_net_logistic,0.1068056002,selected_model_risk_score,73,0.593495935,不放贷,优化模型未选择,0,0,,,,,0,0.3,0.03,0,0,0,0,,lgd_0.30_funding_cost_0.03_joint,nominal_equality,False,0.1219197504,lgd_funding_joint,mean,0.5,0.3,0.03,4950
E46,***广告传媒有限公司,C,elastic_net_logistic,0.05276002815,selected_model_risk_score,105,0.8536585366,放贷,优化模型选择,100,1000000,0.1105,11.05,0.7151023945,0.2848976055,28.48976055,0.3,0.03,2.982023718,0.4509361706,0.8546928165,1.676394731,0.01676394731,lgd_0.30_funding_cost_0.03_joint,nominal_equality,False,0.06245378683,lgd_funding_joint,mean,0.5,0.3,0.03,4950
E47,***控制设备有限责任公司,C,elastic_net_logistic,0.05124807767,selected_model_risk_score,106,0.8617886179,放贷,优化模型选择,100,1000000,0.1105,11.05,0.7151023945,0.2848976055,28.48976055,0.3,0.03,2.986783517,0.4380136384,0.8546928165,1.694077062,0.01694077062,lgd_0.30_funding_cost_0.03_joint,nominal_equality,False,0.05822355401,lgd_funding_joint,mean,0.5,0.3,0.03,4950
E48,***化工有限公司,A,elastic_net_logistic,0.07070577235,selected_model_risk_score,97,0.7886178862,放贷,优化模型选择,100,1000000,0.1025,10.25,0.7312754013,0.2687245987,26.87245987,0.3,0.03,2.559673239,0.570011409,0.8061737961,1.183488033,0.01183488033,lgd_0.30_funding_cost_0.03_joint,nominal_equality,False,0.08921054517,lgd_funding_joint,mean,0.5,0.3,0.03,4950
E49,***地球环保科技有限公司,C,elastic_net_logistic,0.09803729486,selected_model_risk_score,78,0.6341463415,放贷,优化模型选择,100,1000000,0.1105,11.05,0.7151023945,0.2848976055,28.48976055,0.3,0.03,2.839485515,0.8379177167,0.8546928165,1.146874982,0.01146874982,lgd_0.30_funding_cost_0.03_joint,nominal_equality,False,0.1105965348,lgd_funding_joint,mean,0.5,0.3,0.03,4950
E5,***供应链管理有限公司,B,elastic_net_logistic,0.05668387407,selected_model_risk_score,103,0.837398374,放贷,优化模型选择,100,1000000,0.1065,10.65,0.7053159925,0.2946840075,29.46840075,0.3,0.03,2.960488878,0.5011149351,0.8840520225,1.57532192,0.0157532192,lgd_0.30_funding_cost_0.03_joint,nominal_equality,False,0.07330978844,lgd_funding_joint,mean,0.5,0.3,0.03,4950
E50,***建筑劳务有限公司,C,elastic_net_logistic,0.1692453772,selected_model_risk_score,54,0.4390243902,不放贷,优化模型未选择,0,0,,,,,0,0.3,0.03,0,0,0,0,,lgd_0.30_funding_cost_0.03_joint,nominal_equality,False,0.2040258114,lgd_funding_joint,mean,0.5,0.3,0.03,4950
E51,***物流有限公司,B,elastic_net_logistic,0.0697365828,selected_model_risk_score,98,0.7967479675,放贷,优化模型选择,100,1000000,0.1065,10.65,0.7053159925,0.2946840075,29.46840075,0.3,0.03,2.919524457,0.6165076707,0.8840520225,1.418964764,0.01418964764,lgd_0.30_funding_cost_0.03_joint,nominal_equality,False,0.07874952738,lgd_funding_joint,mean,0.5,0.3,0.03,4950
E52,***商贸有限公司,D,elastic_net_logistic,0.2136303318,selected_model_risk_score,44,0.3577235772,不放贷,D级企业原则上不予放贷,0,0,,,,,0,0.3,0.03,0,0,0,0,,lgd_0.30_funding_cost_0.03_joint,nominal_equality,False,0.2416471762,lgd_funding_joint,mean,0.5,0.3,0.03,4950
E53,***文化传媒有限公司,C,elastic_net_logistic,0.107156181,selected_model_risk_score,71,0.5772357724,不放贷,优化模型未选择,0,0,,,,,0,0.3,0.03,0,0,0,0,,lgd_0.30_funding_cost_0.03_joint,nominal_equality,False,0.1294528809,lgd_funding_joint,mean,0.5,0.3,0.03,4950
E54,***新技术开发有限公司,A,elastic_net_logistic,0.06439978133,selected_model_risk_score,101,0.8211382114,放贷,优化模型选择,100,1000000,0.1025,10.25,0.7312754013,0.2687245987,26.87245987,0.3,0.03,2.577042631,0.5191741618,0.8061737961,1.251694673,0.01251694673,lgd_0.30_funding_cost_0.03_joint,nominal_equality,False,0.08481402429,lgd_funding_joint,mean,0.5,0.3,0.03,4950
E55,***集团有限公司***电力设备分公司,C,elastic_net_logistic,0.1835760094,selected_model_risk_score,51,0.4146341463,不放贷,优化模型未选择,0,0,,,,,0,0.3,0.03,0,0,0,0,,lgd_0.30_funding_cost_0.03_joint,nominal_equality,False,0.2408611135,lgd_funding_joint,mean,0.5,0.3,0.03,4950
E56,***家居材料***有限公司,C,elastic_net_logistic,0.08755638262,selected_model_risk_score,81,0.6585365854,放贷,优化模型选择,100,1000000,0.1105,11.05,0.7151023945,0.2848976055,28.48976055,0.3,0.03,2.872480669,0.7483381126,0.8546928165,1.26944974,0.0126944974,lgd_0.30_funding_cost_0.03_joint,nominal_equality,False,0.1073776577,lgd_funding_joint,mean,0.5,0.3,0.03,4950
E57,***机械设备有限公司,B,elastic_net_logistic,0.1025680758,selected_model_risk_score,74,0.6016260163,放贷,优化模型选择,100,1000000,0.1185,11.85,0.7692116619,0.2307883381,23.07883381,0.3,0.03,2.454334345,0.7101454727,0.6923650143,1.051823858,0.01051823858,lgd_0.30_funding_cost_0.03_joint,nominal_equality,False,0.1291130293,lgd_funding_joint,mean,0.5,0.3,0.03,4950
E58,***油气工程建设有限责任公司,B,elastic_net_logistic,0.1498825704,selected_model_risk_score,58,0.4715447154,不放贷,优化模型未选择,0,0,,,,,0,0.3,0.03,0,0,0,0,,lgd_0.30_funding_cost_0.03_joint,nominal_equality,False,0.166452668,lgd_funding_joint,mean,0.5,0.3,0.03,4950
E59,***商贸有限公司,A,elastic_net_logistic,0.06896464342,selected_model_risk_score,99,0.8048780488,放贷,优化模型选择,100,1000000,0.1025,10.25,0.7312754013,0.2687245987,26.87245987,0.3,0.03,2.564469051,0.5559748838,0.8061737961,1.202320371,0.01202320371,lgd_0.30_funding_cost_0.03_joint,nominal_equality,False,0.07641618763,lgd_funding_joint,mean,0.5,0.3,0.03,4950
E6,***装饰设计工程有限公司,A,elastic_net_logistic,0.03828902106,selected_model_risk_score,114,0.9268292683,放贷,优化模型选择,100,1000000,0.0985,9.85,0.7083020233,0.2916979767,29.16979767,0.3,0.03,2.763212095,0.3350648992,0.8750939301,1.553053266,0.01553053266,lgd_0.30_funding_cost_0.03_joint,nominal_equality,False,0.04389193776,lgd_funding_joint,mean,0.5,0.3,0.03,4950
E60,***机械租赁有限公司,B,elastic_net_logistic,0.2143912442,selected_model_risk_score,43,0.3495934959,不放贷,优化模型未选择,0,0,,,,,0,0.3,0.03,0,0,0,0,,lgd_0.30_funding_cost_0.03_joint,nominal_equality,False,0.2335825691,lgd_funding_joint,mean,0.5,0.3,0.03,4950
E61,***调味品有限公司,B,elastic_net_logistic,0.07788330382,selected_model_risk_score,92,0.7479674797,放贷,优化模型选择,100,1000000,0.1065,10.65,0.7053159925,0.2946840075,29.46840075,0.3,0.03,2.893956912,0.6885289226,0.8840520225,1.321375967,0.01321375967,lgd_0.30_funding_cost_0.03_joint,nominal_equality,False,0.09484916536,lgd_funding_joint,mean,0.5,0.3,0.03,4950
E62,***工程造价咨询有限公司***分公司,B,elastic_net_logistic,0.1214523958,selected_model_risk_score,64,0.5203252033,不放贷,优化模型未选择,0,0,,,,,0,0.3,0.03,0,0,0,0,,lgd_0.30_funding_cost_0.03_joint,nominal_equality,False,0.1450170246,lgd_funding_joint,mean,0.5,0.3,0.03,4950
E63,***科技有限公司,B,elastic_net_logistic,0.08368298573,selected_model_risk_score,86,0.6991869919,放贷,优化模型选择,100,1000000,0.1065,10.65,0.7053159925,0.2946840075,29.46840075,0.3,0.03,2.875755279,0.7398011278,0.8840520225,1.251902129,0.01251902129,lgd_0.30_funding_cost_0.03_joint,nominal_equality,False,0.1084106096,lgd_funding_joint,mean,0.5,0.3,0.03,4950
E64,***图书有限责任公司,A,elastic_net_logistic,0.1124750355,selected_model_risk_score,69,0.5609756098,不放贷,优化模型未选择,0,0,,,,,0,0.3,0.03,0,0,0,0,,lgd_0.30_funding_cost_0.03_joint,nominal_equality,False,0.1209520698,lgd_funding_joint,mean,0.5,0.3,0.03,4950
E65,***商贸有限公司,B,elastic_net_logistic,0.0894097801,selected_model_risk_score,80,0.6504065041,放贷,优化模型选择,100,1000000,0.1065,10.65,0.7053159925,0.2946840075,29.46840075,0.3,0.03,2.857782396,0.7904289693,0.8840520225,1.183301404,0.01183301404,lgd_0.30_funding_cost_0.03_joint,nominal_equality,False,0.1016662421,lgd_funding_joint,mean,0.5,0.3,0.03,4950
E66,***快递有限公司,B,elastic_net_logistic,0.2947622952,selected_model_risk_score,30,0.243902439,不放贷,优化模型未选择,0,0,,,,,0,0.3,0.03,0,0,0,0,,lgd_0.30_funding_cost_0.03_joint,nominal_equality,False,0.3741353375,lgd_funding_joint,mean,0.5,0.3,0.03,4950
E67,***信息技术有限公司,B,elastic_net_logistic,0.1845447393,selected_model_risk_score,50,0.406504065,不放贷,优化模型未选择,0,0,,,,,0,0.3,0.03,0,0,0,0,,lgd_0.30_funding_cost_0.03_joint,nominal_equality,False,0.2088292217,lgd_funding_joint,mean,0.5,0.3,0.03,4950
E68,***花木总公司,C,elastic_net_logistic,0.3380718151,selected_model_risk_score,28,0.2276422764,不放贷,优化模型未选择,0,0,,,,,0,0.3,0.03,0,0,0,0,,lgd_0.30_funding_cost_0.03_joint,nominal_equality,False,0.3824767947,lgd_funding_joint,mean,0.5,0.3,0.03,4950
E69,***电子器材经营部,C,elastic_net_logistic,0.2503652668,selected_model_risk_score,38,0.3089430894,不放贷,优化模型未选择,0,0,,,,,0,0.3,0.03,0,0,0,0,,lgd_0.30_funding_cost_0.03_joint,nominal_equality,False,0.3207126735,lgd_funding_joint,mean,0.5,0.3,0.03,4950
E7,***家电有限公司***分公司,A,elastic_net_logistic,0.02580342326,selected_model_risk_score,121,0.9837398374,放贷,优化模型选择,100,1000000,0.0745,7.45,0.511096612,0.488903388,48.8903388,0.3,0.03,3.548345652,0.3784614316,1.466710164,1.703174056,0.01703174056,lgd_0.30_funding_cost_0.03_joint,nominal_equality,False,0.03436137967,lgd_funding_joint,mean,0.5,0.3,0.03,4950
E70,***科技有限公司,B,elastic_net_logistic,0.1379471805,selected_model_risk_score,60,0.487804878,不放贷,优化模型未选择,0,0,,,,,0,0.3,0.03,0,0,0,0,,lgd_0.30_funding_cost_0.03_joint,nominal_equality,False,0.1557212843,lgd_funding_joint,mean,0.5,0.3,0.03,4950
E71,***农业科技有限公司,B,elastic_net_logistic,0.2041897012,selected_model_risk_score,45,0.3658536585,不放贷,优化模型未选择,0,0,,,,,0,0.3,0.03,0,0,0,0,,lgd_0.30_funding_cost_0.03_joint,nominal_equality,False,0.2461670708,lgd_funding_joint,mean,0.5,0.3,0.03,4950
E72,***图书有限公司,C,elastic_net_logistic,0.2897171126,selected_model_risk_score,32,0.2601626016,不放贷,优化模型未选择,0,0,,,,,0,0.3,0.03,0,0,0,0,,lgd_0.30_funding_cost_0.03_joint,nominal_equality,False,0.3383260035,lgd_funding_joint,mean,0.5,0.3,0.03,4950
E73,***商贸有限责任公司,C,elastic_net_logistic,0.1183311273,selected_model_risk_score,67,0.5447154472,不放贷,优化模型未选择,0,0,,,,,0,0.3,0.03,0,0,0,0,,lgd_0.30_funding_cost_0.03_joint,nominal_equality,False,0.150943928,lgd_funding_joint,mean,0.5,0.3,0.03,4950
E74,***蔬菜专业合作社,B,elastic_net_logistic,0.1539591335,selected_model_risk_score,56,0.4552845528,不放贷,优化模型未选择,0,0,,,,,0,0.3,0.03,0,0,0,0,,lgd_0.30_funding_cost_0.03_joint,nominal_equality,False,0.1754997095,lgd_funding_joint,mean,0.5,0.3,0.03,4950
E75,***酒店管理有限公司,C,elastic_net_logistic,0.1070850165,selected_model_risk_score,72,0.5853658537,放贷,优化模型选择,50,500000,0.1105,11.05,0.7151023945,0.2848976055,14.24488027,0.3,0.03,1.405501107,0.4576239718,0.4273464082,0.5205307274,0.01041061455,lgd_0.30_funding_cost_0.03_joint,nominal_equality,False,0.1282680192,lgd_funding_joint,mean,0.5,0.3,0.03,4950
E76,***信息科技有限公司,B,elastic_net_logistic,0.1706660196,selected_model_risk_score,53,0.4308943089,不放贷,优化模型未选择,0,0,,,,,0,0.3,0.03,0,0,0,0,,lgd_0.30_funding_cost_0.03_joint,nominal_equality,False,0.1979402602,lgd_funding_joint,mean,0.5,0.3,0.03,4950
E77,***机电设备有限公司,C,elastic_net_logistic,0.3665492679,selected_model_risk_score,25,0.2032520325,不放贷,优化模型未选择,0,0,,,,,0,0.3,0.03,0,0,0,0,,lgd_0.30_funding_cost_0.03_joint,nominal_equality,False,0.4663549766,lgd_funding_joint,mean,0.5,0.3,0.03,4950
E78,个体经营E78,C,elastic_net_logistic,0.1211539626,selected_model_risk_score,65,0.5284552846,不放贷,优化模型未选择,0,0,,,,,0,0.3,0.03,0,0,0,0,,lgd_0.30_funding_cost_0.03_joint,nominal_equality,False,0.1481587806,lgd_funding_joint,mean,0.5,0.3,0.03,4950
E79,***鞋业有限公司,B,elastic_net_logistic,0.2025177165,selected_model_risk_score,46,0.3739837398,不放贷,优化模型未选择,0,0,,,,,0,0.3,0.03,0,0,0,0,,lgd_0.30_funding_cost_0.03_joint,nominal_equality,False,0.2207361419,lgd_funding_joint,mean,0.5,0.3,0.03,4950
E8,***科学研究院有限公司,A,elastic_net_logistic,0.02606005345,selected_model_risk_score,120,0.9756097561,放贷,优化模型选择,100,1000000,0.0745,7.45,0.511096612,0.488903388,48.8903388,0.3,0.03,3.54741092,0.3822254527,1.466710164,1.698475303,0.01698475303,lgd_0.30_funding_cost_0.03_joint,nominal_equality,False,0.03439017911,lgd_funding_joint,mean,0.5,0.3,0.03,4950
E80,***实业有限责任公司,C,elastic_net_logistic,0.3432370641,selected_model_risk_score,26,0.2113821138,不放贷,优化模型未选择,0,0,,,,,0,0.3,0.03,0,0,0,0,,lgd_0.30_funding_cost_0.03_joint,nominal_equality,False,0.3865190631,lgd_funding_joint,mean,0.5,0.3,0.03,4950
E81,***机械设备有限公司,A,elastic_net_logistic,0.1154202468,selected_model_risk_score,68,0.5528455285,不放贷,优化模型未选择,0,0,,,,,0,0.3,0.03,0,0,0,0,,lgd_0.30_funding_cost_0.03_joint,nominal_equality,False,0.1339413155,lgd_funding_joint,mean,0.5,0.3,0.03,4950
E82,***商贸有限公司,D,elastic_net_logistic,0.194614899,selected_model_risk_score,47,0.3821138211,不放贷,D级企业原则上不予放贷,0,0,,,,,0,0.3,0.03,0,0,0,0,,lgd_0.30_funding_cost_0.03_joint,nominal_equality,False,0.2318618526,lgd_funding_joint,mean,0.5,0.3,0.03,4950
E83,***社会福利院（***社会福利社会化服务中心）,B,elastic_net_logistic,0.5444532255,selected_model_risk_score,13,0.1056910569,不放贷,优化模型未选择,0,0,,,,,0,0.3,0.03,0,0,0,0,,lgd_0.30_funding_cost_0.03_joint,nominal_equality,False,0.6237840466,lgd_funding_joint,mean,0.5,0.3,0.03,4950
E84,***建材有限公司,A,elastic_net_logistic,0.1532688251,selected_model_risk_score,57,0.4634146341,不放贷,优化模型未选择,0,0,,,,,0,0.3,0.03,0,0,0,0,,lgd_0.30_funding_cost_0.03_joint,nominal_equality,False,0.1694921296,lgd_funding_joint,mean,0.5,0.3,0.03,4950
E85,***安防科技有限公司,B,elastic_net_logistic,0.2264316686,selected_model_risk_score,42,0.3414634146,不放贷,优化模型未选择,0,0,,,,,0,0.3,0.03,0,0,0,0,,lgd_0.30_funding_cost_0.03_joint,nominal_equality,False,0.2483347601,lgd_funding_joint,mean,0.5,0.3,0.03,4950
E86,***地质工程勘察院***分院,C,elastic_net_logistic,0.2808208394,selected_model_risk_score,34,0.2764227642,不放贷,优化模型未选择,0,0,,,,,0,0.3,0.03,0,0,0,0,,lgd_0.30_funding_cost_0.03_joint,nominal_equality,False,0.3548090468,lgd_funding_joint,mean,0.5,0.3,0.03,4950
E87,***实业有限责任公司,C,elastic_net_logistic,0.234076271,selected_model_risk_score,40,0.325203252,不放贷,优化模型未选择,0,0,,,,,0,0.3,0.03,0,0,0,0,,lgd_0.30_funding_cost_0.03_joint,nominal_equality,False,0.2796569295,lgd_funding_joint,mean,0.5,0.3,0.03,4950
E88,***贸易有限公司,A,elastic_net_logistic,0.1654327803,selected_model_risk_score,55,0.4471544715,不放贷,优化模型未选择,0,0,,,,,0,0.3,0.03,0,0,0,0,,lgd_0.30_funding_cost_0.03_joint,nominal_equality,False,0.189066442,lgd_funding_joint,mean,0.5,0.3,0.03,4950
E89,***物资有限公司,A,elastic_net_logistic,0.3344336244,selected_model_risk_score,29,0.2357723577,不放贷,优化模型未选择,0,0,,,,,0,0.3,0.03,0,0,0,0,,lgd_0.30_funding_cost_0.03_joint,nominal_equality,False,0.3672701532,lgd_funding_joint,mean,0.5,0.3,0.03,4950
E9,***生活用品服务有限公司***分公司,A,elastic_net_logistic,0.02174866462,selected_model_risk_score,122,0.9918699187,放贷,优化模型选择,100,1000000,0.0745,7.45,0.511096612,0.488903388,48.8903388,0.3,0.03,3.563114422,0.3189898745,1.466710164,1.777414383,0.01777414383,lgd_0.30_funding_cost_0.03_joint,nominal_equality,False,0.02531048472,lgd_funding_joint,mean,0.5,0.3,0.03,4950
E90,***文化传媒有限责任公司,C,elastic_net_logistic,0.2928954659,selected_model_risk_score,31,0.2520325203,不放贷,优化模型未选择,0,0,,,,,0,0.3,0.03,0,0,0,0,,lgd_0.30_funding_cost_0.03_joint,nominal_equality,False,0.3272754126,lgd_funding_joint,mean,0.5,0.3,0.03,4950
E91,***科技实业有限公司,A,elastic_net_logistic,0.123879862,selected_model_risk_score,62,0.5040650407,不放贷,优化模型未选择,0,0,,,,,0,0.3,0.03,0,0,0,0,,lgd_0.30_funding_cost_0.03_joint,nominal_equality,False,0.1563985381,lgd_funding_joint,mean,0.5,0.3,0.03,4950
E92,***地质灾害防治有限公司,C,elastic_net_logistic,0.3701163354,selected_model_risk_score,24,0.1951219512,不放贷,优化模型未选择,0,0,,,,,0,0.3,0.03,0,0,0,0,,lgd_0.30_funding_cost_0.03_joint,nominal_equality,False,0.4190045907,lgd_funding_joint,mean,0.5,0.3,0.03,4950
E93,***电脑设计事务所,B,elastic_net_logistic,0.2376719561,selected_model_risk_score,39,0.3170731707,不放贷,优化模型未选择,0,0,,,,,0,0.3,0.03,0,0,0,0,,lgd_0.30_funding_cost_0.03_joint,nominal_equality,False,0.2575297987,lgd_funding_joint,mean,0.5,0.3,0.03,4950
E94,***汽车美容有限公司,C,elastic_net_logistic,0.3420261826,selected_model_risk_score,27,0.2195121951,不放贷,优化模型未选择,0,0,,,,,0,0.3,0.03,0,0,0,0,,lgd_0.30_funding_cost_0.03_joint,nominal_equality,False,0.3879661601,lgd_funding_joint,mean,0.5,0.3,0.03,4950
E95,***兰花店,B,elastic_net_logistic,0.1441316116,selected_model_risk_score,59,0.4796747967,不放贷,优化模型未选择,0,0,,,,,0,0.3,0.03,0,0,0,0,,lgd_0.30_funding_cost_0.03_joint,nominal_equality,False,0.1745511804,lgd_funding_joint,mean,0.5,0.3,0.03,4950
E96,***土地整理有限公司,C,elastic_net_logistic,0.8080355745,selected_model_risk_score,1,0.008130081301,不放贷,优化模型未选择,0,0,,,,,0,0.3,0.03,0,0,0,0,,lgd_0.30_funding_cost_0.03_joint,nominal_equality,False,0.854739214,lgd_funding_joint,mean,0.5,0.3,0.03,4950
E97,***美工装饰部,B,elastic_net_logistic,0.2602897628,selected_model_risk_score,35,0.2845528455,不放贷,优化模型未选择,0,0,,,,,0,0.3,0.03,0,0,0,0,,lgd_0.30_funding_cost_0.03_joint,nominal_equality,False,0.3283525845,lgd_funding_joint,mean,0.5,0.3,0.03,4950
E98,***文化传播有限公司,B,elastic_net_logistic,0.2814270169,selected_model_risk_score,33,0.2682926829,不放贷,优化模型未选择,0,0,,,,,0,0.3,0.03,0,0,0,0,,lgd_0.30_funding_cost_0.03_joint,nominal_equality,False,0.3034353338,lgd_funding_joint,mean,0.5,0.3,0.03,4950
E99,***建筑工程有限责任公司,D,elastic_net_logistic,0.5839846822,selected_model_risk_score,10,0.08130081301,不放贷,D级企业原则上不予放贷,0,0,,,,,0,0.3,0.03,0,0,0,0,,lgd_0.30_funding_cost_0.03_joint,nominal_equality,False,0.6898712011,lgd_funding_joint,mean,0.5,0.3,0.03,4950
E1,***电器销售有限公司,A,elastic_net_logistic,0.05655542179,selected_model_risk_score,104,0.8455284553,放贷,优化模型选择,100,1000000,0.1225,12.25,0.8148090077,0.1851909923,18.51909923,0.3,0.04,2.140288611,0.3142066404,0.7407639692,1.085318001,0.01085318001,lgd_0.30_funding_cost_0.04_joint,nominal_equality,False,0.0730491674,lgd_funding_joint,mean,0.5,0.3,0.04,4950
E10,***建筑劳务有限公司,B,elastic_net_logistic,0.06093491817,selected_model_risk_score,102,0.8292682927,放贷,优化模型选择,100,1000000,0.1065,10.65,0.7053159925,0.2946840075,29.46840075,0.3,0.04,2.947147466,0.5386963765,1.17873603,1.22971506,0.0122971506,lgd_0.30_funding_cost_0.04_joint,nominal_equality,False,0.07833730674,lgd_funding_joint,mean,0.5,0.3,0.04,4950
E100,***装饰工程有限公司,D,elastic_net_logistic,0.2578903118,selected_model_risk_score,36,0.2926829268,不放贷,D级企业原则上不予放贷,0,0,,,,,0,0.3,0.04,0,0,0,0,,lgd_0.30_funding_cost_0.04_joint,nominal_equality,False,0.3416804479,lgd_funding_joint,mean,0.5,0.3,0.04,4950
E101,***灯饰工程有限公司,D,elastic_net_logistic,0.7098560409,selected_model_risk_score,6,0.0487804878,不放贷,D级企业原则上不予放贷,0,0,,,,,0,0.3,0.04,0,0,0,0,,lgd_0.30_funding_cost_0.04_joint,nominal_equality,False,0.7897592201,lgd_funding_joint,mean,0.5,0.3,0.04,4950
E102,***大药房有限责任公司,D,elastic_net_logistic,0.4733747116,selected_model_risk_score,17,0.1382113821,不放贷,D级企业原则上不予放贷,0,0,,,,,0,0.3,0.04,0,0,0,0,,lgd_0.30_funding_cost_0.04_joint,nominal_equality,False,0.6183651775,lgd_funding_joint,mean,0.5,0.3,0.04,4950
E103,***科技有限公司,D,elastic_net_logistic,0.4055458126,selected_model_risk_score,22,0.1788617886,不放贷,D级企业原则上不予放贷,0,0,,,,,0,0.3,0.04,0,0,0,0,,lgd_0.30_funding_cost_0.04_joint,nominal_equality,False,0.4768661053,lgd_funding_joint,mean,0.5,0.3,0.04,4950
E104,***管理咨询有限责任公司,C,elastic_net_logistic,0.5371556855,selected_model_risk_score,14,0.1138211382,不放贷,优化模型未选择,0,0,,,,,0,0.3,0.04,0,0,0,0,,lgd_0.30_funding_cost_0.04_joint,nominal_equality,False,0.6048969633,lgd_funding_joint,mean,0.5,0.3,0.04,4950
E105,***建材经营部,C,elastic_net_logistic,0.2296735143,selected_model_risk_score,41,0.3333333333,不放贷,优化模型未选择,0,0,,,,,0,0.3,0.04,0,0,0,0,,lgd_0.30_funding_cost_0.04_joint,nominal_equality,False,0.3150886304,lgd_funding_joint,mean,0.5,0.3,0.04,4950
E106,***财务管理有限公司,B,elastic_net_logistic,0.25387818,selected_model_risk_score,37,0.3008130081,不放贷,优化模型未选择,0,0,,,,,0,0.3,0.04,0,0,0,0,,lgd_0.30_funding_cost_0.04_joint,nominal_equality,False,0.2861266308,lgd_funding_joint,mean,0.5,0.3,0.04,4950
E107,***科技有限公司,D,elastic_net_logistic,0.6278756036,selected_model_risk_score,8,0.06504065041,不放贷,D级企业原则上不予放贷,0,0,,,,,0,0.3,0.04,0,0,0,0,,lgd_0.30_funding_cost_0.04_joint,nominal_equality,False,0.6820972821,lgd_funding_joint,mean,0.5,0.3,0.04,4950
E108,***商贸有限公司,D,elastic_net_logistic,0.5221807895,selected_model_risk_score,15,0.1219512195,不放贷,D级企业原则上不予放贷,0,0,,,,,0,0.3,0.04,0,0,0,0,,lgd_0.30_funding_cost_0.04_joint,nominal_equality,False,0.6296705299,lgd_funding_joint,mean,0.5,0.3,0.04,4950
E109,***服饰有限公司,D,elastic_net_logistic,0.5493640614,selected_model_risk_score,12,0.09756097561,不放贷,D级企业原则上不予放贷,0,0,,,,,0,0.3,0.04,0,0,0,0,,lgd_0.30_funding_cost_0.04_joint,nominal_equality,False,0.6102205923,lgd_funding_joint,mean,0.5,0.3,0.04,4950
E11,***建设工程有限公司,C,elastic_net_logistic,0.07723891572,selected_model_risk_score,93,0.756097561,放贷,优化模型选择,100,1000000,0.1105,11.05,0.7151023945,0.2848976055,28.48976055,0.3,0.04,2.904961278,0.6601554642,1.139590422,1.105215392,0.01105215392,lgd_0.30_funding_cost_0.04_joint,nominal_equality,False,0.1001763276,lgd_funding_joint,mean,0.5,0.3,0.04,4950
E110,***通讯器材经营部,C,elastic_net_logistic,0.5711527053,selected_model_risk_score,11,0.08943089431,不放贷,优化模型未选择,0,0,,,,,0,0.3,0.04,0,0,0,0,,lgd_0.30_funding_cost_0.04_joint,nominal_equality,False,0.6124762668,lgd_funding_joint,mean,0.5,0.3,0.04,4950
E111,***科技有限公司,D,elastic_net_logistic,0.1919246162,selected_model_risk_score,49,0.3983739837,不放贷,D级企业原则上不予放贷,0,0,,,,,0,0.3,0.04,0,0,0,0,,lgd_0.30_funding_cost_0.04_joint,nominal_equality,False,0.3189536769,lgd_funding_joint,mean,0.5,0.3,0.04,4950
E112,***机械设备有限公司,D,elastic_net_logistic,0.4170540731,selected_model_risk_score,20,0.162601626,不放贷,D级企业原则上不予放贷,0,0,,,,,0,0.3,0.04,0,0,0,0,,lgd_0.30_funding_cost_0.04_joint,nominal_equality,False,0.5129040595,lgd_funding_joint,mean,0.5,0.3,0.04,4950
E113,***美居科技有限公司,D,elastic_net_logistic,0.7592451553,selected_model_risk_score,4,0.0325203252,不放贷,D级企业原则上不予放贷,0,0,,,,,0,0.3,0.04,0,0,0,0,,lgd_0.30_funding_cost_0.04_joint,nominal_equality,False,0.8315439659,lgd_funding_joint,mean,0.5,0.3,0.04,4950
E114,***食品有限责任公司,D,elastic_net_logistic,0.4770804739,selected_model_risk_score,16,0.1300813008,不放贷,D级企业原则上不予放贷,0,0,,,,,0,0.3,0.04,0,0,0,0,,lgd_0.30_funding_cost_0.04_joint,nominal_equality,False,0.5421990478,lgd_funding_joint,mean,0.5,0.3,0.04,4950
E115,***装饰工程有限公司,D,elastic_net_logistic,0.7835354924,selected_model_risk_score,2,0.0162601626,不放贷,D级企业原则上不予放贷,0,0,,,,,0,0.3,0.04,0,0,0,0,,lgd_0.30_funding_cost_0.04_joint,nominal_equality,False,0.8331104651,lgd_funding_joint,mean,0.5,0.3,0.04,4950
E116,***门窗有限公司,D,elastic_net_logistic,0.4160885126,selected_model_risk_score,21,0.1707317073,不放贷,D级企业原则上不予放贷,0,0,,,,,0,0.3,0.04,0,0,0,0,,lgd_0.30_funding_cost_0.04_joint,nominal_equality,False,0.532859258,lgd_funding_joint,mean,0.5,0.3,0.04,4950
E117,***人力资源管理咨询有限公司,D,elastic_net_logistic,0.6343060557,selected_model_risk_score,7,0.05691056911,不放贷,D级企业原则上不予放贷,0,0,,,,,0,0.3,0.04,0,0,0,0,,lgd_0.30_funding_cost_0.04_joint,nominal_equality,False,0.7561127553,lgd_funding_joint,mean,0.5,0.3,0.04,4950
E118,***体育用品有限公司,D,elastic_net_logistic,0.3859533716,selected_model_risk_score,23,0.1869918699,不放贷,D级企业原则上不予放贷,0,0,,,,,0,0.3,0.04,0,0,0,0,,lgd_0.30_funding_cost_0.04_joint,nominal_equality,False,0.4429217794,lgd_funding_joint,mean,0.5,0.3,0.04,4950
E119,***药房,D,elastic_net_logistic,0.6253065711,selected_model_risk_score,9,0.07317073171,不放贷,D级企业原则上不予放贷,0,0,,,,,0,0.3,0.04,0,0,0,0,,lgd_0.30_funding_cost_0.04_joint,nominal_equality,False,0.6891769584,lgd_funding_joint,mean,0.5,0.3,0.04,4950
E12,***建筑劳务有限公司,B,elastic_net_logistic,0.08202986653,selected_model_risk_score,88,0.7154471545,放贷,优化模型选择,100,1000000,0.1425,14.25,0.8439092946,0.1560907054,15.60907054,0.3,0.04,2.041834131,0.3841229919,0.6243628216,1.033348317,0.01033348317,lgd_0.30_funding_cost_0.04_joint,nominal_equality,False,0.1054632903,lgd_funding_joint,mean,0.5,0.3,0.04,4950
E120,***陈列广告有限公司,D,elastic_net_logistic,0.721226934,selected_model_risk_score,5,0.0406504065,不放贷,D级企业原则上不予放贷,0,0,,,,,0,0.3,0.04,0,0,0,0,,lgd_0.30_funding_cost_0.04_joint,nominal_equality,False,0.7608714869,lgd_funding_joint,mean,0.5,0.3,0.04,4950
E121,***药业连锁有限公司***药店,D,elastic_net_logistic,0.4662178212,selected_model_risk_score,18,0.1463414634,不放贷,D级企业原则上不予放贷,0,0,,,,,0,0.3,0.04,0,0,0,0,,lgd_0.30_funding_cost_0.04_joint,nominal_equality,False,0.5621951951,lgd_funding_joint,mean,0.5,0.3,0.04,4950
E122,***商贸有限责任公司,D,elastic_net_logistic,0.4500783219,selected_model_risk_score,19,0.1544715447,不放贷,D级企业原则上不予放贷,0,0,,,,,0,0.3,0.04,0,0,0,0,,lgd_0.30_funding_cost_0.04_joint,nominal_equality,False,0.6021516604,lgd_funding_joint,mean,0.5,0.3,0.04,4950
E123,***创科技有限责任公司,D,elastic_net_logistic,0.7819761114,selected_model_risk_score,3,0.0243902439,不放贷,D级企业原则上不予放贷,0,0,,,,,0,0.3,0.04,0,0,0,0,,lgd_0.30_funding_cost_0.04_joint,nominal_equality,False,0.8270597923,lgd_funding_joint,mean,0.5,0.3,0.04,4950
E13,***汽车贸易有限公司,A,elastic_net_logistic,0.04053604698,selected_model_risk_score,113,0.918699187,放贷,优化模型选择,100,1000000,0.1025,10.25,0.7312754013,0.2687245987,26.87245987,0.3,0.04,2.642773549,0.3267909887,1.074898395,1.241084165,0.01241084165,lgd_0.30_funding_cost_0.04_joint,nominal_equality,False,0.05373417783,lgd_funding_joint,mean,0.5,0.3,0.04,4950
E14,个体经营E14,C,elastic_net_logistic,0.03261041867,selected_model_risk_score,117,0.9512195122,放贷,优化模型选择,100,1000000,0.1105,11.05,0.7151023945,0.2848976055,28.48976055,0.3,0.04,3.045457077,0.2787189058,1.139590422,1.627147749,0.01627147749,lgd_0.30_funding_cost_0.04_joint,nominal_equality,False,0.04024201468,lgd_funding_joint,mean,0.5,0.3,0.04,4950
E15,***劳务有限公司,A,elastic_net_logistic,0.07381492047,selected_model_risk_score,95,0.7723577236,放贷,优化模型选择,100,1000000,0.1225,12.25,0.8148090077,0.1851909923,18.51909923,0.3,0.04,2.101133891,0.4100957511,0.7407639692,0.9502741704,0.009502741704,lgd_0.30_funding_cost_0.04_joint,nominal_equality,False,0.1036254123,lgd_funding_joint,mean,0.5,0.3,0.04,4950
E16,***建筑劳务有限公司,A,elastic_net_logistic,0.04998777847,selected_model_risk_score,108,0.8780487805,放贷,优化模型选择,100,1000000,0.1025,10.25,0.7312754013,0.2687245987,26.87245987,0.3,0.04,2.616739443,0.4029883713,1.074898395,1.138852677,0.01138852677,lgd_0.30_funding_cost_0.04_joint,nominal_equality,False,0.0624669862,lgd_funding_joint,mean,0.5,0.3,0.04,4950
E17,***消防工程有限公司,A,elastic_net_logistic,0.04649981408,selected_model_risk_score,111,0.9024390244,放贷,优化模型选择,100,1000000,0.1025,10.25,0.7312754013,0.2687245987,26.87245987,0.3,0.04,2.626346787,0.3748693163,1.074898395,1.176579076,0.01176579076,lgd_0.30_funding_cost_0.04_joint,nominal_equality,False,0.05349825243,lgd_funding_joint,mean,0.5,0.3,0.04,4950
E18,***消防工程有限责任公司,A,elastic_net_logistic,0.04857513816,selected_model_risk_score,109,0.8861788618,放贷,优化模型选择,100,1000000,0.1025,10.25,0.7312754013,0.2687245987,26.87245987,0.3,0.04,2.620630458,0.3916000353,1.074898395,1.154132028,0.01154132028,lgd_0.30_funding_cost_0.04_joint,nominal_equality,False,0.06117933194,lgd_funding_joint,mean,0.5,0.3,0.04,4950
E19,***科技有限公司,A,elastic_net_logistic,0.06543754966,selected_model_risk_score,100,0.8130081301,放贷,优化模型选择,100,1000000,0.1225,12.25,0.8148090077,0.1851909923,18.51909923,0.3,0.04,2.120138707,0.3635533427,0.7407639692,1.015821396,0.01015821396,lgd_0.30_funding_cost_0.04_joint,nominal_equality,False,0.09093656268,lgd_funding_joint,mean,0.5,0.3,0.04,4950
E2,***技术有限责任公司,A,elastic_net_logistic,0.02833749753,selected_model_risk_score,119,0.9674796748,放贷,优化模型选择,100,1000000,0.0985,9.85,0.7083020233,0.2916979767,29.16979767,0.3,0.04,2.791805062,0.2479797208,1.166791907,1.377033435,0.01377033435,lgd_0.30_funding_cost_0.04_joint,nominal_equality,False,0.03642833627,lgd_funding_joint,mean,0.5,0.3,0.04,4950
E20,***贸易有限公司,B,elastic_net_logistic,0.04546270238,selected_model_risk_score,112,0.9105691057,放贷,优化模型选择,100,1000000,0.1065,10.65,0.7053159925,0.2946840075,29.46840075,0.3,0.04,2.995705231,0.4019139399,1.17873603,1.415055261,0.01415055261,lgd_0.30_funding_cost_0.04_joint,nominal_equality,False,0.06402096704,lgd_funding_joint,mean,0.5,0.3,0.04,4950
E21,***建设工程有限公司,B,elastic_net_logistic,0.08415779812,selected_model_risk_score,85,0.6910569106,放贷,优化模型选择,100,1000000,0.1425,14.25,0.8439092946,0.1560907054,15.60907054,0.3,0.04,2.037100988,0.3940875022,0.6243628216,1.018650665,0.01018650665,lgd_0.30_funding_cost_0.04_joint,nominal_equality,False,0.09612822768,lgd_funding_joint,mean,0.5,0.3,0.04,4950
E22,***物流有限公司,A,elastic_net_logistic,0.08272431763,selected_model_risk_score,87,0.7073170732,放贷,优化模型选择,100,1000000,0.1225,12.25,0.8148090077,0.1851909923,18.51909923,0.3,0.04,2.080922124,0.4595939541,0.7407639692,0.8805642011,0.008805642011,lgd_0.30_funding_cost_0.04_joint,nominal_equality,False,0.09349623574,lgd_funding_joint,mean,0.5,0.3,0.04,4950
E23,***贸易有限公司,B,elastic_net_logistic,0.03337482103,selected_model_risk_score,116,0.9430894309,放贷,优化模型选择,100,1000000,0.1065,10.65,0.7053159925,0.2946840075,29.46840075,0.3,0.04,3.033641653,0.2950507803,1.17873603,1.559854843,0.01559854843,lgd_0.30_funding_cost_0.04_joint,nominal_equality,False,0.04082479351,lgd_funding_joint,mean,0.5,0.3,0.04,4950
E24,***建筑工程有限公司,A,elastic_net_logistic,0.04702949043,selected_model_risk_score,110,0.8943089431,放贷,优化模型选择,100,1000000,0.1025,10.25,0.7312754013,0.2687245987,26.87245987,0.3,0.04,2.624887832,0.3791394283,1.074898395,1.170850009,0.01170850009,lgd_0.30_funding_cost_0.04_joint,nominal_equality,False,0.06125175229,lgd_funding_joint,mean,0.5,0.3,0.04,4950
E25,***通讯设备有限公司,C,elastic_net_logistic,0.08202047653,selected_model_risk_score,89,0.7235772358,放贷,优化模型选择,100,1000000,0.1425,14.25,0.8405321006,0.1594678994,15.94678994,0.3,0.04,2.086032795,0.392388993,0.6378715976,1.055772204,0.01055772204,lgd_0.30_funding_cost_0.04_joint,nominal_equality,False,0.09686547054,lgd_funding_joint,mean,0.5,0.3,0.04,4950
E26,***金属材料有限公司,A,elastic_net_logistic,0.1342940789,selected_model_risk_score,61,0.4959349593,不放贷,优化模型未选择,0,0,,,,,0,0.3,0.04,0,0,0,0,,lgd_0.30_funding_cost_0.04_joint,nominal_equality,False,0.1782110185,lgd_funding_joint,mean,0.5,0.3,0.04,4950
E27,***农业开发有限公司,A,elastic_net_logistic,0.1103832985,selected_model_risk_score,70,0.5691056911,不放贷,优化模型未选择,0,0,,,,,0,0.3,0.04,0,0,0,0,,lgd_0.30_funding_cost_0.04_joint,nominal_equality,False,0.1369068444,lgd_funding_joint,mean,0.5,0.3,0.04,4950
E28,***景观工程有限公司,B,elastic_net_logistic,0.09966092865,selected_model_risk_score,76,0.6178861789,放贷,优化模型选择,100,1000000,0.1425,14.25,0.8439092946,0.1560907054,15.60907054,0.3,0.04,2.002617491,0.4666843396,0.6243628216,0.9115703294,0.009115703294,lgd_0.30_funding_cost_0.04_joint,nominal_equality,False,0.1193350508,lgd_funding_joint,mean,0.5,0.3,0.04,4950
E29,***建筑劳务有限公司,C,elastic_net_logistic,0.07253671793,selected_model_risk_score,96,0.7804878049,放贷,优化模型选择,100,1000000,0.1105,11.05,0.7151023945,0.2848976055,28.48976055,0.3,0.04,2.919764354,0.6199661175,1.139590422,1.160207815,0.01160207815,lgd_0.30_funding_cost_0.04_joint,nominal_equality,False,0.08548890218,lgd_funding_joint,mean,0.5,0.3,0.04,4950
E3,***电子(中国)有限公司***分公司,C,elastic_net_logistic,0.02153611417,selected_model_risk_score,123,1,放贷,优化模型选择,100,1000000,0.1105,11.05,0.7151023945,0.2848976055,28.48976055,0.3,0.04,3.0803203,0.1840676208,1.139590422,1.756662258,0.01756662258,lgd_0.30_funding_cost_0.04_joint,nominal_equality,False,0.025281018,lgd_funding_joint,mean,0.5,0.3,0.04,4950
E30,***建筑工程有限公司,B,elastic_net_logistic,0.07713913412,selected_model_risk_score,94,0.7642276423,放贷,优化模型选择,100,1000000,0.1425,14.25,0.8439092946,0.1560907054,15.60907054,0.3,0.04,2.05271255,0.3612210558,0.6243628216,1.067128673,0.01067128673,lgd_0.30_funding_cost_0.04_joint,nominal_equality,False,0.1024182862,lgd_funding_joint,mean,0.5,0.3,0.04,4950
E31,***食品有限公司,A,elastic_net_logistic,0.0367643069,selected_model_risk_score,115,0.9349593496,放贷,优化模型选择,100,1000000,0.1025,10.25,0.7312754013,0.2687245987,26.87245987,0.3,0.04,2.653162532,0.2963842085,1.074898395,1.281879929,0.01281879929,lgd_0.30_funding_cost_0.04_joint,nominal_equality,False,0.04188668071,lgd_funding_joint,mean,0.5,0.3,0.04,4950
E32,***建筑劳务有限公司,B,elastic_net_logistic,0.09279588464,selected_model_risk_score,79,0.6422764228,放贷,优化模型选择,100,1000000,0.1425,14.25,0.8439092946,0.1560907054,15.60907054,0.3,0.04,2.017887357,0.4345372528,0.6243628216,0.9589872825,0.009589872825,lgd_0.30_funding_cost_0.04_joint,nominal_equality,False,0.104597557,lgd_funding_joint,mean,0.5,0.3,0.04,4950
E33,***园林有限责任公司,B,elastic_net_logistic,0.09823760896,selected_model_risk_score,77,0.6260162602,放贷,优化模型选择,100,1000000,0.1425,14.25,0.8439092946,0.1560907054,15.60907054,0.3,0.04,2.00578337,0.4600193304,0.6243628216,0.921401218,0.00921401218,lgd_0.30_funding_cost_0.04_joint,nominal_equality,False,0.1158892222,lgd_funding_joint,mean,0.5,0.3,0.04,4950
E34,***建设工程有限公司,B,elastic_net_logistic,0.1015652078,selected_model_risk_score,75,0.6097560976,放贷,优化模型选择,100,1000000,0.1425,14.25,0.8439092946,0.1560907054,15.60907054,0.3,0.04,1.998381817,0.4756015479,0.6243628216,0.8984174472,0.008984174472,lgd_0.30_funding_cost_0.04_joint,nominal_equality,False,0.1393444528,lgd_funding_joint,mean,0.5,0.3,0.04,4950
E35,***商贸有限公司,B,elastic_net_logistic,0.08567951436,selected_model_risk_score,83,0.674796748,放贷,优化模型选择,100,1000000,0.1425,14.25,0.8439092946,0.1560907054,15.60907054,0.3,0.04,2.033716246,0.401213275,0.6243628216,1.00814015,0.0100814015,lgd_0.30_funding_cost_0.04_joint,nominal_equality,False,0.1006056864,lgd_funding_joint,mean,0.5,0.3,0.04,4950
E36,***超硬材料有限公司,D,elastic_net_logistic,0.05081789908,selected_model_risk_score,107,0.8699186992,不放贷,D级企业原则上不予放贷,0,0,,,,,0,0.3,0.04,0,0,0,0,,lgd_0.30_funding_cost_0.04_joint,nominal_equality,False,0.06163613971,lgd_funding_joint,mean,0.5,0.3,0.04,4950
E37,***木业有限公司,B,elastic_net_logistic,0.084549486,selected_model_risk_score,84,0.6829268293,放贷,优化模型选择,100,1000000,0.1425,14.25,0.8439092946,0.1560907054,15.60907054,0.3,0.04,2.03622976,0.3959216673,0.6243628216,1.015945271,0.01015945271,lgd_0.30_funding_cost_0.04_joint,nominal_equality,False,0.1088428529,lgd_funding_joint,mean,0.5,0.3,0.04,4950
E38,***建设工程有限公司,B,elastic_net_logistic,0.1218095512,selected_model_risk_score,63,0.512195122,不放贷,优化模型未选择,0,0,,,,,0,0.3,0.04,0,0,0,0,,lgd_0.30_funding_cost_0.04_joint,nominal_equality,False,0.1460270212,lgd_funding_joint,mean,0.5,0.3,0.04,4950
E39,***建筑劳务有限公司,C,elastic_net_logistic,0.1815109557,selected_model_risk_score,52,0.4227642276,不放贷,优化模型未选择,0,0,,,,,0,0.3,0.04,0,0,0,0,,lgd_0.30_funding_cost_0.04_joint,nominal_equality,False,0.2307578892,lgd_funding_joint,mean,0.5,0.3,0.04,4950
E4,***发展有限责任公司,C,elastic_net_logistic,0.03106769432,selected_model_risk_score,118,0.9593495935,放贷,优化模型选择,100,1000000,0.1105,11.05,0.7151023945,0.2848976055,28.48976055,0.3,0.04,3.050313756,0.2655333516,1.139590422,1.645189983,0.01645189983,lgd_0.30_funding_cost_0.04_joint,nominal_equality,False,0.04400979025,lgd_funding_joint,mean,0.5,0.3,0.04,4950
E40,***财税咨询服务有限公司,C,elastic_net_logistic,0.08113873174,selected_model_risk_score,90,0.7317073171,放贷,优化模型选择,100,1000000,0.1425,14.25,0.8405321006,0.1594678994,15.94678994,0.3,0.04,2.088036487,0.3881706933,0.6378715976,1.061994196,0.01061994196,lgd_0.30_funding_cost_0.04_joint,nominal_equality,False,0.09293248415,lgd_funding_joint,mean,0.5,0.3,0.04,4950
E41,***物业发展有限公司,C,elastic_net_logistic,0.07916167381,selected_model_risk_score,91,0.7398373984,放贷,优化模型选择,100,1000000,0.1105,11.05,0.7151023945,0.2848976055,28.48976055,0.3,0.04,2.898908208,0.6765891395,1.139590422,1.082728646,0.01082728646,lgd_0.30_funding_cost_0.04_joint,nominal_equality,False,0.09683047914,lgd_funding_joint,mean,0.5,0.3,0.04,4950
E42,***园艺场,A,elastic_net_logistic,0.1200846128,selected_model_risk_score,66,0.5365853659,不放贷,优化模型未选择,0,0,,,,,0,0.3,0.04,0,0,0,0,,lgd_0.30_funding_cost_0.04_joint,nominal_equality,False,0.1475914741,lgd_funding_joint,mean,0.5,0.3,0.04,4950
E43,***建设工程有限公司,B,elastic_net_logistic,0.1927952664,selected_model_risk_score,48,0.3902439024,不放贷,优化模型未选择,0,0,,,,,0,0.3,0.04,0,0,0,0,,lgd_0.30_funding_cost_0.04_joint,nominal_equality,False,0.2145282193,lgd_funding_joint,mean,0.5,0.3,0.04,4950
E44,***商贸有限公司,C,elastic_net_logistic,0.08616234673,selected_model_risk_score,82,0.6666666667,放贷,优化模型选择,100,1000000,0.1425,14.25,0.8405321006,0.1594678994,15.94678994,0.3,0.04,2.076620736,0.4122038532,0.6378715976,1.026545285,0.01026545285,lgd_0.30_funding_cost_0.04_joint,nominal_equality,False,0.1035354806,lgd_funding_joint,mean,0.5,0.3,0.04,4950
E45,个体经营E45,B,elastic_net_logistic,0.1068056002,selected_model_risk_score,73,0.593495935,不放贷,优化模型未选择,0,0,,,,,0,0.3,0.04,0,0,0,0,,lgd_0.30_funding_cost_0.04_joint,nominal_equality,False,0.1219197504,lgd_funding_joint,mean,0.5,0.3,0.04,4950
E46,***广告传媒有限公司,C,elastic_net_logistic,0.05276002815,selected_model_risk_score,105,0.8536585366,放贷,优化模型选择,100,1000000,0.1105,11.05,0.7151023945,0.2848976055,28.48976055,0.3,0.04,2.982023718,0.4509361706,1.139590422,1.391497125,0.01391497125,lgd_0.30_funding_cost_0.04_joint,nominal_equality,False,0.06245378683,lgd_funding_joint,mean,0.5,0.3,0.04,4950
E47,***控制设备有限责任公司,C,elastic_net_logistic,0.05124807767,selected_model_risk_score,106,0.8617886179,放贷,优化模型选择,100,1000000,0.1105,11.05,0.7151023945,0.2848976055,28.48976055,0.3,0.04,2.986783517,0.4380136384,1.139590422,1.409179457,0.01409179457,lgd_0.30_funding_cost_0.04_joint,nominal_equality,False,0.05822355401,lgd_funding_joint,mean,0.5,0.3,0.04,4950
E48,***化工有限公司,A,elastic_net_logistic,0.07070577235,selected_model_risk_score,97,0.7886178862,放贷,优化模型选择,100,1000000,0.1225,12.25,0.8148090077,0.1851909923,18.51909923,0.3,0.04,2.108187272,0.3928221643,0.7407639692,0.9746011384,0.009746011384,lgd_0.30_funding_cost_0.04_joint,nominal_equality,False,0.08921054517,lgd_funding_joint,mean,0.5,0.3,0.04,4950
E49,***地球环保科技有限公司,C,elastic_net_logistic,0.09803729486,selected_model_risk_score,78,0.6341463415,放贷,优化模型选择,100,1000000,0.1425,14.25,0.8405321006,0.1594678994,15.94678994,0.3,0.04,2.049635895,0.4690140442,0.6378715976,0.9427502536,0.009427502536,lgd_0.30_funding_cost_0.04_joint,nominal_equality,False,0.1105965348,lgd_funding_joint,mean,0.5,0.3,0.04,4950
E5,***供应链管理有限公司,B,elastic_net_logistic,0.05668387407,selected_model_risk_score,103,0.837398374,放贷,优化模型选择,100,1000000,0.1065,10.65,0.7053159925,0.2946840075,29.46840075,0.3,0.04,2.960488878,0.5011149351,1.17873603,1.280637913,0.01280637913,lgd_0.30_funding_cost_0.04_joint,nominal_equality,False,0.07330978844,lgd_funding_joint,mean,0.5,0.3,0.04,4950
E50,***建筑劳务有限公司,C,elastic_net_logistic,0.1692453772,selected_model_risk_score,54,0.4390243902,不放贷,优化模型未选择,0,0,,,,,0,0.3,0.04,0,0,0,0,,lgd_0.30_funding_cost_0.04_joint,nominal_equality,False,0.2040258114,lgd_funding_joint,mean,0.5,0.3,0.04,4950
E51,***物流有限公司,B,elastic_net_logistic,0.0697365828,selected_model_risk_score,98,0.7967479675,放贷,优化模型选择,100,1000000,0.1185,11.85,0.7692116619,0.2307883381,23.07883381,0.3,0.04,2.544123284,0.4828317015,0.9231533524,1.138138231,0.01138138231,lgd_0.30_funding_cost_0.04_joint,nominal_equality,False,0.07874952738,lgd_funding_joint,mean,0.5,0.3,0.04,4950
E52,***商贸有限公司,D,elastic_net_logistic,0.2136303318,selected_model_risk_score,44,0.3577235772,不放贷,D级企业原则上不予放贷,0,0,,,,,0,0.3,0.04,0,0,0,0,,lgd_0.30_funding_cost_0.04_joint,nominal_equality,False,0.2416471762,lgd_funding_joint,mean,0.5,0.3,0.04,4950
E53,***文化传媒有限公司,C,elastic_net_logistic,0.107156181,selected_model_risk_score,71,0.5772357724,不放贷,优化模型未选择,0,0,,,,,0,0.3,0.04,0,0,0,0,,lgd_0.30_funding_cost_0.04_joint,nominal_equality,False,0.1294528809,lgd_funding_joint,mean,0.5,0.3,0.04,4950
E54,***新技术开发有限公司,A,elastic_net_logistic,0.06439978133,selected_model_risk_score,101,0.8211382114,放贷,优化模型选择,100,1000000,0.1225,12.25,0.8148090077,0.1851909923,18.51909923,0.3,0.04,2.122492978,0.3577877823,0.7407639692,1.023941226,0.01023941226,lgd_0.30_funding_cost_0.04_joint,nominal_equality,False,0.08481402429,lgd_funding_joint,mean,0.5,0.3,0.04,4950
E55,***集团有限公司***电力设备分公司,C,elastic_net_logistic,0.1835760094,selected_model_risk_score,51,0.4146341463,不放贷,优化模型未选择,0,0,,,,,0,0.3,0.04,0,0,0,0,,lgd_0.30_funding_cost_0.04_joint,nominal_equality,False,0.2408611135,lgd_funding_joint,mean,0.5,0.3,0.04,4950
E56,***家居材料***有限公司,C,elastic_net_logistic,0.08755638262,selected_model_risk_score,81,0.6585365854,放贷,优化模型选择,100,1000000,0.1425,14.25,0.8405321006,0.1594678994,15.94678994,0.3,0.04,2.073452905,0.4188729725,0.6378715976,1.016708334,0.01016708334,lgd_0.30_funding_cost_0.04_joint,nominal_equality,False,0.1073776577,lgd_funding_joint,mean,0.5,0.3,0.04,4950
E57,***机械设备有限公司,B,elastic_net_logistic,0.1025680758,selected_model_risk_score,74,0.6016260163,放贷,优化模型选择,100,1000000,0.1425,14.25,0.8439092946,0.1560907054,15.60907054,0.3,0.04,1.996151145,0.4802976991,0.6243628216,0.8914906242,0.008914906242,lgd_0.30_funding_cost_0.04_joint,nominal_equality,False,0.1291130293,lgd_funding_joint,mean,0.5,0.3,0.04,4950
E58,***油气工程建设有限责任公司,B,elastic_net_logistic,0.1498825704,selected_model_risk_score,58,0.4715447154,不放贷,优化模型未选择,0,0,,,,,0,0.3,0.04,0,0,0,0,,lgd_0.30_funding_cost_0.04_joint,nominal_equality,False,0.166452668,lgd_funding_joint,mean,0.5,0.3,0.04,4950
E59,***商贸有限公司,A,elastic_net_logistic,0.06896464342,selected_model_risk_score,99,0.8048780488,放贷,优化模型选择,100,1000000,0.1225,12.25,0.8148090077,0.1851909923,18.51909923,0.3,0.04,2.112137179,0.3831489225,0.7407639692,0.9882242873,0.009882242873,lgd_0.30_funding_cost_0.04_joint,nominal_equality,False,0.07641618763,lgd_funding_joint,mean,0.5,0.3,0.04,4950
E6,***装饰设计工程有限公司,A,elastic_net_logistic,0.03828902106,selected_model_risk_score,114,0.9268292683,放贷,优化模型选择,100,1000000,0.1025,10.25,0.7312754013,0.2687245987,26.87245987,0.3,0.04,2.648962818,0.3086760546,1.074898395,1.265388369,0.01265388369,lgd_0.30_funding_cost_0.04_joint,nominal_equality,False,0.04389193776,lgd_funding_joint,mean,0.5,0.3,0.04,4950
E60,***机械租赁有限公司,B,elastic_net_logistic,0.2143912442,selected_model_risk_score,43,0.3495934959,不放贷,优化模型未选择,0,0,,,,,0,0.3,0.04,0,0,0,0,,lgd_0.30_funding_cost_0.04_joint,nominal_equality,False,0.2335825691,lgd_funding_joint,mean,0.5,0.3,0.04,4950
E61,***调味品有限公司,B,elastic_net_logistic,0.07788330382,selected_model_risk_score,92,0.7479674797,放贷,优化模型选择,100,1000000,0.1425,14.25,0.8439092946,0.1560907054,15.60907054,0.3,0.04,2.051057299,0.364705795,0.6243628216,1.061988683,0.01061988683,lgd_0.30_funding_cost_0.04_joint,nominal_equality,False,0.09484916536,lgd_funding_joint,mean,0.5,0.3,0.04,4950
E62,***工程造价咨询有限公司***分公司,B,elastic_net_logistic,0.1214523958,selected_model_risk_score,64,0.5203252033,不放贷,优化模型未选择,0,0,,,,,0,0.3,0.04,0,0,0,0,,lgd_0.30_funding_cost_0.04_joint,nominal_equality,False,0.1450170246,lgd_funding_joint,mean,0.5,0.3,0.04,4950
E63,***科技有限公司,B,elastic_net_logistic,0.08368298573,selected_model_risk_score,86,0.6991869919,放贷,优化模型选择,100,1000000,0.1425,14.25,0.8439092946,0.1560907054,15.60907054,0.3,0.04,2.03815711,0.3918640882,0.6243628216,1.0219302,0.010219302,lgd_0.30_funding_cost_0.04_joint,nominal_equality,False,0.1084106096,lgd_funding_joint,mean,0.5,0.3,0.04,4950
E64,***图书有限责任公司,A,elastic_net_logistic,0.1124750355,selected_model_risk_score,69,0.5609756098,不放贷,优化模型未选择,0,0,,,,,0,0.3,0.04,0,0,0,0,,lgd_0.30_funding_cost_0.04_joint,nominal_equality,False,0.1209520698,lgd_funding_joint,mean,0.5,0.3,0.04,4950
E65,***商贸有限公司,B,elastic_net_logistic,0.0894097801,selected_model_risk_score,80,0.6504065041,放贷,优化模型选择,100,1000000,0.1425,14.25,0.8439092946,0.1560907054,15.60907054,0.3,0.04,2.025419044,0.4186810694,0.6243628216,0.982375153,0.00982375153,lgd_0.30_funding_cost_0.04_joint,nominal_equality,False,0.1016662421,lgd_funding_joint,mean,0.5,0.3,0.04,4950
E66,***快递有限公司,B,elastic_net_logistic,0.2947622952,selected_model_risk_score,30,0.243902439,不放贷,优化模型未选择,0,0,,,,,0,0.3,0.04,0,0,0,0,,lgd_0.30_funding_cost_0.04_joint,nominal_equality,False,0.3741353375,lgd_funding_joint,mean,0.5,0.3,0.04,4950
E67,***信息技术有限公司,B,elastic_net_logistic,0.1845447393,selected_model_risk_score,50,0.406504065,不放贷,优化模型未选择,0,0,,,,,0,0.3,0.04,0,0,0,0,,lgd_0.30_funding_cost_0.04_joint,nominal_equality,False,0.2088292217,lgd_funding_joint,mean,0.5,0.3,0.04,4950
E68,***花木总公司,C,elastic_net_logistic,0.3380718151,selected_model_risk_score,28,0.2276422764,不放贷,优化模型未选择,0,0,,,,,0,0.3,0.04,0,0,0,0,,lgd_0.30_funding_cost_0.04_joint,nominal_equality,False,0.3824767947,lgd_funding_joint,mean,0.5,0.3,0.04,4950
E69,***电子器材经营部,C,elastic_net_logistic,0.2503652668,selected_model_risk_score,38,0.3089430894,不放贷,优化模型未选择,0,0,,,,,0,0.3,0.04,0,0,0,0,,lgd_0.30_funding_cost_0.04_joint,nominal_equality,False,0.3207126735,lgd_funding_joint,mean,0.5,0.3,0.04,4950
E7,***家电有限公司***分公司,A,elastic_net_logistic,0.02580342326,selected_model_risk_score,121,0.9837398374,放贷,优化模型选择,100,1000000,0.0985,9.85,0.7083020233,0.2916979767,29.16979767,0.3,0.04,2.799086028,0.2258041907,1.166791907,1.40648993,0.0140648993,lgd_0.30_funding_cost_0.04_joint,nominal_equality,False,0.03436137967,lgd_funding_joint,mean,0.5,0.3,0.04,4950
E70,***科技有限公司,B,elastic_net_logistic,0.1379471805,selected_model_risk_score,60,0.487804878,不放贷,优化模型未选择,0,0,,,,,0,0.3,0.04,0,0,0,0,,lgd_0.30_funding_cost_0.04_joint,nominal_equality,False,0.1557212843,lgd_funding_joint,mean,0.5,0.3,0.04,4950
E71,***农业科技有限公司,B,elastic_net_logistic,0.2041897012,selected_model_risk_score,45,0.3658536585,不放贷,优化模型未选择,0,0,,,,,0,0.3,0.04,0,0,0,0,,lgd_0.30_funding_cost_0.04_joint,nominal_equality,False,0.2461670708,lgd_funding_joint,mean,0.5,0.3,0.04,4950
E72,***图书有限公司,C,elastic_net_logistic,0.2897171126,selected_model_risk_score,32,0.2601626016,不放贷,优化模型未选择,0,0,,,,,0,0.3,0.04,0,0,0,0,,lgd_0.30_funding_cost_0.04_joint,nominal_equality,False,0.3383260035,lgd_funding_joint,mean,0.5,0.3,0.04,4950
E73,***商贸有限责任公司,C,elastic_net_logistic,0.1183311273,selected_model_risk_score,67,0.5447154472,不放贷,优化模型未选择,0,0,,,,,0,0.3,0.04,0,0,0,0,,lgd_0.30_funding_cost_0.04_joint,nominal_equality,False,0.150943928,lgd_funding_joint,mean,0.5,0.3,0.04,4950
E74,***蔬菜专业合作社,B,elastic_net_logistic,0.1539591335,selected_model_risk_score,56,0.4552845528,不放贷,优化模型未选择,0,0,,,,,0,0.3,0.04,0,0,0,0,,lgd_0.30_funding_cost_0.04_joint,nominal_equality,False,0.1754997095,lgd_funding_joint,mean,0.5,0.3,0.04,4950
E75,***酒店管理有限公司,C,elastic_net_logistic,0.1070850165,selected_model_risk_score,72,0.5853658537,放贷,优化模型选择,50,500000,0.1425,14.25,0.8405321006,0.1594678994,7.97339497,0.3,0.04,1.014537847,0.2561493396,0.3189357988,0.4394527085,0.008789054171,lgd_0.30_funding_cost_0.04_joint,nominal_equality,False,0.1282680192,lgd_funding_joint,mean,0.5,0.3,0.04,4950
E76,***信息科技有限公司,B,elastic_net_logistic,0.1706660196,selected_model_risk_score,53,0.4308943089,不放贷,优化模型未选择,0,0,,,,,0,0.3,0.04,0,0,0,0,,lgd_0.30_funding_cost_0.04_joint,nominal_equality,False,0.1979402602,lgd_funding_joint,mean,0.5,0.3,0.04,4950
E77,***机电设备有限公司,C,elastic_net_logistic,0.3665492679,selected_model_risk_score,25,0.2032520325,不放贷,优化模型未选择,0,0,,,,,0,0.3,0.04,0,0,0,0,,lgd_0.30_funding_cost_0.04_joint,nominal_equality,False,0.4663549766,lgd_funding_joint,mean,0.5,0.3,0.04,4950
E78,个体经营E78,C,elastic_net_logistic,0.1211539626,selected_model_risk_score,65,0.5284552846,不放贷,优化模型未选择,0,0,,,,,0,0.3,0.04,0,0,0,0,,lgd_0.30_funding_cost_0.04_joint,nominal_equality,False,0.1481587806,lgd_funding_joint,mean,0.5,0.3,0.04,4950
E79,***鞋业有限公司,B,elastic_net_logistic,0.2025177165,selected_model_risk_score,46,0.3739837398,不放贷,优化模型未选择,0,0,,,,,0,0.3,0.04,0,0,0,0,,lgd_0.30_funding_cost_0.04_joint,nominal_equality,False,0.2207361419,lgd_funding_joint,mean,0.5,0.3,0.04,4950
E8,***科学研究院有限公司,A,elastic_net_logistic,0.02606005345,selected_model_risk_score,120,0.9756097561,放贷,优化模型选择,100,1000000,0.0985,9.85,0.7083020233,0.2916979767,29.16979767,0.3,0.04,2.798348672,0.2280499459,1.166791907,1.403506819,0.01403506819,lgd_0.30_funding_cost_0.04_joint,nominal_equality,False,0.03439017911,lgd_funding_joint,mean,0.5,0.3,0.04,4950
E80,***实业有限责任公司,C,elastic_net_logistic,0.3432370641,selected_model_risk_score,26,0.2113821138,不放贷,优化模型未选择,0,0,,,,,0,0.3,0.04,0,0,0,0,,lgd_0.30_funding_cost_0.04_joint,nominal_equality,False,0.3865190631,lgd_funding_joint,mean,0.5,0.3,0.04,4950
E81,***机械设备有限公司,A,elastic_net_logistic,0.1154202468,selected_model_risk_score,68,0.5528455285,不放贷,优化模型未选择,0,0,,,,,0,0.3,0.04,0,0,0,0,,lgd_0.30_funding_cost_0.04_joint,nominal_equality,False,0.1339413155,lgd_funding_joint,mean,0.5,0.3,0.04,4950
E82,***商贸有限公司,D,elastic_net_logistic,0.194614899,selected_model_risk_score,47,0.3821138211,不放贷,D级企业原则上不予放贷,0,0,,,,,0,0.3,0.04,0,0,0,0,,lgd_0.30_funding_cost_0.04_joint,nominal_equality,False,0.2318618526,lgd_funding_joint,mean,0.5,0.3,0.04,4950
E83,***社会福利院（***社会福利社会化服务中心）,B,elastic_net_logistic,0.5444532255,selected_model_risk_score,13,0.1056910569,不放贷,优化模型未选择,0,0,,,,,0,0.3,0.04,0,0,0,0,,lgd_0.30_funding_cost_0.04_joint,nominal_equality,False,0.6237840466,lgd_funding_joint,mean,0.5,0.3,0.04,4950
E84,***建材有限公司,A,elastic_net_logistic,0.1532688251,selected_model_risk_score,57,0.4634146341,不放贷,优化模型未选择,0,0,,,,,0,0.3,0.04,0,0,0,0,,lgd_0.30_funding_cost_0.04_joint,nominal_equality,False,0.1694921296,lgd_funding_joint,mean,0.5,0.3,0.04,4950
E85,***安防科技有限公司,B,elastic_net_logistic,0.2264316686,selected_model_risk_score,42,0.3414634146,不放贷,优化模型未选择,0,0,,,,,0,0.3,0.04,0,0,0,0,,lgd_0.30_funding_cost_0.04_joint,nominal_equality,False,0.2483347601,lgd_funding_joint,mean,0.5,0.3,0.04,4950
E86,***地质工程勘察院***分院,C,elastic_net_logistic,0.2808208394,selected_model_risk_score,34,0.2764227642,不放贷,优化模型未选择,0,0,,,,,0,0.3,0.04,0,0,0,0,,lgd_0.30_funding_cost_0.04_joint,nominal_equality,False,0.3548090468,lgd_funding_joint,mean,0.5,0.3,0.04,4950
E87,***实业有限责任公司,C,elastic_net_logistic,0.234076271,selected_model_risk_score,40,0.325203252,不放贷,优化模型未选择,0,0,,,,,0,0.3,0.04,0,0,0,0,,lgd_0.30_funding_cost_0.04_joint,nominal_equality,False,0.2796569295,lgd_funding_joint,mean,0.5,0.3,0.04,4950
E88,***贸易有限公司,A,elastic_net_logistic,0.1654327803,selected_model_risk_score,55,0.4471544715,不放贷,优化模型未选择,0,0,,,,,0,0.3,0.04,0,0,0,0,,lgd_0.30_funding_cost_0.04_joint,nominal_equality,False,0.189066442,lgd_funding_joint,mean,0.5,0.3,0.04,4950
E89,***物资有限公司,A,elastic_net_logistic,0.3344336244,selected_model_risk_score,29,0.2357723577,不放贷,优化模型未选择,0,0,,,,,0,0.3,0.04,0,0,0,0,,lgd_0.30_funding_cost_0.04_joint,nominal_equality,False,0.3672701532,lgd_funding_joint,mean,0.5,0.3,0.04,4950
E9,***生活用品服务有限公司***分公司,A,elastic_net_logistic,0.02174866462,selected_model_risk_score,122,0.9918699187,放贷,优化模型选择,100,1000000,0.0985,9.85,0.7083020233,0.2916979767,29.16979767,0.3,0.04,2.810736262,0.190321244,1.166791907,1.453623111,0.01453623111,lgd_0.30_funding_cost_0.04_joint,nominal_equality,False,0.02531048472,lgd_funding_joint,mean,0.5,0.3,0.04,4950
E90,***文化传媒有限责任公司,C,elastic_net_logistic,0.2928954659,selected_model_risk_score,31,0.2520325203,不放贷,优化模型未选择,0,0,,,,,0,0.3,0.04,0,0,0,0,,lgd_0.30_funding_cost_0.04_joint,nominal_equality,False,0.3272754126,lgd_funding_joint,mean,0.5,0.3,0.04,4950
E91,***科技实业有限公司,A,elastic_net_logistic,0.123879862,selected_model_risk_score,62,0.5040650407,不放贷,优化模型未选择,0,0,,,,,0,0.3,0.04,0,0,0,0,,lgd_0.30_funding_cost_0.04_joint,nominal_equality,False,0.1563985381,lgd_funding_joint,mean,0.5,0.3,0.04,4950
E92,***地质灾害防治有限公司,C,elastic_net_logistic,0.3701163354,selected_model_risk_score,24,0.1951219512,不放贷,优化模型未选择,0,0,,,,,0,0.3,0.04,0,0,0,0,,lgd_0.30_funding_cost_0.04_joint,nominal_equality,False,0.4190045907,lgd_funding_joint,mean,0.5,0.3,0.04,4950
E93,***电脑设计事务所,B,elastic_net_logistic,0.2376719561,selected_model_risk_score,39,0.3170731707,不放贷,优化模型未选择,0,0,,,,,0,0.3,0.04,0,0,0,0,,lgd_0.30_funding_cost_0.04_joint,nominal_equality,False,0.2575297987,lgd_funding_joint,mean,0.5,0.3,0.04,4950
E94,***汽车美容有限公司,C,elastic_net_logistic,0.3420261826,selected_model_risk_score,27,0.2195121951,不放贷,优化模型未选择,0,0,,,,,0,0.3,0.04,0,0,0,0,,lgd_0.30_funding_cost_0.04_joint,nominal_equality,False,0.3879661601,lgd_funding_joint,mean,0.5,0.3,0.04,4950
E95,***兰花店,B,elastic_net_logistic,0.1441316116,selected_model_risk_score,59,0.4796747967,不放贷,优化模型未选择,0,0,,,,,0,0.3,0.04,0,0,0,0,,lgd_0.30_funding_cost_0.04_joint,nominal_equality,False,0.1745511804,lgd_funding_joint,mean,0.5,0.3,0.04,4950
E96,***土地整理有限公司,C,elastic_net_logistic,0.8080355745,selected_model_risk_score,1,0.008130081301,不放贷,优化模型未选择,0,0,,,,,0,0.3,0.04,0,0,0,0,,lgd_0.30_funding_cost_0.04_joint,nominal_equality,False,0.854739214,lgd_funding_joint,mean,0.5,0.3,0.04,4950
E97,***美工装饰部,B,elastic_net_logistic,0.2602897628,selected_model_risk_score,35,0.2845528455,不放贷,优化模型未选择,0,0,,,,,0,0.3,0.04,0,0,0,0,,lgd_0.30_funding_cost_0.04_joint,nominal_equality,False,0.3283525845,lgd_funding_joint,mean,0.5,0.3,0.04,4950
E98,***文化传播有限公司,B,elastic_net_logistic,0.2814270169,selected_model_risk_score,33,0.2682926829,不放贷,优化模型未选择,0,0,,,,,0,0.3,0.04,0,0,0,0,,lgd_0.30_funding_cost_0.04_joint,nominal_equality,False,0.3034353338,lgd_funding_joint,mean,0.5,0.3,0.04,4950
E99,***建筑工程有限责任公司,D,elastic_net_logistic,0.5839846822,selected_model_risk_score,10,0.08130081301,不放贷,D级企业原则上不予放贷,0,0,,,,,0,0.3,0.04,0,0,0,0,,lgd_0.30_funding_cost_0.04_joint,nominal_equality,False,0.6898712011,lgd_funding_joint,mean,0.5,0.3,0.04,4950
E1,***电器销售有限公司,A,elastic_net_logistic,0.05655542179,selected_model_risk_score,104,0.8455284553,放贷,优化模型选择,100,1000000,0.0985,9.85,0.7083020233,0.2916979767,29.16979767,0.5,0.02,2.710728615,0.8248551054,0.5833959534,1.302477556,0.01302477556,lgd_0.50_funding_cost_0.02_joint,nominal_equality,False,0.0730491674,lgd_funding_joint,mean,0.5,0.5,0.02,4950
E10,***建筑劳务有限公司,B,elastic_net_logistic,0.06093491817,selected_model_risk_score,102,0.8292682927,放贷,优化模型选择,100,1000000,0.1065,10.65,0.7053159925,0.2946840075,29.46840075,0.5,0.02,2.947147466,0.8978272942,0.589368015,1.459952157,0.01459952157,lgd_0.50_funding_cost_0.02_joint,nominal_equality,False,0.07833730674,lgd_funding_joint,mean,0.5,0.5,0.02,4950
E100,***装饰工程有限公司,D,elastic_net_logistic,0.2578903118,selected_model_risk_score,36,0.2926829268,不放贷,D级企业原则上不予放贷,0,0,,,,,0,0.5,0.02,0,0,0,0,,lgd_0.50_funding_cost_0.02_joint,nominal_equality,False,0.3416804479,lgd_funding_joint,mean,0.5,0.5,0.02,4950
E101,***灯饰工程有限公司,D,elastic_net_logistic,0.7098560409,selected_model_risk_score,6,0.0487804878,不放贷,D级企业原则上不予放贷,0,0,,,,,0,0.5,0.02,0,0,0,0,,lgd_0.50_funding_cost_0.02_joint,nominal_equality,False,0.7897592201,lgd_funding_joint,mean,0.5,0.5,0.02,4950
E102,***大药房有限责任公司,D,elastic_net_logistic,0.4733747116,selected_model_risk_score,17,0.1382113821,不放贷,D级企业原则上不予放贷,0,0,,,,,0,0.5,0.02,0,0,0,0,,lgd_0.50_funding_cost_0.02_joint,nominal_equality,False,0.6183651775,lgd_funding_joint,mean,0.5,0.5,0.02,4950
E103,***科技有限公司,D,elastic_net_logistic,0.4055458126,selected_model_risk_score,22,0.1788617886,不放贷,D级企业原则上不予放贷,0,0,,,,,0,0.5,0.02,0,0,0,0,,lgd_0.50_funding_cost_0.02_joint,nominal_equality,False,0.4768661053,lgd_funding_joint,mean,0.5,0.5,0.02,4950
E104,***管理咨询有限责任公司,C,elastic_net_logistic,0.5371556855,selected_model_risk_score,14,0.1138211382,不放贷,优化模型未选择,0,0,,,,,0,0.5,0.02,0,0,0,0,,lgd_0.50_funding_cost_0.02_joint,nominal_equality,False,0.6048969633,lgd_funding_joint,mean,0.5,0.5,0.02,4950
E105,***建材经营部,C,elastic_net_logistic,0.2296735143,selected_model_risk_score,41,0.3333333333,不放贷,优化模型未选择,0,0,,,,,0,0.5,0.02,0,0,0,0,,lgd_0.50_funding_cost_0.02_joint,nominal_equality,False,0.3150886304,lgd_funding_joint,mean,0.5,0.5,0.02,4950
E106,***财务管理有限公司,B,elastic_net_logistic,0.25387818,selected_model_risk_score,37,0.3008130081,不放贷,优化模型未选择,0,0,,,,,0,0.5,0.02,0,0,0,0,,lgd_0.50_funding_cost_0.02_joint,nominal_equality,False,0.2861266308,lgd_funding_joint,mean,0.5,0.5,0.02,4950
E107,***科技有限公司,D,elastic_net_logistic,0.6278756036,selected_model_risk_score,8,0.06504065041,不放贷,D级企业原则上不予放贷,0,0,,,,,0,0.5,0.02,0,0,0,0,,lgd_0.50_funding_cost_0.02_joint,nominal_equality,False,0.6820972821,lgd_funding_joint,mean,0.5,0.5,0.02,4950
E108,***商贸有限公司,D,elastic_net_logistic,0.5221807895,selected_model_risk_score,15,0.1219512195,不放贷,D级企业原则上不予放贷,0,0,,,,,0,0.5,0.02,0,0,0,0,,lgd_0.50_funding_cost_0.02_joint,nominal_equality,False,0.6296705299,lgd_funding_joint,mean,0.5,0.5,0.02,4950
E109,***服饰有限公司,D,elastic_net_logistic,0.5493640614,selected_model_risk_score,12,0.09756097561,不放贷,D级企业原则上不予放贷,0,0,,,,,0,0.5,0.02,0,0,0,0,,lgd_0.50_funding_cost_0.02_joint,nominal_equality,False,0.6102205923,lgd_funding_joint,mean,0.5,0.5,0.02,4950
E11,***建设工程有限公司,C,elastic_net_logistic,0.07723891572,selected_model_risk_score,93,0.756097561,放贷,优化模型选择,100,1000000,0.1105,11.05,0.7151023945,0.2848976055,28.48976055,0.5,0.02,2.904961278,1.100259107,0.569795211,1.23490696,0.0123490696,lgd_0.50_funding_cost_0.02_joint,nominal_equality,False,0.1001763276,lgd_funding_joint,mean,0.5,0.5,0.02,4950
E110,***通讯器材经营部,C,elastic_net_logistic,0.5711527053,selected_model_risk_score,11,0.08943089431,不放贷,优化模型未选择,0,0,,,,,0,0.5,0.02,0,0,0,0,,lgd_0.50_funding_cost_0.02_joint,nominal_equality,False,0.6124762668,lgd_funding_joint,mean,0.5,0.5,0.02,4950
E111,***科技有限公司,D,elastic_net_logistic,0.1919246162,selected_model_risk_score,49,0.3983739837,不放贷,D级企业原则上不予放贷,0,0,,,,,0,0.5,0.02,0,0,0,0,,lgd_0.50_funding_cost_0.02_joint,nominal_equality,False,0.3189536769,lgd_funding_joint,mean,0.5,0.5,0.02,4950
E112,***机械设备有限公司,D,elastic_net_logistic,0.4170540731,selected_model_risk_score,20,0.162601626,不放贷,D级企业原则上不予放贷,0,0,,,,,0,0.5,0.02,0,0,0,0,,lgd_0.50_funding_cost_0.02_joint,nominal_equality,False,0.5129040595,lgd_funding_joint,mean,0.5,0.5,0.02,4950
E113,***美居科技有限公司,D,elastic_net_logistic,0.7592451553,selected_model_risk_score,4,0.0325203252,不放贷,D级企业原则上不予放贷,0,0,,,,,0,0.5,0.02,0,0,0,0,,lgd_0.50_funding_cost_0.02_joint,nominal_equality,False,0.8315439659,lgd_funding_joint,mean,0.5,0.5,0.02,4950
E114,***食品有限责任公司,D,elastic_net_logistic,0.4770804739,selected_model_risk_score,16,0.1300813008,不放贷,D级企业原则上不予放贷,0,0,,,,,0,0.5,0.02,0,0,0,0,,lgd_0.50_funding_cost_0.02_joint,nominal_equality,False,0.5421990478,lgd_funding_joint,mean,0.5,0.5,0.02,4950
E115,***装饰工程有限公司,D,elastic_net_logistic,0.7835354924,selected_model_risk_score,2,0.0162601626,不放贷,D级企业原则上不予放贷,0,0,,,,,0,0.5,0.02,0,0,0,0,,lgd_0.50_funding_cost_0.02_joint,nominal_equality,False,0.8331104651,lgd_funding_joint,mean,0.5,0.5,0.02,4950
E116,***门窗有限公司,D,elastic_net_logistic,0.4160885126,selected_model_risk_score,21,0.1707317073,不放贷,D级企业原则上不予放贷,0,0,,,,,0,0.5,0.02,0,0,0,0,,lgd_0.50_funding_cost_0.02_joint,nominal_equality,False,0.532859258,lgd_funding_joint,mean,0.5,0.5,0.02,4950
E117,***人力资源管理咨询有限公司,D,elastic_net_logistic,0.6343060557,selected_model_risk_score,7,0.05691056911,不放贷,D级企业原则上不予放贷,0,0,,,,,0,0.5,0.02,0,0,0,0,,lgd_0.50_funding_cost_0.02_joint,nominal_equality,False,0.7561127553,lgd_funding_joint,mean,0.5,0.5,0.02,4950
E118,***体育用品有限公司,D,elastic_net_logistic,0.3859533716,selected_model_risk_score,23,0.1869918699,不放贷,D级企业原则上不予放贷,0,0,,,,,0,0.5,0.02,0,0,0,0,,lgd_0.50_funding_cost_0.02_joint,nominal_equality,False,0.4429217794,lgd_funding_joint,mean,0.5,0.5,0.02,4950
E119,***药房,D,elastic_net_logistic,0.6253065711,selected_model_risk_score,9,0.07317073171,不放贷,D级企业原则上不予放贷,0,0,,,,,0,0.5,0.02,0,0,0,0,,lgd_0.50_funding_cost_0.02_joint,nominal_equality,False,0.6891769584,lgd_funding_joint,mean,0.5,0.5,0.02,4950
E12,***建筑劳务有限公司,B,elastic_net_logistic,0.08202986653,selected_model_risk_score,88,0.7154471545,放贷,优化模型选择,100,1000000,0.1185,11.85,0.7692116619,0.2307883381,23.07883381,0.5,0.02,2.510503098,0.9465768286,0.4615766762,1.102349593,0.01102349593,lgd_0.50_funding_cost_0.02_joint,nominal_equality,False,0.1054632903,lgd_funding_joint,mean,0.5,0.5,0.02,4950
E120,***陈列广告有限公司,D,elastic_net_logistic,0.721226934,selected_model_risk_score,5,0.0406504065,不放贷,D级企业原则上不予放贷,0,0,,,,,0,0.5,0.02,0,0,0,0,,lgd_0.50_funding_cost_0.02_joint,nominal_equality,False,0.7608714869,lgd_funding_joint,mean,0.5,0.5,0.02,4950
E121,***药业连锁有限公司***药店,D,elastic_net_logistic,0.4662178212,selected_model_risk_score,18,0.1463414634,不放贷,D级企业原则上不予放贷,0,0,,,,,0,0.5,0.02,0,0,0,0,,lgd_0.50_funding_cost_0.02_joint,nominal_equality,False,0.5621951951,lgd_funding_joint,mean,0.5,0.5,0.02,4950
E122,***商贸有限责任公司,D,elastic_net_logistic,0.4500783219,selected_model_risk_score,19,0.1544715447,不放贷,D级企业原则上不予放贷,0,0,,,,,0,0.5,0.02,0,0,0,0,,lgd_0.50_funding_cost_0.02_joint,nominal_equality,False,0.6021516604,lgd_funding_joint,mean,0.5,0.5,0.02,4950
E123,***创科技有限责任公司,D,elastic_net_logistic,0.7819761114,selected_model_risk_score,3,0.0243902439,不放贷,D级企业原则上不予放贷,0,0,,,,,0,0.5,0.02,0,0,0,0,,lgd_0.50_funding_cost_0.02_joint,nominal_equality,False,0.8270597923,lgd_funding_joint,mean,0.5,0.5,0.02,4950
E13,***汽车贸易有限公司,A,elastic_net_logistic,0.04053604698,selected_model_risk_score,113,0.918699187,放贷,优化模型选择,100,1000000,0.0985,9.85,0.7083020233,0.2916979767,29.16979767,0.5,0.02,2.756755884,0.5912141444,0.5833959534,1.582145786,0.01582145786,lgd_0.50_funding_cost_0.02_joint,nominal_equality,False,0.05373417783,lgd_funding_joint,mean,0.5,0.5,0.02,4950
E14,个体经营E14,C,elastic_net_logistic,0.03261041867,selected_model_risk_score,117,0.9512195122,放贷,优化模型选择,100,1000000,0.0905,9.05,0.5900970447,0.4099029553,40.99029553,0.5,0.02,3.588649427,0.6683553493,0.8198059106,2.100488167,0.02100488167,lgd_0.50_funding_cost_0.02_joint,nominal_equality,False,0.04024201468,lgd_funding_joint,mean,0.5,0.5,0.02,4950
E15,***劳务有限公司,A,elastic_net_logistic,0.07381492047,selected_model_risk_score,95,0.7723577236,放贷,优化模型选择,100,1000000,0.1225,12.25,0.8148090077,0.1851909923,18.51909923,0.5,0.02,2.101133891,0.6834929184,0.3703819846,1.047258988,0.01047258988,lgd_0.50_funding_cost_0.02_joint,nominal_equality,False,0.1036254123,lgd_funding_joint,mean,0.5,0.5,0.02,4950
E16,***建筑劳务有限公司,A,elastic_net_logistic,0.04998777847,selected_model_risk_score,108,0.8780487805,放贷,优化模型选择,100,1000000,0.0985,9.85,0.7083020233,0.2916979767,29.16979767,0.5,0.02,2.729598932,0.729066692,0.5833959534,1.417136287,0.01417136287,lgd_0.50_funding_cost_0.02_joint,nominal_equality,False,0.0624669862,lgd_funding_joint,mean,0.5,0.5,0.02,4950
E17,***消防工程有限公司,A,elastic_net_logistic,0.04649981408,selected_model_risk_score,111,0.9024390244,放贷,优化模型选择,100,1000000,0.0985,9.85,0.7083020233,0.2916979767,29.16979767,0.5,0.02,2.739620639,0.6781950842,0.5833959534,1.478029601,0.01478029601,lgd_0.50_funding_cost_0.02_joint,nominal_equality,False,0.05349825243,lgd_funding_joint,mean,0.5,0.5,0.02,4950
E18,***消防工程有限责任公司,A,elastic_net_logistic,0.04857513816,selected_model_risk_score,109,0.8861788618,放贷,优化模型选择,100,1000000,0.0985,9.85,0.7083020233,0.2916979767,29.16979767,0.5,0.02,2.733657766,0.708463476,0.5833959534,1.441798336,0.01441798336,lgd_0.50_funding_cost_0.02_joint,nominal_equality,False,0.06117933194,lgd_funding_joint,mean,0.5,0.5,0.02,4950
E19,***科技有限公司,A,elastic_net_logistic,0.06543754966,selected_model_risk_score,100,0.8130081301,放贷,优化模型选择,100,1000000,0.1025,10.25,0.7312754013,0.2687245987,26.87245987,0.5,0.02,2.574184174,0.8792339636,0.5374491974,1.157501013,0.01157501013,lgd_0.50_funding_cost_0.02_joint,nominal_equality,False,0.09093656268,lgd_funding_joint,mean,0.5,0.5,0.02,4950
E2,***技术有限责任公司,A,elastic_net_logistic,0.02833749753,selected_model_risk_score,119,0.9674796748,放贷,优化模型选择,100,1000000,0.0745,7.45,0.511096612,0.488903388,48.8903388,0.5,0.02,3.539115716,0.6927149275,0.977806776,1.868594013,0.01868594013,lgd_0.50_funding_cost_0.02_joint,nominal_equality,False,0.03642833627,lgd_funding_joint,mean,0.5,0.5,0.02,4950
E20,***贸易有限公司,B,elastic_net_logistic,0.04546270238,selected_model_risk_score,112,0.9105691057,放贷,优化模型选择,100,1000000,0.1065,10.65,0.7053159925,0.2946840075,29.46840075,0.5,0.02,2.995705231,0.6698565665,0.589368015,1.73648065,0.0173648065,lgd_0.50_funding_cost_0.02_joint,nominal_equality,False,0.06402096704,lgd_funding_joint,mean,0.5,0.5,0.02,4950
E21,***建设工程有限公司,B,elastic_net_logistic,0.08415779812,selected_model_risk_score,85,0.6910569106,放贷,优化模型选择,100,1000000,0.1185,11.85,0.7692116619,0.2307883381,23.07883381,0.5,0.02,2.504683542,0.9711319183,0.4615766762,1.071974947,0.01071974947,lgd_0.50_funding_cost_0.02_joint,nominal_equality,False,0.09612822768,lgd_funding_joint,mean,0.5,0.5,0.02,4950
E22,***物流有限公司,A,elastic_net_logistic,0.08272431763,selected_model_risk_score,87,0.7073170732,放贷,优化模型选择,100,1000000,0.1225,12.25,0.8148090077,0.1851909923,18.51909923,0.5,0.02,2.080922124,0.7659899235,0.3703819846,0.9445502164,0.009445502164,lgd_0.50_funding_cost_0.02_joint,nominal_equality,False,0.09349623574,lgd_funding_joint,mean,0.5,0.5,0.02,4950
E23,***贸易有限公司,B,elastic_net_logistic,0.03337482103,selected_model_risk_score,116,0.9430894309,放贷,优化模型选择,100,1000000,0.0945,9.45,0.6356051463,0.3643948537,36.43948537,0.5,0.02,3.328604124,0.6080806513,0.7287897074,1.991733766,0.01991733766,lgd_0.50_funding_cost_0.02_joint,nominal_equality,False,0.04082479351,lgd_funding_joint,mean,0.5,0.5,0.02,4950
E24,***建筑工程有限公司,A,elastic_net_logistic,0.04702949043,selected_model_risk_score,110,0.8943089431,放贷,优化模型选择,100,1000000,0.0985,9.85,0.7083020233,0.2916979767,29.16979767,0.5,0.02,2.73809876,0.6859203602,0.5833959534,1.468782446,0.01468782446,lgd_0.50_funding_cost_0.02_joint,nominal_equality,False,0.06125175229,lgd_funding_joint,mean,0.5,0.5,0.02,4950
E25,***通讯设备有限公司,C,elastic_net_logistic,0.08202047653,selected_model_risk_score,89,0.7235772358,放贷,优化模型选择,100,1000000,0.1105,11.05,0.7151023945,0.2848976055,28.48976055,0.5,0.02,2.889908358,1.168371868,0.569795211,1.151741279,0.01151741279,lgd_0.50_funding_cost_0.02_joint,nominal_equality,False,0.09686547054,lgd_funding_joint,mean,0.5,0.5,0.02,4950
E26,***金属材料有限公司,A,elastic_net_logistic,0.1342940789,selected_model_risk_score,61,0.4959349593,不放贷,优化模型未选择,0,0,,,,,0,0.5,0.02,0,0,0,0,,lgd_0.50_funding_cost_0.02_joint,nominal_equality,False,0.1782110185,lgd_funding_joint,mean,0.5,0.5,0.02,4950
E27,***农业开发有限公司,A,elastic_net_logistic,0.1103832985,selected_model_risk_score,70,0.5691056911,不放贷,优化模型未选择,0,0,,,,,0,0.5,0.02,0,0,0,0,,lgd_0.50_funding_cost_0.02_joint,nominal_equality,False,0.1369068444,lgd_funding_joint,mean,0.5,0.5,0.02,4950
E28,***景观工程有限公司,B,elastic_net_logistic,0.09966092865,selected_model_risk_score,76,0.6178861789,放贷,优化模型选择,100,1000000,0.1425,14.25,0.8439092946,0.1560907054,15.60907054,0.5,0.02,2.002617491,0.7778072327,0.3121814108,0.9126288471,0.009126288471,lgd_0.50_funding_cost_0.02_joint,nominal_equality,False,0.1193350508,lgd_funding_joint,mean,0.5,0.5,0.02,4950
E29,***建筑劳务有限公司,C,elastic_net_logistic,0.07253671793,selected_model_risk_score,96,0.7804878049,放贷,优化模型选择,100,1000000,0.1105,11.05,0.7151023945,0.2848976055,28.48976055,0.5,0.02,2.919764354,1.033276862,0.569795211,1.316692281,0.01316692281,lgd_0.50_funding_cost_0.02_joint,nominal_equality,False,0.08548890218,lgd_funding_joint,mean,0.5,0.5,0.02,4950
E3,***电子(中国)有限公司***分公司,C,elastic_net_logistic,0.02153611417,selected_model_risk_score,123,1,放贷,优化模型选择,100,1000000,0.0905,9.05,0.5900970447,0.4099029553,40.99029553,0.5,0.02,3.629730908,0.4413858422,0.8198059106,2.368539155,0.02368539155,lgd_0.50_funding_cost_0.02_joint,nominal_equality,False,0.025281018,lgd_funding_joint,mean,0.5,0.5,0.02,4950
E30,***建筑工程有限公司,B,elastic_net_logistic,0.07713913412,selected_model_risk_score,94,0.7642276423,放贷,优化模型选择,100,1000000,0.1185,11.85,0.7692116619,0.2307883381,23.07883381,0.5,0.02,2.523878478,0.8901406283,0.4615766762,1.172161173,0.01172161173,lgd_0.50_funding_cost_0.02_joint,nominal_equality,False,0.1024182862,lgd_funding_joint,mean,0.5,0.5,0.02,4950
E31,***食品有限公司,A,elastic_net_logistic,0.0367643069,selected_model_risk_score,115,0.9349593496,放贷,优化模型选择,100,1000000,0.0985,9.85,0.7083020233,0.2916979767,29.16979767,0.5,0.02,2.767592942,0.5362036969,0.5833959534,1.647993292,0.01647993292,lgd_0.50_funding_cost_0.02_joint,nominal_equality,False,0.04188668071,lgd_funding_joint,mean,0.5,0.5,0.02,4950
E32,***建筑劳务有限公司,B,elastic_net_logistic,0.09279588464,selected_model_risk_score,79,0.6422764228,放贷,优化模型选择,100,1000000,0.1425,14.25,0.8439092946,0.1560907054,15.60907054,0.5,0.02,2.017887357,0.7242287546,0.3121814108,0.9814771915,0.009814771915,lgd_0.50_funding_cost_0.02_joint,nominal_equality,False,0.104597557,lgd_funding_joint,mean,0.5,0.5,0.02,4950
E33,***园林有限责任公司,B,elastic_net_logistic,0.09823760896,selected_model_risk_score,77,0.6260162602,放贷,优化模型选择,100,1000000,0.1425,14.25,0.8439092946,0.1560907054,15.60907054,0.5,0.02,2.00578337,0.766698884,0.3121814108,0.9269030753,0.009269030753,lgd_0.50_funding_cost_0.02_joint,nominal_equality,False,0.1158892222,lgd_funding_joint,mean,0.5,0.5,0.02,4950
E34,***建设工程有限公司,B,elastic_net_logistic,0.1015652078,selected_model_risk_score,75,0.6097560976,放贷,优化模型选择,100,1000000,0.1425,14.25,0.8439092946,0.1560907054,15.60907054,0.5,0.02,1.998381817,0.7926692465,0.3121814108,0.8935311594,0.008935311594,lgd_0.50_funding_cost_0.02_joint,nominal_equality,False,0.1393444528,lgd_funding_joint,mean,0.5,0.5,0.02,4950
E35,***商贸有限公司,B,elastic_net_logistic,0.08567951436,selected_model_risk_score,83,0.674796748,放贷,优化模型选择,100,1000000,0.1425,14.25,0.8439092946,0.1560907054,15.60907054,0.5,0.02,2.033716246,0.6686887917,0.3121814108,1.052846044,0.01052846044,lgd_0.50_funding_cost_0.02_joint,nominal_equality,False,0.1006056864,lgd_funding_joint,mean,0.5,0.5,0.02,4950
E36,***超硬材料有限公司,D,elastic_net_logistic,0.05081789908,selected_model_risk_score,107,0.8699186992,不放贷,D级企业原则上不予放贷,0,0,,,,,0,0.5,0.02,0,0,0,0,,lgd_0.50_funding_cost_0.02_joint,nominal_equality,False,0.06163613971,lgd_funding_joint,mean,0.5,0.5,0.02,4950
E37,***木业有限公司,B,elastic_net_logistic,0.084549486,selected_model_risk_score,84,0.6829268293,放贷,优化模型选择,100,1000000,0.1185,11.85,0.7692116619,0.2307883381,23.07883381,0.5,0.02,2.503612337,0.9756517681,0.4615766762,1.066383893,0.01066383893,lgd_0.50_funding_cost_0.02_joint,nominal_equality,False,0.1088428529,lgd_funding_joint,mean,0.5,0.5,0.02,4950
E38,***建设工程有限公司,B,elastic_net_logistic,0.1218095512,selected_model_risk_score,63,0.512195122,不放贷,优化模型未选择,0,0,,,,,0,0.5,0.02,0,0,0,0,,lgd_0.50_funding_cost_0.02_joint,nominal_equality,False,0.1460270212,lgd_funding_joint,mean,0.5,0.5,0.02,4950
E39,***建筑劳务有限公司,C,elastic_net_logistic,0.1815109557,selected_model_risk_score,52,0.4227642276,不放贷,优化模型未选择,0,0,,,,,0,0.5,0.02,0,0,0,0,,lgd_0.50_funding_cost_0.02_joint,nominal_equality,False,0.2307578892,lgd_funding_joint,mean,0.5,0.5,0.02,4950
E4,***发展有限责任公司,C,elastic_net_logistic,0.03106769432,selected_model_risk_score,118,0.9593495935,放贷,优化模型选择,100,1000000,0.0905,9.05,0.5900970447,0.4099029553,40.99029553,0.5,0.02,3.594372351,0.6367369858,0.8198059106,2.137829455,0.02137829455,lgd_0.50_funding_cost_0.02_joint,nominal_equality,False,0.04400979025,lgd_funding_joint,mean,0.5,0.5,0.02,4950
E40,***财税咨询服务有限公司,C,elastic_net_logistic,0.08113873174,selected_model_risk_score,90,0.7317073171,放贷,优化模型选择,100,1000000,0.1105,11.05,0.7151023945,0.2848976055,28.48976055,0.5,0.02,2.892684195,1.155811519,0.569795211,1.167077465,0.01167077465,lgd_0.50_funding_cost_0.02_joint,nominal_equality,False,0.09293248415,lgd_funding_joint,mean,0.5,0.5,0.02,4950
E41,***物业发展有限公司,C,elastic_net_logistic,0.07916167381,selected_model_risk_score,91,0.7398373984,放贷,优化模型选择,100,1000000,0.1105,11.05,0.7151023945,0.2848976055,28.48976055,0.5,0.02,2.898908208,1.127648566,0.569795211,1.201464431,0.01201464431,lgd_0.50_funding_cost_0.02_joint,nominal_equality,False,0.09683047914,lgd_funding_joint,mean,0.5,0.5,0.02,4950
E42,***园艺场,A,elastic_net_logistic,0.1200846128,selected_model_risk_score,66,0.5365853659,不放贷,优化模型未选择,0,0,,,,,0,0.5,0.02,0,0,0,0,,lgd_0.50_funding_cost_0.02_joint,nominal_equality,False,0.1475914741,lgd_funding_joint,mean,0.5,0.5,0.02,4950
E43,***建设工程有限公司,B,elastic_net_logistic,0.1927952664,selected_model_risk_score,48,0.3902439024,不放贷,优化模型未选择,0,0,,,,,0,0.5,0.02,0,0,0,0,,lgd_0.50_funding_cost_0.02_joint,nominal_equality,False,0.2145282193,lgd_funding_joint,mean,0.5,0.5,0.02,4950
E44,***商贸有限公司,C,elastic_net_logistic,0.08616234673,selected_model_risk_score,82,0.6666666667,放贷,优化模型选择,100,1000000,0.1105,11.05,0.7151023945,0.2848976055,28.48976055,0.5,0.02,2.87686926,1.227372313,0.569795211,1.079701735,0.01079701735,lgd_0.50_funding_cost_0.02_joint,nominal_equality,False,0.1035354806,lgd_funding_joint,mean,0.5,0.5,0.02,4950
E45,个体经营E45,B,elastic_net_logistic,0.1068056002,selected_model_risk_score,73,0.593495935,不放贷,优化模型未选择,0,0,,,,,0,0.5,0.02,0,0,0,0,,lgd_0.50_funding_cost_0.02_joint,nominal_equality,False,0.1219197504,lgd_funding_joint,mean,0.5,0.5,0.02,4950
E46,***广告传媒有限公司,C,elastic_net_logistic,0.05276002815,selected_model_risk_score,105,0.8536585366,放贷,优化模型选择,100,1000000,0.1105,11.05,0.7151023945,0.2848976055,28.48976055,0.5,0.02,2.982023718,0.7515602843,0.569795211,1.660668223,0.01660668223,lgd_0.50_funding_cost_0.02_joint,nominal_equality,False,0.06245378683,lgd_funding_joint,mean,0.5,0.5,0.02,4950
E47,***控制设备有限责任公司,C,elastic_net_logistic,0.05124807767,selected_model_risk_score,106,0.8617886179,放贷,优化模型选择,100,1000000,0.1105,11.05,0.7151023945,0.2848976055,28.48976055,0.5,0.02,2.986783517,0.7300227307,0.569795211,1.686965576,0.01686965576,lgd_0.50_funding_cost_0.02_joint,nominal_equality,False,0.05822355401,lgd_funding_joint,mean,0.5,0.5,0.02,4950
E48,***化工有限公司,A,elastic_net_logistic,0.07070577235,selected_model_risk_score,97,0.7886178862,放贷,优化模型选择,100,1000000,0.1225,12.25,0.8148090077,0.1851909923,18.51909923,0.5,0.02,2.108187272,0.6547036071,0.3703819846,1.08310168,0.0108310168,lgd_0.50_funding_cost_0.02_joint,nominal_equality,False,0.08921054517,lgd_funding_joint,mean,0.5,0.5,0.02,4950
E49,***地球环保科技有限公司,C,elastic_net_logistic,0.09803729486,selected_model_risk_score,78,0.6341463415,放贷,优化模型选择,100,1000000,0.1425,14.25,0.8405321006,0.1594678994,15.94678994,0.5,0.02,2.049635895,0.7816900737,0.3189357988,0.9490100229,0.009490100229,lgd_0.50_funding_cost_0.02_joint,nominal_equality,False,0.1105965348,lgd_funding_joint,mean,0.5,0.5,0.02,4950
E5,***供应链管理有限公司,B,elastic_net_logistic,0.05668387407,selected_model_risk_score,103,0.837398374,放贷,优化模型选择,100,1000000,0.1065,10.65,0.7053159925,0.2946840075,29.46840075,0.5,0.02,2.960488878,0.8351915586,0.589368015,1.535929304,0.01535929304,lgd_0.50_funding_cost_0.02_joint,nominal_equality,False,0.07330978844,lgd_funding_joint,mean,0.5,0.5,0.02,4950
E50,***建筑劳务有限公司,C,elastic_net_logistic,0.1692453772,selected_model_risk_score,54,0.4390243902,不放贷,优化模型未选择,0,0,,,,,0,0.5,0.02,0,0,0,0,,lgd_0.50_funding_cost_0.02_joint,nominal_equality,False,0.2040258114,lgd_funding_joint,mean,0.5,0.5,0.02,4950
E51,***物流有限公司,B,elastic_net_logistic,0.0697365828,selected_model_risk_score,98,0.7967479675,放贷,优化模型选择,100,1000000,0.1065,10.65,0.7053159925,0.2946840075,29.46840075,0.5,0.02,2.919524457,1.027512784,0.589368015,1.302643657,0.01302643657,lgd_0.50_funding_cost_0.02_joint,nominal_equality,False,0.07874952738,lgd_funding_joint,mean,0.5,0.5,0.02,4950
E52,***商贸有限公司,D,elastic_net_logistic,0.2136303318,selected_model_risk_score,44,0.3577235772,不放贷,D级企业原则上不予放贷,0,0,,,,,0,0.5,0.02,0,0,0,0,,lgd_0.50_funding_cost_0.02_joint,nominal_equality,False,0.2416471762,lgd_funding_joint,mean,0.5,0.5,0.02,4950
E53,***文化传媒有限公司,C,elastic_net_logistic,0.107156181,selected_model_risk_score,71,0.5772357724,不放贷,优化模型未选择,0,0,,,,,0,0.5,0.02,0,0,0,0,,lgd_0.50_funding_cost_0.02_joint,nominal_equality,False,0.1294528809,lgd_funding_joint,mean,0.5,0.5,0.02,4950
E54,***新技术开发有限公司,A,elastic_net_logistic,0.06439978133,selected_model_risk_score,101,0.8211382114,放贷,优化模型选择,100,1000000,0.1025,10.25,0.7312754013,0.2687245987,26.87245987,0.5,0.02,2.577042631,0.8652902697,0.5374491974,1.174303164,0.01174303164,lgd_0.50_funding_cost_0.02_joint,nominal_equality,False,0.08481402429,lgd_funding_joint,mean,0.5,0.5,0.02,4950
E55,***集团有限公司***电力设备分公司,C,elastic_net_logistic,0.1835760094,selected_model_risk_score,51,0.4146341463,不放贷,优化模型未选择,0,0,,,,,0,0.5,0.02,0,0,0,0,,lgd_0.50_funding_cost_0.02_joint,nominal_equality,False,0.2408611135,lgd_funding_joint,mean,0.5,0.5,0.02,4950
E56,***家居材料***有限公司,C,elastic_net_logistic,0.08755638262,selected_model_risk_score,81,0.6585365854,放贷,优化模型选择,100,1000000,0.1425,14.25,0.8405321006,0.1594678994,15.94678994,0.5,0.02,2.073452905,0.6981216208,0.3189357988,1.056395485,0.01056395485,lgd_0.50_funding_cost_0.02_joint,nominal_equality,False,0.1073776577,lgd_funding_joint,mean,0.5,0.5,0.02,4950
E57,***机械设备有限公司,B,elastic_net_logistic,0.1025680758,selected_model_risk_score,74,0.6016260163,放贷,优化模型选择,100,1000000,0.1425,14.25,0.8439092946,0.1560907054,15.60907054,0.5,0.02,1.996151145,0.8004961652,0.3121814108,0.8834735689,0.008834735689,lgd_0.50_funding_cost_0.02_joint,nominal_equality,False,0.1291130293,lgd_funding_joint,mean,0.5,0.5,0.02,4950
E58,***油气工程建设有限责任公司,B,elastic_net_logistic,0.1498825704,selected_model_risk_score,58,0.4715447154,不放贷,优化模型未选择,0,0,,,,,0,0.5,0.02,0,0,0,0,,lgd_0.50_funding_cost_0.02_joint,nominal_equality,False,0.166452668,lgd_funding_joint,mean,0.5,0.5,0.02,4950
E59,***商贸有限公司,A,elastic_net_logistic,0.06896464342,selected_model_risk_score,99,0.8048780488,放贷,优化模型选择,100,1000000,0.1225,12.25,0.8148090077,0.1851909923,18.51909923,0.5,0.02,2.112137179,0.6385815374,0.3703819846,1.103173657,0.01103173657,lgd_0.50_funding_cost_0.02_joint,nominal_equality,False,0.07641618763,lgd_funding_joint,mean,0.5,0.5,0.02,4950
E6,***装饰设计工程有限公司,A,elastic_net_logistic,0.03828902106,selected_model_risk_score,114,0.9268292683,放贷,优化模型选择,100,1000000,0.0985,9.85,0.7083020233,0.2916979767,29.16979767,0.5,0.02,2.763212095,0.5584414987,0.5833959534,1.621374643,0.01621374643,lgd_0.50_funding_cost_0.02_joint,nominal_equality,False,0.04389193776,lgd_funding_joint,mean,0.5,0.5,0.02,4950
E60,***机械租赁有限公司,B,elastic_net_logistic,0.2143912442,selected_model_risk_score,43,0.3495934959,不放贷,优化模型未选择,0,0,,,,,0,0.5,0.02,0,0,0,0,,lgd_0.50_funding_cost_0.02_joint,nominal_equality,False,0.2335825691,lgd_funding_joint,mean,0.5,0.5,0.02,4950
E61,***调味品有限公司,B,elastic_net_logistic,0.07788330382,selected_model_risk_score,92,0.7479674797,放贷,优化模型选择,100,1000000,0.1185,11.85,0.7692116619,0.2307883381,23.07883381,0.5,0.02,2.521843291,0.8987279127,0.4615766762,1.161538702,0.01161538702,lgd_0.50_funding_cost_0.02_joint,nominal_equality,False,0.09484916536,lgd_funding_joint,mean,0.5,0.5,0.02,4950
E62,***工程造价咨询有限公司***分公司,B,elastic_net_logistic,0.1214523958,selected_model_risk_score,64,0.5203252033,不放贷,优化模型未选择,0,0,,,,,0,0.5,0.02,0,0,0,0,,lgd_0.50_funding_cost_0.02_joint,nominal_equality,False,0.1450170246,lgd_funding_joint,mean,0.5,0.5,0.02,4950
E63,***科技有限公司,B,elastic_net_logistic,0.08368298573,selected_model_risk_score,86,0.6991869919,放贷,优化模型选择,100,1000000,0.1185,11.85,0.7692116619,0.2307883381,23.07883381,0.5,0.02,2.505982079,0.9656528602,0.4615766762,1.078752542,0.01078752542,lgd_0.50_funding_cost_0.02_joint,nominal_equality,False,0.1084106096,lgd_funding_joint,mean,0.5,0.5,0.02,4950
E64,***图书有限责任公司,A,elastic_net_logistic,0.1124750355,selected_model_risk_score,69,0.5609756098,不放贷,优化模型未选择,0,0,,,,,0,0.5,0.02,0,0,0,0,,lgd_0.50_funding_cost_0.02_joint,nominal_equality,False,0.1209520698,lgd_funding_joint,mean,0.5,0.5,0.02,4950
E65,***商贸有限公司,B,elastic_net_logistic,0.0894097801,selected_model_risk_score,80,0.6504065041,放贷,优化模型选择,100,1000000,0.1425,14.25,0.8439092946,0.1560907054,15.60907054,0.5,0.02,2.025419044,0.6978017823,0.3121814108,1.015435851,0.01015435851,lgd_0.50_funding_cost_0.02_joint,nominal_equality,False,0.1016662421,lgd_funding_joint,mean,0.5,0.5,0.02,4950
E66,***快递有限公司,B,elastic_net_logistic,0.2947622952,selected_model_risk_score,30,0.243902439,不放贷,优化模型未选择,0,0,,,,,0,0.5,0.02,0,0,0,0,,lgd_0.50_funding_cost_0.02_joint,nominal_equality,False,0.3741353375,lgd_funding_joint,mean,0.5,0.5,0.02,4950
E67,***信息技术有限公司,B,elastic_net_logistic,0.1845447393,selected_model_risk_score,50,0.406504065,不放贷,优化模型未选择,0,0,,,,,0,0.5,0.02,0,0,0,0,,lgd_0.50_funding_cost_0.02_joint,nominal_equality,False,0.2088292217,lgd_funding_joint,mean,0.5,0.5,0.02,4950
E68,***花木总公司,C,elastic_net_logistic,0.3380718151,selected_model_risk_score,28,0.2276422764,不放贷,优化模型未选择,0,0,,,,,0,0.5,0.02,0,0,0,0,,lgd_0.50_funding_cost_0.02_joint,nominal_equality,False,0.3824767947,lgd_funding_joint,mean,0.5,0.5,0.02,4950
E69,***电子器材经营部,C,elastic_net_logistic,0.2503652668,selected_model_risk_score,38,0.3089430894,不放贷,优化模型未选择,0,0,,,,,0,0.5,0.02,0,0,0,0,,lgd_0.50_funding_cost_0.02_joint,nominal_equality,False,0.3207126735,lgd_funding_joint,mean,0.5,0.5,0.02,4950
E7,***家电有限公司***分公司,A,elastic_net_logistic,0.02580342326,selected_model_risk_score,121,0.9837398374,放贷,优化模型选择,100,1000000,0.0745,7.45,0.511096612,0.488903388,48.8903388,0.5,0.02,3.548345652,0.6307690527,0.977806776,1.939769823,0.01939769823,lgd_0.50_funding_cost_0.02_joint,nominal_equality,False,0.03436137967,lgd_funding_joint,mean,0.5,0.5,0.02,4950
E70,***科技有限公司,B,elastic_net_logistic,0.1379471805,selected_model_risk_score,60,0.487804878,不放贷,优化模型未选择,0,0,,,,,0,0.5,0.02,0,0,0,0,,lgd_0.50_funding_cost_0.02_joint,nominal_equality,False,0.1557212843,lgd_funding_joint,mean,0.5,0.5,0.02,4950
E71,***农业科技有限公司,B,elastic_net_logistic,0.2041897012,selected_model_risk_score,45,0.3658536585,不放贷,优化模型未选择,0,0,,,,,0,0.5,0.02,0,0,0,0,,lgd_0.50_funding_cost_0.02_joint,nominal_equality,False,0.2461670708,lgd_funding_joint,mean,0.5,0.5,0.02,4950
E72,***图书有限公司,C,elastic_net_logistic,0.2897171126,selected_model_risk_score,32,0.2601626016,不放贷,优化模型未选择,0,0,,,,,0,0.5,0.02,0,0,0,0,,lgd_0.50_funding_cost_0.02_joint,nominal_equality,False,0.3383260035,lgd_funding_joint,mean,0.5,0.5,0.02,4950
E73,***商贸有限责任公司,C,elastic_net_logistic,0.1183311273,selected_model_risk_score,67,0.5447154472,不放贷,优化模型未选择,0,0,,,,,0,0.5,0.02,0,0,0,0,,lgd_0.50_funding_cost_0.02_joint,nominal_equality,False,0.150943928,lgd_funding_joint,mean,0.5,0.5,0.02,4950
E74,***蔬菜专业合作社,B,elastic_net_logistic,0.1539591335,selected_model_risk_score,56,0.4552845528,不放贷,优化模型未选择,0,0,,,,,0,0.5,0.02,0,0,0,0,,lgd_0.50_funding_cost_0.02_joint,nominal_equality,False,0.1754997095,lgd_funding_joint,mean,0.5,0.5,0.02,4950
E75,***酒店管理有限公司,C,elastic_net_logistic,0.1070850165,selected_model_risk_score,72,0.5853658537,放贷,优化模型选择,50,500000,0.1425,14.25,0.8405321006,0.1594678994,7.97339497,0.5,0.02,1.014537847,0.426915566,0.1594678994,0.4281543816,0.008563087631,lgd_0.50_funding_cost_0.02_joint,nominal_equality,False,0.1282680192,lgd_funding_joint,mean,0.5,0.5,0.02,4950
E76,***信息科技有限公司,B,elastic_net_logistic,0.1706660196,selected_model_risk_score,53,0.4308943089,不放贷,优化模型未选择,0,0,,,,,0,0.5,0.02,0,0,0,0,,lgd_0.50_funding_cost_0.02_joint,nominal_equality,False,0.1979402602,lgd_funding_joint,mean,0.5,0.5,0.02,4950
E77,***机电设备有限公司,C,elastic_net_logistic,0.3665492679,selected_model_risk_score,25,0.2032520325,不放贷,优化模型未选择,0,0,,,,,0,0.5,0.02,0,0,0,0,,lgd_0.50_funding_cost_0.02_joint,nominal_equality,False,0.4663549766,lgd_funding_joint,mean,0.5,0.5,0.02,4950
E78,个体经营E78,C,elastic_net_logistic,0.1211539626,selected_model_risk_score,65,0.5284552846,不放贷,优化模型未选择,0,0,,,,,0,0.5,0.02,0,0,0,0,,lgd_0.50_funding_cost_0.02_joint,nominal_equality,False,0.1481587806,lgd_funding_joint,mean,0.5,0.5,0.02,4950
E79,***鞋业有限公司,B,elastic_net_logistic,0.2025177165,selected_model_risk_score,46,0.3739837398,不放贷,优化模型未选择,0,0,,,,,0,0.5,0.02,0,0,0,0,,lgd_0.50_funding_cost_0.02_joint,nominal_equality,False,0.2207361419,lgd_funding_joint,mean,0.5,0.5,0.02,4950
E8,***科学研究院有限公司,A,elastic_net_logistic,0.02606005345,selected_model_risk_score,120,0.9756097561,放贷,优化模型选择,100,1000000,0.0745,7.45,0.511096612,0.488903388,48.8903388,0.5,0.02,3.54741092,0.6370424212,0.977806776,1.932561723,0.01932561723,lgd_0.50_funding_cost_0.02_joint,nominal_equality,False,0.03439017911,lgd_funding_joint,mean,0.5,0.5,0.02,4950
E80,***实业有限责任公司,C,elastic_net_logistic,0.3432370641,selected_model_risk_score,26,0.2113821138,不放贷,优化模型未选择,0,0,,,,,0,0.5,0.02,0,0,0,0,,lgd_0.50_funding_cost_0.02_joint,nominal_equality,False,0.3865190631,lgd_funding_joint,mean,0.5,0.5,0.02,4950
E81,***机械设备有限公司,A,elastic_net_logistic,0.1154202468,selected_model_risk_score,68,0.5528455285,不放贷,优化模型未选择,0,0,,,,,0,0.5,0.02,0,0,0,0,,lgd_0.50_funding_cost_0.02_joint,nominal_equality,False,0.1339413155,lgd_funding_joint,mean,0.5,0.5,0.02,4950
E82,***商贸有限公司,D,elastic_net_logistic,0.194614899,selected_model_risk_score,47,0.3821138211,不放贷,D级企业原则上不予放贷,0,0,,,,,0,0.5,0.02,0,0,0,0,,lgd_0.50_funding_cost_0.02_joint,nominal_equality,False,0.2318618526,lgd_funding_joint,mean,0.5,0.5,0.02,4950
E83,***社会福利院（***社会福利社会化服务中心）,B,elastic_net_logistic,0.5444532255,selected_model_risk_score,13,0.1056910569,不放贷,优化模型未选择,0,0,,,,,0,0.5,0.02,0,0,0,0,,lgd_0.50_funding_cost_0.02_joint,nominal_equality,False,0.6237840466,lgd_funding_joint,mean,0.5,0.5,0.02,4950
E84,***建材有限公司,A,elastic_net_logistic,0.1532688251,selected_model_risk_score,57,0.4634146341,不放贷,优化模型未选择,0,0,,,,,0,0.5,0.02,0,0,0,0,,lgd_0.50_funding_cost_0.02_joint,nominal_equality,False,0.1694921296,lgd_funding_joint,mean,0.5,0.5,0.02,4950
E85,***安防科技有限公司,B,elastic_net_logistic,0.2264316686,selected_model_risk_score,42,0.3414634146,不放贷,优化模型未选择,0,0,,,,,0,0.5,0.02,0,0,0,0,,lgd_0.50_funding_cost_0.02_joint,nominal_equality,False,0.2483347601,lgd_funding_joint,mean,0.5,0.5,0.02,4950
E86,***地质工程勘察院***分院,C,elastic_net_logistic,0.2808208394,selected_model_risk_score,34,0.2764227642,不放贷,优化模型未选择,0,0,,,,,0,0.5,0.02,0,0,0,0,,lgd_0.50_funding_cost_0.02_joint,nominal_equality,False,0.3548090468,lgd_funding_joint,mean,0.5,0.5,0.02,4950
E87,***实业有限责任公司,C,elastic_net_logistic,0.234076271,selected_model_risk_score,40,0.325203252,不放贷,优化模型未选择,0,0,,,,,0,0.5,0.02,0,0,0,0,,lgd_0.50_funding_cost_0.02_joint,nominal_equality,False,0.2796569295,lgd_funding_joint,mean,0.5,0.5,0.02,4950
E88,***贸易有限公司,A,elastic_net_logistic,0.1654327803,selected_model_risk_score,55,0.4471544715,不放贷,优化模型未选择,0,0,,,,,0,0.5,0.02,0,0,0,0,,lgd_0.50_funding_cost_0.02_joint,nominal_equality,False,0.189066442,lgd_funding_joint,mean,0.5,0.5,0.02,4950
E89,***物资有限公司,A,elastic_net_logistic,0.3344336244,selected_model_risk_score,29,0.2357723577,不放贷,优化模型未选择,0,0,,,,,0,0.5,0.02,0,0,0,0,,lgd_0.50_funding_cost_0.02_joint,nominal_equality,False,0.3672701532,lgd_funding_joint,mean,0.5,0.5,0.02,4950
E9,***生活用品服务有限公司***分公司,A,elastic_net_logistic,0.02174866462,selected_model_risk_score,122,0.9918699187,放贷,优化模型选择,100,1000000,0.0745,7.45,0.511096612,0.488903388,48.8903388,0.5,0.02,3.563114422,0.5316497909,0.977806776,2.053657855,0.02053657855,lgd_0.50_funding_cost_0.02_joint,nominal_equality,False,0.02531048472,lgd_funding_joint,mean,0.5,0.5,0.02,4950
E90,***文化传媒有限责任公司,C,elastic_net_logistic,0.2928954659,selected_model_risk_score,31,0.2520325203,不放贷,优化模型未选择,0,0,,,,,0,0.5,0.02,0,0,0,0,,lgd_0.50_funding_cost_0.02_joint,nominal_equality,False,0.3272754126,lgd_funding_joint,mean,0.5,0.5,0.02,4950
E91,***科技实业有限公司,A,elastic_net_logistic,0.123879862,selected_model_risk_score,62,0.5040650407,不放贷,优化模型未选择,0,0,,,,,0,0.5,0.02,0,0,0,0,,lgd_0.50_funding_cost_0.02_joint,nominal_equality,False,0.1563985381,lgd_funding_joint,mean,0.5,0.5,0.02,4950
E92,***地质灾害防治有限公司,C,elastic_net_logistic,0.3701163354,selected_model_risk_score,24,0.1951219512,不放贷,优化模型未选择,0,0,,,,,0,0.5,0.02,0,0,0,0,,lgd_0.50_funding_cost_0.02_joint,nominal_equality,False,0.4190045907,lgd_funding_joint,mean,0.5,0.5,0.02,4950
E93,***电脑设计事务所,B,elastic_net_logistic,0.2376719561,selected_model_risk_score,39,0.3170731707,不放贷,优化模型未选择,0,0,,,,,0,0.5,0.02,0,0,0,0,,lgd_0.50_funding_cost_0.02_joint,nominal_equality,False,0.2575297987,lgd_funding_joint,mean,0.5,0.5,0.02,4950
E94,***汽车美容有限公司,C,elastic_net_logistic,0.3420261826,selected_model_risk_score,27,0.2195121951,不放贷,优化模型未选择,0,0,,,,,0,0.5,0.02,0,0,0,0,,lgd_0.50_funding_cost_0.02_joint,nominal_equality,False,0.3879661601,lgd_funding_joint,mean,0.5,0.5,0.02,4950
E95,***兰花店,B,elastic_net_logistic,0.1441316116,selected_model_risk_score,59,0.4796747967,不放贷,优化模型未选择,0,0,,,,,0,0.5,0.02,0,0,0,0,,lgd_0.50_funding_cost_0.02_joint,nominal_equality,False,0.1745511804,lgd_funding_joint,mean,0.5,0.5,0.02,4950
E96,***土地整理有限公司,C,elastic_net_logistic,0.8080355745,selected_model_risk_score,1,0.008130081301,不放贷,优化模型未选择,0,0,,,,,0,0.5,0.02,0,0,0,0,,lgd_0.50_funding_cost_0.02_joint,nominal_equality,False,0.854739214,lgd_funding_joint,mean,0.5,0.5,0.02,4950
E97,***美工装饰部,B,elastic_net_logistic,0.2602897628,selected_model_risk_score,35,0.2845528455,不放贷,优化模型未选择,0,0,,,,,0,0.5,0.02,0,0,0,0,,lgd_0.50_funding_cost_0.02_joint,nominal_equality,False,0.3283525845,lgd_funding_joint,mean,0.5,0.5,0.02,4950
E98,***文化传播有限公司,B,elastic_net_logistic,0.2814270169,selected_model_risk_score,33,0.2682926829,不放贷,优化模型未选择,0,0,,,,,0,0.5,0.02,0,0,0,0,,lgd_0.50_funding_cost_0.02_joint,nominal_equality,False,0.3034353338,lgd_funding_joint,mean,0.5,0.5,0.02,4950
E99,***建筑工程有限责任公司,D,elastic_net_logistic,0.5839846822,selected_model_risk_score,10,0.08130081301,不放贷,D级企业原则上不予放贷,0,0,,,,,0,0.5,0.02,0,0,0,0,,lgd_0.50_funding_cost_0.02_joint,nominal_equality,False,0.6898712011,lgd_funding_joint,mean,0.5,0.5,0.02,4950
E1,***电器销售有限公司,A,elastic_net_logistic,0.05655542179,selected_model_risk_score,104,0.8455284553,放贷,优化模型选择,100,1000000,0.1225,12.25,0.8148090077,0.1851909923,18.51909923,0.5,0.03,2.140288611,0.5236777341,0.5555729769,1.0610379,0.010610379,lgd_0.50_funding_cost_0.03_joint,nominal_equality,False,0.0730491674,lgd_funding_joint,mean,0.5,0.5,0.03,4950
E10,***建筑劳务有限公司,B,elastic_net_logistic,0.06093491817,selected_model_risk_score,102,0.8292682927,放贷,优化模型选择,100,1000000,0.1185,11.85,0.7692116619,0.2307883381,23.07883381,0.5,0.03,2.568194445,0.7031534248,0.6923650143,1.172676006,0.01172676006,lgd_0.50_funding_cost_0.03_joint,nominal_equality,False,0.07833730674,lgd_funding_joint,mean,0.5,0.5,0.03,4950
E100,***装饰工程有限公司,D,elastic_net_logistic,0.2578903118,selected_model_risk_score,36,0.2926829268,不放贷,D级企业原则上不予放贷,0,0,,,,,0,0.5,0.03,0,0,0,0,,lgd_0.50_funding_cost_0.03_joint,nominal_equality,False,0.3416804479,lgd_funding_joint,mean,0.5,0.5,0.03,4950
E101,***灯饰工程有限公司,D,elastic_net_logistic,0.7098560409,selected_model_risk_score,6,0.0487804878,不放贷,D级企业原则上不予放贷,0,0,,,,,0,0.5,0.03,0,0,0,0,,lgd_0.50_funding_cost_0.03_joint,nominal_equality,False,0.7897592201,lgd_funding_joint,mean,0.5,0.5,0.03,4950
E102,***大药房有限责任公司,D,elastic_net_logistic,0.4733747116,selected_model_risk_score,17,0.1382113821,不放贷,D级企业原则上不予放贷,0,0,,,,,0,0.5,0.03,0,0,0,0,,lgd_0.50_funding_cost_0.03_joint,nominal_equality,False,0.6183651775,lgd_funding_joint,mean,0.5,0.5,0.03,4950
E103,***科技有限公司,D,elastic_net_logistic,0.4055458126,selected_model_risk_score,22,0.1788617886,不放贷,D级企业原则上不予放贷,0,0,,,,,0,0.5,0.03,0,0,0,0,,lgd_0.50_funding_cost_0.03_joint,nominal_equality,False,0.4768661053,lgd_funding_joint,mean,0.5,0.5,0.03,4950
E104,***管理咨询有限责任公司,C,elastic_net_logistic,0.5371556855,selected_model_risk_score,14,0.1138211382,不放贷,优化模型未选择,0,0,,,,,0,0.5,0.03,0,0,0,0,,lgd_0.50_funding_cost_0.03_joint,nominal_equality,False,0.6048969633,lgd_funding_joint,mean,0.5,0.5,0.03,4950
E105,***建材经营部,C,elastic_net_logistic,0.2296735143,selected_model_risk_score,41,0.3333333333,不放贷,优化模型未选择,0,0,,,,,0,0.5,0.03,0,0,0,0,,lgd_0.50_funding_cost_0.03_joint,nominal_equality,False,0.3150886304,lgd_funding_joint,mean,0.5,0.5,0.03,4950
E106,***财务管理有限公司,B,elastic_net_logistic,0.25387818,selected_model_risk_score,37,0.3008130081,不放贷,优化模型未选择,0,0,,,,,0,0.5,0.03,0,0,0,0,,lgd_0.50_funding_cost_0.03_joint,nominal_equality,False,0.2861266308,lgd_funding_joint,mean,0.5,0.5,0.03,4950
E107,***科技有限公司,D,elastic_net_logistic,0.6278756036,selected_model_risk_score,8,0.06504065041,不放贷,D级企业原则上不予放贷,0,0,,,,,0,0.5,0.03,0,0,0,0,,lgd_0.50_funding_cost_0.03_joint,nominal_equality,False,0.6820972821,lgd_funding_joint,mean,0.5,0.5,0.03,4950
E108,***商贸有限公司,D,elastic_net_logistic,0.5221807895,selected_model_risk_score,15,0.1219512195,不放贷,D级企业原则上不予放贷,0,0,,,,,0,0.5,0.03,0,0,0,0,,lgd_0.50_funding_cost_0.03_joint,nominal_equality,False,0.6296705299,lgd_funding_joint,mean,0.5,0.5,0.03,4950
E109,***服饰有限公司,D,elastic_net_logistic,0.5493640614,selected_model_risk_score,12,0.09756097561,不放贷,D级企业原则上不予放贷,0,0,,,,,0,0.5,0.03,0,0,0,0,,lgd_0.50_funding_cost_0.03_joint,nominal_equality,False,0.6102205923,lgd_funding_joint,mean,0.5,0.5,0.03,4950
E11,***建设工程有限公司,C,elastic_net_logistic,0.07723891572,selected_model_risk_score,93,0.756097561,放贷,优化模型选择,100,1000000,0.1425,14.25,0.8405321006,0.1594678994,15.94678994,0.5,0.03,2.096898498,0.6158563821,0.4784036982,1.002638417,0.01002638417,lgd_0.50_funding_cost_0.03_joint,nominal_equality,False,0.1001763276,lgd_funding_joint,mean,0.5,0.5,0.03,4950
E110,***通讯器材经营部,C,elastic_net_logistic,0.5711527053,selected_model_risk_score,11,0.08943089431,不放贷,优化模型未选择,0,0,,,,,0,0.5,0.03,0,0,0,0,,lgd_0.50_funding_cost_0.03_joint,nominal_equality,False,0.6124762668,lgd_funding_joint,mean,0.5,0.5,0.03,4950
E111,***科技有限公司,D,elastic_net_logistic,0.1919246162,selected_model_risk_score,49,0.3983739837,不放贷,D级企业原则上不予放贷,0,0,,,,,0,0.5,0.03,0,0,0,0,,lgd_0.50_funding_cost_0.03_joint,nominal_equality,False,0.3189536769,lgd_funding_joint,mean,0.5,0.5,0.03,4950
E112,***机械设备有限公司,D,elastic_net_logistic,0.4170540731,selected_model_risk_score,20,0.162601626,不放贷,D级企业原则上不予放贷,0,0,,,,,0,0.5,0.03,0,0,0,0,,lgd_0.50_funding_cost_0.03_joint,nominal_equality,False,0.5129040595,lgd_funding_joint,mean,0.5,0.5,0.03,4950
E113,***美居科技有限公司,D,elastic_net_logistic,0.7592451553,selected_model_risk_score,4,0.0325203252,不放贷,D级企业原则上不予放贷,0,0,,,,,0,0.5,0.03,0,0,0,0,,lgd_0.50_funding_cost_0.03_joint,nominal_equality,False,0.8315439659,lgd_funding_joint,mean,0.5,0.5,0.03,4950
E114,***食品有限责任公司,D,elastic_net_logistic,0.4770804739,selected_model_risk_score,16,0.1300813008,不放贷,D级企业原则上不予放贷,0,0,,,,,0,0.5,0.03,0,0,0,0,,lgd_0.50_funding_cost_0.03_joint,nominal_equality,False,0.5421990478,lgd_funding_joint,mean,0.5,0.5,0.03,4950
E115,***装饰工程有限公司,D,elastic_net_logistic,0.7835354924,selected_model_risk_score,2,0.0162601626,不放贷,D级企业原则上不予放贷,0,0,,,,,0,0.5,0.03,0,0,0,0,,lgd_0.50_funding_cost_0.03_joint,nominal_equality,False,0.8331104651,lgd_funding_joint,mean,0.5,0.5,0.03,4950
E116,***门窗有限公司,D,elastic_net_logistic,0.4160885126,selected_model_risk_score,21,0.1707317073,不放贷,D级企业原则上不予放贷,0,0,,,,,0,0.5,0.03,0,0,0,0,,lgd_0.50_funding_cost_0.03_joint,nominal_equality,False,0.532859258,lgd_funding_joint,mean,0.5,0.5,0.03,4950
E117,***人力资源管理咨询有限公司,D,elastic_net_logistic,0.6343060557,selected_model_risk_score,7,0.05691056911,不放贷,D级企业原则上不予放贷,0,0,,,,,0,0.5,0.03,0,0,0,0,,lgd_0.50_funding_cost_0.03_joint,nominal_equality,False,0.7561127553,lgd_funding_joint,mean,0.5,0.5,0.03,4950
E118,***体育用品有限公司,D,elastic_net_logistic,0.3859533716,selected_model_risk_score,23,0.1869918699,不放贷,D级企业原则上不予放贷,0,0,,,,,0,0.5,0.03,0,0,0,0,,lgd_0.50_funding_cost_0.03_joint,nominal_equality,False,0.4429217794,lgd_funding_joint,mean,0.5,0.5,0.03,4950
E119,***药房,D,elastic_net_logistic,0.6253065711,selected_model_risk_score,9,0.07317073171,不放贷,D级企业原则上不予放贷,0,0,,,,,0,0.5,0.03,0,0,0,0,,lgd_0.50_funding_cost_0.03_joint,nominal_equality,False,0.6891769584,lgd_funding_joint,mean,0.5,0.5,0.03,4950
E12,***建筑劳务有限公司,B,elastic_net_logistic,0.08202986653,selected_model_risk_score,88,0.7154471545,放贷,优化模型选择,100,1000000,0.1425,14.25,0.8439092946,0.1560907054,15.60907054,0.5,0.03,2.041834131,0.6402049865,0.4682721162,0.9333570281,0.009333570281,lgd_0.50_funding_cost_0.03_joint,nominal_equality,False,0.1054632903,lgd_funding_joint,mean,0.5,0.5,0.03,4950
E120,***陈列广告有限公司,D,elastic_net_logistic,0.721226934,selected_model_risk_score,5,0.0406504065,不放贷,D级企业原则上不予放贷,0,0,,,,,0,0.5,0.03,0,0,0,0,,lgd_0.50_funding_cost_0.03_joint,nominal_equality,False,0.7608714869,lgd_funding_joint,mean,0.5,0.5,0.03,4950
E121,***药业连锁有限公司***药店,D,elastic_net_logistic,0.4662178212,selected_model_risk_score,18,0.1463414634,不放贷,D级企业原则上不予放贷,0,0,,,,,0,0.5,0.03,0,0,0,0,,lgd_0.50_funding_cost_0.03_joint,nominal_equality,False,0.5621951951,lgd_funding_joint,mean,0.5,0.5,0.03,4950
E122,***商贸有限责任公司,D,elastic_net_logistic,0.4500783219,selected_model_risk_score,19,0.1544715447,不放贷,D级企业原则上不予放贷,0,0,,,,,0,0.5,0.03,0,0,0,0,,lgd_0.50_funding_cost_0.03_joint,nominal_equality,False,0.6021516604,lgd_funding_joint,mean,0.5,0.5,0.03,4950
E123,***创科技有限责任公司,D,elastic_net_logistic,0.7819761114,selected_model_risk_score,3,0.0243902439,不放贷,D级企业原则上不予放贷,0,0,,,,,0,0.5,0.03,0,0,0,0,,lgd_0.50_funding_cost_0.03_joint,nominal_equality,False,0.8270597923,lgd_funding_joint,mean,0.5,0.5,0.03,4950
E13,***汽车贸易有限公司,A,elastic_net_logistic,0.04053604698,selected_model_risk_score,113,0.918699187,放贷,优化模型选择,100,1000000,0.1025,10.25,0.7312754013,0.2687245987,26.87245987,0.5,0.03,2.642773549,0.5446516479,0.8061737961,1.291948105,0.01291948105,lgd_0.50_funding_cost_0.03_joint,nominal_equality,False,0.05373417783,lgd_funding_joint,mean,0.5,0.5,0.03,4950
E14,个体经营E14,C,elastic_net_logistic,0.03261041867,selected_model_risk_score,117,0.9512195122,放贷,优化模型选择,100,1000000,0.1105,11.05,0.7151023945,0.2848976055,28.48976055,0.5,0.03,3.045457077,0.4645315097,0.8546928165,1.726232751,0.01726232751,lgd_0.50_funding_cost_0.03_joint,nominal_equality,False,0.04024201468,lgd_funding_joint,mean,0.5,0.5,0.03,4950
E15,***劳务有限公司,A,elastic_net_logistic,0.07381492047,selected_model_risk_score,95,0.7723577236,放贷,优化模型选择,100,1000000,0.1225,12.25,0.8148090077,0.1851909923,18.51909923,0.5,0.03,2.101133891,0.6834929184,0.5555729769,0.8620679953,0.008620679953,lgd_0.50_funding_cost_0.03_joint,nominal_equality,False,0.1036254123,lgd_funding_joint,mean,0.5,0.5,0.03,4950
E16,***建筑劳务有限公司,A,elastic_net_logistic,0.04998777847,selected_model_risk_score,108,0.8780487805,放贷,优化模型选择,100,1000000,0.1025,10.25,0.7312754013,0.2687245987,26.87245987,0.5,0.03,2.616739443,0.6716472855,0.8061737961,1.138918362,0.01138918362,lgd_0.50_funding_cost_0.03_joint,nominal_equality,False,0.0624669862,lgd_funding_joint,mean,0.5,0.5,0.03,4950
E17,***消防工程有限公司,A,elastic_net_logistic,0.04649981408,selected_model_risk_score,111,0.9024390244,放贷,优化模型选择,100,1000000,0.1025,10.25,0.7312754013,0.2687245987,26.87245987,0.5,0.03,2.626346787,0.6247821939,0.8061737961,1.195390797,0.01195390797,lgd_0.50_funding_cost_0.03_joint,nominal_equality,False,0.05349825243,lgd_funding_joint,mean,0.5,0.5,0.03,4950
E18,***消防工程有限责任公司,A,elastic_net_logistic,0.04857513816,selected_model_risk_score,109,0.8861788618,放贷,优化模型选择,100,1000000,0.1025,10.25,0.7312754013,0.2687245987,26.87245987,0.5,0.03,2.620630458,0.6526667254,0.8061737961,1.161789936,0.01161789936,lgd_0.50_funding_cost_0.03_joint,nominal_equality,False,0.06117933194,lgd_funding_joint,mean,0.5,0.5,0.03,4950
E19,***科技有限公司,A,elastic_net_logistic,0.06543754966,selected_model_risk_score,100,0.8130081301,放贷,优化模型选择,100,1000000,0.1225,12.25,0.8148090077,0.1851909923,18.51909923,0.5,0.03,2.120138707,0.6059222378,0.5555729769,0.9586434928,0.009586434928,lgd_0.50_funding_cost_0.03_joint,nominal_equality,False,0.09093656268,lgd_funding_joint,mean,0.5,0.5,0.03,4950
E2,***技术有限责任公司,A,elastic_net_logistic,0.02833749753,selected_model_risk_score,119,0.9674796748,放贷,优化模型选择,100,1000000,0.0985,9.85,0.7083020233,0.2916979767,29.16979767,0.5,0.03,2.791805062,0.4132995347,0.8750939301,1.503411597,0.01503411597,lgd_0.50_funding_cost_0.03_joint,nominal_equality,False,0.03642833627,lgd_funding_joint,mean,0.5,0.5,0.03,4950
E20,***贸易有限公司,B,elastic_net_logistic,0.04546270238,selected_model_risk_score,112,0.9105691057,放贷,优化模型选择,100,1000000,0.1065,10.65,0.7053159925,0.2946840075,29.46840075,0.5,0.03,2.995705231,0.6698565665,0.8840520225,1.441796642,0.01441796642,lgd_0.50_funding_cost_0.03_joint,nominal_equality,False,0.06402096704,lgd_funding_joint,mean,0.5,0.5,0.03,4950
E21,***建设工程有限公司,B,elastic_net_logistic,0.08415779812,selected_model_risk_score,85,0.6910569106,放贷,优化模型选择,100,1000000,0.1425,14.25,0.8439092946,0.1560907054,15.60907054,0.5,0.03,2.037100988,0.6568125037,0.4682721162,0.9120163685,0.009120163685,lgd_0.50_funding_cost_0.03_joint,nominal_equality,False,0.09612822768,lgd_funding_joint,mean,0.5,0.5,0.03,4950
E22,***物流有限公司,A,elastic_net_logistic,0.08272431763,selected_model_risk_score,87,0.7073170732,放贷,优化模型选择,100,1000000,0.1225,12.25,0.8148090077,0.1851909923,18.51909923,0.5,0.03,2.080922124,0.7659899235,0.5555729769,0.7593592241,0.007593592241,lgd_0.50_funding_cost_0.03_joint,nominal_equality,False,0.09349623574,lgd_funding_joint,mean,0.5,0.5,0.03,4950
E23,***贸易有限公司,B,elastic_net_logistic,0.03337482103,selected_model_risk_score,116,0.9430894309,放贷,优化模型选择,100,1000000,0.1065,10.65,0.7053159925,0.2946840075,29.46840075,0.5,0.03,3.033641653,0.4917513005,0.8840520225,1.65783833,0.0165783833,lgd_0.50_funding_cost_0.03_joint,nominal_equality,False,0.04082479351,lgd_funding_joint,mean,0.5,0.5,0.03,4950
E24,***建筑工程有限公司,A,elastic_net_logistic,0.04702949043,selected_model_risk_score,110,0.8943089431,放贷,优化模型选择,100,1000000,0.1025,10.25,0.7312754013,0.2687245987,26.87245987,0.5,0.03,2.624887832,0.6318990471,0.8061737961,1.186814989,0.01186814989,lgd_0.50_funding_cost_0.03_joint,nominal_equality,False,0.06125175229,lgd_funding_joint,mean,0.5,0.5,0.03,4950
E25,***通讯设备有限公司,C,elastic_net_logistic,0.08202047653,selected_model_risk_score,89,0.7235772358,放贷,优化模型选择,100,1000000,0.1425,14.25,0.8405321006,0.1594678994,15.94678994,0.5,0.03,2.086032795,0.653981655,0.4784036982,0.9536474416,0.009536474416,lgd_0.50_funding_cost_0.03_joint,nominal_equality,False,0.09686547054,lgd_funding_joint,mean,0.5,0.5,0.03,4950
E26,***金属材料有限公司,A,elastic_net_logistic,0.1342940789,selected_model_risk_score,61,0.4959349593,不放贷,优化模型未选择,0,0,,,,,0,0.5,0.03,0,0,0,0,,lgd_0.50_funding_cost_0.03_joint,nominal_equality,False,0.1782110185,lgd_funding_joint,mean,0.5,0.5,0.03,4950
E27,***农业开发有限公司,A,elastic_net_logistic,0.1103832985,selected_model_risk_score,70,0.5691056911,不放贷,优化模型未选择,0,0,,,,,0,0.5,0.03,0,0,0,0,,lgd_0.50_funding_cost_0.03_joint,nominal_equality,False,0.1369068444,lgd_funding_joint,mean,0.5,0.5,0.03,4950
E28,***景观工程有限公司,B,elastic_net_logistic,0.09966092865,selected_model_risk_score,76,0.6178861789,放贷,优化模型选择,100,1000000,0.1425,14.25,0.8439092946,0.1560907054,15.60907054,0.5,0.03,2.002617491,0.7778072327,0.4682721162,0.7565381417,0.007565381417,lgd_0.50_funding_cost_0.03_joint,nominal_equality,False,0.1193350508,lgd_funding_joint,mean,0.5,0.5,0.03,4950
E29,***建筑劳务有限公司,C,elastic_net_logistic,0.07253671793,selected_model_risk_score,96,0.7804878049,放贷,优化模型选择,100,1000000,0.1425,14.25,0.8405321006,0.1594678994,15.94678994,0.5,0.03,2.107583854,0.5783639019,0.4784036982,1.050816254,0.01050816254,lgd_0.50_funding_cost_0.03_joint,nominal_equality,False,0.08548890218,lgd_funding_joint,mean,0.5,0.5,0.03,4950
E3,***电子(中国)有限公司***分公司,C,elastic_net_logistic,0.02153611417,selected_model_risk_score,123,1,放贷,优化模型选择,100,1000000,0.0905,9.05,0.5900970447,0.4099029553,40.99029553,0.5,0.03,3.629730908,0.4413858422,1.229708866,1.9586362,0.019586362,lgd_0.50_funding_cost_0.03_joint,nominal_equality,False,0.025281018,lgd_funding_joint,mean,0.5,0.5,0.03,4950
E30,***建筑工程有限公司,B,elastic_net_logistic,0.07713913412,selected_model_risk_score,94,0.7642276423,放贷,优化模型选择,100,1000000,0.1425,14.25,0.8439092946,0.1560907054,15.60907054,0.5,0.03,2.05271255,0.6020350929,0.4682721162,0.9824053413,0.009824053413,lgd_0.50_funding_cost_0.03_joint,nominal_equality,False,0.1024182862,lgd_funding_joint,mean,0.5,0.5,0.03,4950
E31,***食品有限公司,A,elastic_net_logistic,0.0367643069,selected_model_risk_score,115,0.9349593496,放贷,优化模型选择,100,1000000,0.0985,9.85,0.7083020233,0.2916979767,29.16979767,0.5,0.03,2.767592942,0.5362036969,0.8750939301,1.356295315,0.01356295315,lgd_0.50_funding_cost_0.03_joint,nominal_equality,False,0.04188668071,lgd_funding_joint,mean,0.5,0.5,0.03,4950
E32,***建筑劳务有限公司,B,elastic_net_logistic,0.09279588464,selected_model_risk_score,79,0.6422764228,放贷,优化模型选择,100,1000000,0.1425,14.25,0.8439092946,0.1560907054,15.60907054,0.5,0.03,2.017887357,0.7242287546,0.4682721162,0.8253864861,0.008253864861,lgd_0.50_funding_cost_0.03_joint,nominal_equality,False,0.104597557,lgd_funding_joint,mean,0.5,0.5,0.03,4950
E33,***园林有限责任公司,B,elastic_net_logistic,0.09823760896,selected_model_risk_score,77,0.6260162602,放贷,优化模型选择,100,1000000,0.1425,14.25,0.8439092946,0.1560907054,15.60907054,0.5,0.03,2.00578337,0.766698884,0.4682721162,0.7708123699,0.007708123699,lgd_0.50_funding_cost_0.03_joint,nominal_equality,False,0.1158892222,lgd_funding_joint,mean,0.5,0.5,0.03,4950
E34,***建设工程有限公司,B,elastic_net_logistic,0.1015652078,selected_model_risk_score,75,0.6097560976,放贷,优化模型选择,100,1000000,0.1425,14.25,0.8439092946,0.1560907054,15.60907054,0.5,0.03,1.998381817,0.7926692465,0.4682721162,0.737440454,0.00737440454,lgd_0.50_funding_cost_0.03_joint,nominal_equality,False,0.1393444528,lgd_funding_joint,mean,0.5,0.5,0.03,4950
E35,***商贸有限公司,B,elastic_net_logistic,0.08567951436,selected_model_risk_score,83,0.674796748,放贷,优化模型选择,100,1000000,0.1425,14.25,0.8439092946,0.1560907054,15.60907054,0.5,0.03,2.033716246,0.6686887917,0.4682721162,0.8967553384,0.008967553384,lgd_0.50_funding_cost_0.03_joint,nominal_equality,False,0.1006056864,lgd_funding_joint,mean,0.5,0.5,0.03,4950
E36,***超硬材料有限公司,D,elastic_net_logistic,0.05081789908,selected_model_risk_score,107,0.8699186992,不放贷,D级企业原则上不予放贷,0,0,,,,,0,0.5,0.03,0,0,0,0,,lgd_0.50_funding_cost_0.03_joint,nominal_equality,False,0.06163613971,lgd_funding_joint,mean,0.5,0.5,0.03,4950
E37,***木业有限公司,B,elastic_net_logistic,0.084549486,selected_model_risk_score,84,0.6829268293,放贷,优化模型选择,100,1000000,0.1425,14.25,0.8439092946,0.1560907054,15.60907054,0.5,0.03,2.03622976,0.6598694455,0.4682721162,0.9080881982,0.009080881982,lgd_0.50_funding_cost_0.03_joint,nominal_equality,False,0.1088428529,lgd_funding_joint,mean,0.5,0.5,0.03,4950
E38,***建设工程有限公司,B,elastic_net_logistic,0.1218095512,selected_model_risk_score,63,0.512195122,不放贷,优化模型未选择,0,0,,,,,0,0.5,0.03,0,0,0,0,,lgd_0.50_funding_cost_0.03_joint,nominal_equality,False,0.1460270212,lgd_funding_joint,mean,0.5,0.5,0.03,4950
E39,***建筑劳务有限公司,C,elastic_net_logistic,0.1815109557,selected_model_risk_score,52,0.4227642276,不放贷,优化模型未选择,0,0,,,,,0,0.5,0.03,0,0,0,0,,lgd_0.50_funding_cost_0.03_joint,nominal_equality,False,0.2307578892,lgd_funding_joint,mean,0.5,0.5,0.03,4950
E4,***发展有限责任公司,C,elastic_net_logistic,0.03106769432,selected_model_risk_score,118,0.9593495935,放贷,优化模型选择,100,1000000,0.1105,11.05,0.7151023945,0.2848976055,28.48976055,0.5,0.03,3.050313756,0.442555586,0.8546928165,1.753065354,0.01753065354,lgd_0.50_funding_cost_0.03_joint,nominal_equality,False,0.04400979025,lgd_funding_joint,mean,0.5,0.5,0.03,4950
E40,***财税咨询服务有限公司,C,elastic_net_logistic,0.08113873174,selected_model_risk_score,90,0.7317073171,放贷,优化模型选择,100,1000000,0.1425,14.25,0.8405321006,0.1594678994,15.94678994,0.5,0.03,2.088036487,0.6469511555,0.4784036982,0.9626816334,0.009626816334,lgd_0.50_funding_cost_0.03_joint,nominal_equality,False,0.09293248415,lgd_funding_joint,mean,0.5,0.5,0.03,4950
E41,***物业发展有限公司,C,elastic_net_logistic,0.07916167381,selected_model_risk_score,91,0.7398373984,放贷,优化模型选择,100,1000000,0.1425,14.25,0.8405321006,0.1594678994,15.94678994,0.5,0.03,2.092529188,0.6311872918,0.4784036982,0.9829381983,0.009829381983,lgd_0.50_funding_cost_0.03_joint,nominal_equality,False,0.09683047914,lgd_funding_joint,mean,0.5,0.5,0.03,4950
E42,***园艺场,A,elastic_net_logistic,0.1200846128,selected_model_risk_score,66,0.5365853659,不放贷,优化模型未选择,0,0,,,,,0,0.5,0.03,0,0,0,0,,lgd_0.50_funding_cost_0.03_joint,nominal_equality,False,0.1475914741,lgd_funding_joint,mean,0.5,0.5,0.03,4950
E43,***建设工程有限公司,B,elastic_net_logistic,0.1927952664,selected_model_risk_score,48,0.3902439024,不放贷,优化模型未选择,0,0,,,,,0,0.5,0.03,0,0,0,0,,lgd_0.50_funding_cost_0.03_joint,nominal_equality,False,0.2145282193,lgd_funding_joint,mean,0.5,0.5,0.03,4950
E44,***商贸有限公司,C,elastic_net_logistic,0.08616234673,selected_model_risk_score,82,0.6666666667,放贷,优化模型选择,100,1000000,0.1425,14.25,0.8405321006,0.1594678994,15.94678994,0.5,0.03,2.076620736,0.687006422,0.4784036982,0.911210616,0.00911210616,lgd_0.50_funding_cost_0.03_joint,nominal_equality,False,0.1035354806,lgd_funding_joint,mean,0.5,0.5,0.03,4950
E45,个体经营E45,B,elastic_net_logistic,0.1068056002,selected_model_risk_score,73,0.593495935,不放贷,优化模型未选择,0,0,,,,,0,0.5,0.03,0,0,0,0,,lgd_0.50_funding_cost_0.03_joint,nominal_equality,False,0.1219197504,lgd_funding_joint,mean,0.5,0.5,0.03,4950
E46,***广告传媒有限公司,C,elastic_net_logistic,0.05276002815,selected_model_risk_score,105,0.8536585366,放贷,优化模型选择,100,1000000,0.1105,11.05,0.7151023945,0.2848976055,28.48976055,0.5,0.03,2.982023718,0.7515602843,0.8546928165,1.375770617,0.01375770617,lgd_0.50_funding_cost_0.03_joint,nominal_equality,False,0.06245378683,lgd_funding_joint,mean,0.5,0.5,0.03,4950
E47,***控制设备有限责任公司,C,elastic_net_logistic,0.05124807767,selected_model_risk_score,106,0.8617886179,放贷,优化模型选择,100,1000000,0.1105,11.05,0.7151023945,0.2848976055,28.48976055,0.5,0.03,2.986783517,0.7300227307,0.8546928165,1.40206797,0.0140206797,lgd_0.50_funding_cost_0.03_joint,nominal_equality,False,0.05822355401,lgd_funding_joint,mean,0.5,0.5,0.03,4950
E48,***化工有限公司,A,elastic_net_logistic,0.07070577235,selected_model_risk_score,97,0.7886178862,放贷,优化模型选择,100,1000000,0.1225,12.25,0.8148090077,0.1851909923,18.51909923,0.5,0.03,2.108187272,0.6547036071,0.5555729769,0.8979106879,0.008979106879,lgd_0.50_funding_cost_0.03_joint,nominal_equality,False,0.08921054517,lgd_funding_joint,mean,0.5,0.5,0.03,4950
E49,***地球环保科技有限公司,C,elastic_net_logistic,0.09803729486,selected_model_risk_score,78,0.6341463415,放贷,优化模型选择,100,1000000,0.1425,14.25,0.8405321006,0.1594678994,15.94678994,0.5,0.03,2.049635895,0.7816900737,0.4784036982,0.7895421235,0.007895421235,lgd_0.50_funding_cost_0.03_joint,nominal_equality,False,0.1105965348,lgd_funding_joint,mean,0.5,0.5,0.03,4950
E5,***供应链管理有限公司,B,elastic_net_logistic,0.05668387407,selected_model_risk_score,103,0.837398374,放贷,优化模型选择,100,1000000,0.1065,10.65,0.7053159925,0.2946840075,29.46840075,0.5,0.03,2.960488878,0.8351915586,0.8840520225,1.241245297,0.01241245297,lgd_0.50_funding_cost_0.03_joint,nominal_equality,False,0.07330978844,lgd_funding_joint,mean,0.5,0.5,0.03,4950
E50,***建筑劳务有限公司,C,elastic_net_logistic,0.1692453772,selected_model_risk_score,54,0.4390243902,不放贷,优化模型未选择,0,0,,,,,0,0.5,0.03,0,0,0,0,,lgd_0.50_funding_cost_0.03_joint,nominal_equality,False,0.2040258114,lgd_funding_joint,mean,0.5,0.5,0.03,4950
E51,***物流有限公司,B,elastic_net_logistic,0.0697365828,selected_model_risk_score,98,0.7967479675,放贷,优化模型选择,100,1000000,0.1425,14.25,0.8439092946,0.1560907054,15.60907054,0.5,0.03,2.06917799,0.5442616201,0.4682721162,1.056644254,0.01056644254,lgd_0.50_funding_cost_0.03_joint,nominal_equality,False,0.07874952738,lgd_funding_joint,mean,0.5,0.5,0.03,4950
E52,***商贸有限公司,D,elastic_net_logistic,0.2136303318,selected_model_risk_score,44,0.3577235772,不放贷,D级企业原则上不予放贷,0,0,,,,,0,0.5,0.03,0,0,0,0,,lgd_0.50_funding_cost_0.03_joint,nominal_equality,False,0.2416471762,lgd_funding_joint,mean,0.5,0.5,0.03,4950
E53,***文化传媒有限公司,C,elastic_net_logistic,0.107156181,selected_model_risk_score,71,0.5772357724,不放贷,优化模型未选择,0,0,,,,,0,0.5,0.03,0,0,0,0,,lgd_0.50_funding_cost_0.03_joint,nominal_equality,False,0.1294528809,lgd_funding_joint,mean,0.5,0.5,0.03,4950
E54,***新技术开发有限公司,A,elastic_net_logistic,0.06439978133,selected_model_risk_score,101,0.8211382114,放贷,优化模型选择,100,1000000,0.1225,12.25,0.8148090077,0.1851909923,18.51909923,0.5,0.03,2.122492978,0.5963129704,0.5555729769,0.9706070306,0.009706070306,lgd_0.50_funding_cost_0.03_joint,nominal_equality,False,0.08481402429,lgd_funding_joint,mean,0.5,0.5,0.03,4950
E55,***集团有限公司***电力设备分公司,C,elastic_net_logistic,0.1835760094,selected_model_risk_score,51,0.4146341463,不放贷,优化模型未选择,0,0,,,,,0,0.5,0.03,0,0,0,0,,lgd_0.50_funding_cost_0.03_joint,nominal_equality,False,0.2408611135,lgd_funding_joint,mean,0.5,0.5,0.03,4950
E56,***家居材料***有限公司,C,elastic_net_logistic,0.08755638262,selected_model_risk_score,81,0.6585365854,放贷,优化模型选择,100,1000000,0.1425,14.25,0.8405321006,0.1594678994,15.94678994,0.5,0.03,2.073452905,0.6981216208,0.4784036982,0.8969275856,0.008969275856,lgd_0.50_funding_cost_0.03_joint,nominal_equality,False,0.1073776577,lgd_funding_joint,mean,0.5,0.5,0.03,4950
E57,***机械设备有限公司,B,elastic_net_logistic,0.1025680758,selected_model_risk_score,74,0.6016260163,放贷,优化模型选择,100,1000000,0.1425,14.25,0.8439092946,0.1560907054,15.60907054,0.5,0.03,1.996151145,0.8004961652,0.4682721162,0.7273828635,0.007273828635,lgd_0.50_funding_cost_0.03_joint,nominal_equality,False,0.1291130293,lgd_funding_joint,mean,0.5,0.5,0.03,4950
E58,***油气工程建设有限责任公司,B,elastic_net_logistic,0.1498825704,selected_model_risk_score,58,0.4715447154,不放贷,优化模型未选择,0,0,,,,,0,0.5,0.03,0,0,0,0,,lgd_0.50_funding_cost_0.03_joint,nominal_equality,False,0.166452668,lgd_funding_joint,mean,0.5,0.5,0.03,4950
E59,***商贸有限公司,A,elastic_net_logistic,0.06896464342,selected_model_risk_score,99,0.8048780488,放贷,优化模型选择,100,1000000,0.1225,12.25,0.8148090077,0.1851909923,18.51909923,0.5,0.03,2.112137179,0.6385815374,0.5555729769,0.9179826647,0.009179826647,lgd_0.50_funding_cost_0.03_joint,nominal_equality,False,0.07641618763,lgd_funding_joint,mean,0.5,0.5,0.03,4950
E6,***装饰设计工程有限公司,A,elastic_net_logistic,0.03828902106,selected_model_risk_score,114,0.9268292683,放贷,优化模型选择,100,1000000,0.0985,9.85,0.7083020233,0.2916979767,29.16979767,0.5,0.03,2.763212095,0.5584414987,0.8750939301,1.329676667,0.01329676667,lgd_0.50_funding_cost_0.03_joint,nominal_equality,False,0.04389193776,lgd_funding_joint,mean,0.5,0.5,0.03,4950
E60,***机械租赁有限公司,B,elastic_net_logistic,0.2143912442,selected_model_risk_score,43,0.3495934959,不放贷,优化模型未选择,0,0,,,,,0,0.5,0.03,0,0,0,0,,lgd_0.50_funding_cost_0.03_joint,nominal_equality,False,0.2335825691,lgd_funding_joint,mean,0.5,0.5,0.03,4950
E61,***调味品有限公司,B,elastic_net_logistic,0.07788330382,selected_model_risk_score,92,0.7479674797,放贷,优化模型选择,100,1000000,0.1425,14.25,0.8439092946,0.1560907054,15.60907054,0.5,0.03,2.051057299,0.6078429916,0.4682721162,0.9749421915,0.009749421915,lgd_0.50_funding_cost_0.03_joint,nominal_equality,False,0.09484916536,lgd_funding_joint,mean,0.5,0.5,0.03,4950
E62,***工程造价咨询有限公司***分公司,B,elastic_net_logistic,0.1214523958,selected_model_risk_score,64,0.5203252033,不放贷,优化模型未选择,0,0,,,,,0,0.5,0.03,0,0,0,0,,lgd_0.50_funding_cost_0.03_joint,nominal_equality,False,0.1450170246,lgd_funding_joint,mean,0.5,0.5,0.03,4950
E63,***科技有限公司,B,elastic_net_logistic,0.08368298573,selected_model_risk_score,86,0.6991869919,放贷,优化模型选择,100,1000000,0.1425,14.25,0.8439092946,0.1560907054,15.60907054,0.5,0.03,2.03815711,0.6531068136,0.4682721162,0.9167781802,0.009167781802,lgd_0.50_funding_cost_0.03_joint,nominal_equality,False,0.1084106096,lgd_funding_joint,mean,0.5,0.5,0.03,4950
E64,***图书有限责任公司,A,elastic_net_logistic,0.1124750355,selected_model_risk_score,69,0.5609756098,不放贷,优化模型未选择,0,0,,,,,0,0.5,0.03,0,0,0,0,,lgd_0.50_funding_cost_0.03_joint,nominal_equality,False,0.1209520698,lgd_funding_joint,mean,0.5,0.5,0.03,4950
E65,***商贸有限公司,B,elastic_net_logistic,0.0894097801,selected_model_risk_score,80,0.6504065041,放贷,优化模型选择,100,1000000,0.1425,14.25,0.8439092946,0.1560907054,15.60907054,0.5,0.03,2.025419044,0.6978017823,0.4682721162,0.8593451455,0.008593451455,lgd_0.50_funding_cost_0.03_joint,nominal_equality,False,0.1016662421,lgd_funding_joint,mean,0.5,0.5,0.03,4950
E66,***快递有限公司,B,elastic_net_logistic,0.2947622952,selected_model_risk_score,30,0.243902439,不放贷,优化模型未选择,0,0,,,,,0,0.5,0.03,0,0,0,0,,lgd_0.50_funding_cost_0.03_joint,nominal_equality,False,0.3741353375,lgd_funding_joint,mean,0.5,0.5,0.03,4950
E67,***信息技术有限公司,B,elastic_net_logistic,0.1845447393,selected_model_risk_score,50,0.406504065,不放贷,优化模型未选择,0,0,,,,,0,0.5,0.03,0,0,0,0,,lgd_0.50_funding_cost_0.03_joint,nominal_equality,False,0.2088292217,lgd_funding_joint,mean,0.5,0.5,0.03,4950
E68,***花木总公司,C,elastic_net_logistic,0.3380718151,selected_model_risk_score,28,0.2276422764,不放贷,优化模型未选择,0,0,,,,,0,0.5,0.03,0,0,0,0,,lgd_0.50_funding_cost_0.03_joint,nominal_equality,False,0.3824767947,lgd_funding_joint,mean,0.5,0.5,0.03,4950
E69,***电子器材经营部,C,elastic_net_logistic,0.2503652668,selected_model_risk_score,38,0.3089430894,不放贷,优化模型未选择,0,0,,,,,0,0.5,0.03,0,0,0,0,,lgd_0.50_funding_cost_0.03_joint,nominal_equality,False,0.3207126735,lgd_funding_joint,mean,0.5,0.5,0.03,4950
E7,***家电有限公司***分公司,A,elastic_net_logistic,0.02580342326,selected_model_risk_score,121,0.9837398374,放贷,优化模型选择,100,1000000,0.0985,9.85,0.7083020233,0.2916979767,29.16979767,0.5,0.03,2.799086028,0.3763403178,0.8750939301,1.54765178,0.0154765178,lgd_0.50_funding_cost_0.03_joint,nominal_equality,False,0.03436137967,lgd_funding_joint,mean,0.5,0.5,0.03,4950
E70,***科技有限公司,B,elastic_net_logistic,0.1379471805,selected_model_risk_score,60,0.487804878,不放贷,优化模型未选择,0,0,,,,,0,0.5,0.03,0,0,0,0,,lgd_0.50_funding_cost_0.03_joint,nominal_equality,False,0.1557212843,lgd_funding_joint,mean,0.5,0.5,0.03,4950
E71,***农业科技有限公司,B,elastic_net_logistic,0.2041897012,selected_model_risk_score,45,0.3658536585,不放贷,优化模型未选择,0,0,,,,,0,0.5,0.03,0,0,0,0,,lgd_0.50_funding_cost_0.03_joint,nominal_equality,False,0.2461670708,lgd_funding_joint,mean,0.5,0.5,0.03,4950
E72,***图书有限公司,C,elastic_net_logistic,0.2897171126,selected_model_risk_score,32,0.2601626016,不放贷,优化模型未选择,0,0,,,,,0,0.5,0.03,0,0,0,0,,lgd_0.50_funding_cost_0.03_joint,nominal_equality,False,0.3383260035,lgd_funding_joint,mean,0.5,0.5,0.03,4950
E73,***商贸有限责任公司,C,elastic_net_logistic,0.1183311273,selected_model_risk_score,67,0.5447154472,不放贷,优化模型未选择,0,0,,,,,0,0.5,0.03,0,0,0,0,,lgd_0.50_funding_cost_0.03_joint,nominal_equality,False,0.150943928,lgd_funding_joint,mean,0.5,0.5,0.03,4950
E74,***蔬菜专业合作社,B,elastic_net_logistic,0.1539591335,selected_model_risk_score,56,0.4552845528,不放贷,优化模型未选择,0,0,,,,,0,0.5,0.03,0,0,0,0,,lgd_0.50_funding_cost_0.03_joint,nominal_equality,False,0.1754997095,lgd_funding_joint,mean,0.5,0.5,0.03,4950
E75,***酒店管理有限公司,C,elastic_net_logistic,0.1070850165,selected_model_risk_score,72,0.5853658537,放贷,优化模型选择,50,500000,0.1425,14.25,0.8405321006,0.1594678994,7.97339497,0.5,0.03,1.014537847,0.426915566,0.2392018491,0.3484204319,0.006968408637,lgd_0.50_funding_cost_0.03_joint,nominal_equality,False,0.1282680192,lgd_funding_joint,mean,0.5,0.5,0.03,4950
E76,***信息科技有限公司,B,elastic_net_logistic,0.1706660196,selected_model_risk_score,53,0.4308943089,不放贷,优化模型未选择,0,0,,,,,0,0.5,0.03,0,0,0,0,,lgd_0.50_funding_cost_0.03_joint,nominal_equality,False,0.1979402602,lgd_funding_joint,mean,0.5,0.5,0.03,4950
E77,***机电设备有限公司,C,elastic_net_logistic,0.3665492679,selected_model_risk_score,25,0.2032520325,不放贷,优化模型未选择,0,0,,,,,0,0.5,0.03,0,0,0,0,,lgd_0.50_funding_cost_0.03_joint,nominal_equality,False,0.4663549766,lgd_funding_joint,mean,0.5,0.5,0.03,4950
E78,个体经营E78,C,elastic_net_logistic,0.1211539626,selected_model_risk_score,65,0.5284552846,不放贷,优化模型未选择,0,0,,,,,0,0.5,0.03,0,0,0,0,,lgd_0.50_funding_cost_0.03_joint,nominal_equality,False,0.1481587806,lgd_funding_joint,mean,0.5,0.5,0.03,4950
E79,***鞋业有限公司,B,elastic_net_logistic,0.2025177165,selected_model_risk_score,46,0.3739837398,不放贷,优化模型未选择,0,0,,,,,0,0.5,0.03,0,0,0,0,,lgd_0.50_funding_cost_0.03_joint,nominal_equality,False,0.2207361419,lgd_funding_joint,mean,0.5,0.5,0.03,4950
E8,***科学研究院有限公司,A,elastic_net_logistic,0.02606005345,selected_model_risk_score,120,0.9756097561,放贷,优化模型选择,100,1000000,0.0985,9.85,0.7083020233,0.2916979767,29.16979767,0.5,0.03,2.798348672,0.3800832432,0.8750939301,1.543171498,0.01543171498,lgd_0.50_funding_cost_0.03_joint,nominal_equality,False,0.03439017911,lgd_funding_joint,mean,0.5,0.5,0.03,4950
E80,***实业有限责任公司,C,elastic_net_logistic,0.3432370641,selected_model_risk_score,26,0.2113821138,不放贷,优化模型未选择,0,0,,,,,0,0.5,0.03,0,0,0,0,,lgd_0.50_funding_cost_0.03_joint,nominal_equality,False,0.3865190631,lgd_funding_joint,mean,0.5,0.5,0.03,4950
E81,***机械设备有限公司,A,elastic_net_logistic,0.1154202468,selected_model_risk_score,68,0.5528455285,不放贷,优化模型未选择,0,0,,,,,0,0.5,0.03,0,0,0,0,,lgd_0.50_funding_cost_0.03_joint,nominal_equality,False,0.1339413155,lgd_funding_joint,mean,0.5,0.5,0.03,4950
E82,***商贸有限公司,D,elastic_net_logistic,0.194614899,selected_model_risk_score,47,0.3821138211,不放贷,D级企业原则上不予放贷,0,0,,,,,0,0.5,0.03,0,0,0,0,,lgd_0.50_funding_cost_0.03_joint,nominal_equality,False,0.2318618526,lgd_funding_joint,mean,0.5,0.5,0.03,4950
E83,***社会福利院（***社会福利社会化服务中心）,B,elastic_net_logistic,0.5444532255,selected_model_risk_score,13,0.1056910569,不放贷,优化模型未选择,0,0,,,,,0,0.5,0.03,0,0,0,0,,lgd_0.50_funding_cost_0.03_joint,nominal_equality,False,0.6237840466,lgd_funding_joint,mean,0.5,0.5,0.03,4950
E84,***建材有限公司,A,elastic_net_logistic,0.1532688251,selected_model_risk_score,57,0.4634146341,不放贷,优化模型未选择,0,0,,,,,0,0.5,0.03,0,0,0,0,,lgd_0.50_funding_cost_0.03_joint,nominal_equality,False,0.1694921296,lgd_funding_joint,mean,0.5,0.5,0.03,4950
E85,***安防科技有限公司,B,elastic_net_logistic,0.2264316686,selected_model_risk_score,42,0.3414634146,不放贷,优化模型未选择,0,0,,,,,0,0.5,0.03,0,0,0,0,,lgd_0.50_funding_cost_0.03_joint,nominal_equality,False,0.2483347601,lgd_funding_joint,mean,0.5,0.5,0.03,4950
E86,***地质工程勘察院***分院,C,elastic_net_logistic,0.2808208394,selected_model_risk_score,34,0.2764227642,不放贷,优化模型未选择,0,0,,,,,0,0.5,0.03,0,0,0,0,,lgd_0.50_funding_cost_0.03_joint,nominal_equality,False,0.3548090468,lgd_funding_joint,mean,0.5,0.5,0.03,4950
E87,***实业有限责任公司,C,elastic_net_logistic,0.234076271,selected_model_risk_score,40,0.325203252,不放贷,优化模型未选择,0,0,,,,,0,0.5,0.03,0,0,0,0,,lgd_0.50_funding_cost_0.03_joint,nominal_equality,False,0.2796569295,lgd_funding_joint,mean,0.5,0.5,0.03,4950
E88,***贸易有限公司,A,elastic_net_logistic,0.1654327803,selected_model_risk_score,55,0.4471544715,不放贷,优化模型未选择,0,0,,,,,0,0.5,0.03,0,0,0,0,,lgd_0.50_funding_cost_0.03_joint,nominal_equality,False,0.189066442,lgd_funding_joint,mean,0.5,0.5,0.03,4950
E89,***物资有限公司,A,elastic_net_logistic,0.3344336244,selected_model_risk_score,29,0.2357723577,不放贷,优化模型未选择,0,0,,,,,0,0.5,0.03,0,0,0,0,,lgd_0.50_funding_cost_0.03_joint,nominal_equality,False,0.3672701532,lgd_funding_joint,mean,0.5,0.5,0.03,4950
E9,***生活用品服务有限公司***分公司,A,elastic_net_logistic,0.02174866462,selected_model_risk_score,122,0.9918699187,放贷,优化模型选择,100,1000000,0.0985,9.85,0.7083020233,0.2916979767,29.16979767,0.5,0.03,2.810736262,0.3172020733,0.8750939301,1.618440259,0.01618440259,lgd_0.50_funding_cost_0.03_joint,nominal_equality,False,0.02531048472,lgd_funding_joint,mean,0.5,0.5,0.03,4950
E90,***文化传媒有限责任公司,C,elastic_net_logistic,0.2928954659,selected_model_risk_score,31,0.2520325203,不放贷,优化模型未选择,0,0,,,,,0,0.5,0.03,0,0,0,0,,lgd_0.50_funding_cost_0.03_joint,nominal_equality,False,0.3272754126,lgd_funding_joint,mean,0.5,0.5,0.03,4950
E91,***科技实业有限公司,A,elastic_net_logistic,0.123879862,selected_model_risk_score,62,0.5040650407,不放贷,优化模型未选择,0,0,,,,,0,0.5,0.03,0,0,0,0,,lgd_0.50_funding_cost_0.03_joint,nominal_equality,False,0.1563985381,lgd_funding_joint,mean,0.5,0.5,0.03,4950
E92,***地质灾害防治有限公司,C,elastic_net_logistic,0.3701163354,selected_model_risk_score,24,0.1951219512,不放贷,优化模型未选择,0,0,,,,,0,0.5,0.03,0,0,0,0,,lgd_0.50_funding_cost_0.03_joint,nominal_equality,False,0.4190045907,lgd_funding_joint,mean,0.5,0.5,0.03,4950
E93,***电脑设计事务所,B,elastic_net_logistic,0.2376719561,selected_model_risk_score,39,0.3170731707,不放贷,优化模型未选择,0,0,,,,,0,0.5,0.03,0,0,0,0,,lgd_0.50_funding_cost_0.03_joint,nominal_equality,False,0.2575297987,lgd_funding_joint,mean,0.5,0.5,0.03,4950
E94,***汽车美容有限公司,C,elastic_net_logistic,0.3420261826,selected_model_risk_score,27,0.2195121951,不放贷,优化模型未选择,0,0,,,,,0,0.5,0.03,0,0,0,0,,lgd_0.50_funding_cost_0.03_joint,nominal_equality,False,0.3879661601,lgd_funding_joint,mean,0.5,0.5,0.03,4950
E95,***兰花店,B,elastic_net_logistic,0.1441316116,selected_model_risk_score,59,0.4796747967,不放贷,优化模型未选择,0,0,,,,,0,0.5,0.03,0,0,0,0,,lgd_0.50_funding_cost_0.03_joint,nominal_equality,False,0.1745511804,lgd_funding_joint,mean,0.5,0.5,0.03,4950
E96,***土地整理有限公司,C,elastic_net_logistic,0.8080355745,selected_model_risk_score,1,0.008130081301,不放贷,优化模型未选择,0,0,,,,,0,0.5,0.03,0,0,0,0,,lgd_0.50_funding_cost_0.03_joint,nominal_equality,False,0.854739214,lgd_funding_joint,mean,0.5,0.5,0.03,4950
E97,***美工装饰部,B,elastic_net_logistic,0.2602897628,selected_model_risk_score,35,0.2845528455,不放贷,优化模型未选择,0,0,,,,,0,0.5,0.03,0,0,0,0,,lgd_0.50_funding_cost_0.03_joint,nominal_equality,False,0.3283525845,lgd_funding_joint,mean,0.5,0.5,0.03,4950
E98,***文化传播有限公司,B,elastic_net_logistic,0.2814270169,selected_model_risk_score,33,0.2682926829,不放贷,优化模型未选择,0,0,,,,,0,0.5,0.03,0,0,0,0,,lgd_0.50_funding_cost_0.03_joint,nominal_equality,False,0.3034353338,lgd_funding_joint,mean,0.5,0.5,0.03,4950
E99,***建筑工程有限责任公司,D,elastic_net_logistic,0.5839846822,selected_model_risk_score,10,0.08130081301,不放贷,D级企业原则上不予放贷,0,0,,,,,0,0.5,0.03,0,0,0,0,,lgd_0.50_funding_cost_0.03_joint,nominal_equality,False,0.6898712011,lgd_funding_joint,mean,0.5,0.5,0.03,4950
E1,***电器销售有限公司,A,elastic_net_logistic,0.05655542179,selected_model_risk_score,104,0.8455284553,放贷,优化模型选择,100,1000000,0.1225,12.25,0.8148090077,0.1851909923,18.51909923,0.5,0.04,2.140288611,0.5236777341,0.7407639692,0.8758469076,0.008758469076,lgd_0.50_funding_cost_0.04_joint,nominal_equality,False,0.0730491674,lgd_funding_joint,mean,0.5,0.5,0.04,4950
E10,***建筑劳务有限公司,B,elastic_net_logistic,0.06093491817,selected_model_risk_score,102,0.8292682927,放贷,优化模型选择,100,1000000,0.1425,14.25,0.8439092946,0.1560907054,15.60907054,0.5,0.04,2.088755467,0.475568718,0.6243628216,0.9888239277,0.009888239277,lgd_0.50_funding_cost_0.04_joint,nominal_equality,False,0.07833730674,lgd_funding_joint,mean,0.5,0.5,0.04,4950
E100,***装饰工程有限公司,D,elastic_net_logistic,0.2578903118,selected_model_risk_score,36,0.2926829268,不放贷,D级企业原则上不予放贷,0,0,,,,,0,0.5,0.04,0,0,0,0,,lgd_0.50_funding_cost_0.04_joint,nominal_equality,False,0.3416804479,lgd_funding_joint,mean,0.5,0.5,0.04,4950
E101,***灯饰工程有限公司,D,elastic_net_logistic,0.7098560409,selected_model_risk_score,6,0.0487804878,不放贷,D级企业原则上不予放贷,0,0,,,,,0,0.5,0.04,0,0,0,0,,lgd_0.50_funding_cost_0.04_joint,nominal_equality,False,0.7897592201,lgd_funding_joint,mean,0.5,0.5,0.04,4950
E102,***大药房有限责任公司,D,elastic_net_logistic,0.4733747116,selected_model_risk_score,17,0.1382113821,不放贷,D级企业原则上不予放贷,0,0,,,,,0,0.5,0.04,0,0,0,0,,lgd_0.50_funding_cost_0.04_joint,nominal_equality,False,0.6183651775,lgd_funding_joint,mean,0.5,0.5,0.04,4950
E103,***科技有限公司,D,elastic_net_logistic,0.4055458126,selected_model_risk_score,22,0.1788617886,不放贷,D级企业原则上不予放贷,0,0,,,,,0,0.5,0.04,0,0,0,0,,lgd_0.50_funding_cost_0.04_joint,nominal_equality,False,0.4768661053,lgd_funding_joint,mean,0.5,0.5,0.04,4950
E104,***管理咨询有限责任公司,C,elastic_net_logistic,0.5371556855,selected_model_risk_score,14,0.1138211382,不放贷,优化模型未选择,0,0,,,,,0,0.5,0.04,0,0,0,0,,lgd_0.50_funding_cost_0.04_joint,nominal_equality,False,0.6048969633,lgd_funding_joint,mean,0.5,0.5,0.04,4950
E105,***建材经营部,C,elastic_net_logistic,0.2296735143,selected_model_risk_score,41,0.3333333333,不放贷,优化模型未选择,0,0,,,,,0,0.5,0.04,0,0,0,0,,lgd_0.50_funding_cost_0.04_joint,nominal_equality,False,0.3150886304,lgd_funding_joint,mean,0.5,0.5,0.04,4950
E106,***财务管理有限公司,B,elastic_net_logistic,0.25387818,selected_model_risk_score,37,0.3008130081,不放贷,优化模型未选择,0,0,,,,,0,0.5,0.04,0,0,0,0,,lgd_0.50_funding_cost_0.04_joint,nominal_equality,False,0.2861266308,lgd_funding_joint,mean,0.5,0.5,0.04,4950
E107,***科技有限公司,D,elastic_net_logistic,0.6278756036,selected_model_risk_score,8,0.06504065041,不放贷,D级企业原则上不予放贷,0,0,,,,,0,0.5,0.04,0,0,0,0,,lgd_0.50_funding_cost_0.04_joint,nominal_equality,False,0.6820972821,lgd_funding_joint,mean,0.5,0.5,0.04,4950
E108,***商贸有限公司,D,elastic_net_logistic,0.5221807895,selected_model_risk_score,15,0.1219512195,不放贷,D级企业原则上不予放贷,0,0,,,,,0,0.5,0.04,0,0,0,0,,lgd_0.50_funding_cost_0.04_joint,nominal_equality,False,0.6296705299,lgd_funding_joint,mean,0.5,0.5,0.04,4950
E109,***服饰有限公司,D,elastic_net_logistic,0.5493640614,selected_model_risk_score,12,0.09756097561,不放贷,D级企业原则上不予放贷,0,0,,,,,0,0.5,0.04,0,0,0,0,,lgd_0.50_funding_cost_0.04_joint,nominal_equality,False,0.6102205923,lgd_funding_joint,mean,0.5,0.5,0.04,4950
E11,***建设工程有限公司,C,elastic_net_logistic,0.07723891572,selected_model_risk_score,93,0.756097561,放贷,优化模型选择,100,1000000,0.1425,14.25,0.8405321006,0.1594678994,15.94678994,0.5,0.04,2.096898498,0.6158563821,0.6378715976,0.8431705179,0.008431705179,lgd_0.50_funding_cost_0.04_joint,nominal_equality,False,0.1001763276,lgd_funding_joint,mean,0.5,0.5,0.04,4950
E110,***通讯器材经营部,C,elastic_net_logistic,0.5711527053,selected_model_risk_score,11,0.08943089431,不放贷,优化模型未选择,0,0,,,,,0,0.5,0.04,0,0,0,0,,lgd_0.50_funding_cost_0.04_joint,nominal_equality,False,0.6124762668,lgd_funding_joint,mean,0.5,0.5,0.04,4950
E111,***科技有限公司,D,elastic_net_logistic,0.1919246162,selected_model_risk_score,49,0.3983739837,不放贷,D级企业原则上不予放贷,0,0,,,,,0,0.5,0.04,0,0,0,0,,lgd_0.50_funding_cost_0.04_joint,nominal_equality,False,0.3189536769,lgd_funding_joint,mean,0.5,0.5,0.04,4950
E112,***机械设备有限公司,D,elastic_net_logistic,0.4170540731,selected_model_risk_score,20,0.162601626,不放贷,D级企业原则上不予放贷,0,0,,,,,0,0.5,0.04,0,0,0,0,,lgd_0.50_funding_cost_0.04_joint,nominal_equality,False,0.5129040595,lgd_funding_joint,mean,0.5,0.5,0.04,4950
E113,***美居科技有限公司,D,elastic_net_logistic,0.7592451553,selected_model_risk_score,4,0.0325203252,不放贷,D级企业原则上不予放贷,0,0,,,,,0,0.5,0.04,0,0,0,0,,lgd_0.50_funding_cost_0.04_joint,nominal_equality,False,0.8315439659,lgd_funding_joint,mean,0.5,0.5,0.04,4950
E114,***食品有限责任公司,D,elastic_net_logistic,0.4770804739,selected_model_risk_score,16,0.1300813008,不放贷,D级企业原则上不予放贷,0,0,,,,,0,0.5,0.04,0,0,0,0,,lgd_0.50_funding_cost_0.04_joint,nominal_equality,False,0.5421990478,lgd_funding_joint,mean,0.5,0.5,0.04,4950
E115,***装饰工程有限公司,D,elastic_net_logistic,0.7835354924,selected_model_risk_score,2,0.0162601626,不放贷,D级企业原则上不予放贷,0,0,,,,,0,0.5,0.04,0,0,0,0,,lgd_0.50_funding_cost_0.04_joint,nominal_equality,False,0.8331104651,lgd_funding_joint,mean,0.5,0.5,0.04,4950
E116,***门窗有限公司,D,elastic_net_logistic,0.4160885126,selected_model_risk_score,21,0.1707317073,不放贷,D级企业原则上不予放贷,0,0,,,,,0,0.5,0.04,0,0,0,0,,lgd_0.50_funding_cost_0.04_joint,nominal_equality,False,0.532859258,lgd_funding_joint,mean,0.5,0.5,0.04,4950
E117,***人力资源管理咨询有限公司,D,elastic_net_logistic,0.6343060557,selected_model_risk_score,7,0.05691056911,不放贷,D级企业原则上不予放贷,0,0,,,,,0,0.5,0.04,0,0,0,0,,lgd_0.50_funding_cost_0.04_joint,nominal_equality,False,0.7561127553,lgd_funding_joint,mean,0.5,0.5,0.04,4950
E118,***体育用品有限公司,D,elastic_net_logistic,0.3859533716,selected_model_risk_score,23,0.1869918699,不放贷,D级企业原则上不予放贷,0,0,,,,,0,0.5,0.04,0,0,0,0,,lgd_0.50_funding_cost_0.04_joint,nominal_equality,False,0.4429217794,lgd_funding_joint,mean,0.5,0.5,0.04,4950
E119,***药房,D,elastic_net_logistic,0.6253065711,selected_model_risk_score,9,0.07317073171,不放贷,D级企业原则上不予放贷,0,0,,,,,0,0.5,0.04,0,0,0,0,,lgd_0.50_funding_cost_0.04_joint,nominal_equality,False,0.6891769584,lgd_funding_joint,mean,0.5,0.5,0.04,4950
E12,***建筑劳务有限公司,B,elastic_net_logistic,0.08202986653,selected_model_risk_score,88,0.7154471545,放贷,优化模型选择,100,1000000,0.1425,14.25,0.8439092946,0.1560907054,15.60907054,0.5,0.04,2.041834131,0.6402049865,0.6243628216,0.7772663227,0.007772663227,lgd_0.50_funding_cost_0.04_joint,nominal_equality,False,0.1054632903,lgd_funding_joint,mean,0.5,0.5,0.04,4950
E120,***陈列广告有限公司,D,elastic_net_logistic,0.721226934,selected_model_risk_score,5,0.0406504065,不放贷,D级企业原则上不予放贷,0,0,,,,,0,0.5,0.04,0,0,0,0,,lgd_0.50_funding_cost_0.04_joint,nominal_equality,False,0.7608714869,lgd_funding_joint,mean,0.5,0.5,0.04,4950
E121,***药业连锁有限公司***药店,D,elastic_net_logistic,0.4662178212,selected_model_risk_score,18,0.1463414634,不放贷,D级企业原则上不予放贷,0,0,,,,,0,0.5,0.04,0,0,0,0,,lgd_0.50_funding_cost_0.04_joint,nominal_equality,False,0.5621951951,lgd_funding_joint,mean,0.5,0.5,0.04,4950
E122,***商贸有限责任公司,D,elastic_net_logistic,0.4500783219,selected_model_risk_score,19,0.1544715447,不放贷,D级企业原则上不予放贷,0,0,,,,,0,0.5,0.04,0,0,0,0,,lgd_0.50_funding_cost_0.04_joint,nominal_equality,False,0.6021516604,lgd_funding_joint,mean,0.5,0.5,0.04,4950
E123,***创科技有限责任公司,D,elastic_net_logistic,0.7819761114,selected_model_risk_score,3,0.0243902439,不放贷,D级企业原则上不予放贷,0,0,,,,,0,0.5,0.04,0,0,0,0,,lgd_0.50_funding_cost_0.04_joint,nominal_equality,False,0.8270597923,lgd_funding_joint,mean,0.5,0.5,0.04,4950
E13,***汽车贸易有限公司,A,elastic_net_logistic,0.04053604698,selected_model_risk_score,113,0.918699187,放贷,优化模型选择,100,1000000,0.1225,12.25,0.8148090077,0.1851909923,18.51909923,0.5,0.04,2.176629999,0.3753455382,0.7407639692,1.060520491,0.01060520491,lgd_0.50_funding_cost_0.04_joint,nominal_equality,False,0.05373417783,lgd_funding_joint,mean,0.5,0.5,0.04,4950
E14,个体经营E14,C,elastic_net_logistic,0.03261041867,selected_model_risk_score,117,0.9512195122,放贷,优化模型选择,100,1000000,0.1105,11.05,0.7151023945,0.2848976055,28.48976055,0.5,0.04,3.045457077,0.4645315097,1.139590422,1.441335145,0.01441335145,lgd_0.50_funding_cost_0.04_joint,nominal_equality,False,0.04024201468,lgd_funding_joint,mean,0.5,0.5,0.04,4950
E15,***劳务有限公司,A,elastic_net_logistic,0.07381492047,selected_model_risk_score,95,0.7723577236,放贷,优化模型选择,100,1000000,0.1225,12.25,0.8148090077,0.1851909923,18.51909923,0.5,0.04,2.101133891,0.6834929184,0.7407639692,0.676877003,0.00676877003,lgd_0.50_funding_cost_0.04_joint,nominal_equality,False,0.1036254123,lgd_funding_joint,mean,0.5,0.5,0.04,4950
E16,***建筑劳务有限公司,A,elastic_net_logistic,0.04998777847,selected_model_risk_score,108,0.8780487805,放贷,优化模型选择,100,1000000,0.1225,12.25,0.8148090077,0.1851909923,18.51909923,0.5,0.04,2.155187899,0.4628643149,0.7407639692,0.9515596144,0.009515596144,lgd_0.50_funding_cost_0.04_joint,nominal_equality,False,0.0624669862,lgd_funding_joint,mean,0.5,0.5,0.04,4950
E17,***消防工程有限公司,A,elastic_net_logistic,0.04649981408,selected_model_risk_score,111,0.9024390244,放贷,优化模型选择,100,1000000,0.1225,12.25,0.8148090077,0.1851909923,18.51909923,0.5,0.04,2.163100658,0.4305673356,0.7407639692,0.9917693537,0.009917693537,lgd_0.50_funding_cost_0.04_joint,nominal_equality,False,0.05349825243,lgd_funding_joint,mean,0.5,0.5,0.04,4950
E18,***消防工程有限责任公司,A,elastic_net_logistic,0.04857513816,selected_model_risk_score,109,0.8861788618,放贷,优化模型选择,100,1000000,0.1225,12.25,0.8148090077,0.1851909923,18.51909923,0.5,0.04,2.1583926,0.4497839018,0.7407639692,0.9678447287,0.009678447287,lgd_0.50_funding_cost_0.04_joint,nominal_equality,False,0.06117933194,lgd_funding_joint,mean,0.5,0.5,0.04,4950
E19,***科技有限公司,A,elastic_net_logistic,0.06543754966,selected_model_risk_score,100,0.8130081301,放贷,优化模型选择,100,1000000,0.1225,12.25,0.8148090077,0.1851909923,18.51909923,0.5,0.04,2.120138707,0.6059222378,0.7407639692,0.7734525005,0.007734525005,lgd_0.50_funding_cost_0.04_joint,nominal_equality,False,0.09093656268,lgd_funding_joint,mean,0.5,0.5,0.04,4950
E2,***技术有限责任公司,A,elastic_net_logistic,0.02833749753,selected_model_risk_score,119,0.9674796748,放贷,优化模型选择,100,1000000,0.1025,10.25,0.7312754013,0.2687245987,26.87245987,0.5,0.04,2.676373564,0.3807491326,1.074898395,1.220726037,0.01220726037,lgd_0.50_funding_cost_0.04_joint,nominal_equality,False,0.03642833627,lgd_funding_joint,mean,0.5,0.5,0.04,4950
E20,***贸易有限公司,B,elastic_net_logistic,0.04546270238,selected_model_risk_score,112,0.9105691057,放贷,优化模型选择,100,1000000,0.1185,11.85,0.7692116619,0.2307883381,23.07883381,0.5,0.04,2.610508507,0.5246130764,0.9231533524,1.162742079,0.01162742079,lgd_0.50_funding_cost_0.04_joint,nominal_equality,False,0.06402096704,lgd_funding_joint,mean,0.5,0.5,0.04,4950
E21,***建设工程有限公司,B,elastic_net_logistic,0.08415779812,selected_model_risk_score,85,0.6910569106,放贷,优化模型选择,100,1000000,0.1425,14.25,0.8439092946,0.1560907054,15.60907054,0.5,0.04,2.037100988,0.6568125037,0.6243628216,0.7559256631,0.007559256631,lgd_0.50_funding_cost_0.04_joint,nominal_equality,False,0.09612822768,lgd_funding_joint,mean,0.5,0.5,0.04,4950
E22,***物流有限公司,A,elastic_net_logistic,0.08272431763,selected_model_risk_score,87,0.7073170732,放贷,优化模型选择,100,1000000,0.1425,14.25,0.8801803134,0.1198196866,11.98196866,0.5,0.04,1.566184508,0.4956000906,0.4792787464,0.5913056712,0.005913056712,lgd_0.50_funding_cost_0.04_joint,nominal_equality,False,0.09349623574,lgd_funding_joint,mean,0.5,0.5,0.04,4950
E23,***贸易有限公司,B,elastic_net_logistic,0.03337482103,selected_model_risk_score,116,0.9430894309,放贷,优化模型选择,100,1000000,0.1065,10.65,0.7053159925,0.2946840075,29.46840075,0.5,0.04,3.033641653,0.4917513005,1.17873603,1.363154322,0.01363154322,lgd_0.50_funding_cost_0.04_joint,nominal_equality,False,0.04082479351,lgd_funding_joint,mean,0.5,0.5,0.04,4950
E24,***建筑工程有限公司,A,elastic_net_logistic,0.04702949043,selected_model_risk_score,110,0.8943089431,放贷,优化模型选择,100,1000000,0.1225,12.25,0.8148090077,0.1851909923,18.51909923,0.5,0.04,2.16189904,0.4354719,0.7407639692,0.985663171,0.00985663171,lgd_0.50_funding_cost_0.04_joint,nominal_equality,False,0.06125175229,lgd_funding_joint,mean,0.5,0.5,0.04,4950
E25,***通讯设备有限公司,C,elastic_net_logistic,0.08202047653,selected_model_risk_score,89,0.7235772358,放贷,优化模型选择,100,1000000,0.1425,14.25,0.8405321006,0.1594678994,15.94678994,0.5,0.04,2.086032795,0.653981655,0.6378715976,0.7941795422,0.007941795422,lgd_0.50_funding_cost_0.04_joint,nominal_equality,False,0.09686547054,lgd_funding_joint,mean,0.5,0.5,0.04,4950
E26,***金属材料有限公司,A,elastic_net_logistic,0.1342940789,selected_model_risk_score,61,0.4959349593,不放贷,优化模型未选择,0,0,,,,,0,0.5,0.04,0,0,0,0,,lgd_0.50_funding_cost_0.04_joint,nominal_equality,False,0.1782110185,lgd_funding_joint,mean,0.5,0.5,0.04,4950
E27,***农业开发有限公司,A,elastic_net_logistic,0.1103832985,selected_model_risk_score,70,0.5691056911,不放贷,优化模型未选择,0,0,,,,,0,0.5,0.04,0,0,0,0,,lgd_0.50_funding_cost_0.04_joint,nominal_equality,False,0.1369068444,lgd_funding_joint,mean,0.5,0.5,0.04,4950
E28,***景观工程有限公司,B,elastic_net_logistic,0.09966092865,selected_model_risk_score,76,0.6178861789,放贷,优化模型选择,100,1000000,0.1425,14.25,0.8439092946,0.1560907054,15.60907054,0.5,0.04,2.002617491,0.7778072327,0.6243628216,0.6004474363,0.006004474363,lgd_0.50_funding_cost_0.04_joint,nominal_equality,False,0.1193350508,lgd_funding_joint,mean,0.5,0.5,0.04,4950
E29,***建筑劳务有限公司,C,elastic_net_logistic,0.07253671793,selected_model_risk_score,96,0.7804878049,放贷,优化模型选择,100,1000000,0.1425,14.25,0.8405321006,0.1594678994,15.94678994,0.5,0.04,2.107583854,0.5783639019,0.6378715976,0.8913483549,0.008913483549,lgd_0.50_funding_cost_0.04_joint,nominal_equality,False,0.08548890218,lgd_funding_joint,mean,0.5,0.5,0.04,4950
E3,***电子(中国)有限公司***分公司,C,elastic_net_logistic,0.02153611417,selected_model_risk_score,123,1,放贷,优化模型选择,100,1000000,0.1105,11.05,0.7151023945,0.2848976055,28.48976055,0.5,0.04,3.0803203,0.3067793679,1.139590422,1.633950511,0.01633950511,lgd_0.50_funding_cost_0.04_joint,nominal_equality,False,0.025281018,lgd_funding_joint,mean,0.5,0.5,0.04,4950
E30,***建筑工程有限公司,B,elastic_net_logistic,0.07713913412,selected_model_risk_score,94,0.7642276423,放贷,优化模型选择,100,1000000,0.1425,14.25,0.8439092946,0.1560907054,15.60907054,0.5,0.04,2.05271255,0.6020350929,0.6243628216,0.8263146359,0.008263146359,lgd_0.50_funding_cost_0.04_joint,nominal_equality,False,0.1024182862,lgd_funding_joint,mean,0.5,0.5,0.04,4950
E31,***食品有限公司,A,elastic_net_logistic,0.0367643069,selected_model_risk_score,115,0.9349593496,放贷,优化模型选择,100,1000000,0.1225,12.25,0.8148090077,0.1851909923,18.51909923,0.5,0.04,2.185186529,0.3404209238,0.7407639692,1.104001636,0.01104001636,lgd_0.50_funding_cost_0.04_joint,nominal_equality,False,0.04188668071,lgd_funding_joint,mean,0.5,0.5,0.04,4950
E32,***建筑劳务有限公司,B,elastic_net_logistic,0.09279588464,selected_model_risk_score,79,0.6422764228,放贷,优化模型选择,100,1000000,0.1425,14.25,0.8439092946,0.1560907054,15.60907054,0.5,0.04,2.017887357,0.7242287546,0.6243628216,0.6692957807,0.006692957807,lgd_0.50_funding_cost_0.04_joint,nominal_equality,False,0.104597557,lgd_funding_joint,mean,0.5,0.5,0.04,4950
E33,***园林有限责任公司,B,elastic_net_logistic,0.09823760896,selected_model_risk_score,77,0.6260162602,放贷,优化模型选择,100,1000000,0.1425,14.25,0.8439092946,0.1560907054,15.60907054,0.5,0.04,2.00578337,0.766698884,0.6243628216,0.6147216645,0.006147216645,lgd_0.50_funding_cost_0.04_joint,nominal_equality,False,0.1158892222,lgd_funding_joint,mean,0.5,0.5,0.04,4950
E34,***建设工程有限公司,B,elastic_net_logistic,0.1015652078,selected_model_risk_score,75,0.6097560976,放贷,优化模型选择,100,1000000,0.1425,14.25,0.8439092946,0.1560907054,15.60907054,0.5,0.04,1.998381817,0.7926692465,0.6243628216,0.5813497486,0.005813497486,lgd_0.50_funding_cost_0.04_joint,nominal_equality,False,0.1393444528,lgd_funding_joint,mean,0.5,0.5,0.04,4950
E35,***商贸有限公司,B,elastic_net_logistic,0.08567951436,selected_model_risk_score,83,0.674796748,放贷,优化模型选择,100,1000000,0.1425,14.25,0.8439092946,0.1560907054,15.60907054,0.5,0.04,2.033716246,0.6686887917,0.6243628216,0.740664633,0.00740664633,lgd_0.50_funding_cost_0.04_joint,nominal_equality,False,0.1006056864,lgd_funding_joint,mean,0.5,0.5,0.04,4950
E36,***超硬材料有限公司,D,elastic_net_logistic,0.05081789908,selected_model_risk_score,107,0.8699186992,不放贷,D级企业原则上不予放贷,0,0,,,,,0,0.5,0.04,0,0,0,0,,lgd_0.50_funding_cost_0.04_joint,nominal_equality,False,0.06163613971,lgd_funding_joint,mean,0.5,0.5,0.04,4950
E37,***木业有限公司,B,elastic_net_logistic,0.084549486,selected_model_risk_score,84,0.6829268293,放贷,优化模型选择,100,1000000,0.1425,14.25,0.8439092946,0.1560907054,15.60907054,0.5,0.04,2.03622976,0.6598694455,0.6243628216,0.7519974928,0.007519974928,lgd_0.50_funding_cost_0.04_joint,nominal_equality,False,0.1088428529,lgd_funding_joint,mean,0.5,0.5,0.04,4950
E38,***建设工程有限公司,B,elastic_net_logistic,0.1218095512,selected_model_risk_score,63,0.512195122,不放贷,优化模型未选择,0,0,,,,,0,0.5,0.04,0,0,0,0,,lgd_0.50_funding_cost_0.04_joint,nominal_equality,False,0.1460270212,lgd_funding_joint,mean,0.5,0.5,0.04,4950
E39,***建筑劳务有限公司,C,elastic_net_logistic,0.1815109557,selected_model_risk_score,52,0.4227642276,不放贷,优化模型未选择,0,0,,,,,0,0.5,0.04,0,0,0,0,,lgd_0.50_funding_cost_0.04_joint,nominal_equality,False,0.2307578892,lgd_funding_joint,mean,0.5,0.5,0.04,4950
E4,***发展有限责任公司,C,elastic_net_logistic,0.03106769432,selected_model_risk_score,118,0.9593495935,放贷,优化模型选择,100,1000000,0.1105,11.05,0.7151023945,0.2848976055,28.48976055,0.5,0.04,3.050313756,0.442555586,1.139590422,1.468167748,0.01468167748,lgd_0.50_funding_cost_0.04_joint,nominal_equality,False,0.04400979025,lgd_funding_joint,mean,0.5,0.5,0.04,4950
E40,***财税咨询服务有限公司,C,elastic_net_logistic,0.08113873174,selected_model_risk_score,90,0.7317073171,放贷,优化模型选择,100,1000000,0.1425,14.25,0.8405321006,0.1594678994,15.94678994,0.5,0.04,2.088036487,0.6469511555,0.6378715976,0.803213734,0.00803213734,lgd_0.50_funding_cost_0.04_joint,nominal_equality,False,0.09293248415,lgd_funding_joint,mean,0.5,0.5,0.04,4950
E41,***物业发展有限公司,C,elastic_net_logistic,0.07916167381,selected_model_risk_score,91,0.7398373984,放贷,优化模型选择,100,1000000,0.1425,14.25,0.8405321006,0.1594678994,15.94678994,0.5,0.04,2.092529188,0.6311872918,0.6378715976,0.8234702989,0.008234702989,lgd_0.50_funding_cost_0.04_joint,nominal_equality,False,0.09683047914,lgd_funding_joint,mean,0.5,0.5,0.04,4950
E42,***园艺场,A,elastic_net_logistic,0.1200846128,selected_model_risk_score,66,0.5365853659,不放贷,优化模型未选择,0,0,,,,,0,0.5,0.04,0,0,0,0,,lgd_0.50_funding_cost_0.04_joint,nominal_equality,False,0.1475914741,lgd_funding_joint,mean,0.5,0.5,0.04,4950
E43,***建设工程有限公司,B,elastic_net_logistic,0.1927952664,selected_model_risk_score,48,0.3902439024,不放贷,优化模型未选择,0,0,,,,,0,0.5,0.04,0,0,0,0,,lgd_0.50_funding_cost_0.04_joint,nominal_equality,False,0.2145282193,lgd_funding_joint,mean,0.5,0.5,0.04,4950
E44,***商贸有限公司,C,elastic_net_logistic,0.08616234673,selected_model_risk_score,82,0.6666666667,放贷,优化模型选择,100,1000000,0.1425,14.25,0.8405321006,0.1594678994,15.94678994,0.5,0.04,2.076620736,0.687006422,0.6378715976,0.7517427166,0.007517427166,lgd_0.50_funding_cost_0.04_joint,nominal_equality,False,0.1035354806,lgd_funding_joint,mean,0.5,0.5,0.04,4950
E45,个体经营E45,B,elastic_net_logistic,0.1068056002,selected_model_risk_score,73,0.593495935,不放贷,优化模型未选择,0,0,,,,,0,0.5,0.04,0,0,0,0,,lgd_0.50_funding_cost_0.04_joint,nominal_equality,False,0.1219197504,lgd_funding_joint,mean,0.5,0.5,0.04,4950
E46,***广告传媒有限公司,C,elastic_net_logistic,0.05276002815,selected_model_risk_score,105,0.8536585366,放贷,优化模型选择,100,1000000,0.1425,14.25,0.8405321006,0.1594678994,15.94678994,0.5,0.04,2.152524752,0.4206765431,0.6378715976,1.093976611,0.01093976611,lgd_0.50_funding_cost_0.04_joint,nominal_equality,False,0.06245378683,lgd_funding_joint,mean,0.5,0.5,0.04,4950
E47,***控制设备有限责任公司,C,elastic_net_logistic,0.05124807767,selected_model_risk_score,106,0.8617886179,放贷,优化模型选择,100,1000000,0.1105,11.05,0.7151023945,0.2848976055,28.48976055,0.5,0.04,2.986783517,0.7300227307,1.139590422,1.117170365,0.01117170365,lgd_0.50_funding_cost_0.04_joint,nominal_equality,False,0.05822355401,lgd_funding_joint,mean,0.5,0.5,0.04,4950
E48,***化工有限公司,A,elastic_net_logistic,0.07070577235,selected_model_risk_score,97,0.7886178862,放贷,优化模型选择,100,1000000,0.1225,12.25,0.8148090077,0.1851909923,18.51909923,0.5,0.04,2.108187272,0.6547036071,0.7407639692,0.7127196956,0.007127196956,lgd_0.50_funding_cost_0.04_joint,nominal_equality,False,0.08921054517,lgd_funding_joint,mean,0.5,0.5,0.04,4950
E49,***地球环保科技有限公司,C,elastic_net_logistic,0.09803729486,selected_model_risk_score,78,0.6341463415,放贷,优化模型选择,100,1000000,0.1425,14.25,0.8405321006,0.1594678994,15.94678994,0.5,0.04,2.049635895,0.7816900737,0.6378715976,0.6300742241,0.006300742241,lgd_0.50_funding_cost_0.04_joint,nominal_equality,False,0.1105965348,lgd_funding_joint,mean,0.5,0.5,0.04,4950
E5,***供应链管理有限公司,B,elastic_net_logistic,0.05668387407,selected_model_risk_score,103,0.837398374,放贷,优化模型选择,100,1000000,0.1425,14.25,0.8439092946,0.1560907054,15.60907054,0.5,0.04,2.098211033,0.4423912944,0.6243628216,1.031456917,0.01031456917,lgd_0.50_funding_cost_0.04_joint,nominal_equality,False,0.07330978844,lgd_funding_joint,mean,0.5,0.5,0.04,4950
E50,***建筑劳务有限公司,C,elastic_net_logistic,0.1692453772,selected_model_risk_score,54,0.4390243902,不放贷,优化模型未选择,0,0,,,,,0,0.5,0.04,0,0,0,0,,lgd_0.50_funding_cost_0.04_joint,nominal_equality,False,0.2040258114,lgd_funding_joint,mean,0.5,0.5,0.04,4950
E51,***物流有限公司,B,elastic_net_logistic,0.0697365828,selected_model_risk_score,98,0.7967479675,放贷,优化模型选择,100,1000000,0.1425,14.25,0.8439092946,0.1560907054,15.60907054,0.5,0.04,2.06917799,0.5442616201,0.6243628216,0.9005535486,0.009005535486,lgd_0.50_funding_cost_0.04_joint,nominal_equality,False,0.07874952738,lgd_funding_joint,mean,0.5,0.5,0.04,4950
E52,***商贸有限公司,D,elastic_net_logistic,0.2136303318,selected_model_risk_score,44,0.3577235772,不放贷,D级企业原则上不予放贷,0,0,,,,,0,0.5,0.04,0,0,0,0,,lgd_0.50_funding_cost_0.04_joint,nominal_equality,False,0.2416471762,lgd_funding_joint,mean,0.5,0.5,0.04,4950
E53,***文化传媒有限公司,C,elastic_net_logistic,0.107156181,selected_model_risk_score,71,0.5772357724,不放贷,优化模型未选择,0,0,,,,,0,0.5,0.04,0,0,0,0,,lgd_0.50_funding_cost_0.04_joint,nominal_equality,False,0.1294528809,lgd_funding_joint,mean,0.5,0.5,0.04,4950
E54,***新技术开发有限公司,A,elastic_net_logistic,0.06439978133,selected_model_risk_score,101,0.8211382114,放贷,优化模型选择,100,1000000,0.1225,12.25,0.8148090077,0.1851909923,18.51909923,0.5,0.04,2.122492978,0.5963129704,0.7407639692,0.7854160383,0.007854160383,lgd_0.50_funding_cost_0.04_joint,nominal_equality,False,0.08481402429,lgd_funding_joint,mean,0.5,0.5,0.04,4950
E55,***集团有限公司***电力设备分公司,C,elastic_net_logistic,0.1835760094,selected_model_risk_score,51,0.4146341463,不放贷,优化模型未选择,0,0,,,,,0,0.5,0.04,0,0,0,0,,lgd_0.50_funding_cost_0.04_joint,nominal_equality,False,0.2408611135,lgd_funding_joint,mean,0.5,0.5,0.04,4950
E56,***家居材料***有限公司,C,elastic_net_logistic,0.08755638262,selected_model_risk_score,81,0.6585365854,放贷,优化模型选择,100,1000000,0.1425,14.25,0.8405321006,0.1594678994,15.94678994,0.5,0.04,2.073452905,0.6981216208,0.6378715976,0.7374596862,0.007374596862,lgd_0.50_funding_cost_0.04_joint,nominal_equality,False,0.1073776577,lgd_funding_joint,mean,0.5,0.5,0.04,4950
E57,***机械设备有限公司,B,elastic_net_logistic,0.1025680758,selected_model_risk_score,74,0.6016260163,放贷,优化模型选择,100,1000000,0.1425,14.25,0.8439092946,0.1560907054,15.60907054,0.5,0.04,1.996151145,0.8004961652,0.6243628216,0.5712921581,0.005712921581,lgd_0.50_funding_cost_0.04_joint,nominal_equality,False,0.1291130293,lgd_funding_joint,mean,0.5,0.5,0.04,4950
E58,***油气工程建设有限责任公司,B,elastic_net_logistic,0.1498825704,selected_model_risk_score,58,0.4715447154,不放贷,优化模型未选择,0,0,,,,,0,0.5,0.04,0,0,0,0,,lgd_0.50_funding_cost_0.04_joint,nominal_equality,False,0.166452668,lgd_funding_joint,mean,0.5,0.5,0.04,4950
E59,***商贸有限公司,A,elastic_net_logistic,0.06896464342,selected_model_risk_score,99,0.8048780488,放贷,优化模型选择,100,1000000,0.1225,12.25,0.8148090077,0.1851909923,18.51909923,0.5,0.04,2.112137179,0.6385815374,0.7407639692,0.7327916724,0.007327916724,lgd_0.50_funding_cost_0.04_joint,nominal_equality,False,0.07641618763,lgd_funding_joint,mean,0.5,0.5,0.04,4950
E6,***装饰设计工程有限公司,A,elastic_net_logistic,0.03828902106,selected_model_risk_score,114,0.9268292683,放贷,优化模型选择,100,1000000,0.1225,12.25,0.8148090077,0.1851909923,18.51909923,0.5,0.04,2.181727579,0.3545390902,0.7407639692,1.086424519,0.01086424519,lgd_0.50_funding_cost_0.04_joint,nominal_equality,False,0.04389193776,lgd_funding_joint,mean,0.5,0.5,0.04,4950
E60,***机械租赁有限公司,B,elastic_net_logistic,0.2143912442,selected_model_risk_score,43,0.3495934959,不放贷,优化模型未选择,0,0,,,,,0,0.5,0.04,0,0,0,0,,lgd_0.50_funding_cost_0.04_joint,nominal_equality,False,0.2335825691,lgd_funding_joint,mean,0.5,0.5,0.04,4950
E61,***调味品有限公司,B,elastic_net_logistic,0.07788330382,selected_model_risk_score,92,0.7479674797,放贷,优化模型选择,100,1000000,0.1425,14.25,0.8439092946,0.1560907054,15.60907054,0.5,0.04,2.051057299,0.6078429916,0.6243628216,0.8188514861,0.008188514861,lgd_0.50_funding_cost_0.04_joint,nominal_equality,False,0.09484916536,lgd_funding_joint,mean,0.5,0.5,0.04,4950
E62,***工程造价咨询有限公司***分公司,B,elastic_net_logistic,0.1214523958,selected_model_risk_score,64,0.5203252033,不放贷,优化模型未选择,0,0,,,,,0,0.5,0.04,0,0,0,0,,lgd_0.50_funding_cost_0.04_joint,nominal_equality,False,0.1450170246,lgd_funding_joint,mean,0.5,0.5,0.04,4950
E63,***科技有限公司,B,elastic_net_logistic,0.08368298573,selected_model_risk_score,86,0.6991869919,放贷,优化模型选择,100,1000000,0.1425,14.25,0.8439092946,0.1560907054,15.60907054,0.5,0.04,2.03815711,0.6531068136,0.6243628216,0.7606874748,0.007606874748,lgd_0.50_funding_cost_0.04_joint,nominal_equality,False,0.1084106096,lgd_funding_joint,mean,0.5,0.5,0.04,4950
E64,***图书有限责任公司,A,elastic_net_logistic,0.1124750355,selected_model_risk_score,69,0.5609756098,不放贷,优化模型未选择,0,0,,,,,0,0.5,0.04,0,0,0,0,,lgd_0.50_funding_cost_0.04_joint,nominal_equality,False,0.1209520698,lgd_funding_joint,mean,0.5,0.5,0.04,4950
E65,***商贸有限公司,B,elastic_net_logistic,0.0894097801,selected_model_risk_score,80,0.6504065041,放贷,优化模型选择,100,1000000,0.1425,14.25,0.8439092946,0.1560907054,15.60907054,0.5,0.04,2.025419044,0.6978017823,0.6243628216,0.7032544401,0.007032544401,lgd_0.50_funding_cost_0.04_joint,nominal_equality,False,0.1016662421,lgd_funding_joint,mean,0.5,0.5,0.04,4950
E66,***快递有限公司,B,elastic_net_logistic,0.2947622952,selected_model_risk_score,30,0.243902439,不放贷,优化模型未选择,0,0,,,,,0,0.5,0.04,0,0,0,0,,lgd_0.50_funding_cost_0.04_joint,nominal_equality,False,0.3741353375,lgd_funding_joint,mean,0.5,0.5,0.04,4950
E67,***信息技术有限公司,B,elastic_net_logistic,0.1845447393,selected_model_risk_score,50,0.406504065,不放贷,优化模型未选择,0,0,,,,,0,0.5,0.04,0,0,0,0,,lgd_0.50_funding_cost_0.04_joint,nominal_equality,False,0.2088292217,lgd_funding_joint,mean,0.5,0.5,0.04,4950
E68,***花木总公司,C,elastic_net_logistic,0.3380718151,selected_model_risk_score,28,0.2276422764,不放贷,优化模型未选择,0,0,,,,,0,0.5,0.04,0,0,0,0,,lgd_0.50_funding_cost_0.04_joint,nominal_equality,False,0.3824767947,lgd_funding_joint,mean,0.5,0.5,0.04,4950
E69,***电子器材经营部,C,elastic_net_logistic,0.2503652668,selected_model_risk_score,38,0.3089430894,不放贷,优化模型未选择,0,0,,,,,0,0.5,0.04,0,0,0,0,,lgd_0.50_funding_cost_0.04_joint,nominal_equality,False,0.3207126735,lgd_funding_joint,mean,0.5,0.5,0.04,4950
E7,***家电有限公司***分公司,A,elastic_net_logistic,0.02580342326,selected_model_risk_score,121,0.9837398374,放贷,优化模型选择,100,1000000,0.1025,10.25,0.7312754013,0.2687245987,26.87245987,0.5,0.04,2.683353487,0.346700728,1.074898395,1.261754365,0.01261754365,lgd_0.50_funding_cost_0.04_joint,nominal_equality,False,0.03436137967,lgd_funding_joint,mean,0.5,0.5,0.04,4950
E70,***科技有限公司,B,elastic_net_logistic,0.1379471805,selected_model_risk_score,60,0.487804878,不放贷,优化模型未选择,0,0,,,,,0,0.5,0.04,0,0,0,0,,lgd_0.50_funding_cost_0.04_joint,nominal_equality,False,0.1557212843,lgd_funding_joint,mean,0.5,0.5,0.04,4950
E71,***农业科技有限公司,B,elastic_net_logistic,0.2041897012,selected_model_risk_score,45,0.3658536585,不放贷,优化模型未选择,0,0,,,,,0,0.5,0.04,0,0,0,0,,lgd_0.50_funding_cost_0.04_joint,nominal_equality,False,0.2461670708,lgd_funding_joint,mean,0.5,0.5,0.04,4950
E72,***图书有限公司,C,elastic_net_logistic,0.2897171126,selected_model_risk_score,32,0.2601626016,不放贷,优化模型未选择,0,0,,,,,0,0.5,0.04,0,0,0,0,,lgd_0.50_funding_cost_0.04_joint,nominal_equality,False,0.3383260035,lgd_funding_joint,mean,0.5,0.5,0.04,4950
E73,***商贸有限责任公司,C,elastic_net_logistic,0.1183311273,selected_model_risk_score,67,0.5447154472,不放贷,优化模型未选择,0,0,,,,,0,0.5,0.04,0,0,0,0,,lgd_0.50_funding_cost_0.04_joint,nominal_equality,False,0.150943928,lgd_funding_joint,mean,0.5,0.5,0.04,4950
E74,***蔬菜专业合作社,B,elastic_net_logistic,0.1539591335,selected_model_risk_score,56,0.4552845528,不放贷,优化模型未选择,0,0,,,,,0,0.5,0.04,0,0,0,0,,lgd_0.50_funding_cost_0.04_joint,nominal_equality,False,0.1754997095,lgd_funding_joint,mean,0.5,0.5,0.04,4950
E75,***酒店管理有限公司,C,elastic_net_logistic,0.1070850165,selected_model_risk_score,72,0.5853658537,放贷,优化模型选择,50,500000,0.1425,14.25,0.8405321006,0.1594678994,7.97339497,0.5,0.04,1.014537847,0.426915566,0.3189357988,0.2686864822,0.005373729643,lgd_0.50_funding_cost_0.04_joint,nominal_equality,False,0.1282680192,lgd_funding_joint,mean,0.5,0.5,0.04,4950
E76,***信息科技有限公司,B,elastic_net_logistic,0.1706660196,selected_model_risk_score,53,0.4308943089,不放贷,优化模型未选择,0,0,,,,,0,0.5,0.04,0,0,0,0,,lgd_0.50_funding_cost_0.04_joint,nominal_equality,False,0.1979402602,lgd_funding_joint,mean,0.5,0.5,0.04,4950
E77,***机电设备有限公司,C,elastic_net_logistic,0.3665492679,selected_model_risk_score,25,0.2032520325,不放贷,优化模型未选择,0,0,,,,,0,0.5,0.04,0,0,0,0,,lgd_0.50_funding_cost_0.04_joint,nominal_equality,False,0.4663549766,lgd_funding_joint,mean,0.5,0.5,0.04,4950
E78,个体经营E78,C,elastic_net_logistic,0.1211539626,selected_model_risk_score,65,0.5284552846,不放贷,优化模型未选择,0,0,,,,,0,0.5,0.04,0,0,0,0,,lgd_0.50_funding_cost_0.04_joint,nominal_equality,False,0.1481587806,lgd_funding_joint,mean,0.5,0.5,0.04,4950
E79,***鞋业有限公司,B,elastic_net_logistic,0.2025177165,selected_model_risk_score,46,0.3739837398,不放贷,优化模型未选择,0,0,,,,,0,0.5,0.04,0,0,0,0,,lgd_0.50_funding_cost_0.04_joint,nominal_equality,False,0.2207361419,lgd_funding_joint,mean,0.5,0.5,0.04,4950
E8,***科学研究院有限公司,A,elastic_net_logistic,0.02606005345,selected_model_risk_score,120,0.9756097561,放贷,优化模型选择,100,1000000,0.1025,10.25,0.7312754013,0.2687245987,26.87245987,0.5,0.04,2.682646618,0.3501488703,1.074898395,1.257599353,0.01257599353,lgd_0.50_funding_cost_0.04_joint,nominal_equality,False,0.03439017911,lgd_funding_joint,mean,0.5,0.5,0.04,4950
E80,***实业有限责任公司,C,elastic_net_logistic,0.3432370641,selected_model_risk_score,26,0.2113821138,不放贷,优化模型未选择,0,0,,,,,0,0.5,0.04,0,0,0,0,,lgd_0.50_funding_cost_0.04_joint,nominal_equality,False,0.3865190631,lgd_funding_joint,mean,0.5,0.5,0.04,4950
E81,***机械设备有限公司,A,elastic_net_logistic,0.1154202468,selected_model_risk_score,68,0.5528455285,不放贷,优化模型未选择,0,0,,,,,0,0.5,0.04,0,0,0,0,,lgd_0.50_funding_cost_0.04_joint,nominal_equality,False,0.1339413155,lgd_funding_joint,mean,0.5,0.5,0.04,4950
E82,***商贸有限公司,D,elastic_net_logistic,0.194614899,selected_model_risk_score,47,0.3821138211,不放贷,D级企业原则上不予放贷,0,0,,,,,0,0.5,0.04,0,0,0,0,,lgd_0.50_funding_cost_0.04_joint,nominal_equality,False,0.2318618526,lgd_funding_joint,mean,0.5,0.5,0.04,4950
E83,***社会福利院（***社会福利社会化服务中心）,B,elastic_net_logistic,0.5444532255,selected_model_risk_score,13,0.1056910569,不放贷,优化模型未选择,0,0,,,,,0,0.5,0.04,0,0,0,0,,lgd_0.50_funding_cost_0.04_joint,nominal_equality,False,0.6237840466,lgd_funding_joint,mean,0.5,0.5,0.04,4950
E84,***建材有限公司,A,elastic_net_logistic,0.1532688251,selected_model_risk_score,57,0.4634146341,不放贷,优化模型未选择,0,0,,,,,0,0.5,0.04,0,0,0,0,,lgd_0.50_funding_cost_0.04_joint,nominal_equality,False,0.1694921296,lgd_funding_joint,mean,0.5,0.5,0.04,4950
E85,***安防科技有限公司,B,elastic_net_logistic,0.2264316686,selected_model_risk_score,42,0.3414634146,不放贷,优化模型未选择,0,0,,,,,0,0.5,0.04,0,0,0,0,,lgd_0.50_funding_cost_0.04_joint,nominal_equality,False,0.2483347601,lgd_funding_joint,mean,0.5,0.5,0.04,4950
E86,***地质工程勘察院***分院,C,elastic_net_logistic,0.2808208394,selected_model_risk_score,34,0.2764227642,不放贷,优化模型未选择,0,0,,,,,0,0.5,0.04,0,0,0,0,,lgd_0.50_funding_cost_0.04_joint,nominal_equality,False,0.3548090468,lgd_funding_joint,mean,0.5,0.5,0.04,4950
E87,***实业有限责任公司,C,elastic_net_logistic,0.234076271,selected_model_risk_score,40,0.325203252,不放贷,优化模型未选择,0,0,,,,,0,0.5,0.04,0,0,0,0,,lgd_0.50_funding_cost_0.04_joint,nominal_equality,False,0.2796569295,lgd_funding_joint,mean,0.5,0.5,0.04,4950
E88,***贸易有限公司,A,elastic_net_logistic,0.1654327803,selected_model_risk_score,55,0.4471544715,不放贷,优化模型未选择,0,0,,,,,0,0.5,0.04,0,0,0,0,,lgd_0.50_funding_cost_0.04_joint,nominal_equality,False,0.189066442,lgd_funding_joint,mean,0.5,0.5,0.04,4950
E89,***物资有限公司,A,elastic_net_logistic,0.3344336244,selected_model_risk_score,29,0.2357723577,不放贷,优化模型未选择,0,0,,,,,0,0.5,0.04,0,0,0,0,,lgd_0.50_funding_cost_0.04_joint,nominal_equality,False,0.3672701532,lgd_funding_joint,mean,0.5,0.5,0.04,4950
E9,***生活用品服务有限公司***分公司,A,elastic_net_logistic,0.02174866462,selected_model_risk_score,122,0.9918699187,放贷,优化模型选择,100,1000000,0.1025,10.25,0.7312754013,0.2687245987,26.87245987,0.5,0.04,2.694522025,0.2922200586,1.074898395,1.327403571,0.01327403571,lgd_0.50_funding_cost_0.04_joint,nominal_equality,False,0.02531048472,lgd_funding_joint,mean,0.5,0.5,0.04,4950
E90,***文化传媒有限责任公司,C,elastic_net_logistic,0.2928954659,selected_model_risk_score,31,0.2520325203,不放贷,优化模型未选择,0,0,,,,,0,0.5,0.04,0,0,0,0,,lgd_0.50_funding_cost_0.04_joint,nominal_equality,False,0.3272754126,lgd_funding_joint,mean,0.5,0.5,0.04,4950
E91,***科技实业有限公司,A,elastic_net_logistic,0.123879862,selected_model_risk_score,62,0.5040650407,不放贷,优化模型未选择,0,0,,,,,0,0.5,0.04,0,0,0,0,,lgd_0.50_funding_cost_0.04_joint,nominal_equality,False,0.1563985381,lgd_funding_joint,mean,0.5,0.5,0.04,4950
E92,***地质灾害防治有限公司,C,elastic_net_logistic,0.3701163354,selected_model_risk_score,24,0.1951219512,不放贷,优化模型未选择,0,0,,,,,0,0.5,0.04,0,0,0,0,,lgd_0.50_funding_cost_0.04_joint,nominal_equality,False,0.4190045907,lgd_funding_joint,mean,0.5,0.5,0.04,4950
E93,***电脑设计事务所,B,elastic_net_logistic,0.2376719561,selected_model_risk_score,39,0.3170731707,不放贷,优化模型未选择,0,0,,,,,0,0.5,0.04,0,0,0,0,,lgd_0.50_funding_cost_0.04_joint,nominal_equality,False,0.2575297987,lgd_funding_joint,mean,0.5,0.5,0.04,4950
E94,***汽车美容有限公司,C,elastic_net_logistic,0.3420261826,selected_model_risk_score,27,0.2195121951,不放贷,优化模型未选择,0,0,,,,,0,0.5,0.04,0,0,0,0,,lgd_0.50_funding_cost_0.04_joint,nominal_equality,False,0.3879661601,lgd_funding_joint,mean,0.5,0.5,0.04,4950
E95,***兰花店,B,elastic_net_logistic,0.1441316116,selected_model_risk_score,59,0.4796747967,不放贷,优化模型未选择,0,0,,,,,0,0.5,0.04,0,0,0,0,,lgd_0.50_funding_cost_0.04_joint,nominal_equality,False,0.1745511804,lgd_funding_joint,mean,0.5,0.5,0.04,4950
E96,***土地整理有限公司,C,elastic_net_logistic,0.8080355745,selected_model_risk_score,1,0.008130081301,不放贷,优化模型未选择,0,0,,,,,0,0.5,0.04,0,0,0,0,,lgd_0.50_funding_cost_0.04_joint,nominal_equality,False,0.854739214,lgd_funding_joint,mean,0.5,0.5,0.04,4950
E97,***美工装饰部,B,elastic_net_logistic,0.2602897628,selected_model_risk_score,35,0.2845528455,不放贷,优化模型未选择,0,0,,,,,0,0.5,0.04,0,0,0,0,,lgd_0.50_funding_cost_0.04_joint,nominal_equality,False,0.3283525845,lgd_funding_joint,mean,0.5,0.5,0.04,4950
E98,***文化传播有限公司,B,elastic_net_logistic,0.2814270169,selected_model_risk_score,33,0.2682926829,不放贷,优化模型未选择,0,0,,,,,0,0.5,0.04,0,0,0,0,,lgd_0.50_funding_cost_0.04_joint,nominal_equality,False,0.3034353338,lgd_funding_joint,mean,0.5,0.5,0.04,4950
E99,***建筑工程有限责任公司,D,elastic_net_logistic,0.5839846822,selected_model_risk_score,10,0.08130081301,不放贷,D级企业原则上不予放贷,0,0,,,,,0,0.5,0.04,0,0,0,0,,lgd_0.50_funding_cost_0.04_joint,nominal_equality,False,0.6898712011,lgd_funding_joint,mean,0.5,0.5,0.04,4950
E1,***电器销售有限公司,A,elastic_net_logistic,0.05655542179,selected_model_risk_score,104,0.8455284553,放贷,优化模型选择,100,1000000,0.1225,12.25,0.8148090077,0.1851909923,18.51909923,0.7,0.02,2.140288611,0.7331488277,0.3703819846,1.036757799,0.01036757799,lgd_0.70_funding_cost_0.02_joint,nominal_equality,False,0.0730491674,lgd_funding_joint,mean,0.5,0.7,0.02,4950
E10,***建筑劳务有限公司,B,elastic_net_logistic,0.06093491817,selected_model_risk_score,102,0.8292682927,放贷,优化模型选择,100,1000000,0.1185,11.85,0.7692116619,0.2307883381,23.07883381,0.7,0.02,2.568194445,0.9844147948,0.4615766762,1.122202974,0.01122202974,lgd_0.70_funding_cost_0.02_joint,nominal_equality,False,0.07833730674,lgd_funding_joint,mean,0.5,0.7,0.02,4950
E100,***装饰工程有限公司,D,elastic_net_logistic,0.2578903118,selected_model_risk_score,36,0.2926829268,不放贷,D级企业原则上不予放贷,0,0,,,,,0,0.7,0.02,0,0,0,0,,lgd_0.70_funding_cost_0.02_joint,nominal_equality,False,0.3416804479,lgd_funding_joint,mean,0.5,0.7,0.02,4950
E101,***灯饰工程有限公司,D,elastic_net_logistic,0.7098560409,selected_model_risk_score,6,0.0487804878,不放贷,D级企业原则上不予放贷,0,0,,,,,0,0.7,0.02,0,0,0,0,,lgd_0.70_funding_cost_0.02_joint,nominal_equality,False,0.7897592201,lgd_funding_joint,mean,0.5,0.7,0.02,4950
E102,***大药房有限责任公司,D,elastic_net_logistic,0.4733747116,selected_model_risk_score,17,0.1382113821,不放贷,D级企业原则上不予放贷,0,0,,,,,0,0.7,0.02,0,0,0,0,,lgd_0.70_funding_cost_0.02_joint,nominal_equality,False,0.6183651775,lgd_funding_joint,mean,0.5,0.7,0.02,4950
E103,***科技有限公司,D,elastic_net_logistic,0.4055458126,selected_model_risk_score,22,0.1788617886,不放贷,D级企业原则上不予放贷,0,0,,,,,0,0.7,0.02,0,0,0,0,,lgd_0.70_funding_cost_0.02_joint,nominal_equality,False,0.4768661053,lgd_funding_joint,mean,0.5,0.7,0.02,4950
E104,***管理咨询有限责任公司,C,elastic_net_logistic,0.5371556855,selected_model_risk_score,14,0.1138211382,不放贷,优化模型未选择,0,0,,,,,0,0.7,0.02,0,0,0,0,,lgd_0.70_funding_cost_0.02_joint,nominal_equality,False,0.6048969633,lgd_funding_joint,mean,0.5,0.7,0.02,4950
E105,***建材经营部,C,elastic_net_logistic,0.2296735143,selected_model_risk_score,41,0.3333333333,不放贷,优化模型未选择,0,0,,,,,0,0.7,0.02,0,0,0,0,,lgd_0.70_funding_cost_0.02_joint,nominal_equality,False,0.3150886304,lgd_funding_joint,mean,0.5,0.7,0.02,4950
E106,***财务管理有限公司,B,elastic_net_logistic,0.25387818,selected_model_risk_score,37,0.3008130081,不放贷,优化模型未选择,0,0,,,,,0,0.7,0.02,0,0,0,0,,lgd_0.70_funding_cost_0.02_joint,nominal_equality,False,0.2861266308,lgd_funding_joint,mean,0.5,0.7,0.02,4950
E107,***科技有限公司,D,elastic_net_logistic,0.6278756036,selected_model_risk_score,8,0.06504065041,不放贷,D级企业原则上不予放贷,0,0,,,,,0,0.7,0.02,0,0,0,0,,lgd_0.70_funding_cost_0.02_joint,nominal_equality,False,0.6820972821,lgd_funding_joint,mean,0.5,0.7,0.02,4950
E108,***商贸有限公司,D,elastic_net_logistic,0.5221807895,selected_model_risk_score,15,0.1219512195,不放贷,D级企业原则上不予放贷,0,0,,,,,0,0.7,0.02,0,0,0,0,,lgd_0.70_funding_cost_0.02_joint,nominal_equality,False,0.6296705299,lgd_funding_joint,mean,0.5,0.7,0.02,4950
E109,***服饰有限公司,D,elastic_net_logistic,0.5493640614,selected_model_risk_score,12,0.09756097561,不放贷,D级企业原则上不予放贷,0,0,,,,,0,0.7,0.02,0,0,0,0,,lgd_0.70_funding_cost_0.02_joint,nominal_equality,False,0.6102205923,lgd_funding_joint,mean,0.5,0.7,0.02,4950
E11,***建设工程有限公司,C,elastic_net_logistic,0.07723891572,selected_model_risk_score,93,0.756097561,放贷,优化模型选择,100,1000000,0.1425,14.25,0.8405321006,0.1594678994,15.94678994,0.7,0.02,2.096898498,0.8621989349,0.3189357988,0.9157637638,0.009157637638,lgd_0.70_funding_cost_0.02_joint,nominal_equality,False,0.1001763276,lgd_funding_joint,mean,0.5,0.7,0.02,4950
E110,***通讯器材经营部,C,elastic_net_logistic,0.5711527053,selected_model_risk_score,11,0.08943089431,不放贷,优化模型未选择,0,0,,,,,0,0.7,0.02,0,0,0,0,,lgd_0.70_funding_cost_0.02_joint,nominal_equality,False,0.6124762668,lgd_funding_joint,mean,0.5,0.7,0.02,4950
E111,***科技有限公司,D,elastic_net_logistic,0.1919246162,selected_model_risk_score,49,0.3983739837,不放贷,D级企业原则上不予放贷,0,0,,,,,0,0.7,0.02,0,0,0,0,,lgd_0.70_funding_cost_0.02_joint,nominal_equality,False,0.3189536769,lgd_funding_joint,mean,0.5,0.7,0.02,4950
E112,***机械设备有限公司,D,elastic_net_logistic,0.4170540731,selected_model_risk_score,20,0.162601626,不放贷,D级企业原则上不予放贷,0,0,,,,,0,0.7,0.02,0,0,0,0,,lgd_0.70_funding_cost_0.02_joint,nominal_equality,False,0.5129040595,lgd_funding_joint,mean,0.5,0.7,0.02,4950
E113,***美居科技有限公司,D,elastic_net_logistic,0.7592451553,selected_model_risk_score,4,0.0325203252,不放贷,D级企业原则上不予放贷,0,0,,,,,0,0.7,0.02,0,0,0,0,,lgd_0.70_funding_cost_0.02_joint,nominal_equality,False,0.8315439659,lgd_funding_joint,mean,0.5,0.7,0.02,4950
E114,***食品有限责任公司,D,elastic_net_logistic,0.4770804739,selected_model_risk_score,16,0.1300813008,不放贷,D级企业原则上不予放贷,0,0,,,,,0,0.7,0.02,0,0,0,0,,lgd_0.70_funding_cost_0.02_joint,nominal_equality,False,0.5421990478,lgd_funding_joint,mean,0.5,0.7,0.02,4950
E115,***装饰工程有限公司,D,elastic_net_logistic,0.7835354924,selected_model_risk_score,2,0.0162601626,不放贷,D级企业原则上不予放贷,0,0,,,,,0,0.7,0.02,0,0,0,0,,lgd_0.70_funding_cost_0.02_joint,nominal_equality,False,0.8331104651,lgd_funding_joint,mean,0.5,0.7,0.02,4950
E116,***门窗有限公司,D,elastic_net_logistic,0.4160885126,selected_model_risk_score,21,0.1707317073,不放贷,D级企业原则上不予放贷,0,0,,,,,0,0.7,0.02,0,0,0,0,,lgd_0.70_funding_cost_0.02_joint,nominal_equality,False,0.532859258,lgd_funding_joint,mean,0.5,0.7,0.02,4950
E117,***人力资源管理咨询有限公司,D,elastic_net_logistic,0.6343060557,selected_model_risk_score,7,0.05691056911,不放贷,D级企业原则上不予放贷,0,0,,,,,0,0.7,0.02,0,0,0,0,,lgd_0.70_funding_cost_0.02_joint,nominal_equality,False,0.7561127553,lgd_funding_joint,mean,0.5,0.7,0.02,4950
E118,***体育用品有限公司,D,elastic_net_logistic,0.3859533716,selected_model_risk_score,23,0.1869918699,不放贷,D级企业原则上不予放贷,0,0,,,,,0,0.7,0.02,0,0,0,0,,lgd_0.70_funding_cost_0.02_joint,nominal_equality,False,0.4429217794,lgd_funding_joint,mean,0.5,0.7,0.02,4950
E119,***药房,D,elastic_net_logistic,0.6253065711,selected_model_risk_score,9,0.07317073171,不放贷,D级企业原则上不予放贷,0,0,,,,,0,0.7,0.02,0,0,0,0,,lgd_0.70_funding_cost_0.02_joint,nominal_equality,False,0.6891769584,lgd_funding_joint,mean,0.5,0.7,0.02,4950
E12,***建筑劳务有限公司,B,elastic_net_logistic,0.08202986653,selected_model_risk_score,88,0.7154471545,放贷,优化模型选择,100,1000000,0.1425,14.25,0.8439092946,0.1560907054,15.60907054,0.7,0.02,2.041834131,0.8962869811,0.3121814108,0.8333657389,0.008333657389,lgd_0.70_funding_cost_0.02_joint,nominal_equality,False,0.1054632903,lgd_funding_joint,mean,0.5,0.7,0.02,4950
E120,***陈列广告有限公司,D,elastic_net_logistic,0.721226934,selected_model_risk_score,5,0.0406504065,不放贷,D级企业原则上不予放贷,0,0,,,,,0,0.7,0.02,0,0,0,0,,lgd_0.70_funding_cost_0.02_joint,nominal_equality,False,0.7608714869,lgd_funding_joint,mean,0.5,0.7,0.02,4950
E121,***药业连锁有限公司***药店,D,elastic_net_logistic,0.4662178212,selected_model_risk_score,18,0.1463414634,不放贷,D级企业原则上不予放贷,0,0,,,,,0,0.7,0.02,0,0,0,0,,lgd_0.70_funding_cost_0.02_joint,nominal_equality,False,0.5621951951,lgd_funding_joint,mean,0.5,0.7,0.02,4950
E122,***商贸有限责任公司,D,elastic_net_logistic,0.4500783219,selected_model_risk_score,19,0.1544715447,不放贷,D级企业原则上不予放贷,0,0,,,,,0,0.7,0.02,0,0,0,0,,lgd_0.70_funding_cost_0.02_joint,nominal_equality,False,0.6021516604,lgd_funding_joint,mean,0.5,0.7,0.02,4950
E123,***创科技有限责任公司,D,elastic_net_logistic,0.7819761114,selected_model_risk_score,3,0.0243902439,不放贷,D级企业原则上不予放贷,0,0,,,,,0,0.7,0.02,0,0,0,0,,lgd_0.70_funding_cost_0.02_joint,nominal_equality,False,0.8270597923,lgd_funding_joint,mean,0.5,0.7,0.02,4950
E13,***汽车贸易有限公司,A,elastic_net_logistic,0.04053604698,selected_model_risk_score,113,0.918699187,放贷,优化模型选择,100,1000000,0.0985,9.85,0.7083020233,0.2916979767,29.16979767,0.7,0.02,2.756755884,0.8276998021,0.5833959534,1.345660129,0.01345660129,lgd_0.70_funding_cost_0.02_joint,nominal_equality,False,0.05373417783,lgd_funding_joint,mean,0.5,0.7,0.02,4950
E14,个体经营E14,C,elastic_net_logistic,0.03261041867,selected_model_risk_score,117,0.9512195122,放贷,优化模型选择,100,1000000,0.0905,9.05,0.5900970447,0.4099029553,40.99029553,0.7,0.02,3.588649427,0.935697489,0.8198059106,1.833146028,0.01833146028,lgd_0.70_funding_cost_0.02_joint,nominal_equality,False,0.04024201468,lgd_funding_joint,mean,0.5,0.7,0.02,4950
E15,***劳务有限公司,A,elastic_net_logistic,0.07381492047,selected_model_risk_score,95,0.7723577236,放贷,优化模型选择,100,1000000,0.1225,12.25,0.8148090077,0.1851909923,18.51909923,0.7,0.02,2.101133891,0.9568900858,0.3703819846,0.7738618203,0.007738618203,lgd_0.70_funding_cost_0.02_joint,nominal_equality,False,0.1036254123,lgd_funding_joint,mean,0.5,0.7,0.02,4950
E16,***建筑劳务有限公司,A,elastic_net_logistic,0.04998777847,selected_model_risk_score,108,0.8780487805,放贷,优化模型选择,100,1000000,0.1025,10.25,0.7312754013,0.2687245987,26.87245987,0.7,0.02,2.616739443,0.9403061996,0.5374491974,1.138984046,0.01138984046,lgd_0.70_funding_cost_0.02_joint,nominal_equality,False,0.0624669862,lgd_funding_joint,mean,0.5,0.7,0.02,4950
E17,***消防工程有限公司,A,elastic_net_logistic,0.04649981408,selected_model_risk_score,111,0.9024390244,放贷,优化模型选择,100,1000000,0.1025,10.25,0.7312754013,0.2687245987,26.87245987,0.7,0.02,2.626346787,0.8746950715,0.5374491974,1.214202518,0.01214202518,lgd_0.70_funding_cost_0.02_joint,nominal_equality,False,0.05349825243,lgd_funding_joint,mean,0.5,0.7,0.02,4950
E18,***消防工程有限责任公司,A,elastic_net_logistic,0.04857513816,selected_model_risk_score,109,0.8861788618,放贷,优化模型选择,100,1000000,0.1025,10.25,0.7312754013,0.2687245987,26.87245987,0.7,0.02,2.620630458,0.9137334156,0.5374491974,1.169447845,0.01169447845,lgd_0.70_funding_cost_0.02_joint,nominal_equality,False,0.06117933194,lgd_funding_joint,mean,0.5,0.7,0.02,4950
E19,***科技有限公司,A,elastic_net_logistic,0.06543754966,selected_model_risk_score,100,0.8130081301,放贷,优化模型选择,100,1000000,0.1225,12.25,0.8148090077,0.1851909923,18.51909923,0.7,0.02,2.120138707,0.8482911329,0.3703819846,0.90146559,0.0090146559,lgd_0.70_funding_cost_0.02_joint,nominal_equality,False,0.09093656268,lgd_funding_joint,mean,0.5,0.7,0.02,4950
E2,***技术有限责任公司,A,elastic_net_logistic,0.02833749753,selected_model_risk_score,119,0.9674796748,放贷,优化模型选择,100,1000000,0.0985,9.85,0.7083020233,0.2916979767,29.16979767,0.7,0.02,2.791805062,0.5786193486,0.5833959534,1.62978976,0.0162978976,lgd_0.70_funding_cost_0.02_joint,nominal_equality,False,0.03642833627,lgd_funding_joint,mean,0.5,0.7,0.02,4950
E20,***贸易有限公司,B,elastic_net_logistic,0.04546270238,selected_model_risk_score,112,0.9105691057,放贷,优化模型选择,100,1000000,0.1065,10.65,0.7053159925,0.2946840075,29.46840075,0.7,0.02,2.995705231,0.937799193,0.589368015,1.468538023,0.01468538023,lgd_0.70_funding_cost_0.02_joint,nominal_equality,False,0.06402096704,lgd_funding_joint,mean,0.5,0.7,0.02,4950
E21,***建设工程有限公司,B,elastic_net_logistic,0.08415779812,selected_model_risk_score,85,0.6910569106,放贷,优化模型选择,100,1000000,0.1425,14.25,0.8439092946,0.1560907054,15.60907054,0.7,0.02,2.037100988,0.9195375051,0.3121814108,0.8053820725,0.008053820725,lgd_0.70_funding_cost_0.02_joint,nominal_equality,False,0.09612822768,lgd_funding_joint,mean,0.5,0.7,0.02,4950
E22,***物流有限公司,A,elastic_net_logistic,0.08272431763,selected_model_risk_score,87,0.7073170732,放贷,优化模型选择,100,1000000,0.1225,12.25,0.8148090077,0.1851909923,18.51909923,0.7,0.02,2.080922124,1.072385893,0.3703819846,0.638154247,0.00638154247,lgd_0.70_funding_cost_0.02_joint,nominal_equality,False,0.09349623574,lgd_funding_joint,mean,0.5,0.7,0.02,4950
E23,***贸易有限公司,B,elastic_net_logistic,0.03337482103,selected_model_risk_score,116,0.9430894309,放贷,优化模型选择,100,1000000,0.1065,10.65,0.7053159925,0.2946840075,29.46840075,0.7,0.02,3.033641653,0.6884518208,0.589368015,1.755821817,0.01755821817,lgd_0.70_funding_cost_0.02_joint,nominal_equality,False,0.04082479351,lgd_funding_joint,mean,0.5,0.7,0.02,4950
E24,***建筑工程有限公司,A,elastic_net_logistic,0.04702949043,selected_model_risk_score,110,0.8943089431,放贷,优化模型选择,100,1000000,0.1025,10.25,0.7312754013,0.2687245987,26.87245987,0.7,0.02,2.624887832,0.884658666,0.5374491974,1.202779969,0.01202779969,lgd_0.70_funding_cost_0.02_joint,nominal_equality,False,0.06125175229,lgd_funding_joint,mean,0.5,0.7,0.02,4950
E25,***通讯设备有限公司,C,elastic_net_logistic,0.08202047653,selected_model_risk_score,89,0.7235772358,放贷,优化模型选择,100,1000000,0.1425,14.25,0.8405321006,0.1594678994,15.94678994,0.7,0.02,2.086032795,0.915574317,0.3189357988,0.851522679,0.00851522679,lgd_0.70_funding_cost_0.02_joint,nominal_equality,False,0.09686547054,lgd_funding_joint,mean,0.5,0.7,0.02,4950
E26,***金属材料有限公司,A,elastic_net_logistic,0.1342940789,selected_model_risk_score,61,0.4959349593,不放贷,优化模型未选择,0,0,,,,,0,0.7,0.02,0,0,0,0,,lgd_0.70_funding_cost_0.02_joint,nominal_equality,False,0.1782110185,lgd_funding_joint,mean,0.5,0.7,0.02,4950
E27,***农业开发有限公司,A,elastic_net_logistic,0.1103832985,selected_model_risk_score,70,0.5691056911,不放贷,优化模型未选择,0,0,,,,,0,0.7,0.02,0,0,0,0,,lgd_0.70_funding_cost_0.02_joint,nominal_equality,False,0.1369068444,lgd_funding_joint,mean,0.5,0.7,0.02,4950
E28,***景观工程有限公司,B,elastic_net_logistic,0.09966092865,selected_model_risk_score,76,0.6178861789,放贷,优化模型选择,100,1000000,0.1425,14.25,0.8439092946,0.1560907054,15.60907054,0.7,0.02,2.002617491,1.088930126,0.3121814108,0.6015059541,0.006015059541,lgd_0.70_funding_cost_0.02_joint,nominal_equality,False,0.1193350508,lgd_funding_joint,mean,0.5,0.7,0.02,4950
E29,***建筑劳务有限公司,C,elastic_net_logistic,0.07253671793,selected_model_risk_score,96,0.7804878049,放贷,优化模型选择,100,1000000,0.1425,14.25,0.8405321006,0.1594678994,15.94678994,0.7,0.02,2.107583854,0.8097094626,0.3189357988,0.978938593,0.00978938593,lgd_0.70_funding_cost_0.02_joint,nominal_equality,False,0.08548890218,lgd_funding_joint,mean,0.5,0.7,0.02,4950
E3,***电子(中国)有限公司***分公司,C,elastic_net_logistic,0.02153611417,selected_model_risk_score,123,1,放贷,优化模型选择,100,1000000,0.0905,9.05,0.5900970447,0.4099029553,40.99029553,0.7,0.02,3.629730908,0.6179401791,0.8198059106,2.191984818,0.02191984818,lgd_0.70_funding_cost_0.02_joint,nominal_equality,False,0.025281018,lgd_funding_joint,mean,0.5,0.7,0.02,4950
E30,***建筑工程有限公司,B,elastic_net_logistic,0.07713913412,selected_model_risk_score,94,0.7642276423,放贷,优化模型选择,100,1000000,0.1425,14.25,0.8439092946,0.1560907054,15.60907054,0.7,0.02,2.05271255,0.8428491301,0.3121814108,0.8976820096,0.008976820096,lgd_0.70_funding_cost_0.02_joint,nominal_equality,False,0.1024182862,lgd_funding_joint,mean,0.5,0.7,0.02,4950
E31,***食品有限公司,A,elastic_net_logistic,0.0367643069,selected_model_risk_score,115,0.9349593496,放贷,优化模型选择,100,1000000,0.0985,9.85,0.7083020233,0.2916979767,29.16979767,0.7,0.02,2.767592942,0.7506851756,0.5833959534,1.433511813,0.01433511813,lgd_0.70_funding_cost_0.02_joint,nominal_equality,False,0.04188668071,lgd_funding_joint,mean,0.5,0.7,0.02,4950
E32,***建筑劳务有限公司,B,elastic_net_logistic,0.09279588464,selected_model_risk_score,79,0.6422764228,放贷,优化模型选择,100,1000000,0.1425,14.25,0.8439092946,0.1560907054,15.60907054,0.7,0.02,2.017887357,1.013920256,0.3121814108,0.6917856897,0.006917856897,lgd_0.70_funding_cost_0.02_joint,nominal_equality,False,0.104597557,lgd_funding_joint,mean,0.5,0.7,0.02,4950
E33,***园林有限责任公司,B,elastic_net_logistic,0.09823760896,selected_model_risk_score,77,0.6260162602,放贷,优化模型选择,100,1000000,0.1425,14.25,0.8439092946,0.1560907054,15.60907054,0.7,0.02,2.00578337,1.073378438,0.3121814108,0.6202235217,0.006202235217,lgd_0.70_funding_cost_0.02_joint,nominal_equality,False,0.1158892222,lgd_funding_joint,mean,0.5,0.7,0.02,4950
E34,***建设工程有限公司,B,elastic_net_logistic,0.1015652078,selected_model_risk_score,75,0.6097560976,放贷,优化模型选择,100,1000000,0.1425,14.25,0.8439092946,0.1560907054,15.60907054,0.7,0.02,1.998381817,1.109736945,0.3121814108,0.5764634608,0.005764634608,lgd_0.70_funding_cost_0.02_joint,nominal_equality,False,0.1393444528,lgd_funding_joint,mean,0.5,0.7,0.02,4950
E35,***商贸有限公司,B,elastic_net_logistic,0.08567951436,selected_model_risk_score,83,0.674796748,放贷,优化模型选择,100,1000000,0.1425,14.25,0.8439092946,0.1560907054,15.60907054,0.7,0.02,2.033716246,0.9361643084,0.3121814108,0.7853705271,0.007853705271,lgd_0.70_funding_cost_0.02_joint,nominal_equality,False,0.1006056864,lgd_funding_joint,mean,0.5,0.7,0.02,4950
E36,***超硬材料有限公司,D,elastic_net_logistic,0.05081789908,selected_model_risk_score,107,0.8699186992,不放贷,D级企业原则上不予放贷,0,0,,,,,0,0.7,0.02,0,0,0,0,,lgd_0.70_funding_cost_0.02_joint,nominal_equality,False,0.06163613971,lgd_funding_joint,mean,0.5,0.7,0.02,4950
E37,***木业有限公司,B,elastic_net_logistic,0.084549486,selected_model_risk_score,84,0.6829268293,放贷,优化模型选择,100,1000000,0.1425,14.25,0.8439092946,0.1560907054,15.60907054,0.7,0.02,2.03622976,0.9238172238,0.3121814108,0.8002311254,0.008002311254,lgd_0.70_funding_cost_0.02_joint,nominal_equality,False,0.1088428529,lgd_funding_joint,mean,0.5,0.7,0.02,4950
E38,***建设工程有限公司,B,elastic_net_logistic,0.1218095512,selected_model_risk_score,63,0.512195122,不放贷,优化模型未选择,0,0,,,,,0,0.7,0.02,0,0,0,0,,lgd_0.70_funding_cost_0.02_joint,nominal_equality,False,0.1460270212,lgd_funding_joint,mean,0.5,0.7,0.02,4950
E39,***建筑劳务有限公司,C,elastic_net_logistic,0.1815109557,selected_model_risk_score,52,0.4227642276,不放贷,优化模型未选择,0,0,,,,,0,0.7,0.02,0,0,0,0,,lgd_0.70_funding_cost_0.02_joint,nominal_equality,False,0.2307578892,lgd_funding_joint,mean,0.5,0.7,0.02,4950
E4,***发展有限责任公司,C,elastic_net_logistic,0.03106769432,selected_model_risk_score,118,0.9593495935,放贷,优化模型选择,100,1000000,0.0905,9.05,0.5900970447,0.4099029553,40.99029553,0.7,0.02,3.594372351,0.8914317801,0.8198059106,1.88313466,0.0188313466,lgd_0.70_funding_cost_0.02_joint,nominal_equality,False,0.04400979025,lgd_funding_joint,mean,0.5,0.7,0.02,4950
E40,***财税咨询服务有限公司,C,elastic_net_logistic,0.08113873174,selected_model_risk_score,90,0.7317073171,放贷,优化模型选择,100,1000000,0.1425,14.25,0.8405321006,0.1594678994,15.94678994,0.7,0.02,2.088036487,0.9057316177,0.3189357988,0.8633690706,0.008633690706,lgd_0.70_funding_cost_0.02_joint,nominal_equality,False,0.09293248415,lgd_funding_joint,mean,0.5,0.7,0.02,4950
E41,***物业发展有限公司,C,elastic_net_logistic,0.07916167381,selected_model_risk_score,91,0.7398373984,放贷,优化模型选择,100,1000000,0.1425,14.25,0.8405321006,0.1594678994,15.94678994,0.7,0.02,2.092529188,0.8836622085,0.3189357988,0.889931181,0.00889931181,lgd_0.70_funding_cost_0.02_joint,nominal_equality,False,0.09683047914,lgd_funding_joint,mean,0.5,0.7,0.02,4950
E42,***园艺场,A,elastic_net_logistic,0.1200846128,selected_model_risk_score,66,0.5365853659,不放贷,优化模型未选择,0,0,,,,,0,0.7,0.02,0,0,0,0,,lgd_0.70_funding_cost_0.02_joint,nominal_equality,False,0.1475914741,lgd_funding_joint,mean,0.5,0.7,0.02,4950
E43,***建设工程有限公司,B,elastic_net_logistic,0.1927952664,selected_model_risk_score,48,0.3902439024,不放贷,优化模型未选择,0,0,,,,,0,0.7,0.02,0,0,0,0,,lgd_0.70_funding_cost_0.02_joint,nominal_equality,False,0.2145282193,lgd_funding_joint,mean,0.5,0.7,0.02,4950
E44,***商贸有限公司,C,elastic_net_logistic,0.08616234673,selected_model_risk_score,82,0.6666666667,放贷,优化模型选择,100,1000000,0.1425,14.25,0.8405321006,0.1594678994,15.94678994,0.7,0.02,2.076620736,0.9618089908,0.3189357988,0.7958759465,0.007958759465,lgd_0.70_funding_cost_0.02_joint,nominal_equality,False,0.1035354806,lgd_funding_joint,mean,0.5,0.7,0.02,4950
E45,个体经营E45,B,elastic_net_logistic,0.1068056002,selected_model_risk_score,73,0.593495935,不放贷,优化模型未选择,0,0,,,,,0,0.7,0.02,0,0,0,0,,lgd_0.70_funding_cost_0.02_joint,nominal_equality,False,0.1219197504,lgd_funding_joint,mean,0.5,0.7,0.02,4950
E46,***广告传媒有限公司,C,elastic_net_logistic,0.05276002815,selected_model_risk_score,105,0.8536585366,放贷,优化模型选择,100,1000000,0.1105,11.05,0.7151023945,0.2848976055,28.48976055,0.7,0.02,2.982023718,1.052184398,0.569795211,1.360044109,0.01360044109,lgd_0.70_funding_cost_0.02_joint,nominal_equality,False,0.06245378683,lgd_funding_joint,mean,0.5,0.7,0.02,4950
E47,***控制设备有限责任公司,C,elastic_net_logistic,0.05124807767,selected_model_risk_score,106,0.8617886179,放贷,优化模型选择,100,1000000,0.1105,11.05,0.7151023945,0.2848976055,28.48976055,0.7,0.02,2.986783517,1.022031823,0.569795211,1.394956483,0.01394956483,lgd_0.70_funding_cost_0.02_joint,nominal_equality,False,0.05822355401,lgd_funding_joint,mean,0.5,0.7,0.02,4950
E48,***化工有限公司,A,elastic_net_logistic,0.07070577235,selected_model_risk_score,97,0.7886178862,放贷,优化模型选择,100,1000000,0.1225,12.25,0.8148090077,0.1851909923,18.51909923,0.7,0.02,2.108187272,0.91658505,0.3703819846,0.8212202373,0.008212202373,lgd_0.70_funding_cost_0.02_joint,nominal_equality,False,0.08921054517,lgd_funding_joint,mean,0.5,0.7,0.02,4950
E49,***地球环保科技有限公司,C,elastic_net_logistic,0.09803729486,selected_model_risk_score,78,0.6341463415,放贷,优化模型选择,100,1000000,0.1425,14.25,0.8405321006,0.1594678994,15.94678994,0.7,0.02,2.049635895,1.094366103,0.3189357988,0.6363339935,0.006363339935,lgd_0.70_funding_cost_0.02_joint,nominal_equality,False,0.1105965348,lgd_funding_joint,mean,0.5,0.7,0.02,4950
E5,***供应链管理有限公司,B,elastic_net_logistic,0.05668387407,selected_model_risk_score,103,0.837398374,放贷,优化模型选择,100,1000000,0.1185,11.85,0.7692116619,0.2307883381,23.07883381,0.7,0.02,2.579820378,0.9157383966,0.4615766762,1.202505305,0.01202505305,lgd_0.70_funding_cost_0.02_joint,nominal_equality,False,0.07330978844,lgd_funding_joint,mean,0.5,0.7,0.02,4950
E50,***建筑劳务有限公司,C,elastic_net_logistic,0.1692453772,selected_model_risk_score,54,0.4390243902,不放贷,优化模型未选择,0,0,,,,,0,0.7,0.02,0,0,0,0,,lgd_0.70_funding_cost_0.02_joint,nominal_equality,False,0.2040258114,lgd_funding_joint,mean,0.5,0.7,0.02,4950
E51,***物流有限公司,B,elastic_net_logistic,0.0697365828,selected_model_risk_score,98,0.7967479675,放贷,优化模型选择,100,1000000,0.1425,14.25,0.8439092946,0.1560907054,15.60907054,0.7,0.02,2.06917799,0.7619662681,0.3121814108,0.9950303113,0.009950303113,lgd_0.70_funding_cost_0.02_joint,nominal_equality,False,0.07874952738,lgd_funding_joint,mean,0.5,0.7,0.02,4950
E52,***商贸有限公司,D,elastic_net_logistic,0.2136303318,selected_model_risk_score,44,0.3577235772,不放贷,D级企业原则上不予放贷,0,0,,,,,0,0.7,0.02,0,0,0,0,,lgd_0.70_funding_cost_0.02_joint,nominal_equality,False,0.2416471762,lgd_funding_joint,mean,0.5,0.7,0.02,4950
E53,***文化传媒有限公司,C,elastic_net_logistic,0.107156181,selected_model_risk_score,71,0.5772357724,不放贷,优化模型未选择,0,0,,,,,0,0.7,0.02,0,0,0,0,,lgd_0.70_funding_cost_0.02_joint,nominal_equality,False,0.1294528809,lgd_funding_joint,mean,0.5,0.7,0.02,4950
E54,***新技术开发有限公司,A,elastic_net_logistic,0.06439978133,selected_model_risk_score,101,0.8211382114,放贷,优化模型选择,100,1000000,0.1225,12.25,0.8148090077,0.1851909923,18.51909923,0.7,0.02,2.122492978,0.8348381586,0.3703819846,0.9172728347,0.009172728347,lgd_0.70_funding_cost_0.02_joint,nominal_equality,False,0.08481402429,lgd_funding_joint,mean,0.5,0.7,0.02,4950
E55,***集团有限公司***电力设备分公司,C,elastic_net_logistic,0.1835760094,selected_model_risk_score,51,0.4146341463,不放贷,优化模型未选择,0,0,,,,,0,0.7,0.02,0,0,0,0,,lgd_0.70_funding_cost_0.02_joint,nominal_equality,False,0.2408611135,lgd_funding_joint,mean,0.5,0.7,0.02,4950
E56,***家居材料***有限公司,C,elastic_net_logistic,0.08755638262,selected_model_risk_score,81,0.6585365854,放贷,优化模型选择,100,1000000,0.1425,14.25,0.8405321006,0.1594678994,15.94678994,0.7,0.02,2.073452905,0.9773702691,0.3189357988,0.7771468366,0.007771468366,lgd_0.70_funding_cost_0.02_joint,nominal_equality,False,0.1073776577,lgd_funding_joint,mean,0.5,0.7,0.02,4950
E57,***机械设备有限公司,B,elastic_net_logistic,0.1025680758,selected_model_risk_score,74,0.6016260163,放贷,优化模型选择,100,1000000,0.1425,14.25,0.8439092946,0.1560907054,15.60907054,0.7,0.02,1.996151145,1.120694631,0.3121814108,0.5632751029,0.005632751029,lgd_0.70_funding_cost_0.02_joint,nominal_equality,False,0.1291130293,lgd_funding_joint,mean,0.5,0.7,0.02,4950
E58,***油气工程建设有限责任公司,B,elastic_net_logistic,0.1498825704,selected_model_risk_score,58,0.4715447154,不放贷,优化模型未选择,0,0,,,,,0,0.7,0.02,0,0,0,0,,lgd_0.70_funding_cost_0.02_joint,nominal_equality,False,0.166452668,lgd_funding_joint,mean,0.5,0.7,0.02,4950
E59,***商贸有限公司,A,elastic_net_logistic,0.06896464342,selected_model_risk_score,99,0.8048780488,放贷,优化模型选择,100,1000000,0.1225,12.25,0.8148090077,0.1851909923,18.51909923,0.7,0.02,2.112137179,0.8940141524,0.3703819846,0.847741042,0.00847741042,lgd_0.70_funding_cost_0.02_joint,nominal_equality,False,0.07641618763,lgd_funding_joint,mean,0.5,0.7,0.02,4950
E6,***装饰设计工程有限公司,A,elastic_net_logistic,0.03828902106,selected_model_risk_score,114,0.9268292683,放贷,优化模型选择,100,1000000,0.0985,9.85,0.7083020233,0.2916979767,29.16979767,0.7,0.02,2.763212095,0.7818180981,0.5833959534,1.397998044,0.01397998044,lgd_0.70_funding_cost_0.02_joint,nominal_equality,False,0.04389193776,lgd_funding_joint,mean,0.5,0.7,0.02,4950
E60,***机械租赁有限公司,B,elastic_net_logistic,0.2143912442,selected_model_risk_score,43,0.3495934959,不放贷,优化模型未选择,0,0,,,,,0,0.7,0.02,0,0,0,0,,lgd_0.70_funding_cost_0.02_joint,nominal_equality,False,0.2335825691,lgd_funding_joint,mean,0.5,0.7,0.02,4950
E61,***调味品有限公司,B,elastic_net_logistic,0.07788330382,selected_model_risk_score,92,0.7479674797,放贷,优化模型选择,100,1000000,0.1425,14.25,0.8439092946,0.1560907054,15.60907054,0.7,0.02,2.051057299,0.8509801883,0.3121814108,0.8878957003,0.008878957003,lgd_0.70_funding_cost_0.02_joint,nominal_equality,False,0.09484916536,lgd_funding_joint,mean,0.5,0.7,0.02,4950
E62,***工程造价咨询有限公司***分公司,B,elastic_net_logistic,0.1214523958,selected_model_risk_score,64,0.5203252033,不放贷,优化模型未选择,0,0,,,,,0,0.7,0.02,0,0,0,0,,lgd_0.70_funding_cost_0.02_joint,nominal_equality,False,0.1450170246,lgd_funding_joint,mean,0.5,0.7,0.02,4950
E63,***科技有限公司,B,elastic_net_logistic,0.08368298573,selected_model_risk_score,86,0.6991869919,放贷,优化模型选择,100,1000000,0.1425,14.25,0.8439092946,0.1560907054,15.60907054,0.7,0.02,2.03815711,0.9143495391,0.3121814108,0.8116261602,0.008116261602,lgd_0.70_funding_cost_0.02_joint,nominal_equality,False,0.1084106096,lgd_funding_joint,mean,0.5,0.7,0.02,4950
E64,***图书有限责任公司,A,elastic_net_logistic,0.1124750355,selected_model_risk_score,69,0.5609756098,不放贷,优化模型未选择,0,0,,,,,0,0.7,0.02,0,0,0,0,,lgd_0.70_funding_cost_0.02_joint,nominal_equality,False,0.1209520698,lgd_funding_joint,mean,0.5,0.7,0.02,4950
E65,***商贸有限公司,B,elastic_net_logistic,0.0894097801,selected_model_risk_score,80,0.6504065041,放贷,优化模型选择,100,1000000,0.1425,14.25,0.8439092946,0.1560907054,15.60907054,0.7,0.02,2.025419044,0.9769224952,0.3121814108,0.736315138,0.00736315138,lgd_0.70_funding_cost_0.02_joint,nominal_equality,False,0.1016662421,lgd_funding_joint,mean,0.5,0.7,0.02,4950
E66,***快递有限公司,B,elastic_net_logistic,0.2947622952,selected_model_risk_score,30,0.243902439,不放贷,优化模型未选择,0,0,,,,,0,0.7,0.02,0,0,0,0,,lgd_0.70_funding_cost_0.02_joint,nominal_equality,False,0.3741353375,lgd_funding_joint,mean,0.5,0.7,0.02,4950
E67,***信息技术有限公司,B,elastic_net_logistic,0.1845447393,selected_model_risk_score,50,0.406504065,不放贷,优化模型未选择,0,0,,,,,0,0.7,0.02,0,0,0,0,,lgd_0.70_funding_cost_0.02_joint,nominal_equality,False,0.2088292217,lgd_funding_joint,mean,0.5,0.7,0.02,4950
E68,***花木总公司,C,elastic_net_logistic,0.3380718151,selected_model_risk_score,28,0.2276422764,不放贷,优化模型未选择,0,0,,,,,0,0.7,0.02,0,0,0,0,,lgd_0.70_funding_cost_0.02_joint,nominal_equality,False,0.3824767947,lgd_funding_joint,mean,0.5,0.7,0.02,4950
E69,***电子器材经营部,C,elastic_net_logistic,0.2503652668,selected_model_risk_score,38,0.3089430894,不放贷,优化模型未选择,0,0,,,,,0,0.7,0.02,0,0,0,0,,lgd_0.70_funding_cost_0.02_joint,nominal_equality,False,0.3207126735,lgd_funding_joint,mean,0.5,0.7,0.02,4950
E7,***家电有限公司***分公司,A,elastic_net_logistic,0.02580342326,selected_model_risk_score,121,0.9837398374,放贷,优化模型选择,100,1000000,0.0985,9.85,0.7083020233,0.2916979767,29.16979767,0.7,0.02,2.799086028,0.526876445,0.5833959534,1.688813629,0.01688813629,lgd_0.70_funding_cost_0.02_joint,nominal_equality,False,0.03436137967,lgd_funding_joint,mean,0.5,0.7,0.02,4950
E70,***科技有限公司,B,elastic_net_logistic,0.1379471805,selected_model_risk_score,60,0.487804878,不放贷,优化模型未选择,0,0,,,,,0,0.7,0.02,0,0,0,0,,lgd_0.70_funding_cost_0.02_joint,nominal_equality,False,0.1557212843,lgd_funding_joint,mean,0.5,0.7,0.02,4950
E71,***农业科技有限公司,B,elastic_net_logistic,0.2041897012,selected_model_risk_score,45,0.3658536585,不放贷,优化模型未选择,0,0,,,,,0,0.7,0.02,0,0,0,0,,lgd_0.70_funding_cost_0.02_joint,nominal_equality,False,0.2461670708,lgd_funding_joint,mean,0.5,0.7,0.02,4950
E72,***图书有限公司,C,elastic_net_logistic,0.2897171126,selected_model_risk_score,32,0.2601626016,不放贷,优化模型未选择,0,0,,,,,0,0.7,0.02,0,0,0,0,,lgd_0.70_funding_cost_0.02_joint,nominal_equality,False,0.3383260035,lgd_funding_joint,mean,0.5,0.7,0.02,4950
E73,***商贸有限责任公司,C,elastic_net_logistic,0.1183311273,selected_model_risk_score,67,0.5447154472,不放贷,优化模型未选择,0,0,,,,,0,0.7,0.02,0,0,0,0,,lgd_0.70_funding_cost_0.02_joint,nominal_equality,False,0.150943928,lgd_funding_joint,mean,0.5,0.7,0.02,4950
E74,***蔬菜专业合作社,B,elastic_net_logistic,0.1539591335,selected_model_risk_score,56,0.4552845528,不放贷,优化模型未选择,0,0,,,,,0,0.7,0.02,0,0,0,0,,lgd_0.70_funding_cost_0.02_joint,nominal_equality,False,0.1754997095,lgd_funding_joint,mean,0.5,0.7,0.02,4950
E75,***酒店管理有限公司,C,elastic_net_logistic,0.1070850165,selected_model_risk_score,72,0.5853658537,放贷,优化模型选择,50,500000,0.1425,14.25,0.8405321006,0.1594678994,7.97339497,0.7,0.02,1.014537847,0.5976817923,0.1594678994,0.2573881552,0.005147763104,lgd_0.70_funding_cost_0.02_joint,nominal_equality,False,0.1282680192,lgd_funding_joint,mean,0.5,0.7,0.02,4950
E76,***信息科技有限公司,B,elastic_net_logistic,0.1706660196,selected_model_risk_score,53,0.4308943089,不放贷,优化模型未选择,0,0,,,,,0,0.7,0.02,0,0,0,0,,lgd_0.70_funding_cost_0.02_joint,nominal_equality,False,0.1979402602,lgd_funding_joint,mean,0.5,0.7,0.02,4950
E77,***机电设备有限公司,C,elastic_net_logistic,0.3665492679,selected_model_risk_score,25,0.2032520325,不放贷,优化模型未选择,0,0,,,,,0,0.7,0.02,0,0,0,0,,lgd_0.70_funding_cost_0.02_joint,nominal_equality,False,0.4663549766,lgd_funding_joint,mean,0.5,0.7,0.02,4950
E78,个体经营E78,C,elastic_net_logistic,0.1211539626,selected_model_risk_score,65,0.5284552846,不放贷,优化模型未选择,0,0,,,,,0,0.7,0.02,0,0,0,0,,lgd_0.70_funding_cost_0.02_joint,nominal_equality,False,0.1481587806,lgd_funding_joint,mean,0.5,0.7,0.02,4950
E79,***鞋业有限公司,B,elastic_net_logistic,0.2025177165,selected_model_risk_score,46,0.3739837398,不放贷,优化模型未选择,0,0,,,,,0,0.7,0.02,0,0,0,0,,lgd_0.70_funding_cost_0.02_joint,nominal_equality,False,0.2207361419,lgd_funding_joint,mean,0.5,0.7,0.02,4950
E8,***科学研究院有限公司,A,elastic_net_logistic,0.02606005345,selected_model_risk_score,120,0.9756097561,放贷,优化模型选择,100,1000000,0.0985,9.85,0.7083020233,0.2916979767,29.16979767,0.7,0.02,2.798348672,0.5321165405,0.5833959534,1.682836178,0.01682836178,lgd_0.70_funding_cost_0.02_joint,nominal_equality,False,0.03439017911,lgd_funding_joint,mean,0.5,0.7,0.02,4950
E80,***实业有限责任公司,C,elastic_net_logistic,0.3432370641,selected_model_risk_score,26,0.2113821138,不放贷,优化模型未选择,0,0,,,,,0,0.7,0.02,0,0,0,0,,lgd_0.70_funding_cost_0.02_joint,nominal_equality,False,0.3865190631,lgd_funding_joint,mean,0.5,0.7,0.02,4950
E81,***机械设备有限公司,A,elastic_net_logistic,0.1154202468,selected_model_risk_score,68,0.5528455285,不放贷,优化模型未选择,0,0,,,,,0,0.7,0.02,0,0,0,0,,lgd_0.70_funding_cost_0.02_joint,nominal_equality,False,0.1339413155,lgd_funding_joint,mean,0.5,0.7,0.02,4950
E82,***商贸有限公司,D,elastic_net_logistic,0.194614899,selected_model_risk_score,47,0.3821138211,不放贷,D级企业原则上不予放贷,0,0,,,,,0,0.7,0.02,0,0,0,0,,lgd_0.70_funding_cost_0.02_joint,nominal_equality,False,0.2318618526,lgd_funding_joint,mean,0.5,0.7,0.02,4950
E83,***社会福利院（***社会福利社会化服务中心）,B,elastic_net_logistic,0.5444532255,selected_model_risk_score,13,0.1056910569,不放贷,优化模型未选择,0,0,,,,,0,0.7,0.02,0,0,0,0,,lgd_0.70_funding_cost_0.02_joint,nominal_equality,False,0.6237840466,lgd_funding_joint,mean,0.5,0.7,0.02,4950
E84,***建材有限公司,A,elastic_net_logistic,0.1532688251,selected_model_risk_score,57,0.4634146341,不放贷,优化模型未选择,0,0,,,,,0,0.7,0.02,0,0,0,0,,lgd_0.70_funding_cost_0.02_joint,nominal_equality,False,0.1694921296,lgd_funding_joint,mean,0.5,0.7,0.02,4950
E85,***安防科技有限公司,B,elastic_net_logistic,0.2264316686,selected_model_risk_score,42,0.3414634146,不放贷,优化模型未选择,0,0,,,,,0,0.7,0.02,0,0,0,0,,lgd_0.70_funding_cost_0.02_joint,nominal_equality,False,0.2483347601,lgd_funding_joint,mean,0.5,0.7,0.02,4950
E86,***地质工程勘察院***分院,C,elastic_net_logistic,0.2808208394,selected_model_risk_score,34,0.2764227642,不放贷,优化模型未选择,0,0,,,,,0,0.7,0.02,0,0,0,0,,lgd_0.70_funding_cost_0.02_joint,nominal_equality,False,0.3548090468,lgd_funding_joint,mean,0.5,0.7,0.02,4950
E87,***实业有限责任公司,C,elastic_net_logistic,0.234076271,selected_model_risk_score,40,0.325203252,不放贷,优化模型未选择,0,0,,,,,0,0.7,0.02,0,0,0,0,,lgd_0.70_funding_cost_0.02_joint,nominal_equality,False,0.2796569295,lgd_funding_joint,mean,0.5,0.7,0.02,4950
E88,***贸易有限公司,A,elastic_net_logistic,0.1654327803,selected_model_risk_score,55,0.4471544715,不放贷,优化模型未选择,0,0,,,,,0,0.7,0.02,0,0,0,0,,lgd_0.70_funding_cost_0.02_joint,nominal_equality,False,0.189066442,lgd_funding_joint,mean,0.5,0.7,0.02,4950
E89,***物资有限公司,A,elastic_net_logistic,0.3344336244,selected_model_risk_score,29,0.2357723577,不放贷,优化模型未选择,0,0,,,,,0,0.7,0.02,0,0,0,0,,lgd_0.70_funding_cost_0.02_joint,nominal_equality,False,0.3672701532,lgd_funding_joint,mean,0.5,0.7,0.02,4950
E9,***生活用品服务有限公司***分公司,A,elastic_net_logistic,0.02174866462,selected_model_risk_score,122,0.9918699187,放贷,优化模型选择,100,1000000,0.0745,7.45,0.511096612,0.488903388,48.8903388,0.7,0.02,3.563114422,0.7443097072,0.977806776,1.840997939,0.01840997939,lgd_0.70_funding_cost_0.02_joint,nominal_equality,False,0.02531048472,lgd_funding_joint,mean,0.5,0.7,0.02,4950
E90,***文化传媒有限责任公司,C,elastic_net_logistic,0.2928954659,selected_model_risk_score,31,0.2520325203,不放贷,优化模型未选择,0,0,,,,,0,0.7,0.02,0,0,0,0,,lgd_0.70_funding_cost_0.02_joint,nominal_equality,False,0.3272754126,lgd_funding_joint,mean,0.5,0.7,0.02,4950
E91,***科技实业有限公司,A,elastic_net_logistic,0.123879862,selected_model_risk_score,62,0.5040650407,不放贷,优化模型未选择,0,0,,,,,0,0.7,0.02,0,0,0,0,,lgd_0.70_funding_cost_0.02_joint,nominal_equality,False,0.1563985381,lgd_funding_joint,mean,0.5,0.7,0.02,4950
E92,***地质灾害防治有限公司,C,elastic_net_logistic,0.3701163354,selected_model_risk_score,24,0.1951219512,不放贷,优化模型未选择,0,0,,,,,0,0.7,0.02,0,0,0,0,,lgd_0.70_funding_cost_0.02_joint,nominal_equality,False,0.4190045907,lgd_funding_joint,mean,0.5,0.7,0.02,4950
E93,***电脑设计事务所,B,elastic_net_logistic,0.2376719561,selected_model_risk_score,39,0.3170731707,不放贷,优化模型未选择,0,0,,,,,0,0.7,0.02,0,0,0,0,,lgd_0.70_funding_cost_0.02_joint,nominal_equality,False,0.2575297987,lgd_funding_joint,mean,0.5,0.7,0.02,4950
E94,***汽车美容有限公司,C,elastic_net_logistic,0.3420261826,selected_model_risk_score,27,0.2195121951,不放贷,优化模型未选择,0,0,,,,,0,0.7,0.02,0,0,0,0,,lgd_0.70_funding_cost_0.02_joint,nominal_equality,False,0.3879661601,lgd_funding_joint,mean,0.5,0.7,0.02,4950
E95,***兰花店,B,elastic_net_logistic,0.1441316116,selected_model_risk_score,59,0.4796747967,不放贷,优化模型未选择,0,0,,,,,0,0.7,0.02,0,0,0,0,,lgd_0.70_funding_cost_0.02_joint,nominal_equality,False,0.1745511804,lgd_funding_joint,mean,0.5,0.7,0.02,4950
E96,***土地整理有限公司,C,elastic_net_logistic,0.8080355745,selected_model_risk_score,1,0.008130081301,不放贷,优化模型未选择,0,0,,,,,0,0.7,0.02,0,0,0,0,,lgd_0.70_funding_cost_0.02_joint,nominal_equality,False,0.854739214,lgd_funding_joint,mean,0.5,0.7,0.02,4950
E97,***美工装饰部,B,elastic_net_logistic,0.2602897628,selected_model_risk_score,35,0.2845528455,不放贷,优化模型未选择,0,0,,,,,0,0.7,0.02,0,0,0,0,,lgd_0.70_funding_cost_0.02_joint,nominal_equality,False,0.3283525845,lgd_funding_joint,mean,0.5,0.7,0.02,4950
E98,***文化传播有限公司,B,elastic_net_logistic,0.2814270169,selected_model_risk_score,33,0.2682926829,不放贷,优化模型未选择,0,0,,,,,0,0.7,0.02,0,0,0,0,,lgd_0.70_funding_cost_0.02_joint,nominal_equality,False,0.3034353338,lgd_funding_joint,mean,0.5,0.7,0.02,4950
E99,***建筑工程有限责任公司,D,elastic_net_logistic,0.5839846822,selected_model_risk_score,10,0.08130081301,不放贷,D级企业原则上不予放贷,0,0,,,,,0,0.7,0.02,0,0,0,0,,lgd_0.70_funding_cost_0.02_joint,nominal_equality,False,0.6898712011,lgd_funding_joint,mean,0.5,0.7,0.02,4950
E1,***电器销售有限公司,A,elastic_net_logistic,0.05655542179,selected_model_risk_score,104,0.8455284553,放贷,优化模型选择,100,1000000,0.1225,12.25,0.8148090077,0.1851909923,18.51909923,0.7,0.03,2.140288611,0.7331488277,0.5555729769,0.8515668062,0.008515668062,lgd_0.70_funding_cost_0.03_joint,nominal_equality,False,0.0730491674,lgd_funding_joint,mean,0.5,0.7,0.03,4950
E10,***建筑劳务有限公司,B,elastic_net_logistic,0.06093491817,selected_model_risk_score,102,0.8292682927,放贷,优化模型选择,100,1000000,0.1425,14.25,0.8439092946,0.1560907054,15.60907054,0.7,0.03,2.088755467,0.6657962052,0.4682721162,0.9546871459,0.009546871459,lgd_0.70_funding_cost_0.03_joint,nominal_equality,False,0.07833730674,lgd_funding_joint,mean,0.5,0.7,0.03,4950
E100,***装饰工程有限公司,D,elastic_net_logistic,0.2578903118,selected_model_risk_score,36,0.2926829268,不放贷,D级企业原则上不予放贷,0,0,,,,,0,0.7,0.03,0,0,0,0,,lgd_0.70_funding_cost_0.03_joint,nominal_equality,False,0.3416804479,lgd_funding_joint,mean,0.5,0.7,0.03,4950
E101,***灯饰工程有限公司,D,elastic_net_logistic,0.7098560409,selected_model_risk_score,6,0.0487804878,不放贷,D级企业原则上不予放贷,0,0,,,,,0,0.7,0.03,0,0,0,0,,lgd_0.70_funding_cost_0.03_joint,nominal_equality,False,0.7897592201,lgd_funding_joint,mean,0.5,0.7,0.03,4950
E102,***大药房有限责任公司,D,elastic_net_logistic,0.4733747116,selected_model_risk_score,17,0.1382113821,不放贷,D级企业原则上不予放贷,0,0,,,,,0,0.7,0.03,0,0,0,0,,lgd_0.70_funding_cost_0.03_joint,nominal_equality,False,0.6183651775,lgd_funding_joint,mean,0.5,0.7,0.03,4950
E103,***科技有限公司,D,elastic_net_logistic,0.4055458126,selected_model_risk_score,22,0.1788617886,不放贷,D级企业原则上不予放贷,0,0,,,,,0,0.7,0.03,0,0,0,0,,lgd_0.70_funding_cost_0.03_joint,nominal_equality,False,0.4768661053,lgd_funding_joint,mean,0.5,0.7,0.03,4950
E104,***管理咨询有限责任公司,C,elastic_net_logistic,0.5371556855,selected_model_risk_score,14,0.1138211382,不放贷,优化模型未选择,0,0,,,,,0,0.7,0.03,0,0,0,0,,lgd_0.70_funding_cost_0.03_joint,nominal_equality,False,0.6048969633,lgd_funding_joint,mean,0.5,0.7,0.03,4950
E105,***建材经营部,C,elastic_net_logistic,0.2296735143,selected_model_risk_score,41,0.3333333333,不放贷,优化模型未选择,0,0,,,,,0,0.7,0.03,0,0,0,0,,lgd_0.70_funding_cost_0.03_joint,nominal_equality,False,0.3150886304,lgd_funding_joint,mean,0.5,0.7,0.03,4950
E106,***财务管理有限公司,B,elastic_net_logistic,0.25387818,selected_model_risk_score,37,0.3008130081,不放贷,优化模型未选择,0,0,,,,,0,0.7,0.03,0,0,0,0,,lgd_0.70_funding_cost_0.03_joint,nominal_equality,False,0.2861266308,lgd_funding_joint,mean,0.5,0.7,0.03,4950
E107,***科技有限公司,D,elastic_net_logistic,0.6278756036,selected_model_risk_score,8,0.06504065041,不放贷,D级企业原则上不予放贷,0,0,,,,,0,0.7,0.03,0,0,0,0,,lgd_0.70_funding_cost_0.03_joint,nominal_equality,False,0.6820972821,lgd_funding_joint,mean,0.5,0.7,0.03,4950
E108,***商贸有限公司,D,elastic_net_logistic,0.5221807895,selected_model_risk_score,15,0.1219512195,不放贷,D级企业原则上不予放贷,0,0,,,,,0,0.7,0.03,0,0,0,0,,lgd_0.70_funding_cost_0.03_joint,nominal_equality,False,0.6296705299,lgd_funding_joint,mean,0.5,0.7,0.03,4950
E109,***服饰有限公司,D,elastic_net_logistic,0.5493640614,selected_model_risk_score,12,0.09756097561,不放贷,D级企业原则上不予放贷,0,0,,,,,0,0.7,0.03,0,0,0,0,,lgd_0.70_funding_cost_0.03_joint,nominal_equality,False,0.6102205923,lgd_funding_joint,mean,0.5,0.7,0.03,4950
E11,***建设工程有限公司,C,elastic_net_logistic,0.07723891572,selected_model_risk_score,93,0.756097561,放贷,优化模型选择,100,1000000,0.1425,14.25,0.8405321006,0.1594678994,15.94678994,0.7,0.03,2.096898498,0.8621989349,0.4784036982,0.7562958644,0.007562958644,lgd_0.70_funding_cost_0.03_joint,nominal_equality,False,0.1001763276,lgd_funding_joint,mean,0.5,0.7,0.03,4950
E110,***通讯器材经营部,C,elastic_net_logistic,0.5711527053,selected_model_risk_score,11,0.08943089431,不放贷,优化模型未选择,0,0,,,,,0,0.7,0.03,0,0,0,0,,lgd_0.70_funding_cost_0.03_joint,nominal_equality,False,0.6124762668,lgd_funding_joint,mean,0.5,0.7,0.03,4950
E111,***科技有限公司,D,elastic_net_logistic,0.1919246162,selected_model_risk_score,49,0.3983739837,不放贷,D级企业原则上不予放贷,0,0,,,,,0,0.7,0.03,0,0,0,0,,lgd_0.70_funding_cost_0.03_joint,nominal_equality,False,0.3189536769,lgd_funding_joint,mean,0.5,0.7,0.03,4950
E112,***机械设备有限公司,D,elastic_net_logistic,0.4170540731,selected_model_risk_score,20,0.162601626,不放贷,D级企业原则上不予放贷,0,0,,,,,0,0.7,0.03,0,0,0,0,,lgd_0.70_funding_cost_0.03_joint,nominal_equality,False,0.5129040595,lgd_funding_joint,mean,0.5,0.7,0.03,4950
E113,***美居科技有限公司,D,elastic_net_logistic,0.7592451553,selected_model_risk_score,4,0.0325203252,不放贷,D级企业原则上不予放贷,0,0,,,,,0,0.7,0.03,0,0,0,0,,lgd_0.70_funding_cost_0.03_joint,nominal_equality,False,0.8315439659,lgd_funding_joint,mean,0.5,0.7,0.03,4950
E114,***食品有限责任公司,D,elastic_net_logistic,0.4770804739,selected_model_risk_score,16,0.1300813008,不放贷,D级企业原则上不予放贷,0,0,,,,,0,0.7,0.03,0,0,0,0,,lgd_0.70_funding_cost_0.03_joint,nominal_equality,False,0.5421990478,lgd_funding_joint,mean,0.5,0.7,0.03,4950
E115,***装饰工程有限公司,D,elastic_net_logistic,0.7835354924,selected_model_risk_score,2,0.0162601626,不放贷,D级企业原则上不予放贷,0,0,,,,,0,0.7,0.03,0,0,0,0,,lgd_0.70_funding_cost_0.03_joint,nominal_equality,False,0.8331104651,lgd_funding_joint,mean,0.5,0.7,0.03,4950
E116,***门窗有限公司,D,elastic_net_logistic,0.4160885126,selected_model_risk_score,21,0.1707317073,不放贷,D级企业原则上不予放贷,0,0,,,,,0,0.7,0.03,0,0,0,0,,lgd_0.70_funding_cost_0.03_joint,nominal_equality,False,0.532859258,lgd_funding_joint,mean,0.5,0.7,0.03,4950
E117,***人力资源管理咨询有限公司,D,elastic_net_logistic,0.6343060557,selected_model_risk_score,7,0.05691056911,不放贷,D级企业原则上不予放贷,0,0,,,,,0,0.7,0.03,0,0,0,0,,lgd_0.70_funding_cost_0.03_joint,nominal_equality,False,0.7561127553,lgd_funding_joint,mean,0.5,0.7,0.03,4950
E118,***体育用品有限公司,D,elastic_net_logistic,0.3859533716,selected_model_risk_score,23,0.1869918699,不放贷,D级企业原则上不予放贷,0,0,,,,,0,0.7,0.03,0,0,0,0,,lgd_0.70_funding_cost_0.03_joint,nominal_equality,False,0.4429217794,lgd_funding_joint,mean,0.5,0.7,0.03,4950
E119,***药房,D,elastic_net_logistic,0.6253065711,selected_model_risk_score,9,0.07317073171,不放贷,D级企业原则上不予放贷,0,0,,,,,0,0.7,0.03,0,0,0,0,,lgd_0.70_funding_cost_0.03_joint,nominal_equality,False,0.6891769584,lgd_funding_joint,mean,0.5,0.7,0.03,4950
E12,***建筑劳务有限公司,B,elastic_net_logistic,0.08202986653,selected_model_risk_score,88,0.7154471545,放贷,优化模型选择,100,1000000,0.1425,14.25,0.8439092946,0.1560907054,15.60907054,0.7,0.03,2.041834131,0.8962869811,0.4682721162,0.6772750335,0.006772750335,lgd_0.70_funding_cost_0.03_joint,nominal_equality,False,0.1054632903,lgd_funding_joint,mean,0.5,0.7,0.03,4950
E120,***陈列广告有限公司,D,elastic_net_logistic,0.721226934,selected_model_risk_score,5,0.0406504065,不放贷,D级企业原则上不予放贷,0,0,,,,,0,0.7,0.03,0,0,0,0,,lgd_0.70_funding_cost_0.03_joint,nominal_equality,False,0.7608714869,lgd_funding_joint,mean,0.5,0.7,0.03,4950
E121,***药业连锁有限公司***药店,D,elastic_net_logistic,0.4662178212,selected_model_risk_score,18,0.1463414634,不放贷,D级企业原则上不予放贷,0,0,,,,,0,0.7,0.03,0,0,0,0,,lgd_0.70_funding_cost_0.03_joint,nominal_equality,False,0.5621951951,lgd_funding_joint,mean,0.5,0.7,0.03,4950
E122,***商贸有限责任公司,D,elastic_net_logistic,0.4500783219,selected_model_risk_score,19,0.1544715447,不放贷,D级企业原则上不予放贷,0,0,,,,,0,0.7,0.03,0,0,0,0,,lgd_0.70_funding_cost_0.03_joint,nominal_equality,False,0.6021516604,lgd_funding_joint,mean,0.5,0.7,0.03,4950
E123,***创科技有限责任公司,D,elastic_net_logistic,0.7819761114,selected_model_risk_score,3,0.0243902439,不放贷,D级企业原则上不予放贷,0,0,,,,,0,0.7,0.03,0,0,0,0,,lgd_0.70_funding_cost_0.03_joint,nominal_equality,False,0.8270597923,lgd_funding_joint,mean,0.5,0.7,0.03,4950
E13,***汽车贸易有限公司,A,elastic_net_logistic,0.04053604698,selected_model_risk_score,113,0.918699187,放贷,优化模型选择,100,1000000,0.1225,12.25,0.8148090077,0.1851909923,18.51909923,0.7,0.03,2.176629999,0.5254837535,0.5555729769,1.095573268,0.01095573268,lgd_0.70_funding_cost_0.03_joint,nominal_equality,False,0.05373417783,lgd_funding_joint,mean,0.5,0.7,0.03,4950
E14,个体经营E14,C,elastic_net_logistic,0.03261041867,selected_model_risk_score,117,0.9512195122,放贷,优化模型选择,100,1000000,0.1105,11.05,0.7151023945,0.2848976055,28.48976055,0.7,0.03,3.045457077,0.6503441135,0.8546928165,1.540420147,0.01540420147,lgd_0.70_funding_cost_0.03_joint,nominal_equality,False,0.04024201468,lgd_funding_joint,mean,0.5,0.7,0.03,4950
E15,***劳务有限公司,A,elastic_net_logistic,0.07381492047,selected_model_risk_score,95,0.7723577236,放贷,优化模型选择,100,1000000,0.1425,14.25,0.8801803134,0.1198196866,11.98196866,0.7,0.03,1.581396685,0.6191136446,0.3594590598,0.6028239806,0.006028239806,lgd_0.70_funding_cost_0.03_joint,nominal_equality,False,0.1036254123,lgd_funding_joint,mean,0.5,0.7,0.03,4950
E16,***建筑劳务有限公司,A,elastic_net_logistic,0.04998777847,selected_model_risk_score,108,0.8780487805,放贷,优化模型选择,100,1000000,0.1225,12.25,0.8148090077,0.1851909923,18.51909923,0.7,0.03,2.155187899,0.6480100408,0.5555729769,0.9516048808,0.009516048808,lgd_0.70_funding_cost_0.03_joint,nominal_equality,False,0.0624669862,lgd_funding_joint,mean,0.5,0.7,0.03,4950
E17,***消防工程有限公司,A,elastic_net_logistic,0.04649981408,selected_model_risk_score,111,0.9024390244,放贷,优化模型选择,100,1000000,0.1225,12.25,0.8148090077,0.1851909923,18.51909923,0.7,0.03,2.163100658,0.6027942698,0.5555729769,1.004733412,0.01004733412,lgd_0.70_funding_cost_0.03_joint,nominal_equality,False,0.05349825243,lgd_funding_joint,mean,0.5,0.7,0.03,4950
E18,***消防工程有限责任公司,A,elastic_net_logistic,0.04857513816,selected_model_risk_score,109,0.8861788618,放贷,优化模型选择,100,1000000,0.1225,12.25,0.8148090077,0.1851909923,18.51909923,0.7,0.03,2.1583926,0.6296974626,0.5555729769,0.9731221602,0.009731221602,lgd_0.70_funding_cost_0.03_joint,nominal_equality,False,0.06117933194,lgd_funding_joint,mean,0.5,0.7,0.03,4950
E19,***科技有限公司,A,elastic_net_logistic,0.06543754966,selected_model_risk_score,100,0.8130081301,放贷,优化模型选择,100,1000000,0.1225,12.25,0.8148090077,0.1851909923,18.51909923,0.7,0.03,2.120138707,0.8482911329,0.5555729769,0.7162745977,0.007162745977,lgd_0.70_funding_cost_0.03_joint,nominal_equality,False,0.09093656268,lgd_funding_joint,mean,0.5,0.7,0.03,4950
E2,***技术有限责任公司,A,elastic_net_logistic,0.02833749753,selected_model_risk_score,119,0.9674796748,放贷,优化模型选择,100,1000000,0.0985,9.85,0.7083020233,0.2916979767,29.16979767,0.7,0.03,2.791805062,0.5786193486,0.8750939301,1.338091783,0.01338091783,lgd_0.70_funding_cost_0.03_joint,nominal_equality,False,0.03642833627,lgd_funding_joint,mean,0.5,0.7,0.03,4950
E20,***贸易有限公司,B,elastic_net_logistic,0.04546270238,selected_model_risk_score,112,0.9105691057,放贷,优化模型选择,100,1000000,0.1185,11.85,0.7692116619,0.2307883381,23.07883381,0.7,0.03,2.610508507,0.7344583069,0.6923650143,1.183685186,0.01183685186,lgd_0.70_funding_cost_0.03_joint,nominal_equality,False,0.06402096704,lgd_funding_joint,mean,0.5,0.7,0.03,4950
E21,***建设工程有限公司,B,elastic_net_logistic,0.08415779812,selected_model_risk_score,85,0.6910569106,放贷,优化模型选择,100,1000000,0.1425,14.25,0.8439092946,0.1560907054,15.60907054,0.7,0.03,2.037100988,0.9195375051,0.4682721162,0.6492913671,0.006492913671,lgd_0.70_funding_cost_0.03_joint,nominal_equality,False,0.09612822768,lgd_funding_joint,mean,0.5,0.7,0.03,4950
E22,***物流有限公司,A,elastic_net_logistic,0.08272431763,selected_model_risk_score,87,0.7073170732,放贷,优化模型选择,100,1000000,0.1425,14.25,0.8801803134,0.1198196866,11.98196866,0.7,0.03,1.566184508,0.6938401269,0.3594590598,0.5128853215,0.005128853215,lgd_0.70_funding_cost_0.03_joint,nominal_equality,False,0.09349623574,lgd_funding_joint,mean,0.5,0.7,0.03,4950
E23,***贸易有限公司,B,elastic_net_logistic,0.03337482103,selected_model_risk_score,116,0.9430894309,放贷,优化模型选择,100,1000000,0.1065,10.65,0.7053159925,0.2946840075,29.46840075,0.7,0.03,3.033641653,0.6884518208,0.8840520225,1.46113781,0.0146113781,lgd_0.70_funding_cost_0.03_joint,nominal_equality,False,0.04082479351,lgd_funding_joint,mean,0.5,0.7,0.03,4950
E24,***建筑工程有限公司,A,elastic_net_logistic,0.04702949043,selected_model_risk_score,110,0.8943089431,放贷,优化模型选择,100,1000000,0.1225,12.25,0.8148090077,0.1851909923,18.51909923,0.7,0.03,2.16189904,0.60966066,0.5555729769,0.9966654033,0.009966654033,lgd_0.70_funding_cost_0.03_joint,nominal_equality,False,0.06125175229,lgd_funding_joint,mean,0.5,0.7,0.03,4950
E25,***通讯设备有限公司,C,elastic_net_logistic,0.08202047653,selected_model_risk_score,89,0.7235772358,放贷,优化模型选择,100,1000000,0.1425,14.25,0.8405321006,0.1594678994,15.94678994,0.7,0.03,2.086032795,0.915574317,0.4784036982,0.6920547796,0.006920547796,lgd_0.70_funding_cost_0.03_joint,nominal_equality,False,0.09686547054,lgd_funding_joint,mean,0.5,0.7,0.03,4950
E26,***金属材料有限公司,A,elastic_net_logistic,0.1342940789,selected_model_risk_score,61,0.4959349593,不放贷,优化模型未选择,0,0,,,,,0,0.7,0.03,0,0,0,0,,lgd_0.70_funding_cost_0.03_joint,nominal_equality,False,0.1782110185,lgd_funding_joint,mean,0.5,0.7,0.03,4950
E27,***农业开发有限公司,A,elastic_net_logistic,0.1103832985,selected_model_risk_score,70,0.5691056911,不放贷,优化模型未选择,0,0,,,,,0,0.7,0.03,0,0,0,0,,lgd_0.70_funding_cost_0.03_joint,nominal_equality,False,0.1369068444,lgd_funding_joint,mean,0.5,0.7,0.03,4950
E28,***景观工程有限公司,B,elastic_net_logistic,0.09966092865,selected_model_risk_score,76,0.6178861789,放贷,优化模型选择,100,1000000,0.1425,14.25,0.8439092946,0.1560907054,15.60907054,0.7,0.03,2.002617491,1.088930126,0.4682721162,0.4454152487,0.004454152487,lgd_0.70_funding_cost_0.03_joint,nominal_equality,False,0.1193350508,lgd_funding_joint,mean,0.5,0.7,0.03,4950
E29,***建筑劳务有限公司,C,elastic_net_logistic,0.07253671793,selected_model_risk_score,96,0.7804878049,放贷,优化模型选择,100,1000000,0.1425,14.25,0.8405321006,0.1594678994,15.94678994,0.7,0.03,2.107583854,0.8097094626,0.4784036982,0.8194706936,0.008194706936,lgd_0.70_funding_cost_0.03_joint,nominal_equality,False,0.08548890218,lgd_funding_joint,mean,0.5,0.7,0.03,4950
E3,***电子(中国)有限公司***分公司,C,elastic_net_logistic,0.02153611417,selected_model_risk_score,123,1,放贷,优化模型选择,100,1000000,0.1105,11.05,0.7151023945,0.2848976055,28.48976055,0.7,0.03,3.0803203,0.4294911151,0.8546928165,1.796136369,0.01796136369,lgd_0.70_funding_cost_0.03_joint,nominal_equality,False,0.025281018,lgd_funding_joint,mean,0.5,0.7,0.03,4950
E30,***建筑工程有限公司,B,elastic_net_logistic,0.07713913412,selected_model_risk_score,94,0.7642276423,放贷,优化模型选择,100,1000000,0.1425,14.25,0.8439092946,0.1560907054,15.60907054,0.7,0.03,2.05271255,0.8428491301,0.4682721162,0.7415913042,0.007415913042,lgd_0.70_funding_cost_0.03_joint,nominal_equality,False,0.1024182862,lgd_funding_joint,mean,0.5,0.7,0.03,4950
E31,***食品有限公司,A,elastic_net_logistic,0.0367643069,selected_model_risk_score,115,0.9349593496,放贷,优化模型选择,100,1000000,0.1025,10.25,0.7312754013,0.2687245987,26.87245987,0.7,0.03,2.653162532,0.6915631533,0.8061737961,1.155425583,0.01155425583,lgd_0.70_funding_cost_0.03_joint,nominal_equality,False,0.04188668071,lgd_funding_joint,mean,0.5,0.7,0.03,4950
E32,***建筑劳务有限公司,B,elastic_net_logistic,0.09279588464,selected_model_risk_score,79,0.6422764228,放贷,优化模型选择,100,1000000,0.1425,14.25,0.8439092946,0.1560907054,15.60907054,0.7,0.03,2.017887357,1.013920256,0.4682721162,0.5356949843,0.005356949843,lgd_0.70_funding_cost_0.03_joint,nominal_equality,False,0.104597557,lgd_funding_joint,mean,0.5,0.7,0.03,4950
E33,***园林有限责任公司,B,elastic_net_logistic,0.09823760896,selected_model_risk_score,77,0.6260162602,放贷,优化模型选择,100,1000000,0.1425,14.25,0.8439092946,0.1560907054,15.60907054,0.7,0.03,2.00578337,1.073378438,0.4682721162,0.4641328163,0.004641328163,lgd_0.70_funding_cost_0.03_joint,nominal_equality,False,0.1158892222,lgd_funding_joint,mean,0.5,0.7,0.03,4950
E34,***建设工程有限公司,B,elastic_net_logistic,0.1015652078,selected_model_risk_score,75,0.6097560976,放贷,优化模型选择,100,1000000,0.1425,14.25,0.8439092946,0.1560907054,15.60907054,0.7,0.03,1.998381817,1.109736945,0.4682721162,0.4203727554,0.004203727554,lgd_0.70_funding_cost_0.03_joint,nominal_equality,False,0.1393444528,lgd_funding_joint,mean,0.5,0.7,0.03,4950
E35,***商贸有限公司,B,elastic_net_logistic,0.08567951436,selected_model_risk_score,83,0.674796748,放贷,优化模型选择,100,1000000,0.1425,14.25,0.8439092946,0.1560907054,15.60907054,0.7,0.03,2.033716246,0.9361643084,0.4682721162,0.6292798217,0.006292798217,lgd_0.70_funding_cost_0.03_joint,nominal_equality,False,0.1006056864,lgd_funding_joint,mean,0.5,0.7,0.03,4950
E36,***超硬材料有限公司,D,elastic_net_logistic,0.05081789908,selected_model_risk_score,107,0.8699186992,不放贷,D级企业原则上不予放贷,0,0,,,,,0,0.7,0.03,0,0,0,0,,lgd_0.70_funding_cost_0.03_joint,nominal_equality,False,0.06163613971,lgd_funding_joint,mean,0.5,0.7,0.03,4950
E37,***木业有限公司,B,elastic_net_logistic,0.084549486,selected_model_risk_score,84,0.6829268293,放贷,优化模型选择,100,1000000,0.1425,14.25,0.8439092946,0.1560907054,15.60907054,0.7,0.03,2.03622976,0.9238172238,0.4682721162,0.64414042,0.0064414042,lgd_0.70_funding_cost_0.03_joint,nominal_equality,False,0.1088428529,lgd_funding_joint,mean,0.5,0.7,0.03,4950
E38,***建设工程有限公司,B,elastic_net_logistic,0.1218095512,selected_model_risk_score,63,0.512195122,不放贷,优化模型未选择,0,0,,,,,0,0.7,0.03,0,0,0,0,,lgd_0.70_funding_cost_0.03_joint,nominal_equality,False,0.1460270212,lgd_funding_joint,mean,0.5,0.7,0.03,4950
E39,***建筑劳务有限公司,C,elastic_net_logistic,0.1815109557,selected_model_risk_score,52,0.4227642276,不放贷,优化模型未选择,0,0,,,,,0,0.7,0.03,0,0,0,0,,lgd_0.70_funding_cost_0.03_joint,nominal_equality,False,0.2307578892,lgd_funding_joint,mean,0.5,0.7,0.03,4950
E4,***发展有限责任公司,C,elastic_net_logistic,0.03106769432,selected_model_risk_score,118,0.9593495935,放贷,优化模型选择,100,1000000,0.1105,11.05,0.7151023945,0.2848976055,28.48976055,0.7,0.03,3.050313756,0.6195778204,0.8546928165,1.576043119,0.01576043119,lgd_0.70_funding_cost_0.03_joint,nominal_equality,False,0.04400979025,lgd_funding_joint,mean,0.5,0.7,0.03,4950
E40,***财税咨询服务有限公司,C,elastic_net_logistic,0.08113873174,selected_model_risk_score,90,0.7317073171,放贷,优化模型选择,100,1000000,0.1425,14.25,0.8405321006,0.1594678994,15.94678994,0.7,0.03,2.088036487,0.9057316177,0.4784036982,0.7039011712,0.007039011712,lgd_0.70_funding_cost_0.03_joint,nominal_equality,False,0.09293248415,lgd_funding_joint,mean,0.5,0.7,0.03,4950
E41,***物业发展有限公司,C,elastic_net_logistic,0.07916167381,selected_model_risk_score,91,0.7398373984,放贷,优化模型选择,100,1000000,0.1425,14.25,0.8405321006,0.1594678994,15.94678994,0.7,0.03,2.092529188,0.8836622085,0.4784036982,0.7304632816,0.007304632816,lgd_0.70_funding_cost_0.03_joint,nominal_equality,False,0.09683047914,lgd_funding_joint,mean,0.5,0.7,0.03,4950
E42,***园艺场,A,elastic_net_logistic,0.1200846128,selected_model_risk_score,66,0.5365853659,不放贷,优化模型未选择,0,0,,,,,0,0.7,0.03,0,0,0,0,,lgd_0.70_funding_cost_0.03_joint,nominal_equality,False,0.1475914741,lgd_funding_joint,mean,0.5,0.7,0.03,4950
E43,***建设工程有限公司,B,elastic_net_logistic,0.1927952664,selected_model_risk_score,48,0.3902439024,不放贷,优化模型未选择,0,0,,,,,0,0.7,0.03,0,0,0,0,,lgd_0.70_funding_cost_0.03_joint,nominal_equality,False,0.2145282193,lgd_funding_joint,mean,0.5,0.7,0.03,4950
E44,***商贸有限公司,C,elastic_net_logistic,0.08616234673,selected_model_risk_score,82,0.6666666667,放贷,优化模型选择,100,1000000,0.1425,14.25,0.8405321006,0.1594678994,15.94678994,0.7,0.03,2.076620736,0.9618089908,0.4784036982,0.6364080471,0.006364080471,lgd_0.70_funding_cost_0.03_joint,nominal_equality,False,0.1035354806,lgd_funding_joint,mean,0.5,0.7,0.03,4950
E45,个体经营E45,B,elastic_net_logistic,0.1068056002,selected_model_risk_score,73,0.593495935,不放贷,优化模型未选择,0,0,,,,,0,0.7,0.03,0,0,0,0,,lgd_0.70_funding_cost_0.03_joint,nominal_equality,False,0.1219197504,lgd_funding_joint,mean,0.5,0.7,0.03,4950
E46,***广告传媒有限公司,C,elastic_net_logistic,0.05276002815,selected_model_risk_score,105,0.8536585366,放贷,优化模型选择,100,1000000,0.1425,14.25,0.8405321006,0.1594678994,15.94678994,0.7,0.03,2.152524752,0.5889471603,0.4784036982,1.085173893,0.01085173893,lgd_0.70_funding_cost_0.03_joint,nominal_equality,False,0.06245378683,lgd_funding_joint,mean,0.5,0.7,0.03,4950
E47,***控制设备有限责任公司,C,elastic_net_logistic,0.05124807767,selected_model_risk_score,106,0.8617886179,放贷,优化模型选择,100,1000000,0.1105,11.05,0.7151023945,0.2848976055,28.48976055,0.7,0.03,2.986783517,1.022031823,0.8546928165,1.110058878,0.01110058878,lgd_0.70_funding_cost_0.03_joint,nominal_equality,False,0.05822355401,lgd_funding_joint,mean,0.5,0.7,0.03,4950
E48,***化工有限公司,A,elastic_net_logistic,0.07070577235,selected_model_risk_score,97,0.7886178862,放贷,优化模型选择,100,1000000,0.1225,12.25,0.8148090077,0.1851909923,18.51909923,0.7,0.03,2.108187272,0.91658505,0.5555729769,0.636029245,0.00636029245,lgd_0.70_funding_cost_0.03_joint,nominal_equality,False,0.08921054517,lgd_funding_joint,mean,0.5,0.7,0.03,4950
E49,***地球环保科技有限公司,C,elastic_net_logistic,0.09803729486,selected_model_risk_score,78,0.6341463415,放贷,优化模型选择,100,1000000,0.1425,14.25,0.8405321006,0.1594678994,15.94678994,0.7,0.03,2.049635895,1.094366103,0.4784036982,0.4768660941,0.004768660941,lgd_0.70_funding_cost_0.03_joint,nominal_equality,False,0.1105965348,lgd_funding_joint,mean,0.5,0.7,0.03,4950
E5,***供应链管理有限公司,B,elastic_net_logistic,0.05668387407,selected_model_risk_score,103,0.837398374,放贷,优化模型选择,100,1000000,0.1425,14.25,0.8439092946,0.1560907054,15.60907054,0.7,0.03,2.098211033,0.6193478122,0.4682721162,1.010591105,0.01010591105,lgd_0.70_funding_cost_0.03_joint,nominal_equality,False,0.07330978844,lgd_funding_joint,mean,0.5,0.7,0.03,4950
E50,***建筑劳务有限公司,C,elastic_net_logistic,0.1692453772,selected_model_risk_score,54,0.4390243902,不放贷,优化模型未选择,0,0,,,,,0,0.7,0.03,0,0,0,0,,lgd_0.70_funding_cost_0.03_joint,nominal_equality,False,0.2040258114,lgd_funding_joint,mean,0.5,0.7,0.03,4950
E51,***物流有限公司,B,elastic_net_logistic,0.0697365828,selected_model_risk_score,98,0.7967479675,放贷,优化模型选择,100,1000000,0.1425,14.25,0.8439092946,0.1560907054,15.60907054,0.7,0.03,2.06917799,0.7619662681,0.4682721162,0.8389396059,0.008389396059,lgd_0.70_funding_cost_0.03_joint,nominal_equality,False,0.07874952738,lgd_funding_joint,mean,0.5,0.7,0.03,4950
E52,***商贸有限公司,D,elastic_net_logistic,0.2136303318,selected_model_risk_score,44,0.3577235772,不放贷,D级企业原则上不予放贷,0,0,,,,,0,0.7,0.03,0,0,0,0,,lgd_0.70_funding_cost_0.03_joint,nominal_equality,False,0.2416471762,lgd_funding_joint,mean,0.5,0.7,0.03,4950
E53,***文化传媒有限公司,C,elastic_net_logistic,0.107156181,selected_model_risk_score,71,0.5772357724,不放贷,优化模型未选择,0,0,,,,,0,0.7,0.03,0,0,0,0,,lgd_0.70_funding_cost_0.03_joint,nominal_equality,False,0.1294528809,lgd_funding_joint,mean,0.5,0.7,0.03,4950
E54,***新技术开发有限公司,A,elastic_net_logistic,0.06439978133,selected_model_risk_score,101,0.8211382114,放贷,优化模型选择,100,1000000,0.1225,12.25,0.8148090077,0.1851909923,18.51909923,0.7,0.03,2.122492978,0.8348381586,0.5555729769,0.7320818424,0.007320818424,lgd_0.70_funding_cost_0.03_joint,nominal_equality,False,0.08481402429,lgd_funding_joint,mean,0.5,0.7,0.03,4950
E55,***集团有限公司***电力设备分公司,C,elastic_net_logistic,0.1835760094,selected_model_risk_score,51,0.4146341463,不放贷,优化模型未选择,0,0,,,,,0,0.7,0.03,0,0,0,0,,lgd_0.70_funding_cost_0.03_joint,nominal_equality,False,0.2408611135,lgd_funding_joint,mean,0.5,0.7,0.03,4950
E56,***家居材料***有限公司,C,elastic_net_logistic,0.08755638262,selected_model_risk_score,81,0.6585365854,放贷,优化模型选择,100,1000000,0.1425,14.25,0.8405321006,0.1594678994,15.94678994,0.7,0.03,2.073452905,0.9773702691,0.4784036982,0.6176789372,0.006176789372,lgd_0.70_funding_cost_0.03_joint,nominal_equality,False,0.1073776577,lgd_funding_joint,mean,0.5,0.7,0.03,4950
E57,***机械设备有限公司,B,elastic_net_logistic,0.1025680758,selected_model_risk_score,74,0.6016260163,放贷,优化模型选择,100,1000000,0.1425,14.25,0.8439092946,0.1560907054,15.60907054,0.7,0.03,1.996151145,1.120694631,0.4682721162,0.4071843975,0.004071843975,lgd_0.70_funding_cost_0.03_joint,nominal_equality,False,0.1291130293,lgd_funding_joint,mean,0.5,0.7,0.03,4950
E58,***油气工程建设有限责任公司,B,elastic_net_logistic,0.1498825704,selected_model_risk_score,58,0.4715447154,不放贷,优化模型未选择,0,0,,,,,0,0.7,0.03,0,0,0,0,,lgd_0.70_funding_cost_0.03_joint,nominal_equality,False,0.166452668,lgd_funding_joint,mean,0.5,0.7,0.03,4950
E59,***商贸有限公司,A,elastic_net_logistic,0.06896464342,selected_model_risk_score,99,0.8048780488,放贷,优化模型选择,100,1000000,0.1225,12.25,0.8148090077,0.1851909923,18.51909923,0.7,0.03,2.112137179,0.8940141524,0.5555729769,0.6625500497,0.006625500497,lgd_0.70_funding_cost_0.03_joint,nominal_equality,False,0.07641618763,lgd_funding_joint,mean,0.5,0.7,0.03,4950
E6,***装饰设计工程有限公司,A,elastic_net_logistic,0.03828902106,selected_model_risk_score,114,0.9268292683,放贷,优化模型选择,100,1000000,0.1225,12.25,0.8148090077,0.1851909923,18.51909923,0.7,0.03,2.181727579,0.4963547263,0.5555729769,1.129799875,0.01129799875,lgd_0.70_funding_cost_0.03_joint,nominal_equality,False,0.04389193776,lgd_funding_joint,mean,0.5,0.7,0.03,4950
E60,***机械租赁有限公司,B,elastic_net_logistic,0.2143912442,selected_model_risk_score,43,0.3495934959,不放贷,优化模型未选择,0,0,,,,,0,0.7,0.03,0,0,0,0,,lgd_0.70_funding_cost_0.03_joint,nominal_equality,False,0.2335825691,lgd_funding_joint,mean,0.5,0.7,0.03,4950
E61,***调味品有限公司,B,elastic_net_logistic,0.07788330382,selected_model_risk_score,92,0.7479674797,放贷,优化模型选择,100,1000000,0.1425,14.25,0.8439092946,0.1560907054,15.60907054,0.7,0.03,2.051057299,0.8509801883,0.4682721162,0.7318049949,0.007318049949,lgd_0.70_funding_cost_0.03_joint,nominal_equality,False,0.09484916536,lgd_funding_joint,mean,0.5,0.7,0.03,4950
E62,***工程造价咨询有限公司***分公司,B,elastic_net_logistic,0.1214523958,selected_model_risk_score,64,0.5203252033,不放贷,优化模型未选择,0,0,,,,,0,0.7,0.03,0,0,0,0,,lgd_0.70_funding_cost_0.03_joint,nominal_equality,False,0.1450170246,lgd_funding_joint,mean,0.5,0.7,0.03,4950
E63,***科技有限公司,B,elastic_net_logistic,0.08368298573,selected_model_risk_score,86,0.6991869919,放贷,优化模型选择,100,1000000,0.1425,14.25,0.8439092946,0.1560907054,15.60907054,0.7,0.03,2.03815711,0.9143495391,0.4682721162,0.6555354548,0.006555354548,lgd_0.70_funding_cost_0.03_joint,nominal_equality,False,0.1084106096,lgd_funding_joint,mean,0.5,0.7,0.03,4950
E64,***图书有限责任公司,A,elastic_net_logistic,0.1124750355,selected_model_risk_score,69,0.5609756098,不放贷,优化模型未选择,0,0,,,,,0,0.7,0.03,0,0,0,0,,lgd_0.70_funding_cost_0.03_joint,nominal_equality,False,0.1209520698,lgd_funding_joint,mean,0.5,0.7,0.03,4950
E65,***商贸有限公司,B,elastic_net_logistic,0.0894097801,selected_model_risk_score,80,0.6504065041,放贷,优化模型选择,100,1000000,0.1425,14.25,0.8439092946,0.1560907054,15.60907054,0.7,0.03,2.025419044,0.9769224952,0.4682721162,0.5802244326,0.005802244326,lgd_0.70_funding_cost_0.03_joint,nominal_equality,False,0.1016662421,lgd_funding_joint,mean,0.5,0.7,0.03,4950
E66,***快递有限公司,B,elastic_net_logistic,0.2947622952,selected_model_risk_score,30,0.243902439,不放贷,优化模型未选择,0,0,,,,,0,0.7,0.03,0,0,0,0,,lgd_0.70_funding_cost_0.03_joint,nominal_equality,False,0.3741353375,lgd_funding_joint,mean,0.5,0.7,0.03,4950
E67,***信息技术有限公司,B,elastic_net_logistic,0.1845447393,selected_model_risk_score,50,0.406504065,不放贷,优化模型未选择,0,0,,,,,0,0.7,0.03,0,0,0,0,,lgd_0.70_funding_cost_0.03_joint,nominal_equality,False,0.2088292217,lgd_funding_joint,mean,0.5,0.7,0.03,4950
E68,***花木总公司,C,elastic_net_logistic,0.3380718151,selected_model_risk_score,28,0.2276422764,不放贷,优化模型未选择,0,0,,,,,0,0.7,0.03,0,0,0,0,,lgd_0.70_funding_cost_0.03_joint,nominal_equality,False,0.3824767947,lgd_funding_joint,mean,0.5,0.7,0.03,4950
E69,***电子器材经营部,C,elastic_net_logistic,0.2503652668,selected_model_risk_score,38,0.3089430894,不放贷,优化模型未选择,0,0,,,,,0,0.7,0.03,0,0,0,0,,lgd_0.70_funding_cost_0.03_joint,nominal_equality,False,0.3207126735,lgd_funding_joint,mean,0.5,0.7,0.03,4950
E7,***家电有限公司***分公司,A,elastic_net_logistic,0.02580342326,selected_model_risk_score,121,0.9837398374,放贷,优化模型选择,100,1000000,0.0985,9.85,0.7083020233,0.2916979767,29.16979767,0.7,0.03,2.799086028,0.526876445,0.8750939301,1.397115653,0.01397115653,lgd_0.70_funding_cost_0.03_joint,nominal_equality,False,0.03436137967,lgd_funding_joint,mean,0.5,0.7,0.03,4950
E70,***科技有限公司,B,elastic_net_logistic,0.1379471805,selected_model_risk_score,60,0.487804878,不放贷,优化模型未选择,0,0,,,,,0,0.7,0.03,0,0,0,0,,lgd_0.70_funding_cost_0.03_joint,nominal_equality,False,0.1557212843,lgd_funding_joint,mean,0.5,0.7,0.03,4950
E71,***农业科技有限公司,B,elastic_net_logistic,0.2041897012,selected_model_risk_score,45,0.3658536585,不放贷,优化模型未选择,0,0,,,,,0,0.7,0.03,0,0,0,0,,lgd_0.70_funding_cost_0.03_joint,nominal_equality,False,0.2461670708,lgd_funding_joint,mean,0.5,0.7,0.03,4950
E72,***图书有限公司,C,elastic_net_logistic,0.2897171126,selected_model_risk_score,32,0.2601626016,不放贷,优化模型未选择,0,0,,,,,0,0.7,0.03,0,0,0,0,,lgd_0.70_funding_cost_0.03_joint,nominal_equality,False,0.3383260035,lgd_funding_joint,mean,0.5,0.7,0.03,4950
E73,***商贸有限责任公司,C,elastic_net_logistic,0.1183311273,selected_model_risk_score,67,0.5447154472,不放贷,优化模型未选择,0,0,,,,,0,0.7,0.03,0,0,0,0,,lgd_0.70_funding_cost_0.03_joint,nominal_equality,False,0.150943928,lgd_funding_joint,mean,0.5,0.7,0.03,4950
E74,***蔬菜专业合作社,B,elastic_net_logistic,0.1539591335,selected_model_risk_score,56,0.4552845528,不放贷,优化模型未选择,0,0,,,,,0,0.7,0.03,0,0,0,0,,lgd_0.70_funding_cost_0.03_joint,nominal_equality,False,0.1754997095,lgd_funding_joint,mean,0.5,0.7,0.03,4950
E75,***酒店管理有限公司,C,elastic_net_logistic,0.1070850165,selected_model_risk_score,72,0.5853658537,放贷,优化模型选择,50,500000,0.1425,14.25,0.8405321006,0.1594678994,7.97339497,0.7,0.03,1.014537847,0.5976817923,0.2392018491,0.1776542055,0.00355308411,lgd_0.70_funding_cost_0.03_joint,nominal_equality,False,0.1282680192,lgd_funding_joint,mean,0.5,0.7,0.03,4950
E76,***信息科技有限公司,B,elastic_net_logistic,0.1706660196,selected_model_risk_score,53,0.4308943089,不放贷,优化模型未选择,0,0,,,,,0,0.7,0.03,0,0,0,0,,lgd_0.70_funding_cost_0.03_joint,nominal_equality,False,0.1979402602,lgd_funding_joint,mean,0.5,0.7,0.03,4950
E77,***机电设备有限公司,C,elastic_net_logistic,0.3665492679,selected_model_risk_score,25,0.2032520325,不放贷,优化模型未选择,0,0,,,,,0,0.7,0.03,0,0,0,0,,lgd_0.70_funding_cost_0.03_joint,nominal_equality,False,0.4663549766,lgd_funding_joint,mean,0.5,0.7,0.03,4950
E78,个体经营E78,C,elastic_net_logistic,0.1211539626,selected_model_risk_score,65,0.5284552846,不放贷,优化模型未选择,0,0,,,,,0,0.7,0.03,0,0,0,0,,lgd_0.70_funding_cost_0.03_joint,nominal_equality,False,0.1481587806,lgd_funding_joint,mean,0.5,0.7,0.03,4950
E79,***鞋业有限公司,B,elastic_net_logistic,0.2025177165,selected_model_risk_score,46,0.3739837398,不放贷,优化模型未选择,0,0,,,,,0,0.7,0.03,0,0,0,0,,lgd_0.70_funding_cost_0.03_joint,nominal_equality,False,0.2207361419,lgd_funding_joint,mean,0.5,0.7,0.03,4950
E8,***科学研究院有限公司,A,elastic_net_logistic,0.02606005345,selected_model_risk_score,120,0.9756097561,放贷,优化模型选择,100,1000000,0.0985,9.85,0.7083020233,0.2916979767,29.16979767,0.7,0.03,2.798348672,0.5321165405,0.8750939301,1.391138201,0.01391138201,lgd_0.70_funding_cost_0.03_joint,nominal_equality,False,0.03439017911,lgd_funding_joint,mean,0.5,0.7,0.03,4950
E80,***实业有限责任公司,C,elastic_net_logistic,0.3432370641,selected_model_risk_score,26,0.2113821138,不放贷,优化模型未选择,0,0,,,,,0,0.7,0.03,0,0,0,0,,lgd_0.70_funding_cost_0.03_joint,nominal_equality,False,0.3865190631,lgd_funding_joint,mean,0.5,0.7,0.03,4950
E81,***机械设备有限公司,A,elastic_net_logistic,0.1154202468,selected_model_risk_score,68,0.5528455285,不放贷,优化模型未选择,0,0,,,,,0,0.7,0.03,0,0,0,0,,lgd_0.70_funding_cost_0.03_joint,nominal_equality,False,0.1339413155,lgd_funding_joint,mean,0.5,0.7,0.03,4950
E82,***商贸有限公司,D,elastic_net_logistic,0.194614899,selected_model_risk_score,47,0.3821138211,不放贷,D级企业原则上不予放贷,0,0,,,,,0,0.7,0.03,0,0,0,0,,lgd_0.70_funding_cost_0.03_joint,nominal_equality,False,0.2318618526,lgd_funding_joint,mean,0.5,0.7,0.03,4950
E83,***社会福利院（***社会福利社会化服务中心）,B,elastic_net_logistic,0.5444532255,selected_model_risk_score,13,0.1056910569,不放贷,优化模型未选择,0,0,,,,,0,0.7,0.03,0,0,0,0,,lgd_0.70_funding_cost_0.03_joint,nominal_equality,False,0.6237840466,lgd_funding_joint,mean,0.5,0.7,0.03,4950
E84,***建材有限公司,A,elastic_net_logistic,0.1532688251,selected_model_risk_score,57,0.4634146341,不放贷,优化模型未选择,0,0,,,,,0,0.7,0.03,0,0,0,0,,lgd_0.70_funding_cost_0.03_joint,nominal_equality,False,0.1694921296,lgd_funding_joint,mean,0.5,0.7,0.03,4950
E85,***安防科技有限公司,B,elastic_net_logistic,0.2264316686,selected_model_risk_score,42,0.3414634146,不放贷,优化模型未选择,0,0,,,,,0,0.7,0.03,0,0,0,0,,lgd_0.70_funding_cost_0.03_joint,nominal_equality,False,0.2483347601,lgd_funding_joint,mean,0.5,0.7,0.03,4950
E86,***地质工程勘察院***分院,C,elastic_net_logistic,0.2808208394,selected_model_risk_score,34,0.2764227642,不放贷,优化模型未选择,0,0,,,,,0,0.7,0.03,0,0,0,0,,lgd_0.70_funding_cost_0.03_joint,nominal_equality,False,0.3548090468,lgd_funding_joint,mean,0.5,0.7,0.03,4950
E87,***实业有限责任公司,C,elastic_net_logistic,0.234076271,selected_model_risk_score,40,0.325203252,不放贷,优化模型未选择,0,0,,,,,0,0.7,0.03,0,0,0,0,,lgd_0.70_funding_cost_0.03_joint,nominal_equality,False,0.2796569295,lgd_funding_joint,mean,0.5,0.7,0.03,4950
E88,***贸易有限公司,A,elastic_net_logistic,0.1654327803,selected_model_risk_score,55,0.4471544715,不放贷,优化模型未选择,0,0,,,,,0,0.7,0.03,0,0,0,0,,lgd_0.70_funding_cost_0.03_joint,nominal_equality,False,0.189066442,lgd_funding_joint,mean,0.5,0.7,0.03,4950
E89,***物资有限公司,A,elastic_net_logistic,0.3344336244,selected_model_risk_score,29,0.2357723577,不放贷,优化模型未选择,0,0,,,,,0,0.7,0.03,0,0,0,0,,lgd_0.70_funding_cost_0.03_joint,nominal_equality,False,0.3672701532,lgd_funding_joint,mean,0.5,0.7,0.03,4950
E9,***生活用品服务有限公司***分公司,A,elastic_net_logistic,0.02174866462,selected_model_risk_score,122,0.9918699187,放贷,优化模型选择,100,1000000,0.0985,9.85,0.7083020233,0.2916979767,29.16979767,0.7,0.03,2.810736262,0.4440829026,0.8750939301,1.491559429,0.01491559429,lgd_0.70_funding_cost_0.03_joint,nominal_equality,False,0.02531048472,lgd_funding_joint,mean,0.5,0.7,0.03,4950
E90,***文化传媒有限责任公司,C,elastic_net_logistic,0.2928954659,selected_model_risk_score,31,0.2520325203,不放贷,优化模型未选择,0,0,,,,,0,0.7,0.03,0,0,0,0,,lgd_0.70_funding_cost_0.03_joint,nominal_equality,False,0.3272754126,lgd_funding_joint,mean,0.5,0.7,0.03,4950
E91,***科技实业有限公司,A,elastic_net_logistic,0.123879862,selected_model_risk_score,62,0.5040650407,不放贷,优化模型未选择,0,0,,,,,0,0.7,0.03,0,0,0,0,,lgd_0.70_funding_cost_0.03_joint,nominal_equality,False,0.1563985381,lgd_funding_joint,mean,0.5,0.7,0.03,4950
E92,***地质灾害防治有限公司,C,elastic_net_logistic,0.3701163354,selected_model_risk_score,24,0.1951219512,不放贷,优化模型未选择,0,0,,,,,0,0.7,0.03,0,0,0,0,,lgd_0.70_funding_cost_0.03_joint,nominal_equality,False,0.4190045907,lgd_funding_joint,mean,0.5,0.7,0.03,4950
E93,***电脑设计事务所,B,elastic_net_logistic,0.2376719561,selected_model_risk_score,39,0.3170731707,不放贷,优化模型未选择,0,0,,,,,0,0.7,0.03,0,0,0,0,,lgd_0.70_funding_cost_0.03_joint,nominal_equality,False,0.2575297987,lgd_funding_joint,mean,0.5,0.7,0.03,4950
E94,***汽车美容有限公司,C,elastic_net_logistic,0.3420261826,selected_model_risk_score,27,0.2195121951,不放贷,优化模型未选择,0,0,,,,,0,0.7,0.03,0,0,0,0,,lgd_0.70_funding_cost_0.03_joint,nominal_equality,False,0.3879661601,lgd_funding_joint,mean,0.5,0.7,0.03,4950
E95,***兰花店,B,elastic_net_logistic,0.1441316116,selected_model_risk_score,59,0.4796747967,不放贷,优化模型未选择,0,0,,,,,0,0.7,0.03,0,0,0,0,,lgd_0.70_funding_cost_0.03_joint,nominal_equality,False,0.1745511804,lgd_funding_joint,mean,0.5,0.7,0.03,4950
E96,***土地整理有限公司,C,elastic_net_logistic,0.8080355745,selected_model_risk_score,1,0.008130081301,不放贷,优化模型未选择,0,0,,,,,0,0.7,0.03,0,0,0,0,,lgd_0.70_funding_cost_0.03_joint,nominal_equality,False,0.854739214,lgd_funding_joint,mean,0.5,0.7,0.03,4950
E97,***美工装饰部,B,elastic_net_logistic,0.2602897628,selected_model_risk_score,35,0.2845528455,不放贷,优化模型未选择,0,0,,,,,0,0.7,0.03,0,0,0,0,,lgd_0.70_funding_cost_0.03_joint,nominal_equality,False,0.3283525845,lgd_funding_joint,mean,0.5,0.7,0.03,4950
E98,***文化传播有限公司,B,elastic_net_logistic,0.2814270169,selected_model_risk_score,33,0.2682926829,不放贷,优化模型未选择,0,0,,,,,0,0.7,0.03,0,0,0,0,,lgd_0.70_funding_cost_0.03_joint,nominal_equality,False,0.3034353338,lgd_funding_joint,mean,0.5,0.7,0.03,4950
E99,***建筑工程有限责任公司,D,elastic_net_logistic,0.5839846822,selected_model_risk_score,10,0.08130081301,不放贷,D级企业原则上不予放贷,0,0,,,,,0,0.7,0.03,0,0,0,0,,lgd_0.70_funding_cost_0.03_joint,nominal_equality,False,0.6898712011,lgd_funding_joint,mean,0.5,0.7,0.03,4950
E1,***电器销售有限公司,A,elastic_net_logistic,0.05655542179,selected_model_risk_score,104,0.8455284553,放贷,优化模型选择,100,1000000,0.1225,12.25,0.8148090077,0.1851909923,18.51909923,0.7,0.04,2.140288611,0.7331488277,0.7407639692,0.6663758139,0.006663758139,lgd_0.70_funding_cost_0.04_joint,nominal_equality,False,0.0730491674,lgd_funding_joint,mean,0.5,0.7,0.04,4950
E10,***建筑劳务有限公司,B,elastic_net_logistic,0.06093491817,selected_model_risk_score,102,0.8292682927,放贷,优化模型选择,100,1000000,0.1425,14.25,0.8439092946,0.1560907054,15.60907054,0.7,0.04,2.088755467,0.6657962052,0.6243628216,0.7985964405,0.007985964405,lgd_0.70_funding_cost_0.04_joint,nominal_equality,False,0.07833730674,lgd_funding_joint,mean,0.5,0.7,0.04,4950
E100,***装饰工程有限公司,D,elastic_net_logistic,0.2578903118,selected_model_risk_score,36,0.2926829268,不放贷,D级企业原则上不予放贷,0,0,,,,,0,0.7,0.04,0,0,0,0,,lgd_0.70_funding_cost_0.04_joint,nominal_equality,False,0.3416804479,lgd_funding_joint,mean,0.5,0.7,0.04,4950
E101,***灯饰工程有限公司,D,elastic_net_logistic,0.7098560409,selected_model_risk_score,6,0.0487804878,不放贷,D级企业原则上不予放贷,0,0,,,,,0,0.7,0.04,0,0,0,0,,lgd_0.70_funding_cost_0.04_joint,nominal_equality,False,0.7897592201,lgd_funding_joint,mean,0.5,0.7,0.04,4950
E102,***大药房有限责任公司,D,elastic_net_logistic,0.4733747116,selected_model_risk_score,17,0.1382113821,不放贷,D级企业原则上不予放贷,0,0,,,,,0,0.7,0.04,0,0,0,0,,lgd_0.70_funding_cost_0.04_joint,nominal_equality,False,0.6183651775,lgd_funding_joint,mean,0.5,0.7,0.04,4950
E103,***科技有限公司,D,elastic_net_logistic,0.4055458126,selected_model_risk_score,22,0.1788617886,不放贷,D级企业原则上不予放贷,0,0,,,,,0,0.7,0.04,0,0,0,0,,lgd_0.70_funding_cost_0.04_joint,nominal_equality,False,0.4768661053,lgd_funding_joint,mean,0.5,0.7,0.04,4950
E104,***管理咨询有限责任公司,C,elastic_net_logistic,0.5371556855,selected_model_risk_score,14,0.1138211382,不放贷,优化模型未选择,0,0,,,,,0,0.7,0.04,0,0,0,0,,lgd_0.70_funding_cost_0.04_joint,nominal_equality,False,0.6048969633,lgd_funding_joint,mean,0.5,0.7,0.04,4950
E105,***建材经营部,C,elastic_net_logistic,0.2296735143,selected_model_risk_score,41,0.3333333333,不放贷,优化模型未选择,0,0,,,,,0,0.7,0.04,0,0,0,0,,lgd_0.70_funding_cost_0.04_joint,nominal_equality,False,0.3150886304,lgd_funding_joint,mean,0.5,0.7,0.04,4950
E106,***财务管理有限公司,B,elastic_net_logistic,0.25387818,selected_model_risk_score,37,0.3008130081,不放贷,优化模型未选择,0,0,,,,,0,0.7,0.04,0,0,0,0,,lgd_0.70_funding_cost_0.04_joint,nominal_equality,False,0.2861266308,lgd_funding_joint,mean,0.5,0.7,0.04,4950
E107,***科技有限公司,D,elastic_net_logistic,0.6278756036,selected_model_risk_score,8,0.06504065041,不放贷,D级企业原则上不予放贷,0,0,,,,,0,0.7,0.04,0,0,0,0,,lgd_0.70_funding_cost_0.04_joint,nominal_equality,False,0.6820972821,lgd_funding_joint,mean,0.5,0.7,0.04,4950
E108,***商贸有限公司,D,elastic_net_logistic,0.5221807895,selected_model_risk_score,15,0.1219512195,不放贷,D级企业原则上不予放贷,0,0,,,,,0,0.7,0.04,0,0,0,0,,lgd_0.70_funding_cost_0.04_joint,nominal_equality,False,0.6296705299,lgd_funding_joint,mean,0.5,0.7,0.04,4950
E109,***服饰有限公司,D,elastic_net_logistic,0.5493640614,selected_model_risk_score,12,0.09756097561,不放贷,D级企业原则上不予放贷,0,0,,,,,0,0.7,0.04,0,0,0,0,,lgd_0.70_funding_cost_0.04_joint,nominal_equality,False,0.6102205923,lgd_funding_joint,mean,0.5,0.7,0.04,4950
E11,***建设工程有限公司,C,elastic_net_logistic,0.07723891572,selected_model_risk_score,93,0.756097561,放贷,优化模型选择,100,1000000,0.1425,14.25,0.8405321006,0.1594678994,15.94678994,0.7,0.04,2.096898498,0.8621989349,0.6378715976,0.596827965,0.00596827965,lgd_0.70_funding_cost_0.04_joint,nominal_equality,False,0.1001763276,lgd_funding_joint,mean,0.5,0.7,0.04,4950
E110,***通讯器材经营部,C,elastic_net_logistic,0.5711527053,selected_model_risk_score,11,0.08943089431,不放贷,优化模型未选择,0,0,,,,,0,0.7,0.04,0,0,0,0,,lgd_0.70_funding_cost_0.04_joint,nominal_equality,False,0.6124762668,lgd_funding_joint,mean,0.5,0.7,0.04,4950
E111,***科技有限公司,D,elastic_net_logistic,0.1919246162,selected_model_risk_score,49,0.3983739837,不放贷,D级企业原则上不予放贷,0,0,,,,,0,0.7,0.04,0,0,0,0,,lgd_0.70_funding_cost_0.04_joint,nominal_equality,False,0.3189536769,lgd_funding_joint,mean,0.5,0.7,0.04,4950
E112,***机械设备有限公司,D,elastic_net_logistic,0.4170540731,selected_model_risk_score,20,0.162601626,不放贷,D级企业原则上不予放贷,0,0,,,,,0,0.7,0.04,0,0,0,0,,lgd_0.70_funding_cost_0.04_joint,nominal_equality,False,0.5129040595,lgd_funding_joint,mean,0.5,0.7,0.04,4950
E113,***美居科技有限公司,D,elastic_net_logistic,0.7592451553,selected_model_risk_score,4,0.0325203252,不放贷,D级企业原则上不予放贷,0,0,,,,,0,0.7,0.04,0,0,0,0,,lgd_0.70_funding_cost_0.04_joint,nominal_equality,False,0.8315439659,lgd_funding_joint,mean,0.5,0.7,0.04,4950
E114,***食品有限责任公司,D,elastic_net_logistic,0.4770804739,selected_model_risk_score,16,0.1300813008,不放贷,D级企业原则上不予放贷,0,0,,,,,0,0.7,0.04,0,0,0,0,,lgd_0.70_funding_cost_0.04_joint,nominal_equality,False,0.5421990478,lgd_funding_joint,mean,0.5,0.7,0.04,4950
E115,***装饰工程有限公司,D,elastic_net_logistic,0.7835354924,selected_model_risk_score,2,0.0162601626,不放贷,D级企业原则上不予放贷,0,0,,,,,0,0.7,0.04,0,0,0,0,,lgd_0.70_funding_cost_0.04_joint,nominal_equality,False,0.8331104651,lgd_funding_joint,mean,0.5,0.7,0.04,4950
E116,***门窗有限公司,D,elastic_net_logistic,0.4160885126,selected_model_risk_score,21,0.1707317073,不放贷,D级企业原则上不予放贷,0,0,,,,,0,0.7,0.04,0,0,0,0,,lgd_0.70_funding_cost_0.04_joint,nominal_equality,False,0.532859258,lgd_funding_joint,mean,0.5,0.7,0.04,4950
E117,***人力资源管理咨询有限公司,D,elastic_net_logistic,0.6343060557,selected_model_risk_score,7,0.05691056911,不放贷,D级企业原则上不予放贷,0,0,,,,,0,0.7,0.04,0,0,0,0,,lgd_0.70_funding_cost_0.04_joint,nominal_equality,False,0.7561127553,lgd_funding_joint,mean,0.5,0.7,0.04,4950
E118,***体育用品有限公司,D,elastic_net_logistic,0.3859533716,selected_model_risk_score,23,0.1869918699,不放贷,D级企业原则上不予放贷,0,0,,,,,0,0.7,0.04,0,0,0,0,,lgd_0.70_funding_cost_0.04_joint,nominal_equality,False,0.4429217794,lgd_funding_joint,mean,0.5,0.7,0.04,4950
E119,***药房,D,elastic_net_logistic,0.6253065711,selected_model_risk_score,9,0.07317073171,不放贷,D级企业原则上不予放贷,0,0,,,,,0,0.7,0.04,0,0,0,0,,lgd_0.70_funding_cost_0.04_joint,nominal_equality,False,0.6891769584,lgd_funding_joint,mean,0.5,0.7,0.04,4950
E12,***建筑劳务有限公司,B,elastic_net_logistic,0.08202986653,selected_model_risk_score,88,0.7154471545,放贷,优化模型选择,100,1000000,0.1425,14.25,0.8439092946,0.1560907054,15.60907054,0.7,0.04,2.041834131,0.8962869811,0.6243628216,0.5211843281,0.005211843281,lgd_0.70_funding_cost_0.04_joint,nominal_equality,False,0.1054632903,lgd_funding_joint,mean,0.5,0.7,0.04,4950
E120,***陈列广告有限公司,D,elastic_net_logistic,0.721226934,selected_model_risk_score,5,0.0406504065,不放贷,D级企业原则上不予放贷,0,0,,,,,0,0.7,0.04,0,0,0,0,,lgd_0.70_funding_cost_0.04_joint,nominal_equality,False,0.7608714869,lgd_funding_joint,mean,0.5,0.7,0.04,4950
E121,***药业连锁有限公司***药店,D,elastic_net_logistic,0.4662178212,selected_model_risk_score,18,0.1463414634,不放贷,D级企业原则上不予放贷,0,0,,,,,0,0.7,0.04,0,0,0,0,,lgd_0.70_funding_cost_0.04_joint,nominal_equality,False,0.5621951951,lgd_funding_joint,mean,0.5,0.7,0.04,4950
E122,***商贸有限责任公司,D,elastic_net_logistic,0.4500783219,selected_model_risk_score,19,0.1544715447,不放贷,D级企业原则上不予放贷,0,0,,,,,0,0.7,0.04,0,0,0,0,,lgd_0.70_funding_cost_0.04_joint,nominal_equality,False,0.6021516604,lgd_funding_joint,mean,0.5,0.7,0.04,4950
E123,***创科技有限责任公司,D,elastic_net_logistic,0.7819761114,selected_model_risk_score,3,0.0243902439,不放贷,D级企业原则上不予放贷,0,0,,,,,0,0.7,0.04,0,0,0,0,,lgd_0.70_funding_cost_0.04_joint,nominal_equality,False,0.8270597923,lgd_funding_joint,mean,0.5,0.7,0.04,4950
E13,***汽车贸易有限公司,A,elastic_net_logistic,0.04053604698,selected_model_risk_score,113,0.918699187,放贷,优化模型选择,100,1000000,0.1225,12.25,0.8148090077,0.1851909923,18.51909923,0.7,0.04,2.176629999,0.5254837535,0.7407639692,0.9103822761,0.009103822761,lgd_0.70_funding_cost_0.04_joint,nominal_equality,False,0.05373417783,lgd_funding_joint,mean,0.5,0.7,0.04,4950
E14,个体经营E14,C,elastic_net_logistic,0.03261041867,selected_model_risk_score,117,0.9512195122,放贷,优化模型选择,100,1000000,0.1105,11.05,0.7151023945,0.2848976055,28.48976055,0.7,0.04,3.045457077,0.6503441135,1.139590422,1.255522542,0.01255522542,lgd_0.70_funding_cost_0.04_joint,nominal_equality,False,0.04024201468,lgd_funding_joint,mean,0.5,0.7,0.04,4950
E15,***劳务有限公司,A,elastic_net_logistic,0.07381492047,selected_model_risk_score,95,0.7723577236,放贷,优化模型选择,100,1000000,0.1425,14.25,0.8801803134,0.1198196866,11.98196866,0.7,0.04,1.581396685,0.6191136446,0.4792787464,0.483004294,0.00483004294,lgd_0.70_funding_cost_0.04_joint,nominal_equality,False,0.1036254123,lgd_funding_joint,mean,0.5,0.7,0.04,4950
E16,***建筑劳务有限公司,A,elastic_net_logistic,0.04998777847,selected_model_risk_score,108,0.8780487805,放贷,优化模型选择,100,1000000,0.1225,12.25,0.8148090077,0.1851909923,18.51909923,0.7,0.04,2.155187899,0.6480100408,0.7407639692,0.7664138885,0.007664138885,lgd_0.70_funding_cost_0.04_joint,nominal_equality,False,0.0624669862,lgd_funding_joint,mean,0.5,0.7,0.04,4950
E17,***消防工程有限公司,A,elastic_net_logistic,0.04649981408,selected_model_risk_score,111,0.9024390244,放贷,优化模型选择,100,1000000,0.1225,12.25,0.8148090077,0.1851909923,18.51909923,0.7,0.04,2.163100658,0.6027942698,0.7407639692,0.8195424195,0.008195424195,lgd_0.70_funding_cost_0.04_joint,nominal_equality,False,0.05349825243,lgd_funding_joint,mean,0.5,0.7,0.04,4950
E18,***消防工程有限责任公司,A,elastic_net_logistic,0.04857513816,selected_model_risk_score,109,0.8861788618,放贷,优化模型选择,100,1000000,0.1225,12.25,0.8148090077,0.1851909923,18.51909923,0.7,0.04,2.1583926,0.6296974626,0.7407639692,0.7879311679,0.007879311679,lgd_0.70_funding_cost_0.04_joint,nominal_equality,False,0.06117933194,lgd_funding_joint,mean,0.5,0.7,0.04,4950
E19,***科技有限公司,A,elastic_net_logistic,0.06543754966,selected_model_risk_score,100,0.8130081301,放贷,优化模型选择,100,1000000,0.1425,14.25,0.8801803134,0.1198196866,11.98196866,0.7,0.04,1.595700464,0.5488494684,0.4792787464,0.5675722488,0.005675722488,lgd_0.70_funding_cost_0.04_joint,nominal_equality,False,0.09093656268,lgd_funding_joint,mean,0.5,0.7,0.04,4950
E2,***技术有限责任公司,A,elastic_net_logistic,0.02833749753,selected_model_risk_score,119,0.9674796748,放贷,优化模型选择,100,1000000,0.1225,12.25,0.8148090077,0.1851909923,18.51909923,0.7,0.04,2.204303502,0.3673494501,0.7407639692,1.096190083,0.01096190083,lgd_0.70_funding_cost_0.04_joint,nominal_equality,False,0.03642833627,lgd_funding_joint,mean,0.5,0.7,0.04,4950
E20,***贸易有限公司,B,elastic_net_logistic,0.04546270238,selected_model_risk_score,112,0.9105691057,放贷,优化模型选择,100,1000000,0.1425,14.25,0.8439092946,0.1560907054,15.60907054,0.7,0.04,2.123170202,0.4967413699,0.6243628216,1.00206601,0.0100206601,lgd_0.70_funding_cost_0.04_joint,nominal_equality,False,0.06402096704,lgd_funding_joint,mean,0.5,0.7,0.04,4950
E21,***建设工程有限公司,B,elastic_net_logistic,0.08415779812,selected_model_risk_score,85,0.6910569106,放贷,优化模型选择,100,1000000,0.1425,14.25,0.8439092946,0.1560907054,15.60907054,0.7,0.04,2.037100988,0.9195375051,0.6243628216,0.4932006617,0.004932006617,lgd_0.70_funding_cost_0.04_joint,nominal_equality,False,0.09612822768,lgd_funding_joint,mean,0.5,0.7,0.04,4950
E22,***物流有限公司,A,elastic_net_logistic,0.08272431763,selected_model_risk_score,87,0.7073170732,放贷,优化模型选择,100,1000000,0.1425,14.25,0.8801803134,0.1198196866,11.98196866,0.7,0.04,1.566184508,0.6938401269,0.4792787464,0.3930656349,0.003930656349,lgd_0.70_funding_cost_0.04_joint,nominal_equality,False,0.09349623574,lgd_funding_joint,mean,0.5,0.7,0.04,4950
E23,***贸易有限公司,B,elastic_net_logistic,0.03337482103,selected_model_risk_score,116,0.9430894309,放贷,优化模型选择,100,1000000,0.1185,11.85,0.7692116619,0.2307883381,23.07883381,0.7,0.04,2.643566951,0.5391763636,0.9231533524,1.181237235,0.01181237235,lgd_0.70_funding_cost_0.04_joint,nominal_equality,False,0.04082479351,lgd_funding_joint,mean,0.5,0.7,0.04,4950
E24,***建筑工程有限公司,A,elastic_net_logistic,0.04702949043,selected_model_risk_score,110,0.8943089431,放贷,优化模型选择,100,1000000,0.1225,12.25,0.8148090077,0.1851909923,18.51909923,0.7,0.04,2.16189904,0.60966066,0.7407639692,0.811474411,0.00811474411,lgd_0.70_funding_cost_0.04_joint,nominal_equality,False,0.06125175229,lgd_funding_joint,mean,0.5,0.7,0.04,4950
E25,***通讯设备有限公司,C,elastic_net_logistic,0.08202047653,selected_model_risk_score,89,0.7235772358,放贷,优化模型选择,100,1000000,0.1425,14.25,0.8405321006,0.1594678994,15.94678994,0.7,0.04,2.086032795,0.915574317,0.6378715976,0.5325868802,0.005325868802,lgd_0.70_funding_cost_0.04_joint,nominal_equality,False,0.09686547054,lgd_funding_joint,mean,0.5,0.7,0.04,4950
E26,***金属材料有限公司,A,elastic_net_logistic,0.1342940789,selected_model_risk_score,61,0.4959349593,不放贷,优化模型未选择,0,0,,,,,0,0.7,0.04,0,0,0,0,,lgd_0.70_funding_cost_0.04_joint,nominal_equality,False,0.1782110185,lgd_funding_joint,mean,0.5,0.7,0.04,4950
E27,***农业开发有限公司,A,elastic_net_logistic,0.1103832985,selected_model_risk_score,70,0.5691056911,不放贷,优化模型未选择,0,0,,,,,0,0.7,0.04,0,0,0,0,,lgd_0.70_funding_cost_0.04_joint,nominal_equality,False,0.1369068444,lgd_funding_joint,mean,0.5,0.7,0.04,4950
E28,***景观工程有限公司,B,elastic_net_logistic,0.09966092865,selected_model_risk_score,76,0.6178861789,放贷,优化模型选择,100,1000000,0.1465,14.65,0.8681595356,0.1318404644,13.18404644,0.7,0.04,1.738971427,0.9197540181,0.5273618576,0.2918555511,0.002918555511,lgd_0.70_funding_cost_0.04_joint,nominal_equality,False,0.1193350508,lgd_funding_joint,mean,0.5,0.7,0.04,4950
E29,***建筑劳务有限公司,C,elastic_net_logistic,0.07253671793,selected_model_risk_score,96,0.7804878049,放贷,优化模型选择,100,1000000,0.1425,14.25,0.8405321006,0.1594678994,15.94678994,0.7,0.04,2.107583854,0.8097094626,0.6378715976,0.6600027942,0.006600027942,lgd_0.70_funding_cost_0.04_joint,nominal_equality,False,0.08548890218,lgd_funding_joint,mean,0.5,0.7,0.04,4950
E3,***电子(中国)有限公司***分公司,C,elastic_net_logistic,0.02153611417,selected_model_risk_score,123,1,放贷,优化模型选择,100,1000000,0.1105,11.05,0.7151023945,0.2848976055,28.48976055,0.7,0.04,3.0803203,0.4294911151,1.139590422,1.511238763,0.01511238763,lgd_0.70_funding_cost_0.04_joint,nominal_equality,False,0.025281018,lgd_funding_joint,mean,0.5,0.7,0.04,4950
E30,***建筑工程有限公司,B,elastic_net_logistic,0.07713913412,selected_model_risk_score,94,0.7642276423,放贷,优化模型选择,100,1000000,0.1425,14.25,0.8439092946,0.1560907054,15.60907054,0.7,0.04,2.05271255,0.8428491301,0.6243628216,0.5855005988,0.005855005988,lgd_0.70_funding_cost_0.04_joint,nominal_equality,False,0.1024182862,lgd_funding_joint,mean,0.5,0.7,0.04,4950
E31,***食品有限公司,A,elastic_net_logistic,0.0367643069,selected_model_risk_score,115,0.9349593496,放贷,优化模型选择,100,1000000,0.1225,12.25,0.8148090077,0.1851909923,18.51909923,0.7,0.04,2.185186529,0.4765892933,0.7407639692,0.9678332668,0.009678332668,lgd_0.70_funding_cost_0.04_joint,nominal_equality,False,0.04188668071,lgd_funding_joint,mean,0.5,0.7,0.04,4950
E32,***建筑劳务有限公司,B,elastic_net_logistic,0.09279588464,selected_model_risk_score,79,0.6422764228,放贷,优化模型选择,100,1000000,0.1425,14.25,0.8439092946,0.1560907054,15.60907054,0.7,0.04,2.017887357,1.013920256,0.6243628216,0.3796042789,0.003796042789,lgd_0.70_funding_cost_0.04_joint,nominal_equality,False,0.104597557,lgd_funding_joint,mean,0.5,0.7,0.04,4950
E33,***园林有限责任公司,B,elastic_net_logistic,0.09823760896,selected_model_risk_score,77,0.6260162602,放贷,优化模型选择,100,1000000,0.1425,14.25,0.8439092946,0.1560907054,15.60907054,0.7,0.04,2.00578337,1.073378438,0.6243628216,0.3080421109,0.003080421109,lgd_0.70_funding_cost_0.04_joint,nominal_equality,False,0.1158892222,lgd_funding_joint,mean,0.5,0.7,0.04,4950
E34,***建设工程有限公司,B,elastic_net_logistic,0.1015652078,selected_model_risk_score,75,0.6097560976,放贷,优化模型选择,100,1000000,0.1465,14.65,0.8681595356,0.1318404644,13.18404644,0.7,0.04,1.735293382,0.9373282914,0.5273618576,0.2706032334,0.002706032334,lgd_0.70_funding_cost_0.04_joint,nominal_equality,False,0.1393444528,lgd_funding_joint,mean,0.5,0.7,0.04,4950
E35,***商贸有限公司,B,elastic_net_logistic,0.08567951436,selected_model_risk_score,83,0.674796748,放贷,优化模型选择,100,1000000,0.1425,14.25,0.8439092946,0.1560907054,15.60907054,0.7,0.04,2.033716246,0.9361643084,0.6243628216,0.4731891163,0.004731891163,lgd_0.70_funding_cost_0.04_joint,nominal_equality,False,0.1006056864,lgd_funding_joint,mean,0.5,0.7,0.04,4950
E36,***超硬材料有限公司,D,elastic_net_logistic,0.05081789908,selected_model_risk_score,107,0.8699186992,不放贷,D级企业原则上不予放贷,0,0,,,,,0,0.7,0.04,0,0,0,0,,lgd_0.70_funding_cost_0.04_joint,nominal_equality,False,0.06163613971,lgd_funding_joint,mean,0.5,0.7,0.04,4950
E37,***木业有限公司,B,elastic_net_logistic,0.084549486,selected_model_risk_score,84,0.6829268293,放贷,优化模型选择,100,1000000,0.1425,14.25,0.8439092946,0.1560907054,15.60907054,0.7,0.04,2.03622976,0.9238172238,0.6243628216,0.4880497146,0.004880497146,lgd_0.70_funding_cost_0.04_joint,nominal_equality,False,0.1088428529,lgd_funding_joint,mean,0.5,0.7,0.04,4950
E38,***建设工程有限公司,B,elastic_net_logistic,0.1218095512,selected_model_risk_score,63,0.512195122,不放贷,优化模型未选择,0,0,,,,,0,0.7,0.04,0,0,0,0,,lgd_0.70_funding_cost_0.04_joint,nominal_equality,False,0.1460270212,lgd_funding_joint,mean,0.5,0.7,0.04,4950
E39,***建筑劳务有限公司,C,elastic_net_logistic,0.1815109557,selected_model_risk_score,52,0.4227642276,不放贷,优化模型未选择,0,0,,,,,0,0.7,0.04,0,0,0,0,,lgd_0.70_funding_cost_0.04_joint,nominal_equality,False,0.2307578892,lgd_funding_joint,mean,0.5,0.7,0.04,4950
E4,***发展有限责任公司,C,elastic_net_logistic,0.03106769432,selected_model_risk_score,118,0.9593495935,放贷,优化模型选择,100,1000000,0.1105,11.05,0.7151023945,0.2848976055,28.48976055,0.7,0.04,3.050313756,0.6195778204,1.139590422,1.291145514,0.01291145514,lgd_0.70_funding_cost_0.04_joint,nominal_equality,False,0.04400979025,lgd_funding_joint,mean,0.5,0.7,0.04,4950
E40,***财税咨询服务有限公司,C,elastic_net_logistic,0.08113873174,selected_model_risk_score,90,0.7317073171,放贷,优化模型选择,100,1000000,0.1425,14.25,0.8405321006,0.1594678994,15.94678994,0.7,0.04,2.088036487,0.9057316177,0.6378715976,0.5444332718,0.005444332718,lgd_0.70_funding_cost_0.04_joint,nominal_equality,False,0.09293248415,lgd_funding_joint,mean,0.5,0.7,0.04,4950
E41,***物业发展有限公司,C,elastic_net_logistic,0.07916167381,selected_model_risk_score,91,0.7398373984,放贷,优化模型选择,100,1000000,0.1425,14.25,0.8405321006,0.1594678994,15.94678994,0.7,0.04,2.092529188,0.8836622085,0.6378715976,0.5709953822,0.005709953822,lgd_0.70_funding_cost_0.04_joint,nominal_equality,False,0.09683047914,lgd_funding_joint,mean,0.5,0.7,0.04,4950
E42,***园艺场,A,elastic_net_logistic,0.1200846128,selected_model_risk_score,66,0.5365853659,不放贷,优化模型未选择,0,0,,,,,0,0.7,0.04,0,0,0,0,,lgd_0.70_funding_cost_0.04_joint,nominal_equality,False,0.1475914741,lgd_funding_joint,mean,0.5,0.7,0.04,4950
E43,***建设工程有限公司,B,elastic_net_logistic,0.1927952664,selected_model_risk_score,48,0.3902439024,不放贷,优化模型未选择,0,0,,,,,0,0.7,0.04,0,0,0,0,,lgd_0.70_funding_cost_0.04_joint,nominal_equality,False,0.2145282193,lgd_funding_joint,mean,0.5,0.7,0.04,4950
E44,***商贸有限公司,C,elastic_net_logistic,0.08616234673,selected_model_risk_score,82,0.6666666667,放贷,优化模型选择,100,1000000,0.1425,14.25,0.8405321006,0.1594678994,15.94678994,0.7,0.04,2.076620736,0.9618089908,0.6378715976,0.4769401477,0.004769401477,lgd_0.70_funding_cost_0.04_joint,nominal_equality,False,0.1035354806,lgd_funding_joint,mean,0.5,0.7,0.04,4950
E45,个体经营E45,B,elastic_net_logistic,0.1068056002,selected_model_risk_score,73,0.593495935,放贷,优化模型选择,50,500000,0.15,15,0.885864919,0.114135081,5.70675405,0.7,0.04,0.7645861138,0.4266593041,0.228270162,0.1096566477,0.002193132954,lgd_0.70_funding_cost_0.04_joint,nominal_equality,False,0.1219197504,lgd_funding_joint,mean,0.5,0.7,0.04,4950
E46,***广告传媒有限公司,C,elastic_net_logistic,0.05276002815,selected_model_risk_score,105,0.8536585366,放贷,优化模型选择,100,1000000,0.1425,14.25,0.8405321006,0.1594678994,15.94678994,0.7,0.04,2.152524752,0.5889471603,0.6378715976,0.9257059938,0.009257059938,lgd_0.70_funding_cost_0.04_joint,nominal_equality,False,0.06245378683,lgd_funding_joint,mean,0.5,0.7,0.04,4950
E47,***控制设备有限责任公司,C,elastic_net_logistic,0.05124807767,selected_model_risk_score,106,0.8617886179,放贷,优化模型选择,100,1000000,0.1425,14.25,0.8405321006,0.1594678994,15.94678994,0.7,0.04,2.155960535,0.5720696306,0.6378715976,0.9460193063,0.009460193063,lgd_0.70_funding_cost_0.04_joint,nominal_equality,False,0.05822355401,lgd_funding_joint,mean,0.5,0.7,0.04,4950
E48,***化工有限公司,A,elastic_net_logistic,0.07070577235,selected_model_risk_score,97,0.7886178862,放贷,优化模型选择,100,1000000,0.1425,14.25,0.8801803134,0.1198196866,11.98196866,0.7,0.04,1.586705339,0.5930360439,0.4792787464,0.5143905491,0.005143905491,lgd_0.70_funding_cost_0.04_joint,nominal_equality,False,0.08921054517,lgd_funding_joint,mean,0.5,0.7,0.04,4950
E49,***地球环保科技有限公司,C,elastic_net_logistic,0.09803729486,selected_model_risk_score,78,0.6341463415,放贷,优化模型选择,100,1000000,0.1425,14.25,0.8405321006,0.1594678994,15.94678994,0.7,0.04,2.049635895,1.094366103,0.6378715976,0.3173981947,0.003173981947,lgd_0.70_funding_cost_0.04_joint,nominal_equality,False,0.1105965348,lgd_funding_joint,mean,0.5,0.7,0.04,4950
E5,***供应链管理有限公司,B,elastic_net_logistic,0.05668387407,selected_model_risk_score,103,0.837398374,放贷,优化模型选择,100,1000000,0.1425,14.25,0.8439092946,0.1560907054,15.60907054,0.7,0.04,2.098211033,0.6193478122,0.6243628216,0.8545003993,0.008545003993,lgd_0.70_funding_cost_0.04_joint,nominal_equality,False,0.07330978844,lgd_funding_joint,mean,0.5,0.7,0.04,4950
E50,***建筑劳务有限公司,C,elastic_net_logistic,0.1692453772,selected_model_risk_score,54,0.4390243902,不放贷,优化模型未选择,0,0,,,,,0,0.7,0.04,0,0,0,0,,lgd_0.70_funding_cost_0.04_joint,nominal_equality,False,0.2040258114,lgd_funding_joint,mean,0.5,0.7,0.04,4950
E51,***物流有限公司,B,elastic_net_logistic,0.0697365828,selected_model_risk_score,98,0.7967479675,放贷,优化模型选择,100,1000000,0.1425,14.25,0.8439092946,0.1560907054,15.60907054,0.7,0.04,2.06917799,0.7619662681,0.6243628216,0.6828489005,0.006828489005,lgd_0.70_funding_cost_0.04_joint,nominal_equality,False,0.07874952738,lgd_funding_joint,mean,0.5,0.7,0.04,4950
E52,***商贸有限公司,D,elastic_net_logistic,0.2136303318,selected_model_risk_score,44,0.3577235772,不放贷,D级企业原则上不予放贷,0,0,,,,,0,0.7,0.04,0,0,0,0,,lgd_0.70_funding_cost_0.04_joint,nominal_equality,False,0.2416471762,lgd_funding_joint,mean,0.5,0.7,0.04,4950
E53,***文化传媒有限公司,C,elastic_net_logistic,0.107156181,selected_model_risk_score,71,0.5772357724,不放贷,优化模型未选择,0,0,,,,,0,0.7,0.04,0,0,0,0,,lgd_0.70_funding_cost_0.04_joint,nominal_equality,False,0.1294528809,lgd_funding_joint,mean,0.5,0.7,0.04,4950
E54,***新技术开发有限公司,A,elastic_net_logistic,0.06439978133,selected_model_risk_score,101,0.8211382114,放贷,优化模型选择,100,1000000,0.1425,14.25,0.8801803134,0.1198196866,11.98196866,0.7,0.04,1.597472381,0.5401453131,0.4792787464,0.5780483215,0.005780483215,lgd_0.70_funding_cost_0.04_joint,nominal_equality,False,0.08481402429,lgd_funding_joint,mean,0.5,0.7,0.04,4950
E55,***集团有限公司***电力设备分公司,C,elastic_net_logistic,0.1835760094,selected_model_risk_score,51,0.4146341463,不放贷,优化模型未选择,0,0,,,,,0,0.7,0.04,0,0,0,0,,lgd_0.70_funding_cost_0.04_joint,nominal_equality,False,0.2408611135,lgd_funding_joint,mean,0.5,0.7,0.04,4950
E56,***家居材料***有限公司,C,elastic_net_logistic,0.08755638262,selected_model_risk_score,81,0.6585365854,放贷,优化模型选择,100,1000000,0.1425,14.25,0.8405321006,0.1594678994,15.94678994,0.7,0.04,2.073452905,0.9773702691,0.6378715976,0.4582110378,0.004582110378,lgd_0.70_funding_cost_0.04_joint,nominal_equality,False,0.1073776577,lgd_funding_joint,mean,0.5,0.7,0.04,4950
E57,***机械设备有限公司,B,elastic_net_logistic,0.1025680758,selected_model_risk_score,74,0.6016260163,放贷,优化模型选择,100,1000000,0.15,15,0.885864919,0.114135081,11.4135081,0.7,0.04,1.53642698,0.8194630948,0.456540324,0.2604235616,0.002604235616,lgd_0.70_funding_cost_0.04_joint,nominal_equality,False,0.1291130293,lgd_funding_joint,mean,0.5,0.7,0.04,4950
E58,***油气工程建设有限责任公司,B,elastic_net_logistic,0.1498825704,selected_model_risk_score,58,0.4715447154,不放贷,优化模型未选择,0,0,,,,,0,0.7,0.04,0,0,0,0,,lgd_0.70_funding_cost_0.04_joint,nominal_equality,False,0.166452668,lgd_funding_joint,mean,0.5,0.7,0.04,4950
E59,***商贸有限公司,A,elastic_net_logistic,0.06896464342,selected_model_risk_score,99,0.8048780488,放贷,优化模型选择,100,1000000,0.1425,14.25,0.8801803134,0.1198196866,11.98196866,0.7,0.04,1.589678196,0.5784325373,0.4792787464,0.5319669124,0.005319669124,lgd_0.70_funding_cost_0.04_joint,nominal_equality,False,0.07641618763,lgd_funding_joint,mean,0.5,0.7,0.04,4950
E6,***装饰设计工程有限公司,A,elastic_net_logistic,0.03828902106,selected_model_risk_score,114,0.9268292683,放贷,优化模型选择,100,1000000,0.1225,12.25,0.8148090077,0.1851909923,18.51909923,0.7,0.04,2.181727579,0.4963547263,0.7407639692,0.9446088831,0.009446088831,lgd_0.70_funding_cost_0.04_joint,nominal_equality,False,0.04389193776,lgd_funding_joint,mean,0.5,0.7,0.04,4950
E60,***机械租赁有限公司,B,elastic_net_logistic,0.2143912442,selected_model_risk_score,43,0.3495934959,不放贷,优化模型未选择,0,0,,,,,0,0.7,0.04,0,0,0,0,,lgd_0.70_funding_cost_0.04_joint,nominal_equality,False,0.2335825691,lgd_funding_joint,mean,0.5,0.7,0.04,4950
E61,***调味品有限公司,B,elastic_net_logistic,0.07788330382,selected_model_risk_score,92,0.7479674797,放贷,优化模型选择,100,1000000,0.1425,14.25,0.8439092946,0.1560907054,15.60907054,0.7,0.04,2.051057299,0.8509801883,0.6243628216,0.5757142895,0.005757142895,lgd_0.70_funding_cost_0.04_joint,nominal_equality,False,0.09484916536,lgd_funding_joint,mean,0.5,0.7,0.04,4950
E62,***工程造价咨询有限公司***分公司,B,elastic_net_logistic,0.1214523958,selected_model_risk_score,64,0.5203252033,不放贷,优化模型未选择,0,0,,,,,0,0.7,0.04,0,0,0,0,,lgd_0.70_funding_cost_0.04_joint,nominal_equality,False,0.1450170246,lgd_funding_joint,mean,0.5,0.7,0.04,4950
E63,***科技有限公司,B,elastic_net_logistic,0.08368298573,selected_model_risk_score,86,0.6991869919,放贷,优化模型选择,100,1000000,0.1425,14.25,0.8439092946,0.1560907054,15.60907054,0.7,0.04,2.03815711,0.9143495391,0.6243628216,0.4994447494,0.004994447494,lgd_0.70_funding_cost_0.04_joint,nominal_equality,False,0.1084106096,lgd_funding_joint,mean,0.5,0.7,0.04,4950
E64,***图书有限责任公司,A,elastic_net_logistic,0.1124750355,selected_model_risk_score,69,0.5609756098,不放贷,优化模型未选择,0,0,,,,,0,0.7,0.04,0,0,0,0,,lgd_0.70_funding_cost_0.04_joint,nominal_equality,False,0.1209520698,lgd_funding_joint,mean,0.5,0.7,0.04,4950
E65,***商贸有限公司,B,elastic_net_logistic,0.0894097801,selected_model_risk_score,80,0.6504065041,放贷,优化模型选择,100,1000000,0.1425,14.25,0.8439092946,0.1560907054,15.60907054,0.7,0.04,2.025419044,0.9769224952,0.6243628216,0.4241337272,0.004241337272,lgd_0.70_funding_cost_0.04_joint,nominal_equality,False,0.1016662421,lgd_funding_joint,mean,0.5,0.7,0.04,4950
E66,***快递有限公司,B,elastic_net_logistic,0.2947622952,selected_model_risk_score,30,0.243902439,不放贷,优化模型未选择,0,0,,,,,0,0.7,0.04,0,0,0,0,,lgd_0.70_funding_cost_0.04_joint,nominal_equality,False,0.3741353375,lgd_funding_joint,mean,0.5,0.7,0.04,4950
E67,***信息技术有限公司,B,elastic_net_logistic,0.1845447393,selected_model_risk_score,50,0.406504065,不放贷,优化模型未选择,0,0,,,,,0,0.7,0.04,0,0,0,0,,lgd_0.70_funding_cost_0.04_joint,nominal_equality,False,0.2088292217,lgd_funding_joint,mean,0.5,0.7,0.04,4950
E68,***花木总公司,C,elastic_net_logistic,0.3380718151,selected_model_risk_score,28,0.2276422764,不放贷,优化模型未选择,0,0,,,,,0,0.7,0.04,0,0,0,0,,lgd_0.70_funding_cost_0.04_joint,nominal_equality,False,0.3824767947,lgd_funding_joint,mean,0.5,0.7,0.04,4950
E69,***电子器材经营部,C,elastic_net_logistic,0.2503652668,selected_model_risk_score,38,0.3089430894,不放贷,优化模型未选择,0,0,,,,,0,0.7,0.04,0,0,0,0,,lgd_0.70_funding_cost_0.04_joint,nominal_equality,False,0.3207126735,lgd_funding_joint,mean,0.5,0.7,0.04,4950
E7,***家电有限公司***分公司,A,elastic_net_logistic,0.02580342326,selected_model_risk_score,121,0.9837398374,放贷,优化模型选择,100,1000000,0.1225,12.25,0.8148090077,0.1851909923,18.51909923,0.7,0.04,2.210052277,0.3344993091,0.7407639692,1.134788998,0.01134788998,lgd_0.70_funding_cost_0.04_joint,nominal_equality,False,0.03436137967,lgd_funding_joint,mean,0.5,0.7,0.04,4950
E70,***科技有限公司,B,elastic_net_logistic,0.1379471805,selected_model_risk_score,60,0.487804878,不放贷,优化模型未选择,0,0,,,,,0,0.7,0.04,0,0,0,0,,lgd_0.70_funding_cost_0.04_joint,nominal_equality,False,0.1557212843,lgd_funding_joint,mean,0.5,0.7,0.04,4950
E71,***农业科技有限公司,B,elastic_net_logistic,0.2041897012,selected_model_risk_score,45,0.3658536585,不放贷,优化模型未选择,0,0,,,,,0,0.7,0.04,0,0,0,0,,lgd_0.70_funding_cost_0.04_joint,nominal_equality,False,0.2461670708,lgd_funding_joint,mean,0.5,0.7,0.04,4950
E72,***图书有限公司,C,elastic_net_logistic,0.2897171126,selected_model_risk_score,32,0.2601626016,不放贷,优化模型未选择,0,0,,,,,0,0.7,0.04,0,0,0,0,,lgd_0.70_funding_cost_0.04_joint,nominal_equality,False,0.3383260035,lgd_funding_joint,mean,0.5,0.7,0.04,4950
E73,***商贸有限责任公司,C,elastic_net_logistic,0.1183311273,selected_model_risk_score,67,0.5447154472,不放贷,优化模型未选择,0,0,,,,,0,0.7,0.04,0,0,0,0,,lgd_0.70_funding_cost_0.04_joint,nominal_equality,False,0.150943928,lgd_funding_joint,mean,0.5,0.7,0.04,4950
E74,***蔬菜专业合作社,B,elastic_net_logistic,0.1539591335,selected_model_risk_score,56,0.4552845528,不放贷,优化模型未选择,0,0,,,,,0,0.7,0.04,0,0,0,0,,lgd_0.70_funding_cost_0.04_joint,nominal_equality,False,0.1754997095,lgd_funding_joint,mean,0.5,0.7,0.04,4950
E75,***酒店管理有限公司,C,elastic_net_logistic,0.1070850165,selected_model_risk_score,72,0.5853658537,不放贷,优化模型未选择,0,0,,,,,0,0.7,0.04,0,0,0,0,,lgd_0.70_funding_cost_0.04_joint,nominal_equality,False,0.1282680192,lgd_funding_joint,mean,0.5,0.7,0.04,4950
E76,***信息科技有限公司,B,elastic_net_logistic,0.1706660196,selected_model_risk_score,53,0.4308943089,不放贷,优化模型未选择,0,0,,,,,0,0.7,0.04,0,0,0,0,,lgd_0.70_funding_cost_0.04_joint,nominal_equality,False,0.1979402602,lgd_funding_joint,mean,0.5,0.7,0.04,4950
E77,***机电设备有限公司,C,elastic_net_logistic,0.3665492679,selected_model_risk_score,25,0.2032520325,不放贷,优化模型未选择,0,0,,,,,0,0.7,0.04,0,0,0,0,,lgd_0.70_funding_cost_0.04_joint,nominal_equality,False,0.4663549766,lgd_funding_joint,mean,0.5,0.7,0.04,4950
E78,个体经营E78,C,elastic_net_logistic,0.1211539626,selected_model_risk_score,65,0.5284552846,不放贷,优化模型未选择,0,0,,,,,0,0.7,0.04,0,0,0,0,,lgd_0.70_funding_cost_0.04_joint,nominal_equality,False,0.1481587806,lgd_funding_joint,mean,0.5,0.7,0.04,4950
E79,***鞋业有限公司,B,elastic_net_logistic,0.2025177165,selected_model_risk_score,46,0.3739837398,不放贷,优化模型未选择,0,0,,,,,0,0.7,0.04,0,0,0,0,,lgd_0.70_funding_cost_0.04_joint,nominal_equality,False,0.2207361419,lgd_funding_joint,mean,0.5,0.7,0.04,4950
E8,***科学研究院有限公司,A,elastic_net_logistic,0.02606005345,selected_model_risk_score,120,0.9756097561,放贷,优化模型选择,100,1000000,0.1225,12.25,0.8148090077,0.1851909923,18.51909923,0.7,0.04,2.209470088,0.337826101,0.7407639692,1.130880018,0.01130880018,lgd_0.70_funding_cost_0.04_joint,nominal_equality,False,0.03439017911,lgd_funding_joint,mean,0.5,0.7,0.04,4950
E80,***实业有限责任公司,C,elastic_net_logistic,0.3432370641,selected_model_risk_score,26,0.2113821138,不放贷,优化模型未选择,0,0,,,,,0,0.7,0.04,0,0,0,0,,lgd_0.70_funding_cost_0.04_joint,nominal_equality,False,0.3865190631,lgd_funding_joint,mean,0.5,0.7,0.04,4950
E81,***机械设备有限公司,A,elastic_net_logistic,0.1154202468,selected_model_risk_score,68,0.5528455285,不放贷,优化模型未选择,0,0,,,,,0,0.7,0.04,0,0,0,0,,lgd_0.70_funding_cost_0.04_joint,nominal_equality,False,0.1339413155,lgd_funding_joint,mean,0.5,0.7,0.04,4950
E82,***商贸有限公司,D,elastic_net_logistic,0.194614899,selected_model_risk_score,47,0.3821138211,不放贷,D级企业原则上不予放贷,0,0,,,,,0,0.7,0.04,0,0,0,0,,lgd_0.70_funding_cost_0.04_joint,nominal_equality,False,0.2318618526,lgd_funding_joint,mean,0.5,0.7,0.04,4950
E83,***社会福利院（***社会福利社会化服务中心）,B,elastic_net_logistic,0.5444532255,selected_model_risk_score,13,0.1056910569,不放贷,优化模型未选择,0,0,,,,,0,0.7,0.04,0,0,0,0,,lgd_0.70_funding_cost_0.04_joint,nominal_equality,False,0.6237840466,lgd_funding_joint,mean,0.5,0.7,0.04,4950
E84,***建材有限公司,A,elastic_net_logistic,0.1532688251,selected_model_risk_score,57,0.4634146341,不放贷,优化模型未选择,0,0,,,,,0,0.7,0.04,0,0,0,0,,lgd_0.70_funding_cost_0.04_joint,nominal_equality,False,0.1694921296,lgd_funding_joint,mean,0.5,0.7,0.04,4950
E85,***安防科技有限公司,B,elastic_net_logistic,0.2264316686,selected_model_risk_score,42,0.3414634146,不放贷,优化模型未选择,0,0,,,,,0,0.7,0.04,0,0,0,0,,lgd_0.70_funding_cost_0.04_joint,nominal_equality,False,0.2483347601,lgd_funding_joint,mean,0.5,0.7,0.04,4950
E86,***地质工程勘察院***分院,C,elastic_net_logistic,0.2808208394,selected_model_risk_score,34,0.2764227642,不放贷,优化模型未选择,0,0,,,,,0,0.7,0.04,0,0,0,0,,lgd_0.70_funding_cost_0.04_joint,nominal_equality,False,0.3548090468,lgd_funding_joint,mean,0.5,0.7,0.04,4950
E87,***实业有限责任公司,C,elastic_net_logistic,0.234076271,selected_model_risk_score,40,0.325203252,不放贷,优化模型未选择,0,0,,,,,0,0.7,0.04,0,0,0,0,,lgd_0.70_funding_cost_0.04_joint,nominal_equality,False,0.2796569295,lgd_funding_joint,mean,0.5,0.7,0.04,4950
E88,***贸易有限公司,A,elastic_net_logistic,0.1654327803,selected_model_risk_score,55,0.4471544715,不放贷,优化模型未选择,0,0,,,,,0,0.7,0.04,0,0,0,0,,lgd_0.70_funding_cost_0.04_joint,nominal_equality,False,0.189066442,lgd_funding_joint,mean,0.5,0.7,0.04,4950
E89,***物资有限公司,A,elastic_net_logistic,0.3344336244,selected_model_risk_score,29,0.2357723577,不放贷,优化模型未选择,0,0,,,,,0,0.7,0.04,0,0,0,0,,lgd_0.70_funding_cost_0.04_joint,nominal_equality,False,0.3672701532,lgd_funding_joint,mean,0.5,0.7,0.04,4950
E9,***生活用品服务有限公司***分公司,A,elastic_net_logistic,0.02174866462,selected_model_risk_score,122,0.9918699187,放贷,优化模型选择,100,1000000,0.1025,10.25,0.7312754013,0.2687245987,26.87245987,0.7,0.04,2.694522025,0.4091080821,1.074898395,1.210515548,0.01210515548,lgd_0.70_funding_cost_0.04_joint,nominal_equality,False,0.02531048472,lgd_funding_joint,mean,0.5,0.7,0.04,4950
E90,***文化传媒有限责任公司,C,elastic_net_logistic,0.2928954659,selected_model_risk_score,31,0.2520325203,不放贷,优化模型未选择,0,0,,,,,0,0.7,0.04,0,0,0,0,,lgd_0.70_funding_cost_0.04_joint,nominal_equality,False,0.3272754126,lgd_funding_joint,mean,0.5,0.7,0.04,4950
E91,***科技实业有限公司,A,elastic_net_logistic,0.123879862,selected_model_risk_score,62,0.5040650407,不放贷,优化模型未选择,0,0,,,,,0,0.7,0.04,0,0,0,0,,lgd_0.70_funding_cost_0.04_joint,nominal_equality,False,0.1563985381,lgd_funding_joint,mean,0.5,0.7,0.04,4950
E92,***地质灾害防治有限公司,C,elastic_net_logistic,0.3701163354,selected_model_risk_score,24,0.1951219512,不放贷,优化模型未选择,0,0,,,,,0,0.7,0.04,0,0,0,0,,lgd_0.70_funding_cost_0.04_joint,nominal_equality,False,0.4190045907,lgd_funding_joint,mean,0.5,0.7,0.04,4950
E93,***电脑设计事务所,B,elastic_net_logistic,0.2376719561,selected_model_risk_score,39,0.3170731707,不放贷,优化模型未选择,0,0,,,,,0,0.7,0.04,0,0,0,0,,lgd_0.70_funding_cost_0.04_joint,nominal_equality,False,0.2575297987,lgd_funding_joint,mean,0.5,0.7,0.04,4950
E94,***汽车美容有限公司,C,elastic_net_logistic,0.3420261826,selected_model_risk_score,27,0.2195121951,不放贷,优化模型未选择,0,0,,,,,0,0.7,0.04,0,0,0,0,,lgd_0.70_funding_cost_0.04_joint,nominal_equality,False,0.3879661601,lgd_funding_joint,mean,0.5,0.7,0.04,4950
E95,***兰花店,B,elastic_net_logistic,0.1441316116,selected_model_risk_score,59,0.4796747967,不放贷,优化模型未选择,0,0,,,,,0,0.7,0.04,0,0,0,0,,lgd_0.70_funding_cost_0.04_joint,nominal_equality,False,0.1745511804,lgd_funding_joint,mean,0.5,0.7,0.04,4950
E96,***土地整理有限公司,C,elastic_net_logistic,0.8080355745,selected_model_risk_score,1,0.008130081301,不放贷,优化模型未选择,0,0,,,,,0,0.7,0.04,0,0,0,0,,lgd_0.70_funding_cost_0.04_joint,nominal_equality,False,0.854739214,lgd_funding_joint,mean,0.5,0.7,0.04,4950
E97,***美工装饰部,B,elastic_net_logistic,0.2602897628,selected_model_risk_score,35,0.2845528455,不放贷,优化模型未选择,0,0,,,,,0,0.7,0.04,0,0,0,0,,lgd_0.70_funding_cost_0.04_joint,nominal_equality,False,0.3283525845,lgd_funding_joint,mean,0.5,0.7,0.04,4950
E98,***文化传播有限公司,B,elastic_net_logistic,0.2814270169,selected_model_risk_score,33,0.2682926829,不放贷,优化模型未选择,0,0,,,,,0,0.7,0.04,0,0,0,0,,lgd_0.70_funding_cost_0.04_joint,nominal_equality,False,0.3034353338,lgd_funding_joint,mean,0.5,0.7,0.04,4950
E99,***建筑工程有限责任公司,D,elastic_net_logistic,0.5839846822,selected_model_risk_score,10,0.08130081301,不放贷,D级企业原则上不予放贷,0,0,,,,,0,0.7,0.04,0,0,0,0,,lgd_0.70_funding_cost_0.04_joint,nominal_equality,False,0.6898712011,lgd_funding_joint,mean,0.5,0.7,0.04,4950
