enterprise_id,enterprise_name,credit_rating,risk_model,risk_score,risk_score_source,risk_rank,risk_percentile,loan_decision,decision_reason,offered_loan_amount_10k,offered_loan_amount_yuan,interest_rate,interest_rate_percent,fitted_churn_rate,acceptance_probability,expected_disbursed_amount_10k,lgd,funding_cost_rate,expected_interest_income_10k,expected_credit_loss_10k,expected_funding_cost_10k,expected_net_return_10k,expected_net_return_per_offered_unit,solver_scenario_id,budget_definition,representative_scenario_flag,conservative_risk_score,scenario_family,risk_variant,budget_fraction,scenario_lgd,scenario_funding_cost_rate,scenario_budget_10k
E1,***电器销售有限公司,A,elastic_net_logistic,0.05655542179,selected_model_risk_score,104,0.8455284553,放贷,优化模型选择,100,1000000,0.0985,9.85,0.7083020233,0.2916979767,29.16979767,0.3,0.03,2.710728615,0.4949130632,0.8750939301,1.340721621,0.01340721621,lgd_0.30_baseline_budget,nominal_equality,False,0.0730491674,lgd,mean,0.5,0.3,0.03,4950
E10,***建筑劳务有限公司,B,elastic_net_logistic,0.06093491817,selected_model_risk_score,102,0.8292682927,放贷,优化模型选择,100,1000000,0.1065,10.65,0.7053159925,0.2946840075,29.46840075,0.3,0.03,2.947147466,0.5386963765,0.8840520225,1.524399067,0.01524399067,lgd_0.30_baseline_budget,nominal_equality,False,0.07833730674,lgd,mean,0.5,0.3,0.03,4950
E100,***装饰工程有限公司,D,elastic_net_logistic,0.2578903118,selected_model_risk_score,36,0.2926829268,不放贷,D级企业原则上不予放贷,0,0,,,,,0,0.3,0.03,0,0,0,0,,lgd_0.30_baseline_budget,nominal_equality,False,0.3416804479,lgd,mean,0.5,0.3,0.03,4950
E101,***灯饰工程有限公司,D,elastic_net_logistic,0.7098560409,selected_model_risk_score,6,0.0487804878,不放贷,D级企业原则上不予放贷,0,0,,,,,0,0.3,0.03,0,0,0,0,,lgd_0.30_baseline_budget,nominal_equality,False,0.7897592201,lgd,mean,0.5,0.3,0.03,4950
E102,***大药房有限责任公司,D,elastic_net_logistic,0.4733747116,selected_model_risk_score,17,0.1382113821,不放贷,D级企业原则上不予放贷,0,0,,,,,0,0.3,0.03,0,0,0,0,,lgd_0.30_baseline_budget,nominal_equality,False,0.6183651775,lgd,mean,0.5,0.3,0.03,4950
E103,***科技有限公司,D,elastic_net_logistic,0.4055458126,selected_model_risk_score,22,0.1788617886,不放贷,D级企业原则上不予放贷,0,0,,,,,0,0.3,0.03,0,0,0,0,,lgd_0.30_baseline_budget,nominal_equality,False,0.4768661053,lgd,mean,0.5,0.3,0.03,4950
E104,***管理咨询有限责任公司,C,elastic_net_logistic,0.5371556855,selected_model_risk_score,14,0.1138211382,不放贷,优化模型未选择,0,0,,,,,0,0.3,0.03,0,0,0,0,,lgd_0.30_baseline_budget,nominal_equality,False,0.6048969633,lgd,mean,0.5,0.3,0.03,4950
E105,***建材经营部,C,elastic_net_logistic,0.2296735143,selected_model_risk_score,41,0.3333333333,不放贷,优化模型未选择,0,0,,,,,0,0.3,0.03,0,0,0,0,,lgd_0.30_baseline_budget,nominal_equality,False,0.3150886304,lgd,mean,0.5,0.3,0.03,4950
E106,***财务管理有限公司,B,elastic_net_logistic,0.25387818,selected_model_risk_score,37,0.3008130081,不放贷,优化模型未选择,0,0,,,,,0,0.3,0.03,0,0,0,0,,lgd_0.30_baseline_budget,nominal_equality,False,0.2861266308,lgd,mean,0.5,0.3,0.03,4950
E107,***科技有限公司,D,elastic_net_logistic,0.6278756036,selected_model_risk_score,8,0.06504065041,不放贷,D级企业原则上不予放贷,0,0,,,,,0,0.3,0.03,0,0,0,0,,lgd_0.30_baseline_budget,nominal_equality,False,0.6820972821,lgd,mean,0.5,0.3,0.03,4950
E108,***商贸有限公司,D,elastic_net_logistic,0.5221807895,selected_model_risk_score,15,0.1219512195,不放贷,D级企业原则上不予放贷,0,0,,,,,0,0.3,0.03,0,0,0,0,,lgd_0.30_baseline_budget,nominal_equality,False,0.6296705299,lgd,mean,0.5,0.3,0.03,4950
E109,***服饰有限公司,D,elastic_net_logistic,0.5493640614,selected_model_risk_score,12,0.09756097561,不放贷,D级企业原则上不予放贷,0,0,,,,,0,0.3,0.03,0,0,0,0,,lgd_0.30_baseline_budget,nominal_equality,False,0.6102205923,lgd,mean,0.5,0.3,0.03,4950
E11,***建设工程有限公司,C,elastic_net_logistic,0.07723891572,selected_model_risk_score,93,0.756097561,放贷,优化模型选择,100,1000000,0.1105,11.05,0.7151023945,0.2848976055,28.48976055,0.3,0.03,2.904961278,0.6601554642,0.8546928165,1.390112997,0.01390112997,lgd_0.30_baseline_budget,nominal_equality,False,0.1001763276,lgd,mean,0.5,0.3,0.03,4950
E110,***通讯器材经营部,C,elastic_net_logistic,0.5711527053,selected_model_risk_score,11,0.08943089431,不放贷,优化模型未选择,0,0,,,,,0,0.3,0.03,0,0,0,0,,lgd_0.30_baseline_budget,nominal_equality,False,0.6124762668,lgd,mean,0.5,0.3,0.03,4950
E111,***科技有限公司,D,elastic_net_logistic,0.1919246162,selected_model_risk_score,49,0.3983739837,不放贷,D级企业原则上不予放贷,0,0,,,,,0,0.3,0.03,0,0,0,0,,lgd_0.30_baseline_budget,nominal_equality,False,0.3189536769,lgd,mean,0.5,0.3,0.03,4950
E112,***机械设备有限公司,D,elastic_net_logistic,0.4170540731,selected_model_risk_score,20,0.162601626,不放贷,D级企业原则上不予放贷,0,0,,,,,0,0.3,0.03,0,0,0,0,,lgd_0.30_baseline_budget,nominal_equality,False,0.5129040595,lgd,mean,0.5,0.3,0.03,4950
E113,***美居科技有限公司,D,elastic_net_logistic,0.7592451553,selected_model_risk_score,4,0.0325203252,不放贷,D级企业原则上不予放贷,0,0,,,,,0,0.3,0.03,0,0,0,0,,lgd_0.30_baseline_budget,nominal_equality,False,0.8315439659,lgd,mean,0.5,0.3,0.03,4950
E114,***食品有限责任公司,D,elastic_net_logistic,0.4770804739,selected_model_risk_score,16,0.1300813008,不放贷,D级企业原则上不予放贷,0,0,,,,,0,0.3,0.03,0,0,0,0,,lgd_0.30_baseline_budget,nominal_equality,False,0.5421990478,lgd,mean,0.5,0.3,0.03,4950
E115,***装饰工程有限公司,D,elastic_net_logistic,0.7835354924,selected_model_risk_score,2,0.0162601626,不放贷,D级企业原则上不予放贷,0,0,,,,,0,0.3,0.03,0,0,0,0,,lgd_0.30_baseline_budget,nominal_equality,False,0.8331104651,lgd,mean,0.5,0.3,0.03,4950
E116,***门窗有限公司,D,elastic_net_logistic,0.4160885126,selected_model_risk_score,21,0.1707317073,不放贷,D级企业原则上不予放贷,0,0,,,,,0,0.3,0.03,0,0,0,0,,lgd_0.30_baseline_budget,nominal_equality,False,0.532859258,lgd,mean,0.5,0.3,0.03,4950
E117,***人力资源管理咨询有限公司,D,elastic_net_logistic,0.6343060557,selected_model_risk_score,7,0.05691056911,不放贷,D级企业原则上不予放贷,0,0,,,,,0,0.3,0.03,0,0,0,0,,lgd_0.30_baseline_budget,nominal_equality,False,0.7561127553,lgd,mean,0.5,0.3,0.03,4950
E118,***体育用品有限公司,D,elastic_net_logistic,0.3859533716,selected_model_risk_score,23,0.1869918699,不放贷,D级企业原则上不予放贷,0,0,,,,,0,0.3,0.03,0,0,0,0,,lgd_0.30_baseline_budget,nominal_equality,False,0.4429217794,lgd,mean,0.5,0.3,0.03,4950
E119,***药房,D,elastic_net_logistic,0.6253065711,selected_model_risk_score,9,0.07317073171,不放贷,D级企业原则上不予放贷,0,0,,,,,0,0.3,0.03,0,0,0,0,,lgd_0.30_baseline_budget,nominal_equality,False,0.6891769584,lgd,mean,0.5,0.3,0.03,4950
E12,***建筑劳务有限公司,B,elastic_net_logistic,0.08202986653,selected_model_risk_score,88,0.7154471545,放贷,优化模型选择,100,1000000,0.1065,10.65,0.7053159925,0.2946840075,29.46840075,0.3,0.03,2.880943403,0.7251866941,0.8840520225,1.271704687,0.01271704687,lgd_0.30_baseline_budget,nominal_equality,False,0.1054632903,lgd,mean,0.5,0.3,0.03,4950
E120,***陈列广告有限公司,D,elastic_net_logistic,0.721226934,selected_model_risk_score,5,0.0406504065,不放贷,D级企业原则上不予放贷,0,0,,,,,0,0.3,0.03,0,0,0,0,,lgd_0.30_baseline_budget,nominal_equality,False,0.7608714869,lgd,mean,0.5,0.3,0.03,4950
E121,***药业连锁有限公司***药店,D,elastic_net_logistic,0.4662178212,selected_model_risk_score,18,0.1463414634,不放贷,D级企业原则上不予放贷,0,0,,,,,0,0.3,0.03,0,0,0,0,,lgd_0.30_baseline_budget,nominal_equality,False,0.5621951951,lgd,mean,0.5,0.3,0.03,4950
E122,***商贸有限责任公司,D,elastic_net_logistic,0.4500783219,selected_model_risk_score,19,0.1544715447,不放贷,D级企业原则上不予放贷,0,0,,,,,0,0.3,0.03,0,0,0,0,,lgd_0.30_baseline_budget,nominal_equality,False,0.6021516604,lgd,mean,0.5,0.3,0.03,4950
E123,***创科技有限责任公司,D,elastic_net_logistic,0.7819761114,selected_model_risk_score,3,0.0243902439,不放贷,D级企业原则上不予放贷,0,0,,,,,0,0.3,0.03,0,0,0,0,,lgd_0.30_baseline_budget,nominal_equality,False,0.8270597923,lgd,mean,0.5,0.3,0.03,4950
E13,***汽车贸易有限公司,A,elastic_net_logistic,0.04053604698,selected_model_risk_score,113,0.918699187,放贷,优化模型选择,100,1000000,0.0985,9.85,0.7083020233,0.2916979767,29.16979767,0.3,0.03,2.756755884,0.3547284866,0.8750939301,1.526933467,0.01526933467,lgd_0.30_baseline_budget,nominal_equality,False,0.05373417783,lgd,mean,0.5,0.3,0.03,4950
E14,个体经营E14,C,elastic_net_logistic,0.03261041867,selected_model_risk_score,117,0.9512195122,放贷,优化模型选择,100,1000000,0.0905,9.05,0.5900970447,0.4099029553,40.99029553,0.3,0.03,3.588649427,0.4010132096,1.229708866,1.957927352,0.01957927352,lgd_0.30_baseline_budget,nominal_equality,False,0.04024201468,lgd,mean,0.5,0.3,0.03,4950
E15,***劳务有限公司,A,elastic_net_logistic,0.07381492047,selected_model_risk_score,95,0.7723577236,放贷,优化模型选择,100,1000000,0.1025,10.25,0.7312754013,0.2687245987,26.87245987,0.3,0.03,2.551109317,0.5950765464,0.8061737961,1.149858974,0.01149858974,lgd_0.30_baseline_budget,nominal_equality,False,0.1036254123,lgd,mean,0.5,0.3,0.03,4950
E16,***建筑劳务有限公司,A,elastic_net_logistic,0.04998777847,selected_model_risk_score,108,0.8780487805,放贷,优化模型选择,100,1000000,0.0985,9.85,0.7083020233,0.2916979767,29.16979767,0.3,0.03,2.729598932,0.4374400152,0.8750939301,1.417064987,0.01417064987,lgd_0.30_baseline_budget,nominal_equality,False,0.0624669862,lgd,mean,0.5,0.3,0.03,4950
E17,***消防工程有限公司,A,elastic_net_logistic,0.04649981408,selected_model_risk_score,111,0.9024390244,放贷,优化模型选择,100,1000000,0.0985,9.85,0.7083020233,0.2916979767,29.16979767,0.3,0.03,2.739620639,0.4069170505,0.8750939301,1.457609658,0.01457609658,lgd_0.30_baseline_budget,nominal_equality,False,0.05349825243,lgd,mean,0.5,0.3,0.03,4950
E18,***消防工程有限责任公司,A,elastic_net_logistic,0.04857513816,selected_model_risk_score,109,0.8861788618,放贷,优化模型选择,100,1000000,0.0985,9.85,0.7083020233,0.2916979767,29.16979767,0.3,0.03,2.733657766,0.4250780856,0.8750939301,1.43348575,0.0143348575,lgd_0.30_baseline_budget,nominal_equality,False,0.06117933194,lgd,mean,0.5,0.3,0.03,4950
E19,***科技有限公司,A,elastic_net_logistic,0.06543754966,selected_model_risk_score,100,0.8130081301,放贷,优化模型选择,100,1000000,0.1025,10.25,0.7312754013,0.2687245987,26.87245987,0.3,0.03,2.574184174,0.5275403782,0.8061737961,1.24047,0.0124047,lgd_0.30_baseline_budget,nominal_equality,False,0.09093656268,lgd,mean,0.5,0.3,0.03,4950
E2,***技术有限责任公司,A,elastic_net_logistic,0.02833749753,selected_model_risk_score,119,0.9674796748,放贷,优化模型选择,100,1000000,0.0985,9.85,0.7083020233,0.2916979767,29.16979767,0.3,0.03,2.791805062,0.2479797208,0.8750939301,1.668731411,0.01668731411,lgd_0.30_baseline_budget,nominal_equality,False,0.03642833627,lgd,mean,0.5,0.3,0.03,4950
E20,***贸易有限公司,B,elastic_net_logistic,0.04546270238,selected_model_risk_score,112,0.9105691057,放贷,优化模型选择,100,1000000,0.1065,10.65,0.7053159925,0.2946840075,29.46840075,0.3,0.03,2.995705231,0.4019139399,0.8840520225,1.709739269,0.01709739269,lgd_0.30_baseline_budget,nominal_equality,False,0.06402096704,lgd,mean,0.5,0.3,0.03,4950
E21,***建设工程有限公司,B,elastic_net_logistic,0.08415779812,selected_model_risk_score,85,0.6910569106,放贷,优化模型选择,100,1000000,0.1065,10.65,0.7053159925,0.2946840075,29.46840075,0.3,0.03,2.874265136,0.7439987164,0.8840520225,1.246214397,0.01246214397,lgd_0.30_baseline_budget,nominal_equality,False,0.09612822768,lgd,mean,0.5,0.3,0.03,4950
E22,***物流有限公司,A,elastic_net_logistic,0.08272431763,selected_model_risk_score,87,0.7073170732,放贷,优化模型选择,100,1000000,0.1225,12.25,0.8148090077,0.1851909923,18.51909923,0.3,0.03,2.080922124,0.4595939541,0.5555729769,1.065755193,0.01065755193,lgd_0.30_baseline_budget,nominal_equality,False,0.09349623574,lgd,mean,0.5,0.3,0.03,4950
E23,***贸易有限公司,B,elastic_net_logistic,0.03337482103,selected_model_risk_score,116,0.9430894309,放贷,优化模型选择,100,1000000,0.0945,9.45,0.6356051463,0.3643948537,36.43948537,0.3,0.03,3.328604124,0.3648483908,1.093184561,1.870571172,0.01870571172,lgd_0.30_baseline_budget,nominal_equality,False,0.04082479351,lgd,mean,0.5,0.3,0.03,4950
E24,***建筑工程有限公司,A,elastic_net_logistic,0.04702949043,selected_model_risk_score,110,0.8943089431,放贷,优化模型选择,100,1000000,0.0985,9.85,0.7083020233,0.2916979767,29.16979767,0.3,0.03,2.73809876,0.4115522161,0.8750939301,1.451452613,0.01451452613,lgd_0.30_baseline_budget,nominal_equality,False,0.06125175229,lgd,mean,0.5,0.3,0.03,4950
E25,***通讯设备有限公司,C,elastic_net_logistic,0.08202047653,selected_model_risk_score,89,0.7235772358,放贷,优化模型选择,100,1000000,0.1105,11.05,0.7151023945,0.2848976055,28.48976055,0.3,0.03,2.889908358,0.701023121,0.8546928165,1.33419242,0.0133419242,lgd_0.30_baseline_budget,nominal_equality,False,0.09686547054,lgd,mean,0.5,0.3,0.03,4950
E26,***金属材料有限公司,A,elastic_net_logistic,0.1342940789,selected_model_risk_score,61,0.4959349593,不放贷,优化模型未选择,0,0,,,,,0,0.3,0.03,0,0,0,0,,lgd_0.30_baseline_budget,nominal_equality,False,0.1782110185,lgd,mean,0.5,0.3,0.03,4950
E27,***农业开发有限公司,A,elastic_net_logistic,0.1103832985,selected_model_risk_score,70,0.5691056911,不放贷,优化模型未选择,0,0,,,,,0,0.3,0.03,0,0,0,0,,lgd_0.30_baseline_budget,nominal_equality,False,0.1369068444,lgd,mean,0.5,0.3,0.03,4950
E28,***景观工程有限公司,B,elastic_net_logistic,0.09966092865,selected_model_risk_score,76,0.6178861789,放贷,优化模型选择,100,1000000,0.1185,11.85,0.7692116619,0.2307883381,23.07883381,0.3,0.03,2.462284932,0.6900174029,0.6923650143,1.079902515,0.01079902515,lgd_0.30_baseline_budget,nominal_equality,False,0.1193350508,lgd,mean,0.5,0.3,0.03,4950
E29,***建筑劳务有限公司,C,elastic_net_logistic,0.07253671793,selected_model_risk_score,96,0.7804878049,放贷,优化模型选择,100,1000000,0.1105,11.05,0.7151023945,0.2848976055,28.48976055,0.3,0.03,2.919764354,0.6199661175,0.8546928165,1.44510542,0.0144510542,lgd_0.30_baseline_budget,nominal_equality,False,0.08548890218,lgd,mean,0.5,0.3,0.03,4950
E3,***电子(中国)有限公司***分公司,C,elastic_net_logistic,0.02153611417,selected_model_risk_score,123,1,放贷,优化模型选择,100,1000000,0.0905,9.05,0.5900970447,0.4099029553,40.99029553,0.3,0.03,3.629730908,0.2648315053,1.229708866,2.135190537,0.02135190537,lgd_0.30_baseline_budget,nominal_equality,False,0.025281018,lgd,mean,0.5,0.3,0.03,4950
E30,***建筑工程有限公司,B,elastic_net_logistic,0.07713913412,selected_model_risk_score,94,0.7642276423,放贷,优化模型选择,100,1000000,0.1065,10.65,0.7053159925,0.2946840075,29.46840075,0.3,0.03,2.896292403,0.6819500753,0.8840520225,1.330290305,0.01330290305,lgd_0.30_baseline_budget,nominal_equality,False,0.1024182862,lgd,mean,0.5,0.3,0.03,4950
E31,***食品有限公司,A,elastic_net_logistic,0.0367643069,selected_model_risk_score,115,0.9349593496,放贷,优化模型选择,100,1000000,0.0985,9.85,0.7083020233,0.2916979767,29.16979767,0.3,0.03,2.767592942,0.3217222181,0.8750939301,1.570776794,0.01570776794,lgd_0.30_baseline_budget,nominal_equality,False,0.04188668071,lgd,mean,0.5,0.3,0.03,4950
E32,***建筑劳务有限公司,B,elastic_net_logistic,0.09279588464,selected_model_risk_score,79,0.6422764228,放贷,优化模型选择,100,1000000,0.1185,11.85,0.7692116619,0.2307883381,23.07883381,0.3,0.03,2.481059742,0.64248624,0.6923650143,1.146208487,0.01146208487,lgd_0.30_baseline_budget,nominal_equality,False,0.104597557,lgd,mean,0.5,0.3,0.03,4950
E33,***园林有限责任公司,B,elastic_net_logistic,0.09823760896,selected_model_risk_score,77,0.6260162602,放贷,优化模型选择,100,1000000,0.1185,11.85,0.7692116619,0.2307883381,23.07883381,0.3,0.03,2.466177487,0.6801628353,0.6923650143,1.093649637,0.01093649637,lgd_0.30_baseline_budget,nominal_equality,False,0.1158892222,lgd,mean,0.5,0.3,0.03,4950
E34,***建设工程有限公司,B,elastic_net_logistic,0.1015652078,selected_model_risk_score,75,0.6097560976,放贷,优化模型选择,100,1000000,0.1185,11.85,0.7692116619,0.2307883381,23.07883381,0.3,0.03,2.45707703,0.7032019655,0.6923650143,1.06151005,0.0106151005,lgd_0.30_baseline_budget,nominal_equality,False,0.1393444528,lgd,mean,0.5,0.3,0.03,4950
E35,***商贸有限公司,B,elastic_net_logistic,0.08567951436,selected_model_risk_score,83,0.674796748,放贷,优化模型选择,100,1000000,0.1065,10.65,0.7053159925,0.2946840075,29.46840075,0.3,0.03,2.869489405,0.7574514796,0.8840520225,1.227985903,0.01227985903,lgd_0.30_baseline_budget,nominal_equality,False,0.1006056864,lgd,mean,0.5,0.3,0.03,4950
E36,***超硬材料有限公司,D,elastic_net_logistic,0.05081789908,selected_model_risk_score,107,0.8699186992,不放贷,D级企业原则上不予放贷,0,0,,,,,0,0.3,0.03,0,0,0,0,,lgd_0.30_baseline_budget,nominal_equality,False,0.06163613971,lgd,mean,0.5,0.3,0.03,4950
E37,***木业有限公司,B,elastic_net_logistic,0.084549486,selected_model_risk_score,84,0.6829268293,放贷,优化模型选择,100,1000000,0.1065,10.65,0.7053159925,0.2946840075,29.46840075,0.3,0.03,2.873035868,0.747461441,0.8840520225,1.241522405,0.01241522405,lgd_0.30_baseline_budget,nominal_equality,False,0.1088428529,lgd,mean,0.5,0.3,0.03,4950
E38,***建设工程有限公司,B,elastic_net_logistic,0.1218095512,selected_model_risk_score,63,0.512195122,不放贷,优化模型未选择,0,0,,,,,0,0.3,0.03,0,0,0,0,,lgd_0.30_baseline_budget,nominal_equality,False,0.1460270212,lgd,mean,0.5,0.3,0.03,4950
E39,***建筑劳务有限公司,C,elastic_net_logistic,0.1815109557,selected_model_risk_score,52,0.4227642276,不放贷,优化模型未选择,0,0,,,,,0,0.3,0.03,0,0,0,0,,lgd_0.30_baseline_budget,nominal_equality,False,0.2307578892,lgd,mean,0.5,0.3,0.03,4950
E4,***发展有限责任公司,C,elastic_net_logistic,0.03106769432,selected_model_risk_score,118,0.9593495935,放贷,优化模型选择,100,1000000,0.0905,9.05,0.5900970447,0.4099029553,40.99029553,0.3,0.03,3.594372351,0.3820421915,1.229708866,1.982621294,0.01982621294,lgd_0.30_baseline_budget,nominal_equality,False,0.04400979025,lgd,mean,0.5,0.3,0.03,4950
E40,***财税咨询服务有限公司,C,elastic_net_logistic,0.08113873174,selected_model_risk_score,90,0.7317073171,放贷,优化模型选择,100,1000000,0.1105,11.05,0.7151023945,0.2848976055,28.48976055,0.3,0.03,2.892684195,0.6934869116,0.8546928165,1.344504467,0.01344504467,lgd_0.30_baseline_budget,nominal_equality,False,0.09293248415,lgd,mean,0.5,0.3,0.03,4950
E41,***物业发展有限公司,C,elastic_net_logistic,0.07916167381,selected_model_risk_score,91,0.7398373984,放贷,优化模型选择,100,1000000,0.1105,11.05,0.7151023945,0.2848976055,28.48976055,0.3,0.03,2.898908208,0.6765891395,0.8546928165,1.367626252,0.01367626252,lgd_0.30_baseline_budget,nominal_equality,False,0.09683047914,lgd,mean,0.5,0.3,0.03,4950
E42,***园艺场,A,elastic_net_logistic,0.1200846128,selected_model_risk_score,66,0.5365853659,不放贷,优化模型未选择,0,0,,,,,0,0.3,0.03,0,0,0,0,,lgd_0.30_baseline_budget,nominal_equality,False,0.1475914741,lgd,mean,0.5,0.3,0.03,4950
E43,***建设工程有限公司,B,elastic_net_logistic,0.1927952664,selected_model_risk_score,48,0.3902439024,不放贷,优化模型未选择,0,0,,,,,0,0.3,0.03,0,0,0,0,,lgd_0.30_baseline_budget,nominal_equality,False,0.2145282193,lgd,mean,0.5,0.3,0.03,4950
E44,***商贸有限公司,C,elastic_net_logistic,0.08616234673,selected_model_risk_score,82,0.6666666667,放贷,优化模型选择,100,1000000,0.1105,11.05,0.7151023945,0.2848976055,28.48976055,0.3,0.03,2.87686926,0.736423388,0.8546928165,1.285753055,0.01285753055,lgd_0.30_baseline_budget,nominal_equality,False,0.1035354806,lgd,mean,0.5,0.3,0.03,4950
E45,个体经营E45,B,elastic_net_logistic,0.1068056002,selected_model_risk_score,73,0.593495935,不放贷,优化模型未选择,0,0,,,,,0,0.3,0.03,0,0,0,0,,lgd_0.30_baseline_budget,nominal_equality,False,0.1219197504,lgd,mean,0.5,0.3,0.03,4950
E46,***广告传媒有限公司,C,elastic_net_logistic,0.05276002815,selected_model_risk_score,105,0.8536585366,放贷,优化模型选择,100,1000000,0.1105,11.05,0.7151023945,0.2848976055,28.48976055,0.3,0.03,2.982023718,0.4509361706,0.8546928165,1.676394731,0.01676394731,lgd_0.30_baseline_budget,nominal_equality,False,0.06245378683,lgd,mean,0.5,0.3,0.03,4950
E47,***控制设备有限责任公司,C,elastic_net_logistic,0.05124807767,selected_model_risk_score,106,0.8617886179,放贷,优化模型选择,100,1000000,0.1105,11.05,0.7151023945,0.2848976055,28.48976055,0.3,0.03,2.986783517,0.4380136384,0.8546928165,1.694077062,0.01694077062,lgd_0.30_baseline_budget,nominal_equality,False,0.05822355401,lgd,mean,0.5,0.3,0.03,4950
E48,***化工有限公司,A,elastic_net_logistic,0.07070577235,selected_model_risk_score,97,0.7886178862,放贷,优化模型选择,100,1000000,0.1025,10.25,0.7312754013,0.2687245987,26.87245987,0.3,0.03,2.559673239,0.570011409,0.8061737961,1.183488033,0.01183488033,lgd_0.30_baseline_budget,nominal_equality,False,0.08921054517,lgd,mean,0.5,0.3,0.03,4950
E49,***地球环保科技有限公司,C,elastic_net_logistic,0.09803729486,selected_model_risk_score,78,0.6341463415,放贷,优化模型选择,100,1000000,0.1105,11.05,0.7151023945,0.2848976055,28.48976055,0.3,0.03,2.839485515,0.8379177167,0.8546928165,1.146874982,0.01146874982,lgd_0.30_baseline_budget,nominal_equality,False,0.1105965348,lgd,mean,0.5,0.3,0.03,4950
E5,***供应链管理有限公司,B,elastic_net_logistic,0.05668387407,selected_model_risk_score,103,0.837398374,放贷,优化模型选择,100,1000000,0.1065,10.65,0.7053159925,0.2946840075,29.46840075,0.3,0.03,2.960488878,0.5011149351,0.8840520225,1.57532192,0.0157532192,lgd_0.30_baseline_budget,nominal_equality,False,0.07330978844,lgd,mean,0.5,0.3,0.03,4950
E50,***建筑劳务有限公司,C,elastic_net_logistic,0.1692453772,selected_model_risk_score,54,0.4390243902,不放贷,优化模型未选择,0,0,,,,,0,0.3,0.03,0,0,0,0,,lgd_0.30_baseline_budget,nominal_equality,False,0.2040258114,lgd,mean,0.5,0.3,0.03,4950
E51,***物流有限公司,B,elastic_net_logistic,0.0697365828,selected_model_risk_score,98,0.7967479675,放贷,优化模型选择,100,1000000,0.1065,10.65,0.7053159925,0.2946840075,29.46840075,0.3,0.03,2.919524457,0.6165076707,0.8840520225,1.418964764,0.01418964764,lgd_0.30_baseline_budget,nominal_equality,False,0.07874952738,lgd,mean,0.5,0.3,0.03,4950
E52,***商贸有限公司,D,elastic_net_logistic,0.2136303318,selected_model_risk_score,44,0.3577235772,不放贷,D级企业原则上不予放贷,0,0,,,,,0,0.3,0.03,0,0,0,0,,lgd_0.30_baseline_budget,nominal_equality,False,0.2416471762,lgd,mean,0.5,0.3,0.03,4950
E53,***文化传媒有限公司,C,elastic_net_logistic,0.107156181,selected_model_risk_score,71,0.5772357724,不放贷,优化模型未选择,0,0,,,,,0,0.3,0.03,0,0,0,0,,lgd_0.30_baseline_budget,nominal_equality,False,0.1294528809,lgd,mean,0.5,0.3,0.03,4950
E54,***新技术开发有限公司,A,elastic_net_logistic,0.06439978133,selected_model_risk_score,101,0.8211382114,放贷,优化模型选择,100,1000000,0.1025,10.25,0.7312754013,0.2687245987,26.87245987,0.3,0.03,2.577042631,0.5191741618,0.8061737961,1.251694673,0.01251694673,lgd_0.30_baseline_budget,nominal_equality,False,0.08481402429,lgd,mean,0.5,0.3,0.03,4950
E55,***集团有限公司***电力设备分公司,C,elastic_net_logistic,0.1835760094,selected_model_risk_score,51,0.4146341463,不放贷,优化模型未选择,0,0,,,,,0,0.3,0.03,0,0,0,0,,lgd_0.30_baseline_budget,nominal_equality,False,0.2408611135,lgd,mean,0.5,0.3,0.03,4950
E56,***家居材料***有限公司,C,elastic_net_logistic,0.08755638262,selected_model_risk_score,81,0.6585365854,放贷,优化模型选择,100,1000000,0.1105,11.05,0.7151023945,0.2848976055,28.48976055,0.3,0.03,2.872480669,0.7483381126,0.8546928165,1.26944974,0.0126944974,lgd_0.30_baseline_budget,nominal_equality,False,0.1073776577,lgd,mean,0.5,0.3,0.03,4950
E57,***机械设备有限公司,B,elastic_net_logistic,0.1025680758,selected_model_risk_score,74,0.6016260163,放贷,优化模型选择,100,1000000,0.1185,11.85,0.7692116619,0.2307883381,23.07883381,0.3,0.03,2.454334345,0.7101454727,0.6923650143,1.051823858,0.01051823858,lgd_0.30_baseline_budget,nominal_equality,False,0.1291130293,lgd,mean,0.5,0.3,0.03,4950
E58,***油气工程建设有限责任公司,B,elastic_net_logistic,0.1498825704,selected_model_risk_score,58,0.4715447154,不放贷,优化模型未选择,0,0,,,,,0,0.3,0.03,0,0,0,0,,lgd_0.30_baseline_budget,nominal_equality,False,0.166452668,lgd,mean,0.5,0.3,0.03,4950
E59,***商贸有限公司,A,elastic_net_logistic,0.06896464342,selected_model_risk_score,99,0.8048780488,放贷,优化模型选择,100,1000000,0.1025,10.25,0.7312754013,0.2687245987,26.87245987,0.3,0.03,2.564469051,0.5559748838,0.8061737961,1.202320371,0.01202320371,lgd_0.30_baseline_budget,nominal_equality,False,0.07641618763,lgd,mean,0.5,0.3,0.03,4950
E6,***装饰设计工程有限公司,A,elastic_net_logistic,0.03828902106,selected_model_risk_score,114,0.9268292683,放贷,优化模型选择,100,1000000,0.0985,9.85,0.7083020233,0.2916979767,29.16979767,0.3,0.03,2.763212095,0.3350648992,0.8750939301,1.553053266,0.01553053266,lgd_0.30_baseline_budget,nominal_equality,False,0.04389193776,lgd,mean,0.5,0.3,0.03,4950
E60,***机械租赁有限公司,B,elastic_net_logistic,0.2143912442,selected_model_risk_score,43,0.3495934959,不放贷,优化模型未选择,0,0,,,,,0,0.3,0.03,0,0,0,0,,lgd_0.30_baseline_budget,nominal_equality,False,0.2335825691,lgd,mean,0.5,0.3,0.03,4950
E61,***调味品有限公司,B,elastic_net_logistic,0.07788330382,selected_model_risk_score,92,0.7479674797,放贷,优化模型选择,100,1000000,0.1065,10.65,0.7053159925,0.2946840075,29.46840075,0.3,0.03,2.893956912,0.6885289226,0.8840520225,1.321375967,0.01321375967,lgd_0.30_baseline_budget,nominal_equality,False,0.09484916536,lgd,mean,0.5,0.3,0.03,4950
E62,***工程造价咨询有限公司***分公司,B,elastic_net_logistic,0.1214523958,selected_model_risk_score,64,0.5203252033,不放贷,优化模型未选择,0,0,,,,,0,0.3,0.03,0,0,0,0,,lgd_0.30_baseline_budget,nominal_equality,False,0.1450170246,lgd,mean,0.5,0.3,0.03,4950
E63,***科技有限公司,B,elastic_net_logistic,0.08368298573,selected_model_risk_score,86,0.6991869919,放贷,优化模型选择,100,1000000,0.1065,10.65,0.7053159925,0.2946840075,29.46840075,0.3,0.03,2.875755279,0.7398011278,0.8840520225,1.251902129,0.01251902129,lgd_0.30_baseline_budget,nominal_equality,False,0.1084106096,lgd,mean,0.5,0.3,0.03,4950
E64,***图书有限责任公司,A,elastic_net_logistic,0.1124750355,selected_model_risk_score,69,0.5609756098,不放贷,优化模型未选择,0,0,,,,,0,0.3,0.03,0,0,0,0,,lgd_0.30_baseline_budget,nominal_equality,False,0.1209520698,lgd,mean,0.5,0.3,0.03,4950
E65,***商贸有限公司,B,elastic_net_logistic,0.0894097801,selected_model_risk_score,80,0.6504065041,放贷,优化模型选择,100,1000000,0.1065,10.65,0.7053159925,0.2946840075,29.46840075,0.3,0.03,2.857782396,0.7904289693,0.8840520225,1.183301404,0.01183301404,lgd_0.30_baseline_budget,nominal_equality,False,0.1016662421,lgd,mean,0.5,0.3,0.03,4950
E66,***快递有限公司,B,elastic_net_logistic,0.2947622952,selected_model_risk_score,30,0.243902439,不放贷,优化模型未选择,0,0,,,,,0,0.3,0.03,0,0,0,0,,lgd_0.30_baseline_budget,nominal_equality,False,0.3741353375,lgd,mean,0.5,0.3,0.03,4950
E67,***信息技术有限公司,B,elastic_net_logistic,0.1845447393,selected_model_risk_score,50,0.406504065,不放贷,优化模型未选择,0,0,,,,,0,0.3,0.03,0,0,0,0,,lgd_0.30_baseline_budget,nominal_equality,False,0.2088292217,lgd,mean,0.5,0.3,0.03,4950
E68,***花木总公司,C,elastic_net_logistic,0.3380718151,selected_model_risk_score,28,0.2276422764,不放贷,优化模型未选择,0,0,,,,,0,0.3,0.03,0,0,0,0,,lgd_0.30_baseline_budget,nominal_equality,False,0.3824767947,lgd,mean,0.5,0.3,0.03,4950
E69,***电子器材经营部,C,elastic_net_logistic,0.2503652668,selected_model_risk_score,38,0.3089430894,不放贷,优化模型未选择,0,0,,,,,0,0.3,0.03,0,0,0,0,,lgd_0.30_baseline_budget,nominal_equality,False,0.3207126735,lgd,mean,0.5,0.3,0.03,4950
E7,***家电有限公司***分公司,A,elastic_net_logistic,0.02580342326,selected_model_risk_score,121,0.9837398374,放贷,优化模型选择,100,1000000,0.0745,7.45,0.511096612,0.488903388,48.8903388,0.3,0.03,3.548345652,0.3784614316,1.466710164,1.703174056,0.01703174056,lgd_0.30_baseline_budget,nominal_equality,False,0.03436137967,lgd,mean,0.5,0.3,0.03,4950
E70,***科技有限公司,B,elastic_net_logistic,0.1379471805,selected_model_risk_score,60,0.487804878,不放贷,优化模型未选择,0,0,,,,,0,0.3,0.03,0,0,0,0,,lgd_0.30_baseline_budget,nominal_equality,False,0.1557212843,lgd,mean,0.5,0.3,0.03,4950
E71,***农业科技有限公司,B,elastic_net_logistic,0.2041897012,selected_model_risk_score,45,0.3658536585,不放贷,优化模型未选择,0,0,,,,,0,0.3,0.03,0,0,0,0,,lgd_0.30_baseline_budget,nominal_equality,False,0.2461670708,lgd,mean,0.5,0.3,0.03,4950
E72,***图书有限公司,C,elastic_net_logistic,0.2897171126,selected_model_risk_score,32,0.2601626016,不放贷,优化模型未选择,0,0,,,,,0,0.3,0.03,0,0,0,0,,lgd_0.30_baseline_budget,nominal_equality,False,0.3383260035,lgd,mean,0.5,0.3,0.03,4950
E73,***商贸有限责任公司,C,elastic_net_logistic,0.1183311273,selected_model_risk_score,67,0.5447154472,不放贷,优化模型未选择,0,0,,,,,0,0.3,0.03,0,0,0,0,,lgd_0.30_baseline_budget,nominal_equality,False,0.150943928,lgd,mean,0.5,0.3,0.03,4950
E74,***蔬菜专业合作社,B,elastic_net_logistic,0.1539591335,selected_model_risk_score,56,0.4552845528,不放贷,优化模型未选择,0,0,,,,,0,0.3,0.03,0,0,0,0,,lgd_0.30_baseline_budget,nominal_equality,False,0.1754997095,lgd,mean,0.5,0.3,0.03,4950
E75,***酒店管理有限公司,C,elastic_net_logistic,0.1070850165,selected_model_risk_score,72,0.5853658537,放贷,优化模型选择,50,500000,0.1105,11.05,0.7151023945,0.2848976055,14.24488027,0.3,0.03,1.405501107,0.4576239718,0.4273464082,0.5205307274,0.01041061455,lgd_0.30_baseline_budget,nominal_equality,False,0.1282680192,lgd,mean,0.5,0.3,0.03,4950
E76,***信息科技有限公司,B,elastic_net_logistic,0.1706660196,selected_model_risk_score,53,0.4308943089,不放贷,优化模型未选择,0,0,,,,,0,0.3,0.03,0,0,0,0,,lgd_0.30_baseline_budget,nominal_equality,False,0.1979402602,lgd,mean,0.5,0.3,0.03,4950
E77,***机电设备有限公司,C,elastic_net_logistic,0.3665492679,selected_model_risk_score,25,0.2032520325,不放贷,优化模型未选择,0,0,,,,,0,0.3,0.03,0,0,0,0,,lgd_0.30_baseline_budget,nominal_equality,False,0.4663549766,lgd,mean,0.5,0.3,0.03,4950
E78,个体经营E78,C,elastic_net_logistic,0.1211539626,selected_model_risk_score,65,0.5284552846,不放贷,优化模型未选择,0,0,,,,,0,0.3,0.03,0,0,0,0,,lgd_0.30_baseline_budget,nominal_equality,False,0.1481587806,lgd,mean,0.5,0.3,0.03,4950
E79,***鞋业有限公司,B,elastic_net_logistic,0.2025177165,selected_model_risk_score,46,0.3739837398,不放贷,优化模型未选择,0,0,,,,,0,0.3,0.03,0,0,0,0,,lgd_0.30_baseline_budget,nominal_equality,False,0.2207361419,lgd,mean,0.5,0.3,0.03,4950
E8,***科学研究院有限公司,A,elastic_net_logistic,0.02606005345,selected_model_risk_score,120,0.9756097561,放贷,优化模型选择,100,1000000,0.0745,7.45,0.511096612,0.488903388,48.8903388,0.3,0.03,3.54741092,0.3822254527,1.466710164,1.698475303,0.01698475303,lgd_0.30_baseline_budget,nominal_equality,False,0.03439017911,lgd,mean,0.5,0.3,0.03,4950
E80,***实业有限责任公司,C,elastic_net_logistic,0.3432370641,selected_model_risk_score,26,0.2113821138,不放贷,优化模型未选择,0,0,,,,,0,0.3,0.03,0,0,0,0,,lgd_0.30_baseline_budget,nominal_equality,False,0.3865190631,lgd,mean,0.5,0.3,0.03,4950
E81,***机械设备有限公司,A,elastic_net_logistic,0.1154202468,selected_model_risk_score,68,0.5528455285,不放贷,优化模型未选择,0,0,,,,,0,0.3,0.03,0,0,0,0,,lgd_0.30_baseline_budget,nominal_equality,False,0.1339413155,lgd,mean,0.5,0.3,0.03,4950
E82,***商贸有限公司,D,elastic_net_logistic,0.194614899,selected_model_risk_score,47,0.3821138211,不放贷,D级企业原则上不予放贷,0,0,,,,,0,0.3,0.03,0,0,0,0,,lgd_0.30_baseline_budget,nominal_equality,False,0.2318618526,lgd,mean,0.5,0.3,0.03,4950
E83,***社会福利院（***社会福利社会化服务中心）,B,elastic_net_logistic,0.5444532255,selected_model_risk_score,13,0.1056910569,不放贷,优化模型未选择,0,0,,,,,0,0.3,0.03,0,0,0,0,,lgd_0.30_baseline_budget,nominal_equality,False,0.6237840466,lgd,mean,0.5,0.3,0.03,4950
E84,***建材有限公司,A,elastic_net_logistic,0.1532688251,selected_model_risk_score,57,0.4634146341,不放贷,优化模型未选择,0,0,,,,,0,0.3,0.03,0,0,0,0,,lgd_0.30_baseline_budget,nominal_equality,False,0.1694921296,lgd,mean,0.5,0.3,0.03,4950
E85,***安防科技有限公司,B,elastic_net_logistic,0.2264316686,selected_model_risk_score,42,0.3414634146,不放贷,优化模型未选择,0,0,,,,,0,0.3,0.03,0,0,0,0,,lgd_0.30_baseline_budget,nominal_equality,False,0.2483347601,lgd,mean,0.5,0.3,0.03,4950
E86,***地质工程勘察院***分院,C,elastic_net_logistic,0.2808208394,selected_model_risk_score,34,0.2764227642,不放贷,优化模型未选择,0,0,,,,,0,0.3,0.03,0,0,0,0,,lgd_0.30_baseline_budget,nominal_equality,False,0.3548090468,lgd,mean,0.5,0.3,0.03,4950
E87,***实业有限责任公司,C,elastic_net_logistic,0.234076271,selected_model_risk_score,40,0.325203252,不放贷,优化模型未选择,0,0,,,,,0,0.3,0.03,0,0,0,0,,lgd_0.30_baseline_budget,nominal_equality,False,0.2796569295,lgd,mean,0.5,0.3,0.03,4950
E88,***贸易有限公司,A,elastic_net_logistic,0.1654327803,selected_model_risk_score,55,0.4471544715,不放贷,优化模型未选择,0,0,,,,,0,0.3,0.03,0,0,0,0,,lgd_0.30_baseline_budget,nominal_equality,False,0.189066442,lgd,mean,0.5,0.3,0.03,4950
E89,***物资有限公司,A,elastic_net_logistic,0.3344336244,selected_model_risk_score,29,0.2357723577,不放贷,优化模型未选择,0,0,,,,,0,0.3,0.03,0,0,0,0,,lgd_0.30_baseline_budget,nominal_equality,False,0.3672701532,lgd,mean,0.5,0.3,0.03,4950
E9,***生活用品服务有限公司***分公司,A,elastic_net_logistic,0.02174866462,selected_model_risk_score,122,0.9918699187,放贷,优化模型选择,100,1000000,0.0745,7.45,0.511096612,0.488903388,48.8903388,0.3,0.03,3.563114422,0.3189898745,1.466710164,1.777414383,0.01777414383,lgd_0.30_baseline_budget,nominal_equality,False,0.02531048472,lgd,mean,0.5,0.3,0.03,4950
E90,***文化传媒有限责任公司,C,elastic_net_logistic,0.2928954659,selected_model_risk_score,31,0.2520325203,不放贷,优化模型未选择,0,0,,,,,0,0.3,0.03,0,0,0,0,,lgd_0.30_baseline_budget,nominal_equality,False,0.3272754126,lgd,mean,0.5,0.3,0.03,4950
E91,***科技实业有限公司,A,elastic_net_logistic,0.123879862,selected_model_risk_score,62,0.5040650407,不放贷,优化模型未选择,0,0,,,,,0,0.3,0.03,0,0,0,0,,lgd_0.30_baseline_budget,nominal_equality,False,0.1563985381,lgd,mean,0.5,0.3,0.03,4950
E92,***地质灾害防治有限公司,C,elastic_net_logistic,0.3701163354,selected_model_risk_score,24,0.1951219512,不放贷,优化模型未选择,0,0,,,,,0,0.3,0.03,0,0,0,0,,lgd_0.30_baseline_budget,nominal_equality,False,0.4190045907,lgd,mean,0.5,0.3,0.03,4950
E93,***电脑设计事务所,B,elastic_net_logistic,0.2376719561,selected_model_risk_score,39,0.3170731707,不放贷,优化模型未选择,0,0,,,,,0,0.3,0.03,0,0,0,0,,lgd_0.30_baseline_budget,nominal_equality,False,0.2575297987,lgd,mean,0.5,0.3,0.03,4950
E94,***汽车美容有限公司,C,elastic_net_logistic,0.3420261826,selected_model_risk_score,27,0.2195121951,不放贷,优化模型未选择,0,0,,,,,0,0.3,0.03,0,0,0,0,,lgd_0.30_baseline_budget,nominal_equality,False,0.3879661601,lgd,mean,0.5,0.3,0.03,4950
E95,***兰花店,B,elastic_net_logistic,0.1441316116,selected_model_risk_score,59,0.4796747967,不放贷,优化模型未选择,0,0,,,,,0,0.3,0.03,0,0,0,0,,lgd_0.30_baseline_budget,nominal_equality,False,0.1745511804,lgd,mean,0.5,0.3,0.03,4950
E96,***土地整理有限公司,C,elastic_net_logistic,0.8080355745,selected_model_risk_score,1,0.008130081301,不放贷,优化模型未选择,0,0,,,,,0,0.3,0.03,0,0,0,0,,lgd_0.30_baseline_budget,nominal_equality,False,0.854739214,lgd,mean,0.5,0.3,0.03,4950
E97,***美工装饰部,B,elastic_net_logistic,0.2602897628,selected_model_risk_score,35,0.2845528455,不放贷,优化模型未选择,0,0,,,,,0,0.3,0.03,0,0,0,0,,lgd_0.30_baseline_budget,nominal_equality,False,0.3283525845,lgd,mean,0.5,0.3,0.03,4950
E98,***文化传播有限公司,B,elastic_net_logistic,0.2814270169,selected_model_risk_score,33,0.2682926829,不放贷,优化模型未选择,0,0,,,,,0,0.3,0.03,0,0,0,0,,lgd_0.30_baseline_budget,nominal_equality,False,0.3034353338,lgd,mean,0.5,0.3,0.03,4950
E99,***建筑工程有限责任公司,D,elastic_net_logistic,0.5839846822,selected_model_risk_score,10,0.08130081301,不放贷,D级企业原则上不予放贷,0,0,,,,,0,0.3,0.03,0,0,0,0,,lgd_0.30_baseline_budget,nominal_equality,False,0.6898712011,lgd,mean,0.5,0.3,0.03,4950
E1,***电器销售有限公司,A,elastic_net_logistic,0.05655542179,selected_model_risk_score,104,0.8455284553,放贷,优化模型选择,100,1000000,0.1225,12.25,0.8148090077,0.1851909923,18.51909923,0.5,0.03,2.140288611,0.5236777341,0.5555729769,1.0610379,0.010610379,lgd_0.50_baseline_budget,nominal_equality,False,0.0730491674,lgd,mean,0.5,0.5,0.03,4950
E10,***建筑劳务有限公司,B,elastic_net_logistic,0.06093491817,selected_model_risk_score,102,0.8292682927,放贷,优化模型选择,100,1000000,0.1185,11.85,0.7692116619,0.2307883381,23.07883381,0.5,0.03,2.568194445,0.7031534248,0.6923650143,1.172676006,0.01172676006,lgd_0.50_baseline_budget,nominal_equality,False,0.07833730674,lgd,mean,0.5,0.5,0.03,4950
E100,***装饰工程有限公司,D,elastic_net_logistic,0.2578903118,selected_model_risk_score,36,0.2926829268,不放贷,D级企业原则上不予放贷,0,0,,,,,0,0.5,0.03,0,0,0,0,,lgd_0.50_baseline_budget,nominal_equality,False,0.3416804479,lgd,mean,0.5,0.5,0.03,4950
E101,***灯饰工程有限公司,D,elastic_net_logistic,0.7098560409,selected_model_risk_score,6,0.0487804878,不放贷,D级企业原则上不予放贷,0,0,,,,,0,0.5,0.03,0,0,0,0,,lgd_0.50_baseline_budget,nominal_equality,False,0.7897592201,lgd,mean,0.5,0.5,0.03,4950
E102,***大药房有限责任公司,D,elastic_net_logistic,0.4733747116,selected_model_risk_score,17,0.1382113821,不放贷,D级企业原则上不予放贷,0,0,,,,,0,0.5,0.03,0,0,0,0,,lgd_0.50_baseline_budget,nominal_equality,False,0.6183651775,lgd,mean,0.5,0.5,0.03,4950
E103,***科技有限公司,D,elastic_net_logistic,0.4055458126,selected_model_risk_score,22,0.1788617886,不放贷,D级企业原则上不予放贷,0,0,,,,,0,0.5,0.03,0,0,0,0,,lgd_0.50_baseline_budget,nominal_equality,False,0.4768661053,lgd,mean,0.5,0.5,0.03,4950
E104,***管理咨询有限责任公司,C,elastic_net_logistic,0.5371556855,selected_model_risk_score,14,0.1138211382,不放贷,优化模型未选择,0,0,,,,,0,0.5,0.03,0,0,0,0,,lgd_0.50_baseline_budget,nominal_equality,False,0.6048969633,lgd,mean,0.5,0.5,0.03,4950
E105,***建材经营部,C,elastic_net_logistic,0.2296735143,selected_model_risk_score,41,0.3333333333,不放贷,优化模型未选择,0,0,,,,,0,0.5,0.03,0,0,0,0,,lgd_0.50_baseline_budget,nominal_equality,False,0.3150886304,lgd,mean,0.5,0.5,0.03,4950
E106,***财务管理有限公司,B,elastic_net_logistic,0.25387818,selected_model_risk_score,37,0.3008130081,不放贷,优化模型未选择,0,0,,,,,0,0.5,0.03,0,0,0,0,,lgd_0.50_baseline_budget,nominal_equality,False,0.2861266308,lgd,mean,0.5,0.5,0.03,4950
E107,***科技有限公司,D,elastic_net_logistic,0.6278756036,selected_model_risk_score,8,0.06504065041,不放贷,D级企业原则上不予放贷,0,0,,,,,0,0.5,0.03,0,0,0,0,,lgd_0.50_baseline_budget,nominal_equality,False,0.6820972821,lgd,mean,0.5,0.5,0.03,4950
E108,***商贸有限公司,D,elastic_net_logistic,0.5221807895,selected_model_risk_score,15,0.1219512195,不放贷,D级企业原则上不予放贷,0,0,,,,,0,0.5,0.03,0,0,0,0,,lgd_0.50_baseline_budget,nominal_equality,False,0.6296705299,lgd,mean,0.5,0.5,0.03,4950
E109,***服饰有限公司,D,elastic_net_logistic,0.5493640614,selected_model_risk_score,12,0.09756097561,不放贷,D级企业原则上不予放贷,0,0,,,,,0,0.5,0.03,0,0,0,0,,lgd_0.50_baseline_budget,nominal_equality,False,0.6102205923,lgd,mean,0.5,0.5,0.03,4950
E11,***建设工程有限公司,C,elastic_net_logistic,0.07723891572,selected_model_risk_score,93,0.756097561,放贷,优化模型选择,100,1000000,0.1425,14.25,0.8405321006,0.1594678994,15.94678994,0.5,0.03,2.096898498,0.6158563821,0.4784036982,1.002638417,0.01002638417,lgd_0.50_baseline_budget,nominal_equality,False,0.1001763276,lgd,mean,0.5,0.5,0.03,4950
E110,***通讯器材经营部,C,elastic_net_logistic,0.5711527053,selected_model_risk_score,11,0.08943089431,不放贷,优化模型未选择,0,0,,,,,0,0.5,0.03,0,0,0,0,,lgd_0.50_baseline_budget,nominal_equality,False,0.6124762668,lgd,mean,0.5,0.5,0.03,4950
E111,***科技有限公司,D,elastic_net_logistic,0.1919246162,selected_model_risk_score,49,0.3983739837,不放贷,D级企业原则上不予放贷,0,0,,,,,0,0.5,0.03,0,0,0,0,,lgd_0.50_baseline_budget,nominal_equality,False,0.3189536769,lgd,mean,0.5,0.5,0.03,4950
E112,***机械设备有限公司,D,elastic_net_logistic,0.4170540731,selected_model_risk_score,20,0.162601626,不放贷,D级企业原则上不予放贷,0,0,,,,,0,0.5,0.03,0,0,0,0,,lgd_0.50_baseline_budget,nominal_equality,False,0.5129040595,lgd,mean,0.5,0.5,0.03,4950
E113,***美居科技有限公司,D,elastic_net_logistic,0.7592451553,selected_model_risk_score,4,0.0325203252,不放贷,D级企业原则上不予放贷,0,0,,,,,0,0.5,0.03,0,0,0,0,,lgd_0.50_baseline_budget,nominal_equality,False,0.8315439659,lgd,mean,0.5,0.5,0.03,4950
E114,***食品有限责任公司,D,elastic_net_logistic,0.4770804739,selected_model_risk_score,16,0.1300813008,不放贷,D级企业原则上不予放贷,0,0,,,,,0,0.5,0.03,0,0,0,0,,lgd_0.50_baseline_budget,nominal_equality,False,0.5421990478,lgd,mean,0.5,0.5,0.03,4950
E115,***装饰工程有限公司,D,elastic_net_logistic,0.7835354924,selected_model_risk_score,2,0.0162601626,不放贷,D级企业原则上不予放贷,0,0,,,,,0,0.5,0.03,0,0,0,0,,lgd_0.50_baseline_budget,nominal_equality,False,0.8331104651,lgd,mean,0.5,0.5,0.03,4950
E116,***门窗有限公司,D,elastic_net_logistic,0.4160885126,selected_model_risk_score,21,0.1707317073,不放贷,D级企业原则上不予放贷,0,0,,,,,0,0.5,0.03,0,0,0,0,,lgd_0.50_baseline_budget,nominal_equality,False,0.532859258,lgd,mean,0.5,0.5,0.03,4950
E117,***人力资源管理咨询有限公司,D,elastic_net_logistic,0.6343060557,selected_model_risk_score,7,0.05691056911,不放贷,D级企业原则上不予放贷,0,0,,,,,0,0.5,0.03,0,0,0,0,,lgd_0.50_baseline_budget,nominal_equality,False,0.7561127553,lgd,mean,0.5,0.5,0.03,4950
E118,***体育用品有限公司,D,elastic_net_logistic,0.3859533716,selected_model_risk_score,23,0.1869918699,不放贷,D级企业原则上不予放贷,0,0,,,,,0,0.5,0.03,0,0,0,0,,lgd_0.50_baseline_budget,nominal_equality,False,0.4429217794,lgd,mean,0.5,0.5,0.03,4950
E119,***药房,D,elastic_net_logistic,0.6253065711,selected_model_risk_score,9,0.07317073171,不放贷,D级企业原则上不予放贷,0,0,,,,,0,0.5,0.03,0,0,0,0,,lgd_0.50_baseline_budget,nominal_equality,False,0.6891769584,lgd,mean,0.5,0.5,0.03,4950
E12,***建筑劳务有限公司,B,elastic_net_logistic,0.08202986653,selected_model_risk_score,88,0.7154471545,放贷,优化模型选择,100,1000000,0.1425,14.25,0.8439092946,0.1560907054,15.60907054,0.5,0.03,2.041834131,0.6402049865,0.4682721162,0.9333570281,0.009333570281,lgd_0.50_baseline_budget,nominal_equality,False,0.1054632903,lgd,mean,0.5,0.5,0.03,4950
E120,***陈列广告有限公司,D,elastic_net_logistic,0.721226934,selected_model_risk_score,5,0.0406504065,不放贷,D级企业原则上不予放贷,0,0,,,,,0,0.5,0.03,0,0,0,0,,lgd_0.50_baseline_budget,nominal_equality,False,0.7608714869,lgd,mean,0.5,0.5,0.03,4950
E121,***药业连锁有限公司***药店,D,elastic_net_logistic,0.4662178212,selected_model_risk_score,18,0.1463414634,不放贷,D级企业原则上不予放贷,0,0,,,,,0,0.5,0.03,0,0,0,0,,lgd_0.50_baseline_budget,nominal_equality,False,0.5621951951,lgd,mean,0.5,0.5,0.03,4950
E122,***商贸有限责任公司,D,elastic_net_logistic,0.4500783219,selected_model_risk_score,19,0.1544715447,不放贷,D级企业原则上不予放贷,0,0,,,,,0,0.5,0.03,0,0,0,0,,lgd_0.50_baseline_budget,nominal_equality,False,0.6021516604,lgd,mean,0.5,0.5,0.03,4950
E123,***创科技有限责任公司,D,elastic_net_logistic,0.7819761114,selected_model_risk_score,3,0.0243902439,不放贷,D级企业原则上不予放贷,0,0,,,,,0,0.5,0.03,0,0,0,0,,lgd_0.50_baseline_budget,nominal_equality,False,0.8270597923,lgd,mean,0.5,0.5,0.03,4950
E13,***汽车贸易有限公司,A,elastic_net_logistic,0.04053604698,selected_model_risk_score,113,0.918699187,放贷,优化模型选择,100,1000000,0.1025,10.25,0.7312754013,0.2687245987,26.87245987,0.5,0.03,2.642773549,0.5446516479,0.8061737961,1.291948105,0.01291948105,lgd_0.50_baseline_budget,nominal_equality,False,0.05373417783,lgd,mean,0.5,0.5,0.03,4950
E14,个体经营E14,C,elastic_net_logistic,0.03261041867,selected_model_risk_score,117,0.9512195122,放贷,优化模型选择,100,1000000,0.1105,11.05,0.7151023945,0.2848976055,28.48976055,0.5,0.03,3.045457077,0.4645315097,0.8546928165,1.726232751,0.01726232751,lgd_0.50_baseline_budget,nominal_equality,False,0.04024201468,lgd,mean,0.5,0.5,0.03,4950
E15,***劳务有限公司,A,elastic_net_logistic,0.07381492047,selected_model_risk_score,95,0.7723577236,放贷,优化模型选择,100,1000000,0.1225,12.25,0.8148090077,0.1851909923,18.51909923,0.5,0.03,2.101133891,0.6834929184,0.5555729769,0.8620679953,0.008620679953,lgd_0.50_baseline_budget,nominal_equality,False,0.1036254123,lgd,mean,0.5,0.5,0.03,4950
E16,***建筑劳务有限公司,A,elastic_net_logistic,0.04998777847,selected_model_risk_score,108,0.8780487805,放贷,优化模型选择,100,1000000,0.1025,10.25,0.7312754013,0.2687245987,26.87245987,0.5,0.03,2.616739443,0.6716472855,0.8061737961,1.138918362,0.01138918362,lgd_0.50_baseline_budget,nominal_equality,False,0.0624669862,lgd,mean,0.5,0.5,0.03,4950
E17,***消防工程有限公司,A,elastic_net_logistic,0.04649981408,selected_model_risk_score,111,0.9024390244,放贷,优化模型选择,100,1000000,0.1025,10.25,0.7312754013,0.2687245987,26.87245987,0.5,0.03,2.626346787,0.6247821939,0.8061737961,1.195390797,0.01195390797,lgd_0.50_baseline_budget,nominal_equality,False,0.05349825243,lgd,mean,0.5,0.5,0.03,4950
E18,***消防工程有限责任公司,A,elastic_net_logistic,0.04857513816,selected_model_risk_score,109,0.8861788618,放贷,优化模型选择,100,1000000,0.1025,10.25,0.7312754013,0.2687245987,26.87245987,0.5,0.03,2.620630458,0.6526667254,0.8061737961,1.161789936,0.01161789936,lgd_0.50_baseline_budget,nominal_equality,False,0.06117933194,lgd,mean,0.5,0.5,0.03,4950
E19,***科技有限公司,A,elastic_net_logistic,0.06543754966,selected_model_risk_score,100,0.8130081301,放贷,优化模型选择,100,1000000,0.1225,12.25,0.8148090077,0.1851909923,18.51909923,0.5,0.03,2.120138707,0.6059222378,0.5555729769,0.9586434928,0.009586434928,lgd_0.50_baseline_budget,nominal_equality,False,0.09093656268,lgd,mean,0.5,0.5,0.03,4950
E2,***技术有限责任公司,A,elastic_net_logistic,0.02833749753,selected_model_risk_score,119,0.9674796748,放贷,优化模型选择,100,1000000,0.0985,9.85,0.7083020233,0.2916979767,29.16979767,0.5,0.03,2.791805062,0.4132995347,0.8750939301,1.503411597,0.01503411597,lgd_0.50_baseline_budget,nominal_equality,False,0.03642833627,lgd,mean,0.5,0.5,0.03,4950
E20,***贸易有限公司,B,elastic_net_logistic,0.04546270238,selected_model_risk_score,112,0.9105691057,放贷,优化模型选择,100,1000000,0.1065,10.65,0.7053159925,0.2946840075,29.46840075,0.5,0.03,2.995705231,0.6698565665,0.8840520225,1.441796642,0.01441796642,lgd_0.50_baseline_budget,nominal_equality,False,0.06402096704,lgd,mean,0.5,0.5,0.03,4950
E21,***建设工程有限公司,B,elastic_net_logistic,0.08415779812,selected_model_risk_score,85,0.6910569106,放贷,优化模型选择,100,1000000,0.1425,14.25,0.8439092946,0.1560907054,15.60907054,0.5,0.03,2.037100988,0.6568125037,0.4682721162,0.9120163685,0.009120163685,lgd_0.50_baseline_budget,nominal_equality,False,0.09612822768,lgd,mean,0.5,0.5,0.03,4950
E22,***物流有限公司,A,elastic_net_logistic,0.08272431763,selected_model_risk_score,87,0.7073170732,放贷,优化模型选择,100,1000000,0.1225,12.25,0.8148090077,0.1851909923,18.51909923,0.5,0.03,2.080922124,0.7659899235,0.5555729769,0.7593592241,0.007593592241,lgd_0.50_baseline_budget,nominal_equality,False,0.09349623574,lgd,mean,0.5,0.5,0.03,4950
E23,***贸易有限公司,B,elastic_net_logistic,0.03337482103,selected_model_risk_score,116,0.9430894309,放贷,优化模型选择,100,1000000,0.1065,10.65,0.7053159925,0.2946840075,29.46840075,0.5,0.03,3.033641653,0.4917513005,0.8840520225,1.65783833,0.0165783833,lgd_0.50_baseline_budget,nominal_equality,False,0.04082479351,lgd,mean,0.5,0.5,0.03,4950
E24,***建筑工程有限公司,A,elastic_net_logistic,0.04702949043,selected_model_risk_score,110,0.8943089431,放贷,优化模型选择,100,1000000,0.1025,10.25,0.7312754013,0.2687245987,26.87245987,0.5,0.03,2.624887832,0.6318990471,0.8061737961,1.186814989,0.01186814989,lgd_0.50_baseline_budget,nominal_equality,False,0.06125175229,lgd,mean,0.5,0.5,0.03,4950
E25,***通讯设备有限公司,C,elastic_net_logistic,0.08202047653,selected_model_risk_score,89,0.7235772358,放贷,优化模型选择,100,1000000,0.1425,14.25,0.8405321006,0.1594678994,15.94678994,0.5,0.03,2.086032795,0.653981655,0.4784036982,0.9536474416,0.009536474416,lgd_0.50_baseline_budget,nominal_equality,False,0.09686547054,lgd,mean,0.5,0.5,0.03,4950
E26,***金属材料有限公司,A,elastic_net_logistic,0.1342940789,selected_model_risk_score,61,0.4959349593,不放贷,优化模型未选择,0,0,,,,,0,0.5,0.03,0,0,0,0,,lgd_0.50_baseline_budget,nominal_equality,False,0.1782110185,lgd,mean,0.5,0.5,0.03,4950
E27,***农业开发有限公司,A,elastic_net_logistic,0.1103832985,selected_model_risk_score,70,0.5691056911,不放贷,优化模型未选择,0,0,,,,,0,0.5,0.03,0,0,0,0,,lgd_0.50_baseline_budget,nominal_equality,False,0.1369068444,lgd,mean,0.5,0.5,0.03,4950
E28,***景观工程有限公司,B,elastic_net_logistic,0.09966092865,selected_model_risk_score,76,0.6178861789,放贷,优化模型选择,100,1000000,0.1425,14.25,0.8439092946,0.1560907054,15.60907054,0.5,0.03,2.002617491,0.7778072327,0.4682721162,0.7565381417,0.007565381417,lgd_0.50_baseline_budget,nominal_equality,False,0.1193350508,lgd,mean,0.5,0.5,0.03,4950
E29,***建筑劳务有限公司,C,elastic_net_logistic,0.07253671793,selected_model_risk_score,96,0.7804878049,放贷,优化模型选择,100,1000000,0.1425,14.25,0.8405321006,0.1594678994,15.94678994,0.5,0.03,2.107583854,0.5783639019,0.4784036982,1.050816254,0.01050816254,lgd_0.50_baseline_budget,nominal_equality,False,0.08548890218,lgd,mean,0.5,0.5,0.03,4950
E3,***电子(中国)有限公司***分公司,C,elastic_net_logistic,0.02153611417,selected_model_risk_score,123,1,放贷,优化模型选择,100,1000000,0.0905,9.05,0.5900970447,0.4099029553,40.99029553,0.5,0.03,3.629730908,0.4413858422,1.229708866,1.9586362,0.019586362,lgd_0.50_baseline_budget,nominal_equality,False,0.025281018,lgd,mean,0.5,0.5,0.03,4950
E30,***建筑工程有限公司,B,elastic_net_logistic,0.07713913412,selected_model_risk_score,94,0.7642276423,放贷,优化模型选择,100,1000000,0.1425,14.25,0.8439092946,0.1560907054,15.60907054,0.5,0.03,2.05271255,0.6020350929,0.4682721162,0.9824053413,0.009824053413,lgd_0.50_baseline_budget,nominal_equality,False,0.1024182862,lgd,mean,0.5,0.5,0.03,4950
E31,***食品有限公司,A,elastic_net_logistic,0.0367643069,selected_model_risk_score,115,0.9349593496,放贷,优化模型选择,100,1000000,0.0985,9.85,0.7083020233,0.2916979767,29.16979767,0.5,0.03,2.767592942,0.5362036969,0.8750939301,1.356295315,0.01356295315,lgd_0.50_baseline_budget,nominal_equality,False,0.04188668071,lgd,mean,0.5,0.5,0.03,4950
E32,***建筑劳务有限公司,B,elastic_net_logistic,0.09279588464,selected_model_risk_score,79,0.6422764228,放贷,优化模型选择,100,1000000,0.1425,14.25,0.8439092946,0.1560907054,15.60907054,0.5,0.03,2.017887357,0.7242287546,0.4682721162,0.8253864861,0.008253864861,lgd_0.50_baseline_budget,nominal_equality,False,0.104597557,lgd,mean,0.5,0.5,0.03,4950
E33,***园林有限责任公司,B,elastic_net_logistic,0.09823760896,selected_model_risk_score,77,0.6260162602,放贷,优化模型选择,100,1000000,0.1425,14.25,0.8439092946,0.1560907054,15.60907054,0.5,0.03,2.00578337,0.766698884,0.4682721162,0.7708123699,0.007708123699,lgd_0.50_baseline_budget,nominal_equality,False,0.1158892222,lgd,mean,0.5,0.5,0.03,4950
E34,***建设工程有限公司,B,elastic_net_logistic,0.1015652078,selected_model_risk_score,75,0.6097560976,放贷,优化模型选择,100,1000000,0.1425,14.25,0.8439092946,0.1560907054,15.60907054,0.5,0.03,1.998381817,0.7926692465,0.4682721162,0.737440454,0.00737440454,lgd_0.50_baseline_budget,nominal_equality,False,0.1393444528,lgd,mean,0.5,0.5,0.03,4950
E35,***商贸有限公司,B,elastic_net_logistic,0.08567951436,selected_model_risk_score,83,0.674796748,放贷,优化模型选择,100,1000000,0.1425,14.25,0.8439092946,0.1560907054,15.60907054,0.5,0.03,2.033716246,0.6686887917,0.4682721162,0.8967553384,0.008967553384,lgd_0.50_baseline_budget,nominal_equality,False,0.1006056864,lgd,mean,0.5,0.5,0.03,4950
E36,***超硬材料有限公司,D,elastic_net_logistic,0.05081789908,selected_model_risk_score,107,0.8699186992,不放贷,D级企业原则上不予放贷,0,0,,,,,0,0.5,0.03,0,0,0,0,,lgd_0.50_baseline_budget,nominal_equality,False,0.06163613971,lgd,mean,0.5,0.5,0.03,4950
E37,***木业有限公司,B,elastic_net_logistic,0.084549486,selected_model_risk_score,84,0.6829268293,放贷,优化模型选择,100,1000000,0.1425,14.25,0.8439092946,0.1560907054,15.60907054,0.5,0.03,2.03622976,0.6598694455,0.4682721162,0.9080881982,0.009080881982,lgd_0.50_baseline_budget,nominal_equality,False,0.1088428529,lgd,mean,0.5,0.5,0.03,4950
E38,***建设工程有限公司,B,elastic_net_logistic,0.1218095512,selected_model_risk_score,63,0.512195122,不放贷,优化模型未选择,0,0,,,,,0,0.5,0.03,0,0,0,0,,lgd_0.50_baseline_budget,nominal_equality,False,0.1460270212,lgd,mean,0.5,0.5,0.03,4950
E39,***建筑劳务有限公司,C,elastic_net_logistic,0.1815109557,selected_model_risk_score,52,0.4227642276,不放贷,优化模型未选择,0,0,,,,,0,0.5,0.03,0,0,0,0,,lgd_0.50_baseline_budget,nominal_equality,False,0.2307578892,lgd,mean,0.5,0.5,0.03,4950
E4,***发展有限责任公司,C,elastic_net_logistic,0.03106769432,selected_model_risk_score,118,0.9593495935,放贷,优化模型选择,100,1000000,0.1105,11.05,0.7151023945,0.2848976055,28.48976055,0.5,0.03,3.050313756,0.442555586,0.8546928165,1.753065354,0.01753065354,lgd_0.50_baseline_budget,nominal_equality,False,0.04400979025,lgd,mean,0.5,0.5,0.03,4950
E40,***财税咨询服务有限公司,C,elastic_net_logistic,0.08113873174,selected_model_risk_score,90,0.7317073171,放贷,优化模型选择,100,1000000,0.1425,14.25,0.8405321006,0.1594678994,15.94678994,0.5,0.03,2.088036487,0.6469511555,0.4784036982,0.9626816334,0.009626816334,lgd_0.50_baseline_budget,nominal_equality,False,0.09293248415,lgd,mean,0.5,0.5,0.03,4950
E41,***物业发展有限公司,C,elastic_net_logistic,0.07916167381,selected_model_risk_score,91,0.7398373984,放贷,优化模型选择,100,1000000,0.1425,14.25,0.8405321006,0.1594678994,15.94678994,0.5,0.03,2.092529188,0.6311872918,0.4784036982,0.9829381983,0.009829381983,lgd_0.50_baseline_budget,nominal_equality,False,0.09683047914,lgd,mean,0.5,0.5,0.03,4950
E42,***园艺场,A,elastic_net_logistic,0.1200846128,selected_model_risk_score,66,0.5365853659,不放贷,优化模型未选择,0,0,,,,,0,0.5,0.03,0,0,0,0,,lgd_0.50_baseline_budget,nominal_equality,False,0.1475914741,lgd,mean,0.5,0.5,0.03,4950
E43,***建设工程有限公司,B,elastic_net_logistic,0.1927952664,selected_model_risk_score,48,0.3902439024,不放贷,优化模型未选择,0,0,,,,,0,0.5,0.03,0,0,0,0,,lgd_0.50_baseline_budget,nominal_equality,False,0.2145282193,lgd,mean,0.5,0.5,0.03,4950
E44,***商贸有限公司,C,elastic_net_logistic,0.08616234673,selected_model_risk_score,82,0.6666666667,放贷,优化模型选择,100,1000000,0.1425,14.25,0.8405321006,0.1594678994,15.94678994,0.5,0.03,2.076620736,0.687006422,0.4784036982,0.911210616,0.00911210616,lgd_0.50_baseline_budget,nominal_equality,False,0.1035354806,lgd,mean,0.5,0.5,0.03,4950
E45,个体经营E45,B,elastic_net_logistic,0.1068056002,selected_model_risk_score,73,0.593495935,不放贷,优化模型未选择,0,0,,,,,0,0.5,0.03,0,0,0,0,,lgd_0.50_baseline_budget,nominal_equality,False,0.1219197504,lgd,mean,0.5,0.5,0.03,4950
E46,***广告传媒有限公司,C,elastic_net_logistic,0.05276002815,selected_model_risk_score,105,0.8536585366,放贷,优化模型选择,100,1000000,0.1105,11.05,0.7151023945,0.2848976055,28.48976055,0.5,0.03,2.982023718,0.7515602843,0.8546928165,1.375770617,0.01375770617,lgd_0.50_baseline_budget,nominal_equality,False,0.06245378683,lgd,mean,0.5,0.5,0.03,4950
E47,***控制设备有限责任公司,C,elastic_net_logistic,0.05124807767,selected_model_risk_score,106,0.8617886179,放贷,优化模型选择,100,1000000,0.1105,11.05,0.7151023945,0.2848976055,28.48976055,0.5,0.03,2.986783517,0.7300227307,0.8546928165,1.40206797,0.0140206797,lgd_0.50_baseline_budget,nominal_equality,False,0.05822355401,lgd,mean,0.5,0.5,0.03,4950
E48,***化工有限公司,A,elastic_net_logistic,0.07070577235,selected_model_risk_score,97,0.7886178862,放贷,优化模型选择,100,1000000,0.1225,12.25,0.8148090077,0.1851909923,18.51909923,0.5,0.03,2.108187272,0.6547036071,0.5555729769,0.8979106879,0.008979106879,lgd_0.50_baseline_budget,nominal_equality,False,0.08921054517,lgd,mean,0.5,0.5,0.03,4950
E49,***地球环保科技有限公司,C,elastic_net_logistic,0.09803729486,selected_model_risk_score,78,0.6341463415,放贷,优化模型选择,100,1000000,0.1425,14.25,0.8405321006,0.1594678994,15.94678994,0.5,0.03,2.049635895,0.7816900737,0.4784036982,0.7895421235,0.007895421235,lgd_0.50_baseline_budget,nominal_equality,False,0.1105965348,lgd,mean,0.5,0.5,0.03,4950
E5,***供应链管理有限公司,B,elastic_net_logistic,0.05668387407,selected_model_risk_score,103,0.837398374,放贷,优化模型选择,100,1000000,0.1065,10.65,0.7053159925,0.2946840075,29.46840075,0.5,0.03,2.960488878,0.8351915586,0.8840520225,1.241245297,0.01241245297,lgd_0.50_baseline_budget,nominal_equality,False,0.07330978844,lgd,mean,0.5,0.5,0.03,4950
E50,***建筑劳务有限公司,C,elastic_net_logistic,0.1692453772,selected_model_risk_score,54,0.4390243902,不放贷,优化模型未选择,0,0,,,,,0,0.5,0.03,0,0,0,0,,lgd_0.50_baseline_budget,nominal_equality,False,0.2040258114,lgd,mean,0.5,0.5,0.03,4950
E51,***物流有限公司,B,elastic_net_logistic,0.0697365828,selected_model_risk_score,98,0.7967479675,放贷,优化模型选择,100,1000000,0.1425,14.25,0.8439092946,0.1560907054,15.60907054,0.5,0.03,2.06917799,0.5442616201,0.4682721162,1.056644254,0.01056644254,lgd_0.50_baseline_budget,nominal_equality,False,0.07874952738,lgd,mean,0.5,0.5,0.03,4950
E52,***商贸有限公司,D,elastic_net_logistic,0.2136303318,selected_model_risk_score,44,0.3577235772,不放贷,D级企业原则上不予放贷,0,0,,,,,0,0.5,0.03,0,0,0,0,,lgd_0.50_baseline_budget,nominal_equality,False,0.2416471762,lgd,mean,0.5,0.5,0.03,4950
E53,***文化传媒有限公司,C,elastic_net_logistic,0.107156181,selected_model_risk_score,71,0.5772357724,不放贷,优化模型未选择,0,0,,,,,0,0.5,0.03,0,0,0,0,,lgd_0.50_baseline_budget,nominal_equality,False,0.1294528809,lgd,mean,0.5,0.5,0.03,4950
E54,***新技术开发有限公司,A,elastic_net_logistic,0.06439978133,selected_model_risk_score,101,0.8211382114,放贷,优化模型选择,100,1000000,0.1225,12.25,0.8148090077,0.1851909923,18.51909923,0.5,0.03,2.122492978,0.5963129704,0.5555729769,0.9706070306,0.009706070306,lgd_0.50_baseline_budget,nominal_equality,False,0.08481402429,lgd,mean,0.5,0.5,0.03,4950
E55,***集团有限公司***电力设备分公司,C,elastic_net_logistic,0.1835760094,selected_model_risk_score,51,0.4146341463,不放贷,优化模型未选择,0,0,,,,,0,0.5,0.03,0,0,0,0,,lgd_0.50_baseline_budget,nominal_equality,False,0.2408611135,lgd,mean,0.5,0.5,0.03,4950
E56,***家居材料***有限公司,C,elastic_net_logistic,0.08755638262,selected_model_risk_score,81,0.6585365854,放贷,优化模型选择,100,1000000,0.1425,14.25,0.8405321006,0.1594678994,15.94678994,0.5,0.03,2.073452905,0.6981216208,0.4784036982,0.8969275856,0.008969275856,lgd_0.50_baseline_budget,nominal_equality,False,0.1073776577,lgd,mean,0.5,0.5,0.03,4950
E57,***机械设备有限公司,B,elastic_net_logistic,0.1025680758,selected_model_risk_score,74,0.6016260163,放贷,优化模型选择,100,1000000,0.1425,14.25,0.8439092946,0.1560907054,15.60907054,0.5,0.03,1.996151145,0.8004961652,0.4682721162,0.7273828635,0.007273828635,lgd_0.50_baseline_budget,nominal_equality,False,0.1291130293,lgd,mean,0.5,0.5,0.03,4950
E58,***油气工程建设有限责任公司,B,elastic_net_logistic,0.1498825704,selected_model_risk_score,58,0.4715447154,不放贷,优化模型未选择,0,0,,,,,0,0.5,0.03,0,0,0,0,,lgd_0.50_baseline_budget,nominal_equality,False,0.166452668,lgd,mean,0.5,0.5,0.03,4950
E59,***商贸有限公司,A,elastic_net_logistic,0.06896464342,selected_model_risk_score,99,0.8048780488,放贷,优化模型选择,100,1000000,0.1225,12.25,0.8148090077,0.1851909923,18.51909923,0.5,0.03,2.112137179,0.6385815374,0.5555729769,0.9179826647,0.009179826647,lgd_0.50_baseline_budget,nominal_equality,False,0.07641618763,lgd,mean,0.5,0.5,0.03,4950
E6,***装饰设计工程有限公司,A,elastic_net_logistic,0.03828902106,selected_model_risk_score,114,0.9268292683,放贷,优化模型选择,100,1000000,0.0985,9.85,0.7083020233,0.2916979767,29.16979767,0.5,0.03,2.763212095,0.5584414987,0.8750939301,1.329676667,0.01329676667,lgd_0.50_baseline_budget,nominal_equality,False,0.04389193776,lgd,mean,0.5,0.5,0.03,4950
E60,***机械租赁有限公司,B,elastic_net_logistic,0.2143912442,selected_model_risk_score,43,0.3495934959,不放贷,优化模型未选择,0,0,,,,,0,0.5,0.03,0,0,0,0,,lgd_0.50_baseline_budget,nominal_equality,False,0.2335825691,lgd,mean,0.5,0.5,0.03,4950
E61,***调味品有限公司,B,elastic_net_logistic,0.07788330382,selected_model_risk_score,92,0.7479674797,放贷,优化模型选择,100,1000000,0.1425,14.25,0.8439092946,0.1560907054,15.60907054,0.5,0.03,2.051057299,0.6078429916,0.4682721162,0.9749421915,0.009749421915,lgd_0.50_baseline_budget,nominal_equality,False,0.09484916536,lgd,mean,0.5,0.5,0.03,4950
E62,***工程造价咨询有限公司***分公司,B,elastic_net_logistic,0.1214523958,selected_model_risk_score,64,0.5203252033,不放贷,优化模型未选择,0,0,,,,,0,0.5,0.03,0,0,0,0,,lgd_0.50_baseline_budget,nominal_equality,False,0.1450170246,lgd,mean,0.5,0.5,0.03,4950
E63,***科技有限公司,B,elastic_net_logistic,0.08368298573,selected_model_risk_score,86,0.6991869919,放贷,优化模型选择,100,1000000,0.1425,14.25,0.8439092946,0.1560907054,15.60907054,0.5,0.03,2.03815711,0.6531068136,0.4682721162,0.9167781802,0.009167781802,lgd_0.50_baseline_budget,nominal_equality,False,0.1084106096,lgd,mean,0.5,0.5,0.03,4950
E64,***图书有限责任公司,A,elastic_net_logistic,0.1124750355,selected_model_risk_score,69,0.5609756098,不放贷,优化模型未选择,0,0,,,,,0,0.5,0.03,0,0,0,0,,lgd_0.50_baseline_budget,nominal_equality,False,0.1209520698,lgd,mean,0.5,0.5,0.03,4950
E65,***商贸有限公司,B,elastic_net_logistic,0.0894097801,selected_model_risk_score,80,0.6504065041,放贷,优化模型选择,100,1000000,0.1425,14.25,0.8439092946,0.1560907054,15.60907054,0.5,0.03,2.025419044,0.6978017823,0.4682721162,0.8593451455,0.008593451455,lgd_0.50_baseline_budget,nominal_equality,False,0.1016662421,lgd,mean,0.5,0.5,0.03,4950
E66,***快递有限公司,B,elastic_net_logistic,0.2947622952,selected_model_risk_score,30,0.243902439,不放贷,优化模型未选择,0,0,,,,,0,0.5,0.03,0,0,0,0,,lgd_0.50_baseline_budget,nominal_equality,False,0.3741353375,lgd,mean,0.5,0.5,0.03,4950
E67,***信息技术有限公司,B,elastic_net_logistic,0.1845447393,selected_model_risk_score,50,0.406504065,不放贷,优化模型未选择,0,0,,,,,0,0.5,0.03,0,0,0,0,,lgd_0.50_baseline_budget,nominal_equality,False,0.2088292217,lgd,mean,0.5,0.5,0.03,4950
E68,***花木总公司,C,elastic_net_logistic,0.3380718151,selected_model_risk_score,28,0.2276422764,不放贷,优化模型未选择,0,0,,,,,0,0.5,0.03,0,0,0,0,,lgd_0.50_baseline_budget,nominal_equality,False,0.3824767947,lgd,mean,0.5,0.5,0.03,4950
E69,***电子器材经营部,C,elastic_net_logistic,0.2503652668,selected_model_risk_score,38,0.3089430894,不放贷,优化模型未选择,0,0,,,,,0,0.5,0.03,0,0,0,0,,lgd_0.50_baseline_budget,nominal_equality,False,0.3207126735,lgd,mean,0.5,0.5,0.03,4950
E7,***家电有限公司***分公司,A,elastic_net_logistic,0.02580342326,selected_model_risk_score,121,0.9837398374,放贷,优化模型选择,100,1000000,0.0985,9.85,0.7083020233,0.2916979767,29.16979767,0.5,0.03,2.799086028,0.3763403178,0.8750939301,1.54765178,0.0154765178,lgd_0.50_baseline_budget,nominal_equality,False,0.03436137967,lgd,mean,0.5,0.5,0.03,4950
E70,***科技有限公司,B,elastic_net_logistic,0.1379471805,selected_model_risk_score,60,0.487804878,不放贷,优化模型未选择,0,0,,,,,0,0.5,0.03,0,0,0,0,,lgd_0.50_baseline_budget,nominal_equality,False,0.1557212843,lgd,mean,0.5,0.5,0.03,4950
E71,***农业科技有限公司,B,elastic_net_logistic,0.2041897012,selected_model_risk_score,45,0.3658536585,不放贷,优化模型未选择,0,0,,,,,0,0.5,0.03,0,0,0,0,,lgd_0.50_baseline_budget,nominal_equality,False,0.2461670708,lgd,mean,0.5,0.5,0.03,4950
E72,***图书有限公司,C,elastic_net_logistic,0.2897171126,selected_model_risk_score,32,0.2601626016,不放贷,优化模型未选择,0,0,,,,,0,0.5,0.03,0,0,0,0,,lgd_0.50_baseline_budget,nominal_equality,False,0.3383260035,lgd,mean,0.5,0.5,0.03,4950
E73,***商贸有限责任公司,C,elastic_net_logistic,0.1183311273,selected_model_risk_score,67,0.5447154472,不放贷,优化模型未选择,0,0,,,,,0,0.5,0.03,0,0,0,0,,lgd_0.50_baseline_budget,nominal_equality,False,0.150943928,lgd,mean,0.5,0.5,0.03,4950
E74,***蔬菜专业合作社,B,elastic_net_logistic,0.1539591335,selected_model_risk_score,56,0.4552845528,不放贷,优化模型未选择,0,0,,,,,0,0.5,0.03,0,0,0,0,,lgd_0.50_baseline_budget,nominal_equality,False,0.1754997095,lgd,mean,0.5,0.5,0.03,4950
E75,***酒店管理有限公司,C,elastic_net_logistic,0.1070850165,selected_model_risk_score,72,0.5853658537,放贷,优化模型选择,50,500000,0.1425,14.25,0.8405321006,0.1594678994,7.97339497,0.5,0.03,1.014537847,0.426915566,0.2392018491,0.3484204319,0.006968408637,lgd_0.50_baseline_budget,nominal_equality,False,0.1282680192,lgd,mean,0.5,0.5,0.03,4950
E76,***信息科技有限公司,B,elastic_net_logistic,0.1706660196,selected_model_risk_score,53,0.4308943089,不放贷,优化模型未选择,0,0,,,,,0,0.5,0.03,0,0,0,0,,lgd_0.50_baseline_budget,nominal_equality,False,0.1979402602,lgd,mean,0.5,0.5,0.03,4950
E77,***机电设备有限公司,C,elastic_net_logistic,0.3665492679,selected_model_risk_score,25,0.2032520325,不放贷,优化模型未选择,0,0,,,,,0,0.5,0.03,0,0,0,0,,lgd_0.50_baseline_budget,nominal_equality,False,0.4663549766,lgd,mean,0.5,0.5,0.03,4950
E78,个体经营E78,C,elastic_net_logistic,0.1211539626,selected_model_risk_score,65,0.5284552846,不放贷,优化模型未选择,0,0,,,,,0,0.5,0.03,0,0,0,0,,lgd_0.50_baseline_budget,nominal_equality,False,0.1481587806,lgd,mean,0.5,0.5,0.03,4950
E79,***鞋业有限公司,B,elastic_net_logistic,0.2025177165,selected_model_risk_score,46,0.3739837398,不放贷,优化模型未选择,0,0,,,,,0,0.5,0.03,0,0,0,0,,lgd_0.50_baseline_budget,nominal_equality,False,0.2207361419,lgd,mean,0.5,0.5,0.03,4950
E8,***科学研究院有限公司,A,elastic_net_logistic,0.02606005345,selected_model_risk_score,120,0.9756097561,放贷,优化模型选择,100,1000000,0.0985,9.85,0.7083020233,0.2916979767,29.16979767,0.5,0.03,2.798348672,0.3800832432,0.8750939301,1.543171498,0.01543171498,lgd_0.50_baseline_budget,nominal_equality,False,0.03439017911,lgd,mean,0.5,0.5,0.03,4950
E80,***实业有限责任公司,C,elastic_net_logistic,0.3432370641,selected_model_risk_score,26,0.2113821138,不放贷,优化模型未选择,0,0,,,,,0,0.5,0.03,0,0,0,0,,lgd_0.50_baseline_budget,nominal_equality,False,0.3865190631,lgd,mean,0.5,0.5,0.03,4950
E81,***机械设备有限公司,A,elastic_net_logistic,0.1154202468,selected_model_risk_score,68,0.5528455285,不放贷,优化模型未选择,0,0,,,,,0,0.5,0.03,0,0,0,0,,lgd_0.50_baseline_budget,nominal_equality,False,0.1339413155,lgd,mean,0.5,0.5,0.03,4950
E82,***商贸有限公司,D,elastic_net_logistic,0.194614899,selected_model_risk_score,47,0.3821138211,不放贷,D级企业原则上不予放贷,0,0,,,,,0,0.5,0.03,0,0,0,0,,lgd_0.50_baseline_budget,nominal_equality,False,0.2318618526,lgd,mean,0.5,0.5,0.03,4950
E83,***社会福利院（***社会福利社会化服务中心）,B,elastic_net_logistic,0.5444532255,selected_model_risk_score,13,0.1056910569,不放贷,优化模型未选择,0,0,,,,,0,0.5,0.03,0,0,0,0,,lgd_0.50_baseline_budget,nominal_equality,False,0.6237840466,lgd,mean,0.5,0.5,0.03,4950
E84,***建材有限公司,A,elastic_net_logistic,0.1532688251,selected_model_risk_score,57,0.4634146341,不放贷,优化模型未选择,0,0,,,,,0,0.5,0.03,0,0,0,0,,lgd_0.50_baseline_budget,nominal_equality,False,0.1694921296,lgd,mean,0.5,0.5,0.03,4950
E85,***安防科技有限公司,B,elastic_net_logistic,0.2264316686,selected_model_risk_score,42,0.3414634146,不放贷,优化模型未选择,0,0,,,,,0,0.5,0.03,0,0,0,0,,lgd_0.50_baseline_budget,nominal_equality,False,0.2483347601,lgd,mean,0.5,0.5,0.03,4950
E86,***地质工程勘察院***分院,C,elastic_net_logistic,0.2808208394,selected_model_risk_score,34,0.2764227642,不放贷,优化模型未选择,0,0,,,,,0,0.5,0.03,0,0,0,0,,lgd_0.50_baseline_budget,nominal_equality,False,0.3548090468,lgd,mean,0.5,0.5,0.03,4950
E87,***实业有限责任公司,C,elastic_net_logistic,0.234076271,selected_model_risk_score,40,0.325203252,不放贷,优化模型未选择,0,0,,,,,0,0.5,0.03,0,0,0,0,,lgd_0.50_baseline_budget,nominal_equality,False,0.2796569295,lgd,mean,0.5,0.5,0.03,4950
E88,***贸易有限公司,A,elastic_net_logistic,0.1654327803,selected_model_risk_score,55,0.4471544715,不放贷,优化模型未选择,0,0,,,,,0,0.5,0.03,0,0,0,0,,lgd_0.50_baseline_budget,nominal_equality,False,0.189066442,lgd,mean,0.5,0.5,0.03,4950
E89,***物资有限公司,A,elastic_net_logistic,0.3344336244,selected_model_risk_score,29,0.2357723577,不放贷,优化模型未选择,0,0,,,,,0,0.5,0.03,0,0,0,0,,lgd_0.50_baseline_budget,nominal_equality,False,0.3672701532,lgd,mean,0.5,0.5,0.03,4950
E9,***生活用品服务有限公司***分公司,A,elastic_net_logistic,0.02174866462,selected_model_risk_score,122,0.9918699187,放贷,优化模型选择,100,1000000,0.0985,9.85,0.7083020233,0.2916979767,29.16979767,0.5,0.03,2.810736262,0.3172020733,0.8750939301,1.618440259,0.01618440259,lgd_0.50_baseline_budget,nominal_equality,False,0.02531048472,lgd,mean,0.5,0.5,0.03,4950
E90,***文化传媒有限责任公司,C,elastic_net_logistic,0.2928954659,selected_model_risk_score,31,0.2520325203,不放贷,优化模型未选择,0,0,,,,,0,0.5,0.03,0,0,0,0,,lgd_0.50_baseline_budget,nominal_equality,False,0.3272754126,lgd,mean,0.5,0.5,0.03,4950
E91,***科技实业有限公司,A,elastic_net_logistic,0.123879862,selected_model_risk_score,62,0.5040650407,不放贷,优化模型未选择,0,0,,,,,0,0.5,0.03,0,0,0,0,,lgd_0.50_baseline_budget,nominal_equality,False,0.1563985381,lgd,mean,0.5,0.5,0.03,4950
E92,***地质灾害防治有限公司,C,elastic_net_logistic,0.3701163354,selected_model_risk_score,24,0.1951219512,不放贷,优化模型未选择,0,0,,,,,0,0.5,0.03,0,0,0,0,,lgd_0.50_baseline_budget,nominal_equality,False,0.4190045907,lgd,mean,0.5,0.5,0.03,4950
E93,***电脑设计事务所,B,elastic_net_logistic,0.2376719561,selected_model_risk_score,39,0.3170731707,不放贷,优化模型未选择,0,0,,,,,0,0.5,0.03,0,0,0,0,,lgd_0.50_baseline_budget,nominal_equality,False,0.2575297987,lgd,mean,0.5,0.5,0.03,4950
E94,***汽车美容有限公司,C,elastic_net_logistic,0.3420261826,selected_model_risk_score,27,0.2195121951,不放贷,优化模型未选择,0,0,,,,,0,0.5,0.03,0,0,0,0,,lgd_0.50_baseline_budget,nominal_equality,False,0.3879661601,lgd,mean,0.5,0.5,0.03,4950
E95,***兰花店,B,elastic_net_logistic,0.1441316116,selected_model_risk_score,59,0.4796747967,不放贷,优化模型未选择,0,0,,,,,0,0.5,0.03,0,0,0,0,,lgd_0.50_baseline_budget,nominal_equality,False,0.1745511804,lgd,mean,0.5,0.5,0.03,4950
E96,***土地整理有限公司,C,elastic_net_logistic,0.8080355745,selected_model_risk_score,1,0.008130081301,不放贷,优化模型未选择,0,0,,,,,0,0.5,0.03,0,0,0,0,,lgd_0.50_baseline_budget,nominal_equality,False,0.854739214,lgd,mean,0.5,0.5,0.03,4950
E97,***美工装饰部,B,elastic_net_logistic,0.2602897628,selected_model_risk_score,35,0.2845528455,不放贷,优化模型未选择,0,0,,,,,0,0.5,0.03,0,0,0,0,,lgd_0.50_baseline_budget,nominal_equality,False,0.3283525845,lgd,mean,0.5,0.5,0.03,4950
E98,***文化传播有限公司,B,elastic_net_logistic,0.2814270169,selected_model_risk_score,33,0.2682926829,不放贷,优化模型未选择,0,0,,,,,0,0.5,0.03,0,0,0,0,,lgd_0.50_baseline_budget,nominal_equality,False,0.3034353338,lgd,mean,0.5,0.5,0.03,4950
E99,***建筑工程有限责任公司,D,elastic_net_logistic,0.5839846822,selected_model_risk_score,10,0.08130081301,不放贷,D级企业原则上不予放贷,0,0,,,,,0,0.5,0.03,0,0,0,0,,lgd_0.50_baseline_budget,nominal_equality,False,0.6898712011,lgd,mean,0.5,0.5,0.03,4950
E1,***电器销售有限公司,A,elastic_net_logistic,0.05655542179,selected_model_risk_score,104,0.8455284553,放贷,优化模型选择,100,1000000,0.1225,12.25,0.8148090077,0.1851909923,18.51909923,0.7,0.03,2.140288611,0.7331488277,0.5555729769,0.8515668062,0.008515668062,lgd_0.70_baseline_budget,nominal_equality,False,0.0730491674,lgd,mean,0.5,0.7,0.03,4950
E10,***建筑劳务有限公司,B,elastic_net_logistic,0.06093491817,selected_model_risk_score,102,0.8292682927,放贷,优化模型选择,100,1000000,0.1425,14.25,0.8439092946,0.1560907054,15.60907054,0.7,0.03,2.088755467,0.6657962052,0.4682721162,0.9546871459,0.009546871459,lgd_0.70_baseline_budget,nominal_equality,False,0.07833730674,lgd,mean,0.5,0.7,0.03,4950
E100,***装饰工程有限公司,D,elastic_net_logistic,0.2578903118,selected_model_risk_score,36,0.2926829268,不放贷,D级企业原则上不予放贷,0,0,,,,,0,0.7,0.03,0,0,0,0,,lgd_0.70_baseline_budget,nominal_equality,False,0.3416804479,lgd,mean,0.5,0.7,0.03,4950
E101,***灯饰工程有限公司,D,elastic_net_logistic,0.7098560409,selected_model_risk_score,6,0.0487804878,不放贷,D级企业原则上不予放贷,0,0,,,,,0,0.7,0.03,0,0,0,0,,lgd_0.70_baseline_budget,nominal_equality,False,0.7897592201,lgd,mean,0.5,0.7,0.03,4950
E102,***大药房有限责任公司,D,elastic_net_logistic,0.4733747116,selected_model_risk_score,17,0.1382113821,不放贷,D级企业原则上不予放贷,0,0,,,,,0,0.7,0.03,0,0,0,0,,lgd_0.70_baseline_budget,nominal_equality,False,0.6183651775,lgd,mean,0.5,0.7,0.03,4950
E103,***科技有限公司,D,elastic_net_logistic,0.4055458126,selected_model_risk_score,22,0.1788617886,不放贷,D级企业原则上不予放贷,0,0,,,,,0,0.7,0.03,0,0,0,0,,lgd_0.70_baseline_budget,nominal_equality,False,0.4768661053,lgd,mean,0.5,0.7,0.03,4950
E104,***管理咨询有限责任公司,C,elastic_net_logistic,0.5371556855,selected_model_risk_score,14,0.1138211382,不放贷,优化模型未选择,0,0,,,,,0,0.7,0.03,0,0,0,0,,lgd_0.70_baseline_budget,nominal_equality,False,0.6048969633,lgd,mean,0.5,0.7,0.03,4950
E105,***建材经营部,C,elastic_net_logistic,0.2296735143,selected_model_risk_score,41,0.3333333333,不放贷,优化模型未选择,0,0,,,,,0,0.7,0.03,0,0,0,0,,lgd_0.70_baseline_budget,nominal_equality,False,0.3150886304,lgd,mean,0.5,0.7,0.03,4950
E106,***财务管理有限公司,B,elastic_net_logistic,0.25387818,selected_model_risk_score,37,0.3008130081,不放贷,优化模型未选择,0,0,,,,,0,0.7,0.03,0,0,0,0,,lgd_0.70_baseline_budget,nominal_equality,False,0.2861266308,lgd,mean,0.5,0.7,0.03,4950
E107,***科技有限公司,D,elastic_net_logistic,0.6278756036,selected_model_risk_score,8,0.06504065041,不放贷,D级企业原则上不予放贷,0,0,,,,,0,0.7,0.03,0,0,0,0,,lgd_0.70_baseline_budget,nominal_equality,False,0.6820972821,lgd,mean,0.5,0.7,0.03,4950
E108,***商贸有限公司,D,elastic_net_logistic,0.5221807895,selected_model_risk_score,15,0.1219512195,不放贷,D级企业原则上不予放贷,0,0,,,,,0,0.7,0.03,0,0,0,0,,lgd_0.70_baseline_budget,nominal_equality,False,0.6296705299,lgd,mean,0.5,0.7,0.03,4950
E109,***服饰有限公司,D,elastic_net_logistic,0.5493640614,selected_model_risk_score,12,0.09756097561,不放贷,D级企业原则上不予放贷,0,0,,,,,0,0.7,0.03,0,0,0,0,,lgd_0.70_baseline_budget,nominal_equality,False,0.6102205923,lgd,mean,0.5,0.7,0.03,4950
E11,***建设工程有限公司,C,elastic_net_logistic,0.07723891572,selected_model_risk_score,93,0.756097561,放贷,优化模型选择,100,1000000,0.1425,14.25,0.8405321006,0.1594678994,15.94678994,0.7,0.03,2.096898498,0.8621989349,0.4784036982,0.7562958644,0.007562958644,lgd_0.70_baseline_budget,nominal_equality,False,0.1001763276,lgd,mean,0.5,0.7,0.03,4950
E110,***通讯器材经营部,C,elastic_net_logistic,0.5711527053,selected_model_risk_score,11,0.08943089431,不放贷,优化模型未选择,0,0,,,,,0,0.7,0.03,0,0,0,0,,lgd_0.70_baseline_budget,nominal_equality,False,0.6124762668,lgd,mean,0.5,0.7,0.03,4950
E111,***科技有限公司,D,elastic_net_logistic,0.1919246162,selected_model_risk_score,49,0.3983739837,不放贷,D级企业原则上不予放贷,0,0,,,,,0,0.7,0.03,0,0,0,0,,lgd_0.70_baseline_budget,nominal_equality,False,0.3189536769,lgd,mean,0.5,0.7,0.03,4950
E112,***机械设备有限公司,D,elastic_net_logistic,0.4170540731,selected_model_risk_score,20,0.162601626,不放贷,D级企业原则上不予放贷,0,0,,,,,0,0.7,0.03,0,0,0,0,,lgd_0.70_baseline_budget,nominal_equality,False,0.5129040595,lgd,mean,0.5,0.7,0.03,4950
E113,***美居科技有限公司,D,elastic_net_logistic,0.7592451553,selected_model_risk_score,4,0.0325203252,不放贷,D级企业原则上不予放贷,0,0,,,,,0,0.7,0.03,0,0,0,0,,lgd_0.70_baseline_budget,nominal_equality,False,0.8315439659,lgd,mean,0.5,0.7,0.03,4950
E114,***食品有限责任公司,D,elastic_net_logistic,0.4770804739,selected_model_risk_score,16,0.1300813008,不放贷,D级企业原则上不予放贷,0,0,,,,,0,0.7,0.03,0,0,0,0,,lgd_0.70_baseline_budget,nominal_equality,False,0.5421990478,lgd,mean,0.5,0.7,0.03,4950
E115,***装饰工程有限公司,D,elastic_net_logistic,0.7835354924,selected_model_risk_score,2,0.0162601626,不放贷,D级企业原则上不予放贷,0,0,,,,,0,0.7,0.03,0,0,0,0,,lgd_0.70_baseline_budget,nominal_equality,False,0.8331104651,lgd,mean,0.5,0.7,0.03,4950
E116,***门窗有限公司,D,elastic_net_logistic,0.4160885126,selected_model_risk_score,21,0.1707317073,不放贷,D级企业原则上不予放贷,0,0,,,,,0,0.7,0.03,0,0,0,0,,lgd_0.70_baseline_budget,nominal_equality,False,0.532859258,lgd,mean,0.5,0.7,0.03,4950
E117,***人力资源管理咨询有限公司,D,elastic_net_logistic,0.6343060557,selected_model_risk_score,7,0.05691056911,不放贷,D级企业原则上不予放贷,0,0,,,,,0,0.7,0.03,0,0,0,0,,lgd_0.70_baseline_budget,nominal_equality,False,0.7561127553,lgd,mean,0.5,0.7,0.03,4950
E118,***体育用品有限公司,D,elastic_net_logistic,0.3859533716,selected_model_risk_score,23,0.1869918699,不放贷,D级企业原则上不予放贷,0,0,,,,,0,0.7,0.03,0,0,0,0,,lgd_0.70_baseline_budget,nominal_equality,False,0.4429217794,lgd,mean,0.5,0.7,0.03,4950
E119,***药房,D,elastic_net_logistic,0.6253065711,selected_model_risk_score,9,0.07317073171,不放贷,D级企业原则上不予放贷,0,0,,,,,0,0.7,0.03,0,0,0,0,,lgd_0.70_baseline_budget,nominal_equality,False,0.6891769584,lgd,mean,0.5,0.7,0.03,4950
E12,***建筑劳务有限公司,B,elastic_net_logistic,0.08202986653,selected_model_risk_score,88,0.7154471545,放贷,优化模型选择,100,1000000,0.1425,14.25,0.8439092946,0.1560907054,15.60907054,0.7,0.03,2.041834131,0.8962869811,0.4682721162,0.6772750335,0.006772750335,lgd_0.70_baseline_budget,nominal_equality,False,0.1054632903,lgd,mean,0.5,0.7,0.03,4950
E120,***陈列广告有限公司,D,elastic_net_logistic,0.721226934,selected_model_risk_score,5,0.0406504065,不放贷,D级企业原则上不予放贷,0,0,,,,,0,0.7,0.03,0,0,0,0,,lgd_0.70_baseline_budget,nominal_equality,False,0.7608714869,lgd,mean,0.5,0.7,0.03,4950
E121,***药业连锁有限公司***药店,D,elastic_net_logistic,0.4662178212,selected_model_risk_score,18,0.1463414634,不放贷,D级企业原则上不予放贷,0,0,,,,,0,0.7,0.03,0,0,0,0,,lgd_0.70_baseline_budget,nominal_equality,False,0.5621951951,lgd,mean,0.5,0.7,0.03,4950
E122,***商贸有限责任公司,D,elastic_net_logistic,0.4500783219,selected_model_risk_score,19,0.1544715447,不放贷,D级企业原则上不予放贷,0,0,,,,,0,0.7,0.03,0,0,0,0,,lgd_0.70_baseline_budget,nominal_equality,False,0.6021516604,lgd,mean,0.5,0.7,0.03,4950
E123,***创科技有限责任公司,D,elastic_net_logistic,0.7819761114,selected_model_risk_score,3,0.0243902439,不放贷,D级企业原则上不予放贷,0,0,,,,,0,0.7,0.03,0,0,0,0,,lgd_0.70_baseline_budget,nominal_equality,False,0.8270597923,lgd,mean,0.5,0.7,0.03,4950
E13,***汽车贸易有限公司,A,elastic_net_logistic,0.04053604698,selected_model_risk_score,113,0.918699187,放贷,优化模型选择,100,1000000,0.1225,12.25,0.8148090077,0.1851909923,18.51909923,0.7,0.03,2.176629999,0.5254837535,0.5555729769,1.095573268,0.01095573268,lgd_0.70_baseline_budget,nominal_equality,False,0.05373417783,lgd,mean,0.5,0.7,0.03,4950
E14,个体经营E14,C,elastic_net_logistic,0.03261041867,selected_model_risk_score,117,0.9512195122,放贷,优化模型选择,100,1000000,0.1105,11.05,0.7151023945,0.2848976055,28.48976055,0.7,0.03,3.045457077,0.6503441135,0.8546928165,1.540420147,0.01540420147,lgd_0.70_baseline_budget,nominal_equality,False,0.04024201468,lgd,mean,0.5,0.7,0.03,4950
E15,***劳务有限公司,A,elastic_net_logistic,0.07381492047,selected_model_risk_score,95,0.7723577236,放贷,优化模型选择,100,1000000,0.1425,14.25,0.8801803134,0.1198196866,11.98196866,0.7,0.03,1.581396685,0.6191136446,0.3594590598,0.6028239806,0.006028239806,lgd_0.70_baseline_budget,nominal_equality,False,0.1036254123,lgd,mean,0.5,0.7,0.03,4950
E16,***建筑劳务有限公司,A,elastic_net_logistic,0.04998777847,selected_model_risk_score,108,0.8780487805,放贷,优化模型选择,100,1000000,0.1225,12.25,0.8148090077,0.1851909923,18.51909923,0.7,0.03,2.155187899,0.6480100408,0.5555729769,0.9516048808,0.009516048808,lgd_0.70_baseline_budget,nominal_equality,False,0.0624669862,lgd,mean,0.5,0.7,0.03,4950
E17,***消防工程有限公司,A,elastic_net_logistic,0.04649981408,selected_model_risk_score,111,0.9024390244,放贷,优化模型选择,100,1000000,0.1225,12.25,0.8148090077,0.1851909923,18.51909923,0.7,0.03,2.163100658,0.6027942698,0.5555729769,1.004733412,0.01004733412,lgd_0.70_baseline_budget,nominal_equality,False,0.05349825243,lgd,mean,0.5,0.7,0.03,4950
E18,***消防工程有限责任公司,A,elastic_net_logistic,0.04857513816,selected_model_risk_score,109,0.8861788618,放贷,优化模型选择,100,1000000,0.1225,12.25,0.8148090077,0.1851909923,18.51909923,0.7,0.03,2.1583926,0.6296974626,0.5555729769,0.9731221602,0.009731221602,lgd_0.70_baseline_budget,nominal_equality,False,0.06117933194,lgd,mean,0.5,0.7,0.03,4950
E19,***科技有限公司,A,elastic_net_logistic,0.06543754966,selected_model_risk_score,100,0.8130081301,放贷,优化模型选择,100,1000000,0.1225,12.25,0.8148090077,0.1851909923,18.51909923,0.7,0.03,2.120138707,0.8482911329,0.5555729769,0.7162745977,0.007162745977,lgd_0.70_baseline_budget,nominal_equality,False,0.09093656268,lgd,mean,0.5,0.7,0.03,4950
E2,***技术有限责任公司,A,elastic_net_logistic,0.02833749753,selected_model_risk_score,119,0.9674796748,放贷,优化模型选择,100,1000000,0.0985,9.85,0.7083020233,0.2916979767,29.16979767,0.7,0.03,2.791805062,0.5786193486,0.8750939301,1.338091783,0.01338091783,lgd_0.70_baseline_budget,nominal_equality,False,0.03642833627,lgd,mean,0.5,0.7,0.03,4950
E20,***贸易有限公司,B,elastic_net_logistic,0.04546270238,selected_model_risk_score,112,0.9105691057,放贷,优化模型选择,100,1000000,0.1185,11.85,0.7692116619,0.2307883381,23.07883381,0.7,0.03,2.610508507,0.7344583069,0.6923650143,1.183685186,0.01183685186,lgd_0.70_baseline_budget,nominal_equality,False,0.06402096704,lgd,mean,0.5,0.7,0.03,4950
E21,***建设工程有限公司,B,elastic_net_logistic,0.08415779812,selected_model_risk_score,85,0.6910569106,放贷,优化模型选择,100,1000000,0.1425,14.25,0.8439092946,0.1560907054,15.60907054,0.7,0.03,2.037100988,0.9195375051,0.4682721162,0.6492913671,0.006492913671,lgd_0.70_baseline_budget,nominal_equality,False,0.09612822768,lgd,mean,0.5,0.7,0.03,4950
E22,***物流有限公司,A,elastic_net_logistic,0.08272431763,selected_model_risk_score,87,0.7073170732,放贷,优化模型选择,100,1000000,0.1425,14.25,0.8801803134,0.1198196866,11.98196866,0.7,0.03,1.566184508,0.6938401269,0.3594590598,0.5128853215,0.005128853215,lgd_0.70_baseline_budget,nominal_equality,False,0.09349623574,lgd,mean,0.5,0.7,0.03,4950
E23,***贸易有限公司,B,elastic_net_logistic,0.03337482103,selected_model_risk_score,116,0.9430894309,放贷,优化模型选择,100,1000000,0.1065,10.65,0.7053159925,0.2946840075,29.46840075,0.7,0.03,3.033641653,0.6884518208,0.8840520225,1.46113781,0.0146113781,lgd_0.70_baseline_budget,nominal_equality,False,0.04082479351,lgd,mean,0.5,0.7,0.03,4950
E24,***建筑工程有限公司,A,elastic_net_logistic,0.04702949043,selected_model_risk_score,110,0.8943089431,放贷,优化模型选择,100,1000000,0.1225,12.25,0.8148090077,0.1851909923,18.51909923,0.7,0.03,2.16189904,0.60966066,0.5555729769,0.9966654033,0.009966654033,lgd_0.70_baseline_budget,nominal_equality,False,0.06125175229,lgd,mean,0.5,0.7,0.03,4950
E25,***通讯设备有限公司,C,elastic_net_logistic,0.08202047653,selected_model_risk_score,89,0.7235772358,放贷,优化模型选择,100,1000000,0.1425,14.25,0.8405321006,0.1594678994,15.94678994,0.7,0.03,2.086032795,0.915574317,0.4784036982,0.6920547796,0.006920547796,lgd_0.70_baseline_budget,nominal_equality,False,0.09686547054,lgd,mean,0.5,0.7,0.03,4950
E26,***金属材料有限公司,A,elastic_net_logistic,0.1342940789,selected_model_risk_score,61,0.4959349593,不放贷,优化模型未选择,0,0,,,,,0,0.7,0.03,0,0,0,0,,lgd_0.70_baseline_budget,nominal_equality,False,0.1782110185,lgd,mean,0.5,0.7,0.03,4950
E27,***农业开发有限公司,A,elastic_net_logistic,0.1103832985,selected_model_risk_score,70,0.5691056911,不放贷,优化模型未选择,0,0,,,,,0,0.7,0.03,0,0,0,0,,lgd_0.70_baseline_budget,nominal_equality,False,0.1369068444,lgd,mean,0.5,0.7,0.03,4950
E28,***景观工程有限公司,B,elastic_net_logistic,0.09966092865,selected_model_risk_score,76,0.6178861789,放贷,优化模型选择,100,1000000,0.1425,14.25,0.8439092946,0.1560907054,15.60907054,0.7,0.03,2.002617491,1.088930126,0.4682721162,0.4454152487,0.004454152487,lgd_0.70_baseline_budget,nominal_equality,False,0.1193350508,lgd,mean,0.5,0.7,0.03,4950
E29,***建筑劳务有限公司,C,elastic_net_logistic,0.07253671793,selected_model_risk_score,96,0.7804878049,放贷,优化模型选择,100,1000000,0.1425,14.25,0.8405321006,0.1594678994,15.94678994,0.7,0.03,2.107583854,0.8097094626,0.4784036982,0.8194706936,0.008194706936,lgd_0.70_baseline_budget,nominal_equality,False,0.08548890218,lgd,mean,0.5,0.7,0.03,4950
E3,***电子(中国)有限公司***分公司,C,elastic_net_logistic,0.02153611417,selected_model_risk_score,123,1,放贷,优化模型选择,100,1000000,0.1105,11.05,0.7151023945,0.2848976055,28.48976055,0.7,0.03,3.0803203,0.4294911151,0.8546928165,1.796136369,0.01796136369,lgd_0.70_baseline_budget,nominal_equality,False,0.025281018,lgd,mean,0.5,0.7,0.03,4950
E30,***建筑工程有限公司,B,elastic_net_logistic,0.07713913412,selected_model_risk_score,94,0.7642276423,放贷,优化模型选择,100,1000000,0.1425,14.25,0.8439092946,0.1560907054,15.60907054,0.7,0.03,2.05271255,0.8428491301,0.4682721162,0.7415913042,0.007415913042,lgd_0.70_baseline_budget,nominal_equality,False,0.1024182862,lgd,mean,0.5,0.7,0.03,4950
E31,***食品有限公司,A,elastic_net_logistic,0.0367643069,selected_model_risk_score,115,0.9349593496,放贷,优化模型选择,100,1000000,0.1025,10.25,0.7312754013,0.2687245987,26.87245987,0.7,0.03,2.653162532,0.6915631533,0.8061737961,1.155425583,0.01155425583,lgd_0.70_baseline_budget,nominal_equality,False,0.04188668071,lgd,mean,0.5,0.7,0.03,4950
E32,***建筑劳务有限公司,B,elastic_net_logistic,0.09279588464,selected_model_risk_score,79,0.6422764228,放贷,优化模型选择,100,1000000,0.1425,14.25,0.8439092946,0.1560907054,15.60907054,0.7,0.03,2.017887357,1.013920256,0.4682721162,0.5356949843,0.005356949843,lgd_0.70_baseline_budget,nominal_equality,False,0.104597557,lgd,mean,0.5,0.7,0.03,4950
E33,***园林有限责任公司,B,elastic_net_logistic,0.09823760896,selected_model_risk_score,77,0.6260162602,放贷,优化模型选择,100,1000000,0.1425,14.25,0.8439092946,0.1560907054,15.60907054,0.7,0.03,2.00578337,1.073378438,0.4682721162,0.4641328163,0.004641328163,lgd_0.70_baseline_budget,nominal_equality,False,0.1158892222,lgd,mean,0.5,0.7,0.03,4950
E34,***建设工程有限公司,B,elastic_net_logistic,0.1015652078,selected_model_risk_score,75,0.6097560976,放贷,优化模型选择,100,1000000,0.1425,14.25,0.8439092946,0.1560907054,15.60907054,0.7,0.03,1.998381817,1.109736945,0.4682721162,0.4203727554,0.004203727554,lgd_0.70_baseline_budget,nominal_equality,False,0.1393444528,lgd,mean,0.5,0.7,0.03,4950
E35,***商贸有限公司,B,elastic_net_logistic,0.08567951436,selected_model_risk_score,83,0.674796748,放贷,优化模型选择,100,1000000,0.1425,14.25,0.8439092946,0.1560907054,15.60907054,0.7,0.03,2.033716246,0.9361643084,0.4682721162,0.6292798217,0.006292798217,lgd_0.70_baseline_budget,nominal_equality,False,0.1006056864,lgd,mean,0.5,0.7,0.03,4950
E36,***超硬材料有限公司,D,elastic_net_logistic,0.05081789908,selected_model_risk_score,107,0.8699186992,不放贷,D级企业原则上不予放贷,0,0,,,,,0,0.7,0.03,0,0,0,0,,lgd_0.70_baseline_budget,nominal_equality,False,0.06163613971,lgd,mean,0.5,0.7,0.03,4950
E37,***木业有限公司,B,elastic_net_logistic,0.084549486,selected_model_risk_score,84,0.6829268293,放贷,优化模型选择,100,1000000,0.1425,14.25,0.8439092946,0.1560907054,15.60907054,0.7,0.03,2.03622976,0.9238172238,0.4682721162,0.64414042,0.0064414042,lgd_0.70_baseline_budget,nominal_equality,False,0.1088428529,lgd,mean,0.5,0.7,0.03,4950
E38,***建设工程有限公司,B,elastic_net_logistic,0.1218095512,selected_model_risk_score,63,0.512195122,不放贷,优化模型未选择,0,0,,,,,0,0.7,0.03,0,0,0,0,,lgd_0.70_baseline_budget,nominal_equality,False,0.1460270212,lgd,mean,0.5,0.7,0.03,4950
E39,***建筑劳务有限公司,C,elastic_net_logistic,0.1815109557,selected_model_risk_score,52,0.4227642276,不放贷,优化模型未选择,0,0,,,,,0,0.7,0.03,0,0,0,0,,lgd_0.70_baseline_budget,nominal_equality,False,0.2307578892,lgd,mean,0.5,0.7,0.03,4950
E4,***发展有限责任公司,C,elastic_net_logistic,0.03106769432,selected_model_risk_score,118,0.9593495935,放贷,优化模型选择,100,1000000,0.1105,11.05,0.7151023945,0.2848976055,28.48976055,0.7,0.03,3.050313756,0.6195778204,0.8546928165,1.576043119,0.01576043119,lgd_0.70_baseline_budget,nominal_equality,False,0.04400979025,lgd,mean,0.5,0.7,0.03,4950
E40,***财税咨询服务有限公司,C,elastic_net_logistic,0.08113873174,selected_model_risk_score,90,0.7317073171,放贷,优化模型选择,100,1000000,0.1425,14.25,0.8405321006,0.1594678994,15.94678994,0.7,0.03,2.088036487,0.9057316177,0.4784036982,0.7039011712,0.007039011712,lgd_0.70_baseline_budget,nominal_equality,False,0.09293248415,lgd,mean,0.5,0.7,0.03,4950
E41,***物业发展有限公司,C,elastic_net_logistic,0.07916167381,selected_model_risk_score,91,0.7398373984,放贷,优化模型选择,100,1000000,0.1425,14.25,0.8405321006,0.1594678994,15.94678994,0.7,0.03,2.092529188,0.8836622085,0.4784036982,0.7304632816,0.007304632816,lgd_0.70_baseline_budget,nominal_equality,False,0.09683047914,lgd,mean,0.5,0.7,0.03,4950
E42,***园艺场,A,elastic_net_logistic,0.1200846128,selected_model_risk_score,66,0.5365853659,不放贷,优化模型未选择,0,0,,,,,0,0.7,0.03,0,0,0,0,,lgd_0.70_baseline_budget,nominal_equality,False,0.1475914741,lgd,mean,0.5,0.7,0.03,4950
E43,***建设工程有限公司,B,elastic_net_logistic,0.1927952664,selected_model_risk_score,48,0.3902439024,不放贷,优化模型未选择,0,0,,,,,0,0.7,0.03,0,0,0,0,,lgd_0.70_baseline_budget,nominal_equality,False,0.2145282193,lgd,mean,0.5,0.7,0.03,4950
E44,***商贸有限公司,C,elastic_net_logistic,0.08616234673,selected_model_risk_score,82,0.6666666667,放贷,优化模型选择,100,1000000,0.1425,14.25,0.8405321006,0.1594678994,15.94678994,0.7,0.03,2.076620736,0.9618089908,0.4784036982,0.6364080471,0.006364080471,lgd_0.70_baseline_budget,nominal_equality,False,0.1035354806,lgd,mean,0.5,0.7,0.03,4950
E45,个体经营E45,B,elastic_net_logistic,0.1068056002,selected_model_risk_score,73,0.593495935,不放贷,优化模型未选择,0,0,,,,,0,0.7,0.03,0,0,0,0,,lgd_0.70_baseline_budget,nominal_equality,False,0.1219197504,lgd,mean,0.5,0.7,0.03,4950
E46,***广告传媒有限公司,C,elastic_net_logistic,0.05276002815,selected_model_risk_score,105,0.8536585366,放贷,优化模型选择,100,1000000,0.1425,14.25,0.8405321006,0.1594678994,15.94678994,0.7,0.03,2.152524752,0.5889471603,0.4784036982,1.085173893,0.01085173893,lgd_0.70_baseline_budget,nominal_equality,False,0.06245378683,lgd,mean,0.5,0.7,0.03,4950
E47,***控制设备有限责任公司,C,elastic_net_logistic,0.05124807767,selected_model_risk_score,106,0.8617886179,放贷,优化模型选择,100,1000000,0.1105,11.05,0.7151023945,0.2848976055,28.48976055,0.7,0.03,2.986783517,1.022031823,0.8546928165,1.110058878,0.01110058878,lgd_0.70_baseline_budget,nominal_equality,False,0.05822355401,lgd,mean,0.5,0.7,0.03,4950
E48,***化工有限公司,A,elastic_net_logistic,0.07070577235,selected_model_risk_score,97,0.7886178862,放贷,优化模型选择,100,1000000,0.1225,12.25,0.8148090077,0.1851909923,18.51909923,0.7,0.03,2.108187272,0.91658505,0.5555729769,0.636029245,0.00636029245,lgd_0.70_baseline_budget,nominal_equality,False,0.08921054517,lgd,mean,0.5,0.7,0.03,4950
E49,***地球环保科技有限公司,C,elastic_net_logistic,0.09803729486,selected_model_risk_score,78,0.6341463415,放贷,优化模型选择,100,1000000,0.1425,14.25,0.8405321006,0.1594678994,15.94678994,0.7,0.03,2.049635895,1.094366103,0.4784036982,0.4768660941,0.004768660941,lgd_0.70_baseline_budget,nominal_equality,False,0.1105965348,lgd,mean,0.5,0.7,0.03,4950
E5,***供应链管理有限公司,B,elastic_net_logistic,0.05668387407,selected_model_risk_score,103,0.837398374,放贷,优化模型选择,100,1000000,0.1425,14.25,0.8439092946,0.1560907054,15.60907054,0.7,0.03,2.098211033,0.6193478122,0.4682721162,1.010591105,0.01010591105,lgd_0.70_baseline_budget,nominal_equality,False,0.07330978844,lgd,mean,0.5,0.7,0.03,4950
E50,***建筑劳务有限公司,C,elastic_net_logistic,0.1692453772,selected_model_risk_score,54,0.4390243902,不放贷,优化模型未选择,0,0,,,,,0,0.7,0.03,0,0,0,0,,lgd_0.70_baseline_budget,nominal_equality,False,0.2040258114,lgd,mean,0.5,0.7,0.03,4950
E51,***物流有限公司,B,elastic_net_logistic,0.0697365828,selected_model_risk_score,98,0.7967479675,放贷,优化模型选择,100,1000000,0.1425,14.25,0.8439092946,0.1560907054,15.60907054,0.7,0.03,2.06917799,0.7619662681,0.4682721162,0.8389396059,0.008389396059,lgd_0.70_baseline_budget,nominal_equality,False,0.07874952738,lgd,mean,0.5,0.7,0.03,4950
E52,***商贸有限公司,D,elastic_net_logistic,0.2136303318,selected_model_risk_score,44,0.3577235772,不放贷,D级企业原则上不予放贷,0,0,,,,,0,0.7,0.03,0,0,0,0,,lgd_0.70_baseline_budget,nominal_equality,False,0.2416471762,lgd,mean,0.5,0.7,0.03,4950
E53,***文化传媒有限公司,C,elastic_net_logistic,0.107156181,selected_model_risk_score,71,0.5772357724,不放贷,优化模型未选择,0,0,,,,,0,0.7,0.03,0,0,0,0,,lgd_0.70_baseline_budget,nominal_equality,False,0.1294528809,lgd,mean,0.5,0.7,0.03,4950
E54,***新技术开发有限公司,A,elastic_net_logistic,0.06439978133,selected_model_risk_score,101,0.8211382114,放贷,优化模型选择,100,1000000,0.1225,12.25,0.8148090077,0.1851909923,18.51909923,0.7,0.03,2.122492978,0.8348381586,0.5555729769,0.7320818424,0.007320818424,lgd_0.70_baseline_budget,nominal_equality,False,0.08481402429,lgd,mean,0.5,0.7,0.03,4950
E55,***集团有限公司***电力设备分公司,C,elastic_net_logistic,0.1835760094,selected_model_risk_score,51,0.4146341463,不放贷,优化模型未选择,0,0,,,,,0,0.7,0.03,0,0,0,0,,lgd_0.70_baseline_budget,nominal_equality,False,0.2408611135,lgd,mean,0.5,0.7,0.03,4950
E56,***家居材料***有限公司,C,elastic_net_logistic,0.08755638262,selected_model_risk_score,81,0.6585365854,放贷,优化模型选择,100,1000000,0.1425,14.25,0.8405321006,0.1594678994,15.94678994,0.7,0.03,2.073452905,0.9773702691,0.4784036982,0.6176789372,0.006176789372,lgd_0.70_baseline_budget,nominal_equality,False,0.1073776577,lgd,mean,0.5,0.7,0.03,4950
E57,***机械设备有限公司,B,elastic_net_logistic,0.1025680758,selected_model_risk_score,74,0.6016260163,放贷,优化模型选择,100,1000000,0.1425,14.25,0.8439092946,0.1560907054,15.60907054,0.7,0.03,1.996151145,1.120694631,0.4682721162,0.4071843975,0.004071843975,lgd_0.70_baseline_budget,nominal_equality,False,0.1291130293,lgd,mean,0.5,0.7,0.03,4950
E58,***油气工程建设有限责任公司,B,elastic_net_logistic,0.1498825704,selected_model_risk_score,58,0.4715447154,不放贷,优化模型未选择,0,0,,,,,0,0.7,0.03,0,0,0,0,,lgd_0.70_baseline_budget,nominal_equality,False,0.166452668,lgd,mean,0.5,0.7,0.03,4950
E59,***商贸有限公司,A,elastic_net_logistic,0.06896464342,selected_model_risk_score,99,0.8048780488,放贷,优化模型选择,100,1000000,0.1225,12.25,0.8148090077,0.1851909923,18.51909923,0.7,0.03,2.112137179,0.8940141524,0.5555729769,0.6625500497,0.006625500497,lgd_0.70_baseline_budget,nominal_equality,False,0.07641618763,lgd,mean,0.5,0.7,0.03,4950
E6,***装饰设计工程有限公司,A,elastic_net_logistic,0.03828902106,selected_model_risk_score,114,0.9268292683,放贷,优化模型选择,100,1000000,0.1225,12.25,0.8148090077,0.1851909923,18.51909923,0.7,0.03,2.181727579,0.4963547263,0.5555729769,1.129799875,0.01129799875,lgd_0.70_baseline_budget,nominal_equality,False,0.04389193776,lgd,mean,0.5,0.7,0.03,4950
E60,***机械租赁有限公司,B,elastic_net_logistic,0.2143912442,selected_model_risk_score,43,0.3495934959,不放贷,优化模型未选择,0,0,,,,,0,0.7,0.03,0,0,0,0,,lgd_0.70_baseline_budget,nominal_equality,False,0.2335825691,lgd,mean,0.5,0.7,0.03,4950
E61,***调味品有限公司,B,elastic_net_logistic,0.07788330382,selected_model_risk_score,92,0.7479674797,放贷,优化模型选择,100,1000000,0.1425,14.25,0.8439092946,0.1560907054,15.60907054,0.7,0.03,2.051057299,0.8509801883,0.4682721162,0.7318049949,0.007318049949,lgd_0.70_baseline_budget,nominal_equality,False,0.09484916536,lgd,mean,0.5,0.7,0.03,4950
E62,***工程造价咨询有限公司***分公司,B,elastic_net_logistic,0.1214523958,selected_model_risk_score,64,0.5203252033,不放贷,优化模型未选择,0,0,,,,,0,0.7,0.03,0,0,0,0,,lgd_0.70_baseline_budget,nominal_equality,False,0.1450170246,lgd,mean,0.5,0.7,0.03,4950
E63,***科技有限公司,B,elastic_net_logistic,0.08368298573,selected_model_risk_score,86,0.6991869919,放贷,优化模型选择,100,1000000,0.1425,14.25,0.8439092946,0.1560907054,15.60907054,0.7,0.03,2.03815711,0.9143495391,0.4682721162,0.6555354548,0.006555354548,lgd_0.70_baseline_budget,nominal_equality,False,0.1084106096,lgd,mean,0.5,0.7,0.03,4950
E64,***图书有限责任公司,A,elastic_net_logistic,0.1124750355,selected_model_risk_score,69,0.5609756098,不放贷,优化模型未选择,0,0,,,,,0,0.7,0.03,0,0,0,0,,lgd_0.70_baseline_budget,nominal_equality,False,0.1209520698,lgd,mean,0.5,0.7,0.03,4950
E65,***商贸有限公司,B,elastic_net_logistic,0.0894097801,selected_model_risk_score,80,0.6504065041,放贷,优化模型选择,100,1000000,0.1425,14.25,0.8439092946,0.1560907054,15.60907054,0.7,0.03,2.025419044,0.9769224952,0.4682721162,0.5802244326,0.005802244326,lgd_0.70_baseline_budget,nominal_equality,False,0.1016662421,lgd,mean,0.5,0.7,0.03,4950
E66,***快递有限公司,B,elastic_net_logistic,0.2947622952,selected_model_risk_score,30,0.243902439,不放贷,优化模型未选择,0,0,,,,,0,0.7,0.03,0,0,0,0,,lgd_0.70_baseline_budget,nominal_equality,False,0.3741353375,lgd,mean,0.5,0.7,0.03,4950
E67,***信息技术有限公司,B,elastic_net_logistic,0.1845447393,selected_model_risk_score,50,0.406504065,不放贷,优化模型未选择,0,0,,,,,0,0.7,0.03,0,0,0,0,,lgd_0.70_baseline_budget,nominal_equality,False,0.2088292217,lgd,mean,0.5,0.7,0.03,4950
E68,***花木总公司,C,elastic_net_logistic,0.3380718151,selected_model_risk_score,28,0.2276422764,不放贷,优化模型未选择,0,0,,,,,0,0.7,0.03,0,0,0,0,,lgd_0.70_baseline_budget,nominal_equality,False,0.3824767947,lgd,mean,0.5,0.7,0.03,4950
E69,***电子器材经营部,C,elastic_net_logistic,0.2503652668,selected_model_risk_score,38,0.3089430894,不放贷,优化模型未选择,0,0,,,,,0,0.7,0.03,0,0,0,0,,lgd_0.70_baseline_budget,nominal_equality,False,0.3207126735,lgd,mean,0.5,0.7,0.03,4950
E7,***家电有限公司***分公司,A,elastic_net_logistic,0.02580342326,selected_model_risk_score,121,0.9837398374,放贷,优化模型选择,100,1000000,0.0985,9.85,0.7083020233,0.2916979767,29.16979767,0.7,0.03,2.799086028,0.526876445,0.8750939301,1.397115653,0.01397115653,lgd_0.70_baseline_budget,nominal_equality,False,0.03436137967,lgd,mean,0.5,0.7,0.03,4950
E70,***科技有限公司,B,elastic_net_logistic,0.1379471805,selected_model_risk_score,60,0.487804878,不放贷,优化模型未选择,0,0,,,,,0,0.7,0.03,0,0,0,0,,lgd_0.70_baseline_budget,nominal_equality,False,0.1557212843,lgd,mean,0.5,0.7,0.03,4950
E71,***农业科技有限公司,B,elastic_net_logistic,0.2041897012,selected_model_risk_score,45,0.3658536585,不放贷,优化模型未选择,0,0,,,,,0,0.7,0.03,0,0,0,0,,lgd_0.70_baseline_budget,nominal_equality,False,0.2461670708,lgd,mean,0.5,0.7,0.03,4950
E72,***图书有限公司,C,elastic_net_logistic,0.2897171126,selected_model_risk_score,32,0.2601626016,不放贷,优化模型未选择,0,0,,,,,0,0.7,0.03,0,0,0,0,,lgd_0.70_baseline_budget,nominal_equality,False,0.3383260035,lgd,mean,0.5,0.7,0.03,4950
E73,***商贸有限责任公司,C,elastic_net_logistic,0.1183311273,selected_model_risk_score,67,0.5447154472,不放贷,优化模型未选择,0,0,,,,,0,0.7,0.03,0,0,0,0,,lgd_0.70_baseline_budget,nominal_equality,False,0.150943928,lgd,mean,0.5,0.7,0.03,4950
E74,***蔬菜专业合作社,B,elastic_net_logistic,0.1539591335,selected_model_risk_score,56,0.4552845528,不放贷,优化模型未选择,0,0,,,,,0,0.7,0.03,0,0,0,0,,lgd_0.70_baseline_budget,nominal_equality,False,0.1754997095,lgd,mean,0.5,0.7,0.03,4950
E75,***酒店管理有限公司,C,elastic_net_logistic,0.1070850165,selected_model_risk_score,72,0.5853658537,放贷,优化模型选择,50,500000,0.1425,14.25,0.8405321006,0.1594678994,7.97339497,0.7,0.03,1.014537847,0.5976817923,0.2392018491,0.1776542055,0.00355308411,lgd_0.70_baseline_budget,nominal_equality,False,0.1282680192,lgd,mean,0.5,0.7,0.03,4950
E76,***信息科技有限公司,B,elastic_net_logistic,0.1706660196,selected_model_risk_score,53,0.4308943089,不放贷,优化模型未选择,0,0,,,,,0,0.7,0.03,0,0,0,0,,lgd_0.70_baseline_budget,nominal_equality,False,0.1979402602,lgd,mean,0.5,0.7,0.03,4950
E77,***机电设备有限公司,C,elastic_net_logistic,0.3665492679,selected_model_risk_score,25,0.2032520325,不放贷,优化模型未选择,0,0,,,,,0,0.7,0.03,0,0,0,0,,lgd_0.70_baseline_budget,nominal_equality,False,0.4663549766,lgd,mean,0.5,0.7,0.03,4950
E78,个体经营E78,C,elastic_net_logistic,0.1211539626,selected_model_risk_score,65,0.5284552846,不放贷,优化模型未选择,0,0,,,,,0,0.7,0.03,0,0,0,0,,lgd_0.70_baseline_budget,nominal_equality,False,0.1481587806,lgd,mean,0.5,0.7,0.03,4950
E79,***鞋业有限公司,B,elastic_net_logistic,0.2025177165,selected_model_risk_score,46,0.3739837398,不放贷,优化模型未选择,0,0,,,,,0,0.7,0.03,0,0,0,0,,lgd_0.70_baseline_budget,nominal_equality,False,0.2207361419,lgd,mean,0.5,0.7,0.03,4950
E8,***科学研究院有限公司,A,elastic_net_logistic,0.02606005345,selected_model_risk_score,120,0.9756097561,放贷,优化模型选择,100,1000000,0.0985,9.85,0.7083020233,0.2916979767,29.16979767,0.7,0.03,2.798348672,0.5321165405,0.8750939301,1.391138201,0.01391138201,lgd_0.70_baseline_budget,nominal_equality,False,0.03439017911,lgd,mean,0.5,0.7,0.03,4950
E80,***实业有限责任公司,C,elastic_net_logistic,0.3432370641,selected_model_risk_score,26,0.2113821138,不放贷,优化模型未选择,0,0,,,,,0,0.7,0.03,0,0,0,0,,lgd_0.70_baseline_budget,nominal_equality,False,0.3865190631,lgd,mean,0.5,0.7,0.03,4950
E81,***机械设备有限公司,A,elastic_net_logistic,0.1154202468,selected_model_risk_score,68,0.5528455285,不放贷,优化模型未选择,0,0,,,,,0,0.7,0.03,0,0,0,0,,lgd_0.70_baseline_budget,nominal_equality,False,0.1339413155,lgd,mean,0.5,0.7,0.03,4950
E82,***商贸有限公司,D,elastic_net_logistic,0.194614899,selected_model_risk_score,47,0.3821138211,不放贷,D级企业原则上不予放贷,0,0,,,,,0,0.7,0.03,0,0,0,0,,lgd_0.70_baseline_budget,nominal_equality,False,0.2318618526,lgd,mean,0.5,0.7,0.03,4950
E83,***社会福利院（***社会福利社会化服务中心）,B,elastic_net_logistic,0.5444532255,selected_model_risk_score,13,0.1056910569,不放贷,优化模型未选择,0,0,,,,,0,0.7,0.03,0,0,0,0,,lgd_0.70_baseline_budget,nominal_equality,False,0.6237840466,lgd,mean,0.5,0.7,0.03,4950
E84,***建材有限公司,A,elastic_net_logistic,0.1532688251,selected_model_risk_score,57,0.4634146341,不放贷,优化模型未选择,0,0,,,,,0,0.7,0.03,0,0,0,0,,lgd_0.70_baseline_budget,nominal_equality,False,0.1694921296,lgd,mean,0.5,0.7,0.03,4950
E85,***安防科技有限公司,B,elastic_net_logistic,0.2264316686,selected_model_risk_score,42,0.3414634146,不放贷,优化模型未选择,0,0,,,,,0,0.7,0.03,0,0,0,0,,lgd_0.70_baseline_budget,nominal_equality,False,0.2483347601,lgd,mean,0.5,0.7,0.03,4950
E86,***地质工程勘察院***分院,C,elastic_net_logistic,0.2808208394,selected_model_risk_score,34,0.2764227642,不放贷,优化模型未选择,0,0,,,,,0,0.7,0.03,0,0,0,0,,lgd_0.70_baseline_budget,nominal_equality,False,0.3548090468,lgd,mean,0.5,0.7,0.03,4950
E87,***实业有限责任公司,C,elastic_net_logistic,0.234076271,selected_model_risk_score,40,0.325203252,不放贷,优化模型未选择,0,0,,,,,0,0.7,0.03,0,0,0,0,,lgd_0.70_baseline_budget,nominal_equality,False,0.2796569295,lgd,mean,0.5,0.7,0.03,4950
E88,***贸易有限公司,A,elastic_net_logistic,0.1654327803,selected_model_risk_score,55,0.4471544715,不放贷,优化模型未选择,0,0,,,,,0,0.7,0.03,0,0,0,0,,lgd_0.70_baseline_budget,nominal_equality,False,0.189066442,lgd,mean,0.5,0.7,0.03,4950
E89,***物资有限公司,A,elastic_net_logistic,0.3344336244,selected_model_risk_score,29,0.2357723577,不放贷,优化模型未选择,0,0,,,,,0,0.7,0.03,0,0,0,0,,lgd_0.70_baseline_budget,nominal_equality,False,0.3672701532,lgd,mean,0.5,0.7,0.03,4950
E9,***生活用品服务有限公司***分公司,A,elastic_net_logistic,0.02174866462,selected_model_risk_score,122,0.9918699187,放贷,优化模型选择,100,1000000,0.0985,9.85,0.7083020233,0.2916979767,29.16979767,0.7,0.03,2.810736262,0.4440829026,0.8750939301,1.491559429,0.01491559429,lgd_0.70_baseline_budget,nominal_equality,False,0.02531048472,lgd,mean,0.5,0.7,0.03,4950
E90,***文化传媒有限责任公司,C,elastic_net_logistic,0.2928954659,selected_model_risk_score,31,0.2520325203,不放贷,优化模型未选择,0,0,,,,,0,0.7,0.03,0,0,0,0,,lgd_0.70_baseline_budget,nominal_equality,False,0.3272754126,lgd,mean,0.5,0.7,0.03,4950
E91,***科技实业有限公司,A,elastic_net_logistic,0.123879862,selected_model_risk_score,62,0.5040650407,不放贷,优化模型未选择,0,0,,,,,0,0.7,0.03,0,0,0,0,,lgd_0.70_baseline_budget,nominal_equality,False,0.1563985381,lgd,mean,0.5,0.7,0.03,4950
E92,***地质灾害防治有限公司,C,elastic_net_logistic,0.3701163354,selected_model_risk_score,24,0.1951219512,不放贷,优化模型未选择,0,0,,,,,0,0.7,0.03,0,0,0,0,,lgd_0.70_baseline_budget,nominal_equality,False,0.4190045907,lgd,mean,0.5,0.7,0.03,4950
E93,***电脑设计事务所,B,elastic_net_logistic,0.2376719561,selected_model_risk_score,39,0.3170731707,不放贷,优化模型未选择,0,0,,,,,0,0.7,0.03,0,0,0,0,,lgd_0.70_baseline_budget,nominal_equality,False,0.2575297987,lgd,mean,0.5,0.7,0.03,4950
E94,***汽车美容有限公司,C,elastic_net_logistic,0.3420261826,selected_model_risk_score,27,0.2195121951,不放贷,优化模型未选择,0,0,,,,,0,0.7,0.03,0,0,0,0,,lgd_0.70_baseline_budget,nominal_equality,False,0.3879661601,lgd,mean,0.5,0.7,0.03,4950
E95,***兰花店,B,elastic_net_logistic,0.1441316116,selected_model_risk_score,59,0.4796747967,不放贷,优化模型未选择,0,0,,,,,0,0.7,0.03,0,0,0,0,,lgd_0.70_baseline_budget,nominal_equality,False,0.1745511804,lgd,mean,0.5,0.7,0.03,4950
E96,***土地整理有限公司,C,elastic_net_logistic,0.8080355745,selected_model_risk_score,1,0.008130081301,不放贷,优化模型未选择,0,0,,,,,0,0.7,0.03,0,0,0,0,,lgd_0.70_baseline_budget,nominal_equality,False,0.854739214,lgd,mean,0.5,0.7,0.03,4950
E97,***美工装饰部,B,elastic_net_logistic,0.2602897628,selected_model_risk_score,35,0.2845528455,不放贷,优化模型未选择,0,0,,,,,0,0.7,0.03,0,0,0,0,,lgd_0.70_baseline_budget,nominal_equality,False,0.3283525845,lgd,mean,0.5,0.7,0.03,4950
E98,***文化传播有限公司,B,elastic_net_logistic,0.2814270169,selected_model_risk_score,33,0.2682926829,不放贷,优化模型未选择,0,0,,,,,0,0.7,0.03,0,0,0,0,,lgd_0.70_baseline_budget,nominal_equality,False,0.3034353338,lgd,mean,0.5,0.7,0.03,4950
E99,***建筑工程有限责任公司,D,elastic_net_logistic,0.5839846822,selected_model_risk_score,10,0.08130081301,不放贷,D级企业原则上不予放贷,0,0,,,,,0,0.7,0.03,0,0,0,0,,lgd_0.70_baseline_budget,nominal_equality,False,0.6898712011,lgd,mean,0.5,0.7,0.03,4950
E1,***电器销售有限公司,A,elastic_net_logistic,0.05655542179,selected_model_risk_score,104,0.8455284553,放贷,优化模型选择,100,1000000,0.0985,9.85,0.7083020233,0.2916979767,29.16979767,0.5,0.02,2.710728615,0.8248551054,0.5833959534,1.302477556,0.01302477556,funding_cost_0.02_baseline_budget,nominal_equality,False,0.0730491674,funding_cost,mean,0.5,0.5,0.02,4950
E10,***建筑劳务有限公司,B,elastic_net_logistic,0.06093491817,selected_model_risk_score,102,0.8292682927,放贷,优化模型选择,100,1000000,0.1065,10.65,0.7053159925,0.2946840075,29.46840075,0.5,0.02,2.947147466,0.8978272942,0.589368015,1.459952157,0.01459952157,funding_cost_0.02_baseline_budget,nominal_equality,False,0.07833730674,funding_cost,mean,0.5,0.5,0.02,4950
E100,***装饰工程有限公司,D,elastic_net_logistic,0.2578903118,selected_model_risk_score,36,0.2926829268,不放贷,D级企业原则上不予放贷,0,0,,,,,0,0.5,0.02,0,0,0,0,,funding_cost_0.02_baseline_budget,nominal_equality,False,0.3416804479,funding_cost,mean,0.5,0.5,0.02,4950
E101,***灯饰工程有限公司,D,elastic_net_logistic,0.7098560409,selected_model_risk_score,6,0.0487804878,不放贷,D级企业原则上不予放贷,0,0,,,,,0,0.5,0.02,0,0,0,0,,funding_cost_0.02_baseline_budget,nominal_equality,False,0.7897592201,funding_cost,mean,0.5,0.5,0.02,4950
E102,***大药房有限责任公司,D,elastic_net_logistic,0.4733747116,selected_model_risk_score,17,0.1382113821,不放贷,D级企业原则上不予放贷,0,0,,,,,0,0.5,0.02,0,0,0,0,,funding_cost_0.02_baseline_budget,nominal_equality,False,0.6183651775,funding_cost,mean,0.5,0.5,0.02,4950
E103,***科技有限公司,D,elastic_net_logistic,0.4055458126,selected_model_risk_score,22,0.1788617886,不放贷,D级企业原则上不予放贷,0,0,,,,,0,0.5,0.02,0,0,0,0,,funding_cost_0.02_baseline_budget,nominal_equality,False,0.4768661053,funding_cost,mean,0.5,0.5,0.02,4950
E104,***管理咨询有限责任公司,C,elastic_net_logistic,0.5371556855,selected_model_risk_score,14,0.1138211382,不放贷,优化模型未选择,0,0,,,,,0,0.5,0.02,0,0,0,0,,funding_cost_0.02_baseline_budget,nominal_equality,False,0.6048969633,funding_cost,mean,0.5,0.5,0.02,4950
E105,***建材经营部,C,elastic_net_logistic,0.2296735143,selected_model_risk_score,41,0.3333333333,不放贷,优化模型未选择,0,0,,,,,0,0.5,0.02,0,0,0,0,,funding_cost_0.02_baseline_budget,nominal_equality,False,0.3150886304,funding_cost,mean,0.5,0.5,0.02,4950
E106,***财务管理有限公司,B,elastic_net_logistic,0.25387818,selected_model_risk_score,37,0.3008130081,不放贷,优化模型未选择,0,0,,,,,0,0.5,0.02,0,0,0,0,,funding_cost_0.02_baseline_budget,nominal_equality,False,0.2861266308,funding_cost,mean,0.5,0.5,0.02,4950
E107,***科技有限公司,D,elastic_net_logistic,0.6278756036,selected_model_risk_score,8,0.06504065041,不放贷,D级企业原则上不予放贷,0,0,,,,,0,0.5,0.02,0,0,0,0,,funding_cost_0.02_baseline_budget,nominal_equality,False,0.6820972821,funding_cost,mean,0.5,0.5,0.02,4950
E108,***商贸有限公司,D,elastic_net_logistic,0.5221807895,selected_model_risk_score,15,0.1219512195,不放贷,D级企业原则上不予放贷,0,0,,,,,0,0.5,0.02,0,0,0,0,,funding_cost_0.02_baseline_budget,nominal_equality,False,0.6296705299,funding_cost,mean,0.5,0.5,0.02,4950
E109,***服饰有限公司,D,elastic_net_logistic,0.5493640614,selected_model_risk_score,12,0.09756097561,不放贷,D级企业原则上不予放贷,0,0,,,,,0,0.5,0.02,0,0,0,0,,funding_cost_0.02_baseline_budget,nominal_equality,False,0.6102205923,funding_cost,mean,0.5,0.5,0.02,4950
E11,***建设工程有限公司,C,elastic_net_logistic,0.07723891572,selected_model_risk_score,93,0.756097561,放贷,优化模型选择,100,1000000,0.1105,11.05,0.7151023945,0.2848976055,28.48976055,0.5,0.02,2.904961278,1.100259107,0.569795211,1.23490696,0.0123490696,funding_cost_0.02_baseline_budget,nominal_equality,False,0.1001763276,funding_cost,mean,0.5,0.5,0.02,4950
E110,***通讯器材经营部,C,elastic_net_logistic,0.5711527053,selected_model_risk_score,11,0.08943089431,不放贷,优化模型未选择,0,0,,,,,0,0.5,0.02,0,0,0,0,,funding_cost_0.02_baseline_budget,nominal_equality,False,0.6124762668,funding_cost,mean,0.5,0.5,0.02,4950
E111,***科技有限公司,D,elastic_net_logistic,0.1919246162,selected_model_risk_score,49,0.3983739837,不放贷,D级企业原则上不予放贷,0,0,,,,,0,0.5,0.02,0,0,0,0,,funding_cost_0.02_baseline_budget,nominal_equality,False,0.3189536769,funding_cost,mean,0.5,0.5,0.02,4950
E112,***机械设备有限公司,D,elastic_net_logistic,0.4170540731,selected_model_risk_score,20,0.162601626,不放贷,D级企业原则上不予放贷,0,0,,,,,0,0.5,0.02,0,0,0,0,,funding_cost_0.02_baseline_budget,nominal_equality,False,0.5129040595,funding_cost,mean,0.5,0.5,0.02,4950
E113,***美居科技有限公司,D,elastic_net_logistic,0.7592451553,selected_model_risk_score,4,0.0325203252,不放贷,D级企业原则上不予放贷,0,0,,,,,0,0.5,0.02,0,0,0,0,,funding_cost_0.02_baseline_budget,nominal_equality,False,0.8315439659,funding_cost,mean,0.5,0.5,0.02,4950
E114,***食品有限责任公司,D,elastic_net_logistic,0.4770804739,selected_model_risk_score,16,0.1300813008,不放贷,D级企业原则上不予放贷,0,0,,,,,0,0.5,0.02,0,0,0,0,,funding_cost_0.02_baseline_budget,nominal_equality,False,0.5421990478,funding_cost,mean,0.5,0.5,0.02,4950
E115,***装饰工程有限公司,D,elastic_net_logistic,0.7835354924,selected_model_risk_score,2,0.0162601626,不放贷,D级企业原则上不予放贷,0,0,,,,,0,0.5,0.02,0,0,0,0,,funding_cost_0.02_baseline_budget,nominal_equality,False,0.8331104651,funding_cost,mean,0.5,0.5,0.02,4950
E116,***门窗有限公司,D,elastic_net_logistic,0.4160885126,selected_model_risk_score,21,0.1707317073,不放贷,D级企业原则上不予放贷,0,0,,,,,0,0.5,0.02,0,0,0,0,,funding_cost_0.02_baseline_budget,nominal_equality,False,0.532859258,funding_cost,mean,0.5,0.5,0.02,4950
E117,***人力资源管理咨询有限公司,D,elastic_net_logistic,0.6343060557,selected_model_risk_score,7,0.05691056911,不放贷,D级企业原则上不予放贷,0,0,,,,,0,0.5,0.02,0,0,0,0,,funding_cost_0.02_baseline_budget,nominal_equality,False,0.7561127553,funding_cost,mean,0.5,0.5,0.02,4950
E118,***体育用品有限公司,D,elastic_net_logistic,0.3859533716,selected_model_risk_score,23,0.1869918699,不放贷,D级企业原则上不予放贷,0,0,,,,,0,0.5,0.02,0,0,0,0,,funding_cost_0.02_baseline_budget,nominal_equality,False,0.4429217794,funding_cost,mean,0.5,0.5,0.02,4950
E119,***药房,D,elastic_net_logistic,0.6253065711,selected_model_risk_score,9,0.07317073171,不放贷,D级企业原则上不予放贷,0,0,,,,,0,0.5,0.02,0,0,0,0,,funding_cost_0.02_baseline_budget,nominal_equality,False,0.6891769584,funding_cost,mean,0.5,0.5,0.02,4950
E12,***建筑劳务有限公司,B,elastic_net_logistic,0.08202986653,selected_model_risk_score,88,0.7154471545,放贷,优化模型选择,100,1000000,0.1185,11.85,0.7692116619,0.2307883381,23.07883381,0.5,0.02,2.510503098,0.9465768286,0.4615766762,1.102349593,0.01102349593,funding_cost_0.02_baseline_budget,nominal_equality,False,0.1054632903,funding_cost,mean,0.5,0.5,0.02,4950
E120,***陈列广告有限公司,D,elastic_net_logistic,0.721226934,selected_model_risk_score,5,0.0406504065,不放贷,D级企业原则上不予放贷,0,0,,,,,0,0.5,0.02,0,0,0,0,,funding_cost_0.02_baseline_budget,nominal_equality,False,0.7608714869,funding_cost,mean,0.5,0.5,0.02,4950
E121,***药业连锁有限公司***药店,D,elastic_net_logistic,0.4662178212,selected_model_risk_score,18,0.1463414634,不放贷,D级企业原则上不予放贷,0,0,,,,,0,0.5,0.02,0,0,0,0,,funding_cost_0.02_baseline_budget,nominal_equality,False,0.5621951951,funding_cost,mean,0.5,0.5,0.02,4950
E122,***商贸有限责任公司,D,elastic_net_logistic,0.4500783219,selected_model_risk_score,19,0.1544715447,不放贷,D级企业原则上不予放贷,0,0,,,,,0,0.5,0.02,0,0,0,0,,funding_cost_0.02_baseline_budget,nominal_equality,False,0.6021516604,funding_cost,mean,0.5,0.5,0.02,4950
E123,***创科技有限责任公司,D,elastic_net_logistic,0.7819761114,selected_model_risk_score,3,0.0243902439,不放贷,D级企业原则上不予放贷,0,0,,,,,0,0.5,0.02,0,0,0,0,,funding_cost_0.02_baseline_budget,nominal_equality,False,0.8270597923,funding_cost,mean,0.5,0.5,0.02,4950
E13,***汽车贸易有限公司,A,elastic_net_logistic,0.04053604698,selected_model_risk_score,113,0.918699187,放贷,优化模型选择,100,1000000,0.0985,9.85,0.7083020233,0.2916979767,29.16979767,0.5,0.02,2.756755884,0.5912141444,0.5833959534,1.582145786,0.01582145786,funding_cost_0.02_baseline_budget,nominal_equality,False,0.05373417783,funding_cost,mean,0.5,0.5,0.02,4950
E14,个体经营E14,C,elastic_net_logistic,0.03261041867,selected_model_risk_score,117,0.9512195122,放贷,优化模型选择,100,1000000,0.0905,9.05,0.5900970447,0.4099029553,40.99029553,0.5,0.02,3.588649427,0.6683553493,0.8198059106,2.100488167,0.02100488167,funding_cost_0.02_baseline_budget,nominal_equality,False,0.04024201468,funding_cost,mean,0.5,0.5,0.02,4950
E15,***劳务有限公司,A,elastic_net_logistic,0.07381492047,selected_model_risk_score,95,0.7723577236,放贷,优化模型选择,100,1000000,0.1225,12.25,0.8148090077,0.1851909923,18.51909923,0.5,0.02,2.101133891,0.6834929184,0.3703819846,1.047258988,0.01047258988,funding_cost_0.02_baseline_budget,nominal_equality,False,0.1036254123,funding_cost,mean,0.5,0.5,0.02,4950
E16,***建筑劳务有限公司,A,elastic_net_logistic,0.04998777847,selected_model_risk_score,108,0.8780487805,放贷,优化模型选择,100,1000000,0.0985,9.85,0.7083020233,0.2916979767,29.16979767,0.5,0.02,2.729598932,0.729066692,0.5833959534,1.417136287,0.01417136287,funding_cost_0.02_baseline_budget,nominal_equality,False,0.0624669862,funding_cost,mean,0.5,0.5,0.02,4950
E17,***消防工程有限公司,A,elastic_net_logistic,0.04649981408,selected_model_risk_score,111,0.9024390244,放贷,优化模型选择,100,1000000,0.0985,9.85,0.7083020233,0.2916979767,29.16979767,0.5,0.02,2.739620639,0.6781950842,0.5833959534,1.478029601,0.01478029601,funding_cost_0.02_baseline_budget,nominal_equality,False,0.05349825243,funding_cost,mean,0.5,0.5,0.02,4950
E18,***消防工程有限责任公司,A,elastic_net_logistic,0.04857513816,selected_model_risk_score,109,0.8861788618,放贷,优化模型选择,100,1000000,0.0985,9.85,0.7083020233,0.2916979767,29.16979767,0.5,0.02,2.733657766,0.708463476,0.5833959534,1.441798336,0.01441798336,funding_cost_0.02_baseline_budget,nominal_equality,False,0.06117933194,funding_cost,mean,0.5,0.5,0.02,4950
E19,***科技有限公司,A,elastic_net_logistic,0.06543754966,selected_model_risk_score,100,0.8130081301,放贷,优化模型选择,100,1000000,0.1025,10.25,0.7312754013,0.2687245987,26.87245987,0.5,0.02,2.574184174,0.8792339636,0.5374491974,1.157501013,0.01157501013,funding_cost_0.02_baseline_budget,nominal_equality,False,0.09093656268,funding_cost,mean,0.5,0.5,0.02,4950
E2,***技术有限责任公司,A,elastic_net_logistic,0.02833749753,selected_model_risk_score,119,0.9674796748,放贷,优化模型选择,100,1000000,0.0745,7.45,0.511096612,0.488903388,48.8903388,0.5,0.02,3.539115716,0.6927149275,0.977806776,1.868594013,0.01868594013,funding_cost_0.02_baseline_budget,nominal_equality,False,0.03642833627,funding_cost,mean,0.5,0.5,0.02,4950
E20,***贸易有限公司,B,elastic_net_logistic,0.04546270238,selected_model_risk_score,112,0.9105691057,放贷,优化模型选择,100,1000000,0.1065,10.65,0.7053159925,0.2946840075,29.46840075,0.5,0.02,2.995705231,0.6698565665,0.589368015,1.73648065,0.0173648065,funding_cost_0.02_baseline_budget,nominal_equality,False,0.06402096704,funding_cost,mean,0.5,0.5,0.02,4950
E21,***建设工程有限公司,B,elastic_net_logistic,0.08415779812,selected_model_risk_score,85,0.6910569106,放贷,优化模型选择,100,1000000,0.1185,11.85,0.7692116619,0.2307883381,23.07883381,0.5,0.02,2.504683542,0.9711319183,0.4615766762,1.071974947,0.01071974947,funding_cost_0.02_baseline_budget,nominal_equality,False,0.09612822768,funding_cost,mean,0.5,0.5,0.02,4950
E22,***物流有限公司,A,elastic_net_logistic,0.08272431763,selected_model_risk_score,87,0.7073170732,放贷,优化模型选择,100,1000000,0.1225,12.25,0.8148090077,0.1851909923,18.51909923,0.5,0.02,2.080922124,0.7659899235,0.3703819846,0.9445502164,0.009445502164,funding_cost_0.02_baseline_budget,nominal_equality,False,0.09349623574,funding_cost,mean,0.5,0.5,0.02,4950
E23,***贸易有限公司,B,elastic_net_logistic,0.03337482103,selected_model_risk_score,116,0.9430894309,放贷,优化模型选择,100,1000000,0.0945,9.45,0.6356051463,0.3643948537,36.43948537,0.5,0.02,3.328604124,0.6080806513,0.7287897074,1.991733766,0.01991733766,funding_cost_0.02_baseline_budget,nominal_equality,False,0.04082479351,funding_cost,mean,0.5,0.5,0.02,4950
E24,***建筑工程有限公司,A,elastic_net_logistic,0.04702949043,selected_model_risk_score,110,0.8943089431,放贷,优化模型选择,100,1000000,0.0985,9.85,0.7083020233,0.2916979767,29.16979767,0.5,0.02,2.73809876,0.6859203602,0.5833959534,1.468782446,0.01468782446,funding_cost_0.02_baseline_budget,nominal_equality,False,0.06125175229,funding_cost,mean,0.5,0.5,0.02,4950
E25,***通讯设备有限公司,C,elastic_net_logistic,0.08202047653,selected_model_risk_score,89,0.7235772358,放贷,优化模型选择,100,1000000,0.1105,11.05,0.7151023945,0.2848976055,28.48976055,0.5,0.02,2.889908358,1.168371868,0.569795211,1.151741279,0.01151741279,funding_cost_0.02_baseline_budget,nominal_equality,False,0.09686547054,funding_cost,mean,0.5,0.5,0.02,4950
E26,***金属材料有限公司,A,elastic_net_logistic,0.1342940789,selected_model_risk_score,61,0.4959349593,不放贷,优化模型未选择,0,0,,,,,0,0.5,0.02,0,0,0,0,,funding_cost_0.02_baseline_budget,nominal_equality,False,0.1782110185,funding_cost,mean,0.5,0.5,0.02,4950
E27,***农业开发有限公司,A,elastic_net_logistic,0.1103832985,selected_model_risk_score,70,0.5691056911,不放贷,优化模型未选择,0,0,,,,,0,0.5,0.02,0,0,0,0,,funding_cost_0.02_baseline_budget,nominal_equality,False,0.1369068444,funding_cost,mean,0.5,0.5,0.02,4950
E28,***景观工程有限公司,B,elastic_net_logistic,0.09966092865,selected_model_risk_score,76,0.6178861789,放贷,优化模型选择,100,1000000,0.1425,14.25,0.8439092946,0.1560907054,15.60907054,0.5,0.02,2.002617491,0.7778072327,0.3121814108,0.9126288471,0.009126288471,funding_cost_0.02_baseline_budget,nominal_equality,False,0.1193350508,funding_cost,mean,0.5,0.5,0.02,4950
E29,***建筑劳务有限公司,C,elastic_net_logistic,0.07253671793,selected_model_risk_score,96,0.7804878049,放贷,优化模型选择,100,1000000,0.1105,11.05,0.7151023945,0.2848976055,28.48976055,0.5,0.02,2.919764354,1.033276862,0.569795211,1.316692281,0.01316692281,funding_cost_0.02_baseline_budget,nominal_equality,False,0.08548890218,funding_cost,mean,0.5,0.5,0.02,4950
E3,***电子(中国)有限公司***分公司,C,elastic_net_logistic,0.02153611417,selected_model_risk_score,123,1,放贷,优化模型选择,100,1000000,0.0905,9.05,0.5900970447,0.4099029553,40.99029553,0.5,0.02,3.629730908,0.4413858422,0.8198059106,2.368539155,0.02368539155,funding_cost_0.02_baseline_budget,nominal_equality,False,0.025281018,funding_cost,mean,0.5,0.5,0.02,4950
E30,***建筑工程有限公司,B,elastic_net_logistic,0.07713913412,selected_model_risk_score,94,0.7642276423,放贷,优化模型选择,100,1000000,0.1185,11.85,0.7692116619,0.2307883381,23.07883381,0.5,0.02,2.523878478,0.8901406283,0.4615766762,1.172161173,0.01172161173,funding_cost_0.02_baseline_budget,nominal_equality,False,0.1024182862,funding_cost,mean,0.5,0.5,0.02,4950
E31,***食品有限公司,A,elastic_net_logistic,0.0367643069,selected_model_risk_score,115,0.9349593496,放贷,优化模型选择,100,1000000,0.0985,9.85,0.7083020233,0.2916979767,29.16979767,0.5,0.02,2.767592942,0.5362036969,0.5833959534,1.647993292,0.01647993292,funding_cost_0.02_baseline_budget,nominal_equality,False,0.04188668071,funding_cost,mean,0.5,0.5,0.02,4950
E32,***建筑劳务有限公司,B,elastic_net_logistic,0.09279588464,selected_model_risk_score,79,0.6422764228,放贷,优化模型选择,100,1000000,0.1425,14.25,0.8439092946,0.1560907054,15.60907054,0.5,0.02,2.017887357,0.7242287546,0.3121814108,0.9814771915,0.009814771915,funding_cost_0.02_baseline_budget,nominal_equality,False,0.104597557,funding_cost,mean,0.5,0.5,0.02,4950
E33,***园林有限责任公司,B,elastic_net_logistic,0.09823760896,selected_model_risk_score,77,0.6260162602,放贷,优化模型选择,100,1000000,0.1425,14.25,0.8439092946,0.1560907054,15.60907054,0.5,0.02,2.00578337,0.766698884,0.3121814108,0.9269030753,0.009269030753,funding_cost_0.02_baseline_budget,nominal_equality,False,0.1158892222,funding_cost,mean,0.5,0.5,0.02,4950
E34,***建设工程有限公司,B,elastic_net_logistic,0.1015652078,selected_model_risk_score,75,0.6097560976,放贷,优化模型选择,100,1000000,0.1425,14.25,0.8439092946,0.1560907054,15.60907054,0.5,0.02,1.998381817,0.7926692465,0.3121814108,0.8935311594,0.008935311594,funding_cost_0.02_baseline_budget,nominal_equality,False,0.1393444528,funding_cost,mean,0.5,0.5,0.02,4950
E35,***商贸有限公司,B,elastic_net_logistic,0.08567951436,selected_model_risk_score,83,0.674796748,放贷,优化模型选择,100,1000000,0.1425,14.25,0.8439092946,0.1560907054,15.60907054,0.5,0.02,2.033716246,0.6686887917,0.3121814108,1.052846044,0.01052846044,funding_cost_0.02_baseline_budget,nominal_equality,False,0.1006056864,funding_cost,mean,0.5,0.5,0.02,4950
E36,***超硬材料有限公司,D,elastic_net_logistic,0.05081789908,selected_model_risk_score,107,0.8699186992,不放贷,D级企业原则上不予放贷,0,0,,,,,0,0.5,0.02,0,0,0,0,,funding_cost_0.02_baseline_budget,nominal_equality,False,0.06163613971,funding_cost,mean,0.5,0.5,0.02,4950
E37,***木业有限公司,B,elastic_net_logistic,0.084549486,selected_model_risk_score,84,0.6829268293,放贷,优化模型选择,100,1000000,0.1185,11.85,0.7692116619,0.2307883381,23.07883381,0.5,0.02,2.503612337,0.9756517681,0.4615766762,1.066383893,0.01066383893,funding_cost_0.02_baseline_budget,nominal_equality,False,0.1088428529,funding_cost,mean,0.5,0.5,0.02,4950
E38,***建设工程有限公司,B,elastic_net_logistic,0.1218095512,selected_model_risk_score,63,0.512195122,不放贷,优化模型未选择,0,0,,,,,0,0.5,0.02,0,0,0,0,,funding_cost_0.02_baseline_budget,nominal_equality,False,0.1460270212,funding_cost,mean,0.5,0.5,0.02,4950
E39,***建筑劳务有限公司,C,elastic_net_logistic,0.1815109557,selected_model_risk_score,52,0.4227642276,不放贷,优化模型未选择,0,0,,,,,0,0.5,0.02,0,0,0,0,,funding_cost_0.02_baseline_budget,nominal_equality,False,0.2307578892,funding_cost,mean,0.5,0.5,0.02,4950
E4,***发展有限责任公司,C,elastic_net_logistic,0.03106769432,selected_model_risk_score,118,0.9593495935,放贷,优化模型选择,100,1000000,0.0905,9.05,0.5900970447,0.4099029553,40.99029553,0.5,0.02,3.594372351,0.6367369858,0.8198059106,2.137829455,0.02137829455,funding_cost_0.02_baseline_budget,nominal_equality,False,0.04400979025,funding_cost,mean,0.5,0.5,0.02,4950
E40,***财税咨询服务有限公司,C,elastic_net_logistic,0.08113873174,selected_model_risk_score,90,0.7317073171,放贷,优化模型选择,100,1000000,0.1105,11.05,0.7151023945,0.2848976055,28.48976055,0.5,0.02,2.892684195,1.155811519,0.569795211,1.167077465,0.01167077465,funding_cost_0.02_baseline_budget,nominal_equality,False,0.09293248415,funding_cost,mean,0.5,0.5,0.02,4950
E41,***物业发展有限公司,C,elastic_net_logistic,0.07916167381,selected_model_risk_score,91,0.7398373984,放贷,优化模型选择,100,1000000,0.1105,11.05,0.7151023945,0.2848976055,28.48976055,0.5,0.02,2.898908208,1.127648566,0.569795211,1.201464431,0.01201464431,funding_cost_0.02_baseline_budget,nominal_equality,False,0.09683047914,funding_cost,mean,0.5,0.5,0.02,4950
E42,***园艺场,A,elastic_net_logistic,0.1200846128,selected_model_risk_score,66,0.5365853659,不放贷,优化模型未选择,0,0,,,,,0,0.5,0.02,0,0,0,0,,funding_cost_0.02_baseline_budget,nominal_equality,False,0.1475914741,funding_cost,mean,0.5,0.5,0.02,4950
E43,***建设工程有限公司,B,elastic_net_logistic,0.1927952664,selected_model_risk_score,48,0.3902439024,不放贷,优化模型未选择,0,0,,,,,0,0.5,0.02,0,0,0,0,,funding_cost_0.02_baseline_budget,nominal_equality,False,0.2145282193,funding_cost,mean,0.5,0.5,0.02,4950
E44,***商贸有限公司,C,elastic_net_logistic,0.08616234673,selected_model_risk_score,82,0.6666666667,放贷,优化模型选择,100,1000000,0.1105,11.05,0.7151023945,0.2848976055,28.48976055,0.5,0.02,2.87686926,1.227372313,0.569795211,1.079701735,0.01079701735,funding_cost_0.02_baseline_budget,nominal_equality,False,0.1035354806,funding_cost,mean,0.5,0.5,0.02,4950
E45,个体经营E45,B,elastic_net_logistic,0.1068056002,selected_model_risk_score,73,0.593495935,不放贷,优化模型未选择,0,0,,,,,0,0.5,0.02,0,0,0,0,,funding_cost_0.02_baseline_budget,nominal_equality,False,0.1219197504,funding_cost,mean,0.5,0.5,0.02,4950
E46,***广告传媒有限公司,C,elastic_net_logistic,0.05276002815,selected_model_risk_score,105,0.8536585366,放贷,优化模型选择,100,1000000,0.1105,11.05,0.7151023945,0.2848976055,28.48976055,0.5,0.02,2.982023718,0.7515602843,0.569795211,1.660668223,0.01660668223,funding_cost_0.02_baseline_budget,nominal_equality,False,0.06245378683,funding_cost,mean,0.5,0.5,0.02,4950
E47,***控制设备有限责任公司,C,elastic_net_logistic,0.05124807767,selected_model_risk_score,106,0.8617886179,放贷,优化模型选择,100,1000000,0.1105,11.05,0.7151023945,0.2848976055,28.48976055,0.5,0.02,2.986783517,0.7300227307,0.569795211,1.686965576,0.01686965576,funding_cost_0.02_baseline_budget,nominal_equality,False,0.05822355401,funding_cost,mean,0.5,0.5,0.02,4950
E48,***化工有限公司,A,elastic_net_logistic,0.07070577235,selected_model_risk_score,97,0.7886178862,放贷,优化模型选择,100,1000000,0.1225,12.25,0.8148090077,0.1851909923,18.51909923,0.5,0.02,2.108187272,0.6547036071,0.3703819846,1.08310168,0.0108310168,funding_cost_0.02_baseline_budget,nominal_equality,False,0.08921054517,funding_cost,mean,0.5,0.5,0.02,4950
E49,***地球环保科技有限公司,C,elastic_net_logistic,0.09803729486,selected_model_risk_score,78,0.6341463415,放贷,优化模型选择,100,1000000,0.1425,14.25,0.8405321006,0.1594678994,15.94678994,0.5,0.02,2.049635895,0.7816900737,0.3189357988,0.9490100229,0.009490100229,funding_cost_0.02_baseline_budget,nominal_equality,False,0.1105965348,funding_cost,mean,0.5,0.5,0.02,4950
E5,***供应链管理有限公司,B,elastic_net_logistic,0.05668387407,selected_model_risk_score,103,0.837398374,放贷,优化模型选择,100,1000000,0.1065,10.65,0.7053159925,0.2946840075,29.46840075,0.5,0.02,2.960488878,0.8351915586,0.589368015,1.535929304,0.01535929304,funding_cost_0.02_baseline_budget,nominal_equality,False,0.07330978844,funding_cost,mean,0.5,0.5,0.02,4950
E50,***建筑劳务有限公司,C,elastic_net_logistic,0.1692453772,selected_model_risk_score,54,0.4390243902,不放贷,优化模型未选择,0,0,,,,,0,0.5,0.02,0,0,0,0,,funding_cost_0.02_baseline_budget,nominal_equality,False,0.2040258114,funding_cost,mean,0.5,0.5,0.02,4950
E51,***物流有限公司,B,elastic_net_logistic,0.0697365828,selected_model_risk_score,98,0.7967479675,放贷,优化模型选择,100,1000000,0.1065,10.65,0.7053159925,0.2946840075,29.46840075,0.5,0.02,2.919524457,1.027512784,0.589368015,1.302643657,0.01302643657,funding_cost_0.02_baseline_budget,nominal_equality,False,0.07874952738,funding_cost,mean,0.5,0.5,0.02,4950
E52,***商贸有限公司,D,elastic_net_logistic,0.2136303318,selected_model_risk_score,44,0.3577235772,不放贷,D级企业原则上不予放贷,0,0,,,,,0,0.5,0.02,0,0,0,0,,funding_cost_0.02_baseline_budget,nominal_equality,False,0.2416471762,funding_cost,mean,0.5,0.5,0.02,4950
E53,***文化传媒有限公司,C,elastic_net_logistic,0.107156181,selected_model_risk_score,71,0.5772357724,不放贷,优化模型未选择,0,0,,,,,0,0.5,0.02,0,0,0,0,,funding_cost_0.02_baseline_budget,nominal_equality,False,0.1294528809,funding_cost,mean,0.5,0.5,0.02,4950
E54,***新技术开发有限公司,A,elastic_net_logistic,0.06439978133,selected_model_risk_score,101,0.8211382114,放贷,优化模型选择,100,1000000,0.1025,10.25,0.7312754013,0.2687245987,26.87245987,0.5,0.02,2.577042631,0.8652902697,0.5374491974,1.174303164,0.01174303164,funding_cost_0.02_baseline_budget,nominal_equality,False,0.08481402429,funding_cost,mean,0.5,0.5,0.02,4950
E55,***集团有限公司***电力设备分公司,C,elastic_net_logistic,0.1835760094,selected_model_risk_score,51,0.4146341463,不放贷,优化模型未选择,0,0,,,,,0,0.5,0.02,0,0,0,0,,funding_cost_0.02_baseline_budget,nominal_equality,False,0.2408611135,funding_cost,mean,0.5,0.5,0.02,4950
E56,***家居材料***有限公司,C,elastic_net_logistic,0.08755638262,selected_model_risk_score,81,0.6585365854,放贷,优化模型选择,100,1000000,0.1425,14.25,0.8405321006,0.1594678994,15.94678994,0.5,0.02,2.073452905,0.6981216208,0.3189357988,1.056395485,0.01056395485,funding_cost_0.02_baseline_budget,nominal_equality,False,0.1073776577,funding_cost,mean,0.5,0.5,0.02,4950
E57,***机械设备有限公司,B,elastic_net_logistic,0.1025680758,selected_model_risk_score,74,0.6016260163,放贷,优化模型选择,100,1000000,0.1425,14.25,0.8439092946,0.1560907054,15.60907054,0.5,0.02,1.996151145,0.8004961652,0.3121814108,0.8834735689,0.008834735689,funding_cost_0.02_baseline_budget,nominal_equality,False,0.1291130293,funding_cost,mean,0.5,0.5,0.02,4950
E58,***油气工程建设有限责任公司,B,elastic_net_logistic,0.1498825704,selected_model_risk_score,58,0.4715447154,不放贷,优化模型未选择,0,0,,,,,0,0.5,0.02,0,0,0,0,,funding_cost_0.02_baseline_budget,nominal_equality,False,0.166452668,funding_cost,mean,0.5,0.5,0.02,4950
E59,***商贸有限公司,A,elastic_net_logistic,0.06896464342,selected_model_risk_score,99,0.8048780488,放贷,优化模型选择,100,1000000,0.1225,12.25,0.8148090077,0.1851909923,18.51909923,0.5,0.02,2.112137179,0.6385815374,0.3703819846,1.103173657,0.01103173657,funding_cost_0.02_baseline_budget,nominal_equality,False,0.07641618763,funding_cost,mean,0.5,0.5,0.02,4950
E6,***装饰设计工程有限公司,A,elastic_net_logistic,0.03828902106,selected_model_risk_score,114,0.9268292683,放贷,优化模型选择,100,1000000,0.0985,9.85,0.7083020233,0.2916979767,29.16979767,0.5,0.02,2.763212095,0.5584414987,0.5833959534,1.621374643,0.01621374643,funding_cost_0.02_baseline_budget,nominal_equality,False,0.04389193776,funding_cost,mean,0.5,0.5,0.02,4950
E60,***机械租赁有限公司,B,elastic_net_logistic,0.2143912442,selected_model_risk_score,43,0.3495934959,不放贷,优化模型未选择,0,0,,,,,0,0.5,0.02,0,0,0,0,,funding_cost_0.02_baseline_budget,nominal_equality,False,0.2335825691,funding_cost,mean,0.5,0.5,0.02,4950
E61,***调味品有限公司,B,elastic_net_logistic,0.07788330382,selected_model_risk_score,92,0.7479674797,放贷,优化模型选择,100,1000000,0.1185,11.85,0.7692116619,0.2307883381,23.07883381,0.5,0.02,2.521843291,0.8987279127,0.4615766762,1.161538702,0.01161538702,funding_cost_0.02_baseline_budget,nominal_equality,False,0.09484916536,funding_cost,mean,0.5,0.5,0.02,4950
E62,***工程造价咨询有限公司***分公司,B,elastic_net_logistic,0.1214523958,selected_model_risk_score,64,0.5203252033,不放贷,优化模型未选择,0,0,,,,,0,0.5,0.02,0,0,0,0,,funding_cost_0.02_baseline_budget,nominal_equality,False,0.1450170246,funding_cost,mean,0.5,0.5,0.02,4950
E63,***科技有限公司,B,elastic_net_logistic,0.08368298573,selected_model_risk_score,86,0.6991869919,放贷,优化模型选择,100,1000000,0.1185,11.85,0.7692116619,0.2307883381,23.07883381,0.5,0.02,2.505982079,0.9656528602,0.4615766762,1.078752542,0.01078752542,funding_cost_0.02_baseline_budget,nominal_equality,False,0.1084106096,funding_cost,mean,0.5,0.5,0.02,4950
E64,***图书有限责任公司,A,elastic_net_logistic,0.1124750355,selected_model_risk_score,69,0.5609756098,不放贷,优化模型未选择,0,0,,,,,0,0.5,0.02,0,0,0,0,,funding_cost_0.02_baseline_budget,nominal_equality,False,0.1209520698,funding_cost,mean,0.5,0.5,0.02,4950
E65,***商贸有限公司,B,elastic_net_logistic,0.0894097801,selected_model_risk_score,80,0.6504065041,放贷,优化模型选择,100,1000000,0.1425,14.25,0.8439092946,0.1560907054,15.60907054,0.5,0.02,2.025419044,0.6978017823,0.3121814108,1.015435851,0.01015435851,funding_cost_0.02_baseline_budget,nominal_equality,False,0.1016662421,funding_cost,mean,0.5,0.5,0.02,4950
E66,***快递有限公司,B,elastic_net_logistic,0.2947622952,selected_model_risk_score,30,0.243902439,不放贷,优化模型未选择,0,0,,,,,0,0.5,0.02,0,0,0,0,,funding_cost_0.02_baseline_budget,nominal_equality,False,0.3741353375,funding_cost,mean,0.5,0.5,0.02,4950
E67,***信息技术有限公司,B,elastic_net_logistic,0.1845447393,selected_model_risk_score,50,0.406504065,不放贷,优化模型未选择,0,0,,,,,0,0.5,0.02,0,0,0,0,,funding_cost_0.02_baseline_budget,nominal_equality,False,0.2088292217,funding_cost,mean,0.5,0.5,0.02,4950
E68,***花木总公司,C,elastic_net_logistic,0.3380718151,selected_model_risk_score,28,0.2276422764,不放贷,优化模型未选择,0,0,,,,,0,0.5,0.02,0,0,0,0,,funding_cost_0.02_baseline_budget,nominal_equality,False,0.3824767947,funding_cost,mean,0.5,0.5,0.02,4950
E69,***电子器材经营部,C,elastic_net_logistic,0.2503652668,selected_model_risk_score,38,0.3089430894,不放贷,优化模型未选择,0,0,,,,,0,0.5,0.02,0,0,0,0,,funding_cost_0.02_baseline_budget,nominal_equality,False,0.3207126735,funding_cost,mean,0.5,0.5,0.02,4950
E7,***家电有限公司***分公司,A,elastic_net_logistic,0.02580342326,selected_model_risk_score,121,0.9837398374,放贷,优化模型选择,100,1000000,0.0745,7.45,0.511096612,0.488903388,48.8903388,0.5,0.02,3.548345652,0.6307690527,0.977806776,1.939769823,0.01939769823,funding_cost_0.02_baseline_budget,nominal_equality,False,0.03436137967,funding_cost,mean,0.5,0.5,0.02,4950
E70,***科技有限公司,B,elastic_net_logistic,0.1379471805,selected_model_risk_score,60,0.487804878,不放贷,优化模型未选择,0,0,,,,,0,0.5,0.02,0,0,0,0,,funding_cost_0.02_baseline_budget,nominal_equality,False,0.1557212843,funding_cost,mean,0.5,0.5,0.02,4950
E71,***农业科技有限公司,B,elastic_net_logistic,0.2041897012,selected_model_risk_score,45,0.3658536585,不放贷,优化模型未选择,0,0,,,,,0,0.5,0.02,0,0,0,0,,funding_cost_0.02_baseline_budget,nominal_equality,False,0.2461670708,funding_cost,mean,0.5,0.5,0.02,4950
E72,***图书有限公司,C,elastic_net_logistic,0.2897171126,selected_model_risk_score,32,0.2601626016,不放贷,优化模型未选择,0,0,,,,,0,0.5,0.02,0,0,0,0,,funding_cost_0.02_baseline_budget,nominal_equality,False,0.3383260035,funding_cost,mean,0.5,0.5,0.02,4950
E73,***商贸有限责任公司,C,elastic_net_logistic,0.1183311273,selected_model_risk_score,67,0.5447154472,不放贷,优化模型未选择,0,0,,,,,0,0.5,0.02,0,0,0,0,,funding_cost_0.02_baseline_budget,nominal_equality,False,0.150943928,funding_cost,mean,0.5,0.5,0.02,4950
E74,***蔬菜专业合作社,B,elastic_net_logistic,0.1539591335,selected_model_risk_score,56,0.4552845528,不放贷,优化模型未选择,0,0,,,,,0,0.5,0.02,0,0,0,0,,funding_cost_0.02_baseline_budget,nominal_equality,False,0.1754997095,funding_cost,mean,0.5,0.5,0.02,4950
E75,***酒店管理有限公司,C,elastic_net_logistic,0.1070850165,selected_model_risk_score,72,0.5853658537,放贷,优化模型选择,50,500000,0.1425,14.25,0.8405321006,0.1594678994,7.97339497,0.5,0.02,1.014537847,0.426915566,0.1594678994,0.4281543816,0.008563087631,funding_cost_0.02_baseline_budget,nominal_equality,False,0.1282680192,funding_cost,mean,0.5,0.5,0.02,4950
E76,***信息科技有限公司,B,elastic_net_logistic,0.1706660196,selected_model_risk_score,53,0.4308943089,不放贷,优化模型未选择,0,0,,,,,0,0.5,0.02,0,0,0,0,,funding_cost_0.02_baseline_budget,nominal_equality,False,0.1979402602,funding_cost,mean,0.5,0.5,0.02,4950
E77,***机电设备有限公司,C,elastic_net_logistic,0.3665492679,selected_model_risk_score,25,0.2032520325,不放贷,优化模型未选择,0,0,,,,,0,0.5,0.02,0,0,0,0,,funding_cost_0.02_baseline_budget,nominal_equality,False,0.4663549766,funding_cost,mean,0.5,0.5,0.02,4950
E78,个体经营E78,C,elastic_net_logistic,0.1211539626,selected_model_risk_score,65,0.5284552846,不放贷,优化模型未选择,0,0,,,,,0,0.5,0.02,0,0,0,0,,funding_cost_0.02_baseline_budget,nominal_equality,False,0.1481587806,funding_cost,mean,0.5,0.5,0.02,4950
E79,***鞋业有限公司,B,elastic_net_logistic,0.2025177165,selected_model_risk_score,46,0.3739837398,不放贷,优化模型未选择,0,0,,,,,0,0.5,0.02,0,0,0,0,,funding_cost_0.02_baseline_budget,nominal_equality,False,0.2207361419,funding_cost,mean,0.5,0.5,0.02,4950
E8,***科学研究院有限公司,A,elastic_net_logistic,0.02606005345,selected_model_risk_score,120,0.9756097561,放贷,优化模型选择,100,1000000,0.0745,7.45,0.511096612,0.488903388,48.8903388,0.5,0.02,3.54741092,0.6370424212,0.977806776,1.932561723,0.01932561723,funding_cost_0.02_baseline_budget,nominal_equality,False,0.03439017911,funding_cost,mean,0.5,0.5,0.02,4950
E80,***实业有限责任公司,C,elastic_net_logistic,0.3432370641,selected_model_risk_score,26,0.2113821138,不放贷,优化模型未选择,0,0,,,,,0,0.5,0.02,0,0,0,0,,funding_cost_0.02_baseline_budget,nominal_equality,False,0.3865190631,funding_cost,mean,0.5,0.5,0.02,4950
E81,***机械设备有限公司,A,elastic_net_logistic,0.1154202468,selected_model_risk_score,68,0.5528455285,不放贷,优化模型未选择,0,0,,,,,0,0.5,0.02,0,0,0,0,,funding_cost_0.02_baseline_budget,nominal_equality,False,0.1339413155,funding_cost,mean,0.5,0.5,0.02,4950
E82,***商贸有限公司,D,elastic_net_logistic,0.194614899,selected_model_risk_score,47,0.3821138211,不放贷,D级企业原则上不予放贷,0,0,,,,,0,0.5,0.02,0,0,0,0,,funding_cost_0.02_baseline_budget,nominal_equality,False,0.2318618526,funding_cost,mean,0.5,0.5,0.02,4950
E83,***社会福利院（***社会福利社会化服务中心）,B,elastic_net_logistic,0.5444532255,selected_model_risk_score,13,0.1056910569,不放贷,优化模型未选择,0,0,,,,,0,0.5,0.02,0,0,0,0,,funding_cost_0.02_baseline_budget,nominal_equality,False,0.6237840466,funding_cost,mean,0.5,0.5,0.02,4950
E84,***建材有限公司,A,elastic_net_logistic,0.1532688251,selected_model_risk_score,57,0.4634146341,不放贷,优化模型未选择,0,0,,,,,0,0.5,0.02,0,0,0,0,,funding_cost_0.02_baseline_budget,nominal_equality,False,0.1694921296,funding_cost,mean,0.5,0.5,0.02,4950
E85,***安防科技有限公司,B,elastic_net_logistic,0.2264316686,selected_model_risk_score,42,0.3414634146,不放贷,优化模型未选择,0,0,,,,,0,0.5,0.02,0,0,0,0,,funding_cost_0.02_baseline_budget,nominal_equality,False,0.2483347601,funding_cost,mean,0.5,0.5,0.02,4950
E86,***地质工程勘察院***分院,C,elastic_net_logistic,0.2808208394,selected_model_risk_score,34,0.2764227642,不放贷,优化模型未选择,0,0,,,,,0,0.5,0.02,0,0,0,0,,funding_cost_0.02_baseline_budget,nominal_equality,False,0.3548090468,funding_cost,mean,0.5,0.5,0.02,4950
E87,***实业有限责任公司,C,elastic_net_logistic,0.234076271,selected_model_risk_score,40,0.325203252,不放贷,优化模型未选择,0,0,,,,,0,0.5,0.02,0,0,0,0,,funding_cost_0.02_baseline_budget,nominal_equality,False,0.2796569295,funding_cost,mean,0.5,0.5,0.02,4950
E88,***贸易有限公司,A,elastic_net_logistic,0.1654327803,selected_model_risk_score,55,0.4471544715,不放贷,优化模型未选择,0,0,,,,,0,0.5,0.02,0,0,0,0,,funding_cost_0.02_baseline_budget,nominal_equality,False,0.189066442,funding_cost,mean,0.5,0.5,0.02,4950
E89,***物资有限公司,A,elastic_net_logistic,0.3344336244,selected_model_risk_score,29,0.2357723577,不放贷,优化模型未选择,0,0,,,,,0,0.5,0.02,0,0,0,0,,funding_cost_0.02_baseline_budget,nominal_equality,False,0.3672701532,funding_cost,mean,0.5,0.5,0.02,4950
E9,***生活用品服务有限公司***分公司,A,elastic_net_logistic,0.02174866462,selected_model_risk_score,122,0.9918699187,放贷,优化模型选择,100,1000000,0.0745,7.45,0.511096612,0.488903388,48.8903388,0.5,0.02,3.563114422,0.5316497909,0.977806776,2.053657855,0.02053657855,funding_cost_0.02_baseline_budget,nominal_equality,False,0.02531048472,funding_cost,mean,0.5,0.5,0.02,4950
E90,***文化传媒有限责任公司,C,elastic_net_logistic,0.2928954659,selected_model_risk_score,31,0.2520325203,不放贷,优化模型未选择,0,0,,,,,0,0.5,0.02,0,0,0,0,,funding_cost_0.02_baseline_budget,nominal_equality,False,0.3272754126,funding_cost,mean,0.5,0.5,0.02,4950
E91,***科技实业有限公司,A,elastic_net_logistic,0.123879862,selected_model_risk_score,62,0.5040650407,不放贷,优化模型未选择,0,0,,,,,0,0.5,0.02,0,0,0,0,,funding_cost_0.02_baseline_budget,nominal_equality,False,0.1563985381,funding_cost,mean,0.5,0.5,0.02,4950
E92,***地质灾害防治有限公司,C,elastic_net_logistic,0.3701163354,selected_model_risk_score,24,0.1951219512,不放贷,优化模型未选择,0,0,,,,,0,0.5,0.02,0,0,0,0,,funding_cost_0.02_baseline_budget,nominal_equality,False,0.4190045907,funding_cost,mean,0.5,0.5,0.02,4950
E93,***电脑设计事务所,B,elastic_net_logistic,0.2376719561,selected_model_risk_score,39,0.3170731707,不放贷,优化模型未选择,0,0,,,,,0,0.5,0.02,0,0,0,0,,funding_cost_0.02_baseline_budget,nominal_equality,False,0.2575297987,funding_cost,mean,0.5,0.5,0.02,4950
E94,***汽车美容有限公司,C,elastic_net_logistic,0.3420261826,selected_model_risk_score,27,0.2195121951,不放贷,优化模型未选择,0,0,,,,,0,0.5,0.02,0,0,0,0,,funding_cost_0.02_baseline_budget,nominal_equality,False,0.3879661601,funding_cost,mean,0.5,0.5,0.02,4950
E95,***兰花店,B,elastic_net_logistic,0.1441316116,selected_model_risk_score,59,0.4796747967,不放贷,优化模型未选择,0,0,,,,,0,0.5,0.02,0,0,0,0,,funding_cost_0.02_baseline_budget,nominal_equality,False,0.1745511804,funding_cost,mean,0.5,0.5,0.02,4950
E96,***土地整理有限公司,C,elastic_net_logistic,0.8080355745,selected_model_risk_score,1,0.008130081301,不放贷,优化模型未选择,0,0,,,,,0,0.5,0.02,0,0,0,0,,funding_cost_0.02_baseline_budget,nominal_equality,False,0.854739214,funding_cost,mean,0.5,0.5,0.02,4950
E97,***美工装饰部,B,elastic_net_logistic,0.2602897628,selected_model_risk_score,35,0.2845528455,不放贷,优化模型未选择,0,0,,,,,0,0.5,0.02,0,0,0,0,,funding_cost_0.02_baseline_budget,nominal_equality,False,0.3283525845,funding_cost,mean,0.5,0.5,0.02,4950
E98,***文化传播有限公司,B,elastic_net_logistic,0.2814270169,selected_model_risk_score,33,0.2682926829,不放贷,优化模型未选择,0,0,,,,,0,0.5,0.02,0,0,0,0,,funding_cost_0.02_baseline_budget,nominal_equality,False,0.3034353338,funding_cost,mean,0.5,0.5,0.02,4950
E99,***建筑工程有限责任公司,D,elastic_net_logistic,0.5839846822,selected_model_risk_score,10,0.08130081301,不放贷,D级企业原则上不予放贷,0,0,,,,,0,0.5,0.02,0,0,0,0,,funding_cost_0.02_baseline_budget,nominal_equality,False,0.6898712011,funding_cost,mean,0.5,0.5,0.02,4950
E1,***电器销售有限公司,A,elastic_net_logistic,0.05655542179,selected_model_risk_score,104,0.8455284553,放贷,优化模型选择,100,1000000,0.1225,12.25,0.8148090077,0.1851909923,18.51909923,0.5,0.03,2.140288611,0.5236777341,0.5555729769,1.0610379,0.010610379,funding_cost_0.03_baseline_budget,nominal_equality,False,0.0730491674,funding_cost,mean,0.5,0.5,0.03,4950
E10,***建筑劳务有限公司,B,elastic_net_logistic,0.06093491817,selected_model_risk_score,102,0.8292682927,放贷,优化模型选择,100,1000000,0.1185,11.85,0.7692116619,0.2307883381,23.07883381,0.5,0.03,2.568194445,0.7031534248,0.6923650143,1.172676006,0.01172676006,funding_cost_0.03_baseline_budget,nominal_equality,False,0.07833730674,funding_cost,mean,0.5,0.5,0.03,4950
E100,***装饰工程有限公司,D,elastic_net_logistic,0.2578903118,selected_model_risk_score,36,0.2926829268,不放贷,D级企业原则上不予放贷,0,0,,,,,0,0.5,0.03,0,0,0,0,,funding_cost_0.03_baseline_budget,nominal_equality,False,0.3416804479,funding_cost,mean,0.5,0.5,0.03,4950
E101,***灯饰工程有限公司,D,elastic_net_logistic,0.7098560409,selected_model_risk_score,6,0.0487804878,不放贷,D级企业原则上不予放贷,0,0,,,,,0,0.5,0.03,0,0,0,0,,funding_cost_0.03_baseline_budget,nominal_equality,False,0.7897592201,funding_cost,mean,0.5,0.5,0.03,4950
E102,***大药房有限责任公司,D,elastic_net_logistic,0.4733747116,selected_model_risk_score,17,0.1382113821,不放贷,D级企业原则上不予放贷,0,0,,,,,0,0.5,0.03,0,0,0,0,,funding_cost_0.03_baseline_budget,nominal_equality,False,0.6183651775,funding_cost,mean,0.5,0.5,0.03,4950
E103,***科技有限公司,D,elastic_net_logistic,0.4055458126,selected_model_risk_score,22,0.1788617886,不放贷,D级企业原则上不予放贷,0,0,,,,,0,0.5,0.03,0,0,0,0,,funding_cost_0.03_baseline_budget,nominal_equality,False,0.4768661053,funding_cost,mean,0.5,0.5,0.03,4950
E104,***管理咨询有限责任公司,C,elastic_net_logistic,0.5371556855,selected_model_risk_score,14,0.1138211382,不放贷,优化模型未选择,0,0,,,,,0,0.5,0.03,0,0,0,0,,funding_cost_0.03_baseline_budget,nominal_equality,False,0.6048969633,funding_cost,mean,0.5,0.5,0.03,4950
E105,***建材经营部,C,elastic_net_logistic,0.2296735143,selected_model_risk_score,41,0.3333333333,不放贷,优化模型未选择,0,0,,,,,0,0.5,0.03,0,0,0,0,,funding_cost_0.03_baseline_budget,nominal_equality,False,0.3150886304,funding_cost,mean,0.5,0.5,0.03,4950
E106,***财务管理有限公司,B,elastic_net_logistic,0.25387818,selected_model_risk_score,37,0.3008130081,不放贷,优化模型未选择,0,0,,,,,0,0.5,0.03,0,0,0,0,,funding_cost_0.03_baseline_budget,nominal_equality,False,0.2861266308,funding_cost,mean,0.5,0.5,0.03,4950
E107,***科技有限公司,D,elastic_net_logistic,0.6278756036,selected_model_risk_score,8,0.06504065041,不放贷,D级企业原则上不予放贷,0,0,,,,,0,0.5,0.03,0,0,0,0,,funding_cost_0.03_baseline_budget,nominal_equality,False,0.6820972821,funding_cost,mean,0.5,0.5,0.03,4950
E108,***商贸有限公司,D,elastic_net_logistic,0.5221807895,selected_model_risk_score,15,0.1219512195,不放贷,D级企业原则上不予放贷,0,0,,,,,0,0.5,0.03,0,0,0,0,,funding_cost_0.03_baseline_budget,nominal_equality,False,0.6296705299,funding_cost,mean,0.5,0.5,0.03,4950
E109,***服饰有限公司,D,elastic_net_logistic,0.5493640614,selected_model_risk_score,12,0.09756097561,不放贷,D级企业原则上不予放贷,0,0,,,,,0,0.5,0.03,0,0,0,0,,funding_cost_0.03_baseline_budget,nominal_equality,False,0.6102205923,funding_cost,mean,0.5,0.5,0.03,4950
E11,***建设工程有限公司,C,elastic_net_logistic,0.07723891572,selected_model_risk_score,93,0.756097561,放贷,优化模型选择,100,1000000,0.1425,14.25,0.8405321006,0.1594678994,15.94678994,0.5,0.03,2.096898498,0.6158563821,0.4784036982,1.002638417,0.01002638417,funding_cost_0.03_baseline_budget,nominal_equality,False,0.1001763276,funding_cost,mean,0.5,0.5,0.03,4950
E110,***通讯器材经营部,C,elastic_net_logistic,0.5711527053,selected_model_risk_score,11,0.08943089431,不放贷,优化模型未选择,0,0,,,,,0,0.5,0.03,0,0,0,0,,funding_cost_0.03_baseline_budget,nominal_equality,False,0.6124762668,funding_cost,mean,0.5,0.5,0.03,4950
E111,***科技有限公司,D,elastic_net_logistic,0.1919246162,selected_model_risk_score,49,0.3983739837,不放贷,D级企业原则上不予放贷,0,0,,,,,0,0.5,0.03,0,0,0,0,,funding_cost_0.03_baseline_budget,nominal_equality,False,0.3189536769,funding_cost,mean,0.5,0.5,0.03,4950
E112,***机械设备有限公司,D,elastic_net_logistic,0.4170540731,selected_model_risk_score,20,0.162601626,不放贷,D级企业原则上不予放贷,0,0,,,,,0,0.5,0.03,0,0,0,0,,funding_cost_0.03_baseline_budget,nominal_equality,False,0.5129040595,funding_cost,mean,0.5,0.5,0.03,4950
E113,***美居科技有限公司,D,elastic_net_logistic,0.7592451553,selected_model_risk_score,4,0.0325203252,不放贷,D级企业原则上不予放贷,0,0,,,,,0,0.5,0.03,0,0,0,0,,funding_cost_0.03_baseline_budget,nominal_equality,False,0.8315439659,funding_cost,mean,0.5,0.5,0.03,4950
E114,***食品有限责任公司,D,elastic_net_logistic,0.4770804739,selected_model_risk_score,16,0.1300813008,不放贷,D级企业原则上不予放贷,0,0,,,,,0,0.5,0.03,0,0,0,0,,funding_cost_0.03_baseline_budget,nominal_equality,False,0.5421990478,funding_cost,mean,0.5,0.5,0.03,4950
E115,***装饰工程有限公司,D,elastic_net_logistic,0.7835354924,selected_model_risk_score,2,0.0162601626,不放贷,D级企业原则上不予放贷,0,0,,,,,0,0.5,0.03,0,0,0,0,,funding_cost_0.03_baseline_budget,nominal_equality,False,0.8331104651,funding_cost,mean,0.5,0.5,0.03,4950
E116,***门窗有限公司,D,elastic_net_logistic,0.4160885126,selected_model_risk_score,21,0.1707317073,不放贷,D级企业原则上不予放贷,0,0,,,,,0,0.5,0.03,0,0,0,0,,funding_cost_0.03_baseline_budget,nominal_equality,False,0.532859258,funding_cost,mean,0.5,0.5,0.03,4950
E117,***人力资源管理咨询有限公司,D,elastic_net_logistic,0.6343060557,selected_model_risk_score,7,0.05691056911,不放贷,D级企业原则上不予放贷,0,0,,,,,0,0.5,0.03,0,0,0,0,,funding_cost_0.03_baseline_budget,nominal_equality,False,0.7561127553,funding_cost,mean,0.5,0.5,0.03,4950
E118,***体育用品有限公司,D,elastic_net_logistic,0.3859533716,selected_model_risk_score,23,0.1869918699,不放贷,D级企业原则上不予放贷,0,0,,,,,0,0.5,0.03,0,0,0,0,,funding_cost_0.03_baseline_budget,nominal_equality,False,0.4429217794,funding_cost,mean,0.5,0.5,0.03,4950
E119,***药房,D,elastic_net_logistic,0.6253065711,selected_model_risk_score,9,0.07317073171,不放贷,D级企业原则上不予放贷,0,0,,,,,0,0.5,0.03,0,0,0,0,,funding_cost_0.03_baseline_budget,nominal_equality,False,0.6891769584,funding_cost,mean,0.5,0.5,0.03,4950
E12,***建筑劳务有限公司,B,elastic_net_logistic,0.08202986653,selected_model_risk_score,88,0.7154471545,放贷,优化模型选择,100,1000000,0.1425,14.25,0.8439092946,0.1560907054,15.60907054,0.5,0.03,2.041834131,0.6402049865,0.4682721162,0.9333570281,0.009333570281,funding_cost_0.03_baseline_budget,nominal_equality,False,0.1054632903,funding_cost,mean,0.5,0.5,0.03,4950
E120,***陈列广告有限公司,D,elastic_net_logistic,0.721226934,selected_model_risk_score,5,0.0406504065,不放贷,D级企业原则上不予放贷,0,0,,,,,0,0.5,0.03,0,0,0,0,,funding_cost_0.03_baseline_budget,nominal_equality,False,0.7608714869,funding_cost,mean,0.5,0.5,0.03,4950
E121,***药业连锁有限公司***药店,D,elastic_net_logistic,0.4662178212,selected_model_risk_score,18,0.1463414634,不放贷,D级企业原则上不予放贷,0,0,,,,,0,0.5,0.03,0,0,0,0,,funding_cost_0.03_baseline_budget,nominal_equality,False,0.5621951951,funding_cost,mean,0.5,0.5,0.03,4950
E122,***商贸有限责任公司,D,elastic_net_logistic,0.4500783219,selected_model_risk_score,19,0.1544715447,不放贷,D级企业原则上不予放贷,0,0,,,,,0,0.5,0.03,0,0,0,0,,funding_cost_0.03_baseline_budget,nominal_equality,False,0.6021516604,funding_cost,mean,0.5,0.5,0.03,4950
E123,***创科技有限责任公司,D,elastic_net_logistic,0.7819761114,selected_model_risk_score,3,0.0243902439,不放贷,D级企业原则上不予放贷,0,0,,,,,0,0.5,0.03,0,0,0,0,,funding_cost_0.03_baseline_budget,nominal_equality,False,0.8270597923,funding_cost,mean,0.5,0.5,0.03,4950
E13,***汽车贸易有限公司,A,elastic_net_logistic,0.04053604698,selected_model_risk_score,113,0.918699187,放贷,优化模型选择,100,1000000,0.1025,10.25,0.7312754013,0.2687245987,26.87245987,0.5,0.03,2.642773549,0.5446516479,0.8061737961,1.291948105,0.01291948105,funding_cost_0.03_baseline_budget,nominal_equality,False,0.05373417783,funding_cost,mean,0.5,0.5,0.03,4950
E14,个体经营E14,C,elastic_net_logistic,0.03261041867,selected_model_risk_score,117,0.9512195122,放贷,优化模型选择,100,1000000,0.1105,11.05,0.7151023945,0.2848976055,28.48976055,0.5,0.03,3.045457077,0.4645315097,0.8546928165,1.726232751,0.01726232751,funding_cost_0.03_baseline_budget,nominal_equality,False,0.04024201468,funding_cost,mean,0.5,0.5,0.03,4950
E15,***劳务有限公司,A,elastic_net_logistic,0.07381492047,selected_model_risk_score,95,0.7723577236,放贷,优化模型选择,100,1000000,0.1225,12.25,0.8148090077,0.1851909923,18.51909923,0.5,0.03,2.101133891,0.6834929184,0.5555729769,0.8620679953,0.008620679953,funding_cost_0.03_baseline_budget,nominal_equality,False,0.1036254123,funding_cost,mean,0.5,0.5,0.03,4950
E16,***建筑劳务有限公司,A,elastic_net_logistic,0.04998777847,selected_model_risk_score,108,0.8780487805,放贷,优化模型选择,100,1000000,0.1025,10.25,0.7312754013,0.2687245987,26.87245987,0.5,0.03,2.616739443,0.6716472855,0.8061737961,1.138918362,0.01138918362,funding_cost_0.03_baseline_budget,nominal_equality,False,0.0624669862,funding_cost,mean,0.5,0.5,0.03,4950
E17,***消防工程有限公司,A,elastic_net_logistic,0.04649981408,selected_model_risk_score,111,0.9024390244,放贷,优化模型选择,100,1000000,0.1025,10.25,0.7312754013,0.2687245987,26.87245987,0.5,0.03,2.626346787,0.6247821939,0.8061737961,1.195390797,0.01195390797,funding_cost_0.03_baseline_budget,nominal_equality,False,0.05349825243,funding_cost,mean,0.5,0.5,0.03,4950
E18,***消防工程有限责任公司,A,elastic_net_logistic,0.04857513816,selected_model_risk_score,109,0.8861788618,放贷,优化模型选择,100,1000000,0.1025,10.25,0.7312754013,0.2687245987,26.87245987,0.5,0.03,2.620630458,0.6526667254,0.8061737961,1.161789936,0.01161789936,funding_cost_0.03_baseline_budget,nominal_equality,False,0.06117933194,funding_cost,mean,0.5,0.5,0.03,4950
E19,***科技有限公司,A,elastic_net_logistic,0.06543754966,selected_model_risk_score,100,0.8130081301,放贷,优化模型选择,100,1000000,0.1225,12.25,0.8148090077,0.1851909923,18.51909923,0.5,0.03,2.120138707,0.6059222378,0.5555729769,0.9586434928,0.009586434928,funding_cost_0.03_baseline_budget,nominal_equality,False,0.09093656268,funding_cost,mean,0.5,0.5,0.03,4950
E2,***技术有限责任公司,A,elastic_net_logistic,0.02833749753,selected_model_risk_score,119,0.9674796748,放贷,优化模型选择,100,1000000,0.0985,9.85,0.7083020233,0.2916979767,29.16979767,0.5,0.03,2.791805062,0.4132995347,0.8750939301,1.503411597,0.01503411597,funding_cost_0.03_baseline_budget,nominal_equality,False,0.03642833627,funding_cost,mean,0.5,0.5,0.03,4950
E20,***贸易有限公司,B,elastic_net_logistic,0.04546270238,selected_model_risk_score,112,0.9105691057,放贷,优化模型选择,100,1000000,0.1065,10.65,0.7053159925,0.2946840075,29.46840075,0.5,0.03,2.995705231,0.6698565665,0.8840520225,1.441796642,0.01441796642,funding_cost_0.03_baseline_budget,nominal_equality,False,0.06402096704,funding_cost,mean,0.5,0.5,0.03,4950
E21,***建设工程有限公司,B,elastic_net_logistic,0.08415779812,selected_model_risk_score,85,0.6910569106,放贷,优化模型选择,100,1000000,0.1425,14.25,0.8439092946,0.1560907054,15.60907054,0.5,0.03,2.037100988,0.6568125037,0.4682721162,0.9120163685,0.009120163685,funding_cost_0.03_baseline_budget,nominal_equality,False,0.09612822768,funding_cost,mean,0.5,0.5,0.03,4950
E22,***物流有限公司,A,elastic_net_logistic,0.08272431763,selected_model_risk_score,87,0.7073170732,放贷,优化模型选择,100,1000000,0.1225,12.25,0.8148090077,0.1851909923,18.51909923,0.5,0.03,2.080922124,0.7659899235,0.5555729769,0.7593592241,0.007593592241,funding_cost_0.03_baseline_budget,nominal_equality,False,0.09349623574,funding_cost,mean,0.5,0.5,0.03,4950
E23,***贸易有限公司,B,elastic_net_logistic,0.03337482103,selected_model_risk_score,116,0.9430894309,放贷,优化模型选择,100,1000000,0.1065,10.65,0.7053159925,0.2946840075,29.46840075,0.5,0.03,3.033641653,0.4917513005,0.8840520225,1.65783833,0.0165783833,funding_cost_0.03_baseline_budget,nominal_equality,False,0.04082479351,funding_cost,mean,0.5,0.5,0.03,4950
E24,***建筑工程有限公司,A,elastic_net_logistic,0.04702949043,selected_model_risk_score,110,0.8943089431,放贷,优化模型选择,100,1000000,0.1025,10.25,0.7312754013,0.2687245987,26.87245987,0.5,0.03,2.624887832,0.6318990471,0.8061737961,1.186814989,0.01186814989,funding_cost_0.03_baseline_budget,nominal_equality,False,0.06125175229,funding_cost,mean,0.5,0.5,0.03,4950
E25,***通讯设备有限公司,C,elastic_net_logistic,0.08202047653,selected_model_risk_score,89,0.7235772358,放贷,优化模型选择,100,1000000,0.1425,14.25,0.8405321006,0.1594678994,15.94678994,0.5,0.03,2.086032795,0.653981655,0.4784036982,0.9536474416,0.009536474416,funding_cost_0.03_baseline_budget,nominal_equality,False,0.09686547054,funding_cost,mean,0.5,0.5,0.03,4950
E26,***金属材料有限公司,A,elastic_net_logistic,0.1342940789,selected_model_risk_score,61,0.4959349593,不放贷,优化模型未选择,0,0,,,,,0,0.5,0.03,0,0,0,0,,funding_cost_0.03_baseline_budget,nominal_equality,False,0.1782110185,funding_cost,mean,0.5,0.5,0.03,4950
E27,***农业开发有限公司,A,elastic_net_logistic,0.1103832985,selected_model_risk_score,70,0.5691056911,不放贷,优化模型未选择,0,0,,,,,0,0.5,0.03,0,0,0,0,,funding_cost_0.03_baseline_budget,nominal_equality,False,0.1369068444,funding_cost,mean,0.5,0.5,0.03,4950
E28,***景观工程有限公司,B,elastic_net_logistic,0.09966092865,selected_model_risk_score,76,0.6178861789,放贷,优化模型选择,100,1000000,0.1425,14.25,0.8439092946,0.1560907054,15.60907054,0.5,0.03,2.002617491,0.7778072327,0.4682721162,0.7565381417,0.007565381417,funding_cost_0.03_baseline_budget,nominal_equality,False,0.1193350508,funding_cost,mean,0.5,0.5,0.03,4950
E29,***建筑劳务有限公司,C,elastic_net_logistic,0.07253671793,selected_model_risk_score,96,0.7804878049,放贷,优化模型选择,100,1000000,0.1425,14.25,0.8405321006,0.1594678994,15.94678994,0.5,0.03,2.107583854,0.5783639019,0.4784036982,1.050816254,0.01050816254,funding_cost_0.03_baseline_budget,nominal_equality,False,0.08548890218,funding_cost,mean,0.5,0.5,0.03,4950
E3,***电子(中国)有限公司***分公司,C,elastic_net_logistic,0.02153611417,selected_model_risk_score,123,1,放贷,优化模型选择,100,1000000,0.0905,9.05,0.5900970447,0.4099029553,40.99029553,0.5,0.03,3.629730908,0.4413858422,1.229708866,1.9586362,0.019586362,funding_cost_0.03_baseline_budget,nominal_equality,False,0.025281018,funding_cost,mean,0.5,0.5,0.03,4950
E30,***建筑工程有限公司,B,elastic_net_logistic,0.07713913412,selected_model_risk_score,94,0.7642276423,放贷,优化模型选择,100,1000000,0.1425,14.25,0.8439092946,0.1560907054,15.60907054,0.5,0.03,2.05271255,0.6020350929,0.4682721162,0.9824053413,0.009824053413,funding_cost_0.03_baseline_budget,nominal_equality,False,0.1024182862,funding_cost,mean,0.5,0.5,0.03,4950
E31,***食品有限公司,A,elastic_net_logistic,0.0367643069,selected_model_risk_score,115,0.9349593496,放贷,优化模型选择,100,1000000,0.0985,9.85,0.7083020233,0.2916979767,29.16979767,0.5,0.03,2.767592942,0.5362036969,0.8750939301,1.356295315,0.01356295315,funding_cost_0.03_baseline_budget,nominal_equality,False,0.04188668071,funding_cost,mean,0.5,0.5,0.03,4950
E32,***建筑劳务有限公司,B,elastic_net_logistic,0.09279588464,selected_model_risk_score,79,0.6422764228,放贷,优化模型选择,100,1000000,0.1425,14.25,0.8439092946,0.1560907054,15.60907054,0.5,0.03,2.017887357,0.7242287546,0.4682721162,0.8253864861,0.008253864861,funding_cost_0.03_baseline_budget,nominal_equality,False,0.104597557,funding_cost,mean,0.5,0.5,0.03,4950
E33,***园林有限责任公司,B,elastic_net_logistic,0.09823760896,selected_model_risk_score,77,0.6260162602,放贷,优化模型选择,100,1000000,0.1425,14.25,0.8439092946,0.1560907054,15.60907054,0.5,0.03,2.00578337,0.766698884,0.4682721162,0.7708123699,0.007708123699,funding_cost_0.03_baseline_budget,nominal_equality,False,0.1158892222,funding_cost,mean,0.5,0.5,0.03,4950
E34,***建设工程有限公司,B,elastic_net_logistic,0.1015652078,selected_model_risk_score,75,0.6097560976,放贷,优化模型选择,100,1000000,0.1425,14.25,0.8439092946,0.1560907054,15.60907054,0.5,0.03,1.998381817,0.7926692465,0.4682721162,0.737440454,0.00737440454,funding_cost_0.03_baseline_budget,nominal_equality,False,0.1393444528,funding_cost,mean,0.5,0.5,0.03,4950
E35,***商贸有限公司,B,elastic_net_logistic,0.08567951436,selected_model_risk_score,83,0.674796748,放贷,优化模型选择,100,1000000,0.1425,14.25,0.8439092946,0.1560907054,15.60907054,0.5,0.03,2.033716246,0.6686887917,0.4682721162,0.8967553384,0.008967553384,funding_cost_0.03_baseline_budget,nominal_equality,False,0.1006056864,funding_cost,mean,0.5,0.5,0.03,4950
E36,***超硬材料有限公司,D,elastic_net_logistic,0.05081789908,selected_model_risk_score,107,0.8699186992,不放贷,D级企业原则上不予放贷,0,0,,,,,0,0.5,0.03,0,0,0,0,,funding_cost_0.03_baseline_budget,nominal_equality,False,0.06163613971,funding_cost,mean,0.5,0.5,0.03,4950
E37,***木业有限公司,B,elastic_net_logistic,0.084549486,selected_model_risk_score,84,0.6829268293,放贷,优化模型选择,100,1000000,0.1425,14.25,0.8439092946,0.1560907054,15.60907054,0.5,0.03,2.03622976,0.6598694455,0.4682721162,0.9080881982,0.009080881982,funding_cost_0.03_baseline_budget,nominal_equality,False,0.1088428529,funding_cost,mean,0.5,0.5,0.03,4950
E38,***建设工程有限公司,B,elastic_net_logistic,0.1218095512,selected_model_risk_score,63,0.512195122,不放贷,优化模型未选择,0,0,,,,,0,0.5,0.03,0,0,0,0,,funding_cost_0.03_baseline_budget,nominal_equality,False,0.1460270212,funding_cost,mean,0.5,0.5,0.03,4950
E39,***建筑劳务有限公司,C,elastic_net_logistic,0.1815109557,selected_model_risk_score,52,0.4227642276,不放贷,优化模型未选择,0,0,,,,,0,0.5,0.03,0,0,0,0,,funding_cost_0.03_baseline_budget,nominal_equality,False,0.2307578892,funding_cost,mean,0.5,0.5,0.03,4950
E4,***发展有限责任公司,C,elastic_net_logistic,0.03106769432,selected_model_risk_score,118,0.9593495935,放贷,优化模型选择,100,1000000,0.1105,11.05,0.7151023945,0.2848976055,28.48976055,0.5,0.03,3.050313756,0.442555586,0.8546928165,1.753065354,0.01753065354,funding_cost_0.03_baseline_budget,nominal_equality,False,0.04400979025,funding_cost,mean,0.5,0.5,0.03,4950
E40,***财税咨询服务有限公司,C,elastic_net_logistic,0.08113873174,selected_model_risk_score,90,0.7317073171,放贷,优化模型选择,100,1000000,0.1425,14.25,0.8405321006,0.1594678994,15.94678994,0.5,0.03,2.088036487,0.6469511555,0.4784036982,0.9626816334,0.009626816334,funding_cost_0.03_baseline_budget,nominal_equality,False,0.09293248415,funding_cost,mean,0.5,0.5,0.03,4950
E41,***物业发展有限公司,C,elastic_net_logistic,0.07916167381,selected_model_risk_score,91,0.7398373984,放贷,优化模型选择,100,1000000,0.1425,14.25,0.8405321006,0.1594678994,15.94678994,0.5,0.03,2.092529188,0.6311872918,0.4784036982,0.9829381983,0.009829381983,funding_cost_0.03_baseline_budget,nominal_equality,False,0.09683047914,funding_cost,mean,0.5,0.5,0.03,4950
E42,***园艺场,A,elastic_net_logistic,0.1200846128,selected_model_risk_score,66,0.5365853659,不放贷,优化模型未选择,0,0,,,,,0,0.5,0.03,0,0,0,0,,funding_cost_0.03_baseline_budget,nominal_equality,False,0.1475914741,funding_cost,mean,0.5,0.5,0.03,4950
E43,***建设工程有限公司,B,elastic_net_logistic,0.1927952664,selected_model_risk_score,48,0.3902439024,不放贷,优化模型未选择,0,0,,,,,0,0.5,0.03,0,0,0,0,,funding_cost_0.03_baseline_budget,nominal_equality,False,0.2145282193,funding_cost,mean,0.5,0.5,0.03,4950
E44,***商贸有限公司,C,elastic_net_logistic,0.08616234673,selected_model_risk_score,82,0.6666666667,放贷,优化模型选择,100,1000000,0.1425,14.25,0.8405321006,0.1594678994,15.94678994,0.5,0.03,2.076620736,0.687006422,0.4784036982,0.911210616,0.00911210616,funding_cost_0.03_baseline_budget,nominal_equality,False,0.1035354806,funding_cost,mean,0.5,0.5,0.03,4950
E45,个体经营E45,B,elastic_net_logistic,0.1068056002,selected_model_risk_score,73,0.593495935,不放贷,优化模型未选择,0,0,,,,,0,0.5,0.03,0,0,0,0,,funding_cost_0.03_baseline_budget,nominal_equality,False,0.1219197504,funding_cost,mean,0.5,0.5,0.03,4950
E46,***广告传媒有限公司,C,elastic_net_logistic,0.05276002815,selected_model_risk_score,105,0.8536585366,放贷,优化模型选择,100,1000000,0.1105,11.05,0.7151023945,0.2848976055,28.48976055,0.5,0.03,2.982023718,0.7515602843,0.8546928165,1.375770617,0.01375770617,funding_cost_0.03_baseline_budget,nominal_equality,False,0.06245378683,funding_cost,mean,0.5,0.5,0.03,4950
E47,***控制设备有限责任公司,C,elastic_net_logistic,0.05124807767,selected_model_risk_score,106,0.8617886179,放贷,优化模型选择,100,1000000,0.1105,11.05,0.7151023945,0.2848976055,28.48976055,0.5,0.03,2.986783517,0.7300227307,0.8546928165,1.40206797,0.0140206797,funding_cost_0.03_baseline_budget,nominal_equality,False,0.05822355401,funding_cost,mean,0.5,0.5,0.03,4950
E48,***化工有限公司,A,elastic_net_logistic,0.07070577235,selected_model_risk_score,97,0.7886178862,放贷,优化模型选择,100,1000000,0.1225,12.25,0.8148090077,0.1851909923,18.51909923,0.5,0.03,2.108187272,0.6547036071,0.5555729769,0.8979106879,0.008979106879,funding_cost_0.03_baseline_budget,nominal_equality,False,0.08921054517,funding_cost,mean,0.5,0.5,0.03,4950
E49,***地球环保科技有限公司,C,elastic_net_logistic,0.09803729486,selected_model_risk_score,78,0.6341463415,放贷,优化模型选择,100,1000000,0.1425,14.25,0.8405321006,0.1594678994,15.94678994,0.5,0.03,2.049635895,0.7816900737,0.4784036982,0.7895421235,0.007895421235,funding_cost_0.03_baseline_budget,nominal_equality,False,0.1105965348,funding_cost,mean,0.5,0.5,0.03,4950
E5,***供应链管理有限公司,B,elastic_net_logistic,0.05668387407,selected_model_risk_score,103,0.837398374,放贷,优化模型选择,100,1000000,0.1065,10.65,0.7053159925,0.2946840075,29.46840075,0.5,0.03,2.960488878,0.8351915586,0.8840520225,1.241245297,0.01241245297,funding_cost_0.03_baseline_budget,nominal_equality,False,0.07330978844,funding_cost,mean,0.5,0.5,0.03,4950
E50,***建筑劳务有限公司,C,elastic_net_logistic,0.1692453772,selected_model_risk_score,54,0.4390243902,不放贷,优化模型未选择,0,0,,,,,0,0.5,0.03,0,0,0,0,,funding_cost_0.03_baseline_budget,nominal_equality,False,0.2040258114,funding_cost,mean,0.5,0.5,0.03,4950
E51,***物流有限公司,B,elastic_net_logistic,0.0697365828,selected_model_risk_score,98,0.7967479675,放贷,优化模型选择,100,1000000,0.1425,14.25,0.8439092946,0.1560907054,15.60907054,0.5,0.03,2.06917799,0.5442616201,0.4682721162,1.056644254,0.01056644254,funding_cost_0.03_baseline_budget,nominal_equality,False,0.07874952738,funding_cost,mean,0.5,0.5,0.03,4950
E52,***商贸有限公司,D,elastic_net_logistic,0.2136303318,selected_model_risk_score,44,0.3577235772,不放贷,D级企业原则上不予放贷,0,0,,,,,0,0.5,0.03,0,0,0,0,,funding_cost_0.03_baseline_budget,nominal_equality,False,0.2416471762,funding_cost,mean,0.5,0.5,0.03,4950
E53,***文化传媒有限公司,C,elastic_net_logistic,0.107156181,selected_model_risk_score,71,0.5772357724,不放贷,优化模型未选择,0,0,,,,,0,0.5,0.03,0,0,0,0,,funding_cost_0.03_baseline_budget,nominal_equality,False,0.1294528809,funding_cost,mean,0.5,0.5,0.03,4950
E54,***新技术开发有限公司,A,elastic_net_logistic,0.06439978133,selected_model_risk_score,101,0.8211382114,放贷,优化模型选择,100,1000000,0.1225,12.25,0.8148090077,0.1851909923,18.51909923,0.5,0.03,2.122492978,0.5963129704,0.5555729769,0.9706070306,0.009706070306,funding_cost_0.03_baseline_budget,nominal_equality,False,0.08481402429,funding_cost,mean,0.5,0.5,0.03,4950
E55,***集团有限公司***电力设备分公司,C,elastic_net_logistic,0.1835760094,selected_model_risk_score,51,0.4146341463,不放贷,优化模型未选择,0,0,,,,,0,0.5,0.03,0,0,0,0,,funding_cost_0.03_baseline_budget,nominal_equality,False,0.2408611135,funding_cost,mean,0.5,0.5,0.03,4950
E56,***家居材料***有限公司,C,elastic_net_logistic,0.08755638262,selected_model_risk_score,81,0.6585365854,放贷,优化模型选择,100,1000000,0.1425,14.25,0.8405321006,0.1594678994,15.94678994,0.5,0.03,2.073452905,0.6981216208,0.4784036982,0.8969275856,0.008969275856,funding_cost_0.03_baseline_budget,nominal_equality,False,0.1073776577,funding_cost,mean,0.5,0.5,0.03,4950
E57,***机械设备有限公司,B,elastic_net_logistic,0.1025680758,selected_model_risk_score,74,0.6016260163,放贷,优化模型选择,100,1000000,0.1425,14.25,0.8439092946,0.1560907054,15.60907054,0.5,0.03,1.996151145,0.8004961652,0.4682721162,0.7273828635,0.007273828635,funding_cost_0.03_baseline_budget,nominal_equality,False,0.1291130293,funding_cost,mean,0.5,0.5,0.03,4950
E58,***油气工程建设有限责任公司,B,elastic_net_logistic,0.1498825704,selected_model_risk_score,58,0.4715447154,不放贷,优化模型未选择,0,0,,,,,0,0.5,0.03,0,0,0,0,,funding_cost_0.03_baseline_budget,nominal_equality,False,0.166452668,funding_cost,mean,0.5,0.5,0.03,4950
E59,***商贸有限公司,A,elastic_net_logistic,0.06896464342,selected_model_risk_score,99,0.8048780488,放贷,优化模型选择,100,1000000,0.1225,12.25,0.8148090077,0.1851909923,18.51909923,0.5,0.03,2.112137179,0.6385815374,0.5555729769,0.9179826647,0.009179826647,funding_cost_0.03_baseline_budget,nominal_equality,False,0.07641618763,funding_cost,mean,0.5,0.5,0.03,4950
E6,***装饰设计工程有限公司,A,elastic_net_logistic,0.03828902106,selected_model_risk_score,114,0.9268292683,放贷,优化模型选择,100,1000000,0.0985,9.85,0.7083020233,0.2916979767,29.16979767,0.5,0.03,2.763212095,0.5584414987,0.8750939301,1.329676667,0.01329676667,funding_cost_0.03_baseline_budget,nominal_equality,False,0.04389193776,funding_cost,mean,0.5,0.5,0.03,4950
E60,***机械租赁有限公司,B,elastic_net_logistic,0.2143912442,selected_model_risk_score,43,0.3495934959,不放贷,优化模型未选择,0,0,,,,,0,0.5,0.03,0,0,0,0,,funding_cost_0.03_baseline_budget,nominal_equality,False,0.2335825691,funding_cost,mean,0.5,0.5,0.03,4950
E61,***调味品有限公司,B,elastic_net_logistic,0.07788330382,selected_model_risk_score,92,0.7479674797,放贷,优化模型选择,100,1000000,0.1425,14.25,0.8439092946,0.1560907054,15.60907054,0.5,0.03,2.051057299,0.6078429916,0.4682721162,0.9749421915,0.009749421915,funding_cost_0.03_baseline_budget,nominal_equality,False,0.09484916536,funding_cost,mean,0.5,0.5,0.03,4950
E62,***工程造价咨询有限公司***分公司,B,elastic_net_logistic,0.1214523958,selected_model_risk_score,64,0.5203252033,不放贷,优化模型未选择,0,0,,,,,0,0.5,0.03,0,0,0,0,,funding_cost_0.03_baseline_budget,nominal_equality,False,0.1450170246,funding_cost,mean,0.5,0.5,0.03,4950
E63,***科技有限公司,B,elastic_net_logistic,0.08368298573,selected_model_risk_score,86,0.6991869919,放贷,优化模型选择,100,1000000,0.1425,14.25,0.8439092946,0.1560907054,15.60907054,0.5,0.03,2.03815711,0.6531068136,0.4682721162,0.9167781802,0.009167781802,funding_cost_0.03_baseline_budget,nominal_equality,False,0.1084106096,funding_cost,mean,0.5,0.5,0.03,4950
E64,***图书有限责任公司,A,elastic_net_logistic,0.1124750355,selected_model_risk_score,69,0.5609756098,不放贷,优化模型未选择,0,0,,,,,0,0.5,0.03,0,0,0,0,,funding_cost_0.03_baseline_budget,nominal_equality,False,0.1209520698,funding_cost,mean,0.5,0.5,0.03,4950
E65,***商贸有限公司,B,elastic_net_logistic,0.0894097801,selected_model_risk_score,80,0.6504065041,放贷,优化模型选择,100,1000000,0.1425,14.25,0.8439092946,0.1560907054,15.60907054,0.5,0.03,2.025419044,0.6978017823,0.4682721162,0.8593451455,0.008593451455,funding_cost_0.03_baseline_budget,nominal_equality,False,0.1016662421,funding_cost,mean,0.5,0.5,0.03,4950
E66,***快递有限公司,B,elastic_net_logistic,0.2947622952,selected_model_risk_score,30,0.243902439,不放贷,优化模型未选择,0,0,,,,,0,0.5,0.03,0,0,0,0,,funding_cost_0.03_baseline_budget,nominal_equality,False,0.3741353375,funding_cost,mean,0.5,0.5,0.03,4950
E67,***信息技术有限公司,B,elastic_net_logistic,0.1845447393,selected_model_risk_score,50,0.406504065,不放贷,优化模型未选择,0,0,,,,,0,0.5,0.03,0,0,0,0,,funding_cost_0.03_baseline_budget,nominal_equality,False,0.2088292217,funding_cost,mean,0.5,0.5,0.03,4950
E68,***花木总公司,C,elastic_net_logistic,0.3380718151,selected_model_risk_score,28,0.2276422764,不放贷,优化模型未选择,0,0,,,,,0,0.5,0.03,0,0,0,0,,funding_cost_0.03_baseline_budget,nominal_equality,False,0.3824767947,funding_cost,mean,0.5,0.5,0.03,4950
E69,***电子器材经营部,C,elastic_net_logistic,0.2503652668,selected_model_risk_score,38,0.3089430894,不放贷,优化模型未选择,0,0,,,,,0,0.5,0.03,0,0,0,0,,funding_cost_0.03_baseline_budget,nominal_equality,False,0.3207126735,funding_cost,mean,0.5,0.5,0.03,4950
E7,***家电有限公司***分公司,A,elastic_net_logistic,0.02580342326,selected_model_risk_score,121,0.9837398374,放贷,优化模型选择,100,1000000,0.0985,9.85,0.7083020233,0.2916979767,29.16979767,0.5,0.03,2.799086028,0.3763403178,0.8750939301,1.54765178,0.0154765178,funding_cost_0.03_baseline_budget,nominal_equality,False,0.03436137967,funding_cost,mean,0.5,0.5,0.03,4950
E70,***科技有限公司,B,elastic_net_logistic,0.1379471805,selected_model_risk_score,60,0.487804878,不放贷,优化模型未选择,0,0,,,,,0,0.5,0.03,0,0,0,0,,funding_cost_0.03_baseline_budget,nominal_equality,False,0.1557212843,funding_cost,mean,0.5,0.5,0.03,4950
E71,***农业科技有限公司,B,elastic_net_logistic,0.2041897012,selected_model_risk_score,45,0.3658536585,不放贷,优化模型未选择,0,0,,,,,0,0.5,0.03,0,0,0,0,,funding_cost_0.03_baseline_budget,nominal_equality,False,0.2461670708,funding_cost,mean,0.5,0.5,0.03,4950
E72,***图书有限公司,C,elastic_net_logistic,0.2897171126,selected_model_risk_score,32,0.2601626016,不放贷,优化模型未选择,0,0,,,,,0,0.5,0.03,0,0,0,0,,funding_cost_0.03_baseline_budget,nominal_equality,False,0.3383260035,funding_cost,mean,0.5,0.5,0.03,4950
E73,***商贸有限责任公司,C,elastic_net_logistic,0.1183311273,selected_model_risk_score,67,0.5447154472,不放贷,优化模型未选择,0,0,,,,,0,0.5,0.03,0,0,0,0,,funding_cost_0.03_baseline_budget,nominal_equality,False,0.150943928,funding_cost,mean,0.5,0.5,0.03,4950
E74,***蔬菜专业合作社,B,elastic_net_logistic,0.1539591335,selected_model_risk_score,56,0.4552845528,不放贷,优化模型未选择,0,0,,,,,0,0.5,0.03,0,0,0,0,,funding_cost_0.03_baseline_budget,nominal_equality,False,0.1754997095,funding_cost,mean,0.5,0.5,0.03,4950
E75,***酒店管理有限公司,C,elastic_net_logistic,0.1070850165,selected_model_risk_score,72,0.5853658537,放贷,优化模型选择,50,500000,0.1425,14.25,0.8405321006,0.1594678994,7.97339497,0.5,0.03,1.014537847,0.426915566,0.2392018491,0.3484204319,0.006968408637,funding_cost_0.03_baseline_budget,nominal_equality,False,0.1282680192,funding_cost,mean,0.5,0.5,0.03,4950
E76,***信息科技有限公司,B,elastic_net_logistic,0.1706660196,selected_model_risk_score,53,0.4308943089,不放贷,优化模型未选择,0,0,,,,,0,0.5,0.03,0,0,0,0,,funding_cost_0.03_baseline_budget,nominal_equality,False,0.1979402602,funding_cost,mean,0.5,0.5,0.03,4950
E77,***机电设备有限公司,C,elastic_net_logistic,0.3665492679,selected_model_risk_score,25,0.2032520325,不放贷,优化模型未选择,0,0,,,,,0,0.5,0.03,0,0,0,0,,funding_cost_0.03_baseline_budget,nominal_equality,False,0.4663549766,funding_cost,mean,0.5,0.5,0.03,4950
E78,个体经营E78,C,elastic_net_logistic,0.1211539626,selected_model_risk_score,65,0.5284552846,不放贷,优化模型未选择,0,0,,,,,0,0.5,0.03,0,0,0,0,,funding_cost_0.03_baseline_budget,nominal_equality,False,0.1481587806,funding_cost,mean,0.5,0.5,0.03,4950
E79,***鞋业有限公司,B,elastic_net_logistic,0.2025177165,selected_model_risk_score,46,0.3739837398,不放贷,优化模型未选择,0,0,,,,,0,0.5,0.03,0,0,0,0,,funding_cost_0.03_baseline_budget,nominal_equality,False,0.2207361419,funding_cost,mean,0.5,0.5,0.03,4950
E8,***科学研究院有限公司,A,elastic_net_logistic,0.02606005345,selected_model_risk_score,120,0.9756097561,放贷,优化模型选择,100,1000000,0.0985,9.85,0.7083020233,0.2916979767,29.16979767,0.5,0.03,2.798348672,0.3800832432,0.8750939301,1.543171498,0.01543171498,funding_cost_0.03_baseline_budget,nominal_equality,False,0.03439017911,funding_cost,mean,0.5,0.5,0.03,4950
E80,***实业有限责任公司,C,elastic_net_logistic,0.3432370641,selected_model_risk_score,26,0.2113821138,不放贷,优化模型未选择,0,0,,,,,0,0.5,0.03,0,0,0,0,,funding_cost_0.03_baseline_budget,nominal_equality,False,0.3865190631,funding_cost,mean,0.5,0.5,0.03,4950
E81,***机械设备有限公司,A,elastic_net_logistic,0.1154202468,selected_model_risk_score,68,0.5528455285,不放贷,优化模型未选择,0,0,,,,,0,0.5,0.03,0,0,0,0,,funding_cost_0.03_baseline_budget,nominal_equality,False,0.1339413155,funding_cost,mean,0.5,0.5,0.03,4950
E82,***商贸有限公司,D,elastic_net_logistic,0.194614899,selected_model_risk_score,47,0.3821138211,不放贷,D级企业原则上不予放贷,0,0,,,,,0,0.5,0.03,0,0,0,0,,funding_cost_0.03_baseline_budget,nominal_equality,False,0.2318618526,funding_cost,mean,0.5,0.5,0.03,4950
E83,***社会福利院（***社会福利社会化服务中心）,B,elastic_net_logistic,0.5444532255,selected_model_risk_score,13,0.1056910569,不放贷,优化模型未选择,0,0,,,,,0,0.5,0.03,0,0,0,0,,funding_cost_0.03_baseline_budget,nominal_equality,False,0.6237840466,funding_cost,mean,0.5,0.5,0.03,4950
E84,***建材有限公司,A,elastic_net_logistic,0.1532688251,selected_model_risk_score,57,0.4634146341,不放贷,优化模型未选择,0,0,,,,,0,0.5,0.03,0,0,0,0,,funding_cost_0.03_baseline_budget,nominal_equality,False,0.1694921296,funding_cost,mean,0.5,0.5,0.03,4950
E85,***安防科技有限公司,B,elastic_net_logistic,0.2264316686,selected_model_risk_score,42,0.3414634146,不放贷,优化模型未选择,0,0,,,,,0,0.5,0.03,0,0,0,0,,funding_cost_0.03_baseline_budget,nominal_equality,False,0.2483347601,funding_cost,mean,0.5,0.5,0.03,4950
E86,***地质工程勘察院***分院,C,elastic_net_logistic,0.2808208394,selected_model_risk_score,34,0.2764227642,不放贷,优化模型未选择,0,0,,,,,0,0.5,0.03,0,0,0,0,,funding_cost_0.03_baseline_budget,nominal_equality,False,0.3548090468,funding_cost,mean,0.5,0.5,0.03,4950
E87,***实业有限责任公司,C,elastic_net_logistic,0.234076271,selected_model_risk_score,40,0.325203252,不放贷,优化模型未选择,0,0,,,,,0,0.5,0.03,0,0,0,0,,funding_cost_0.03_baseline_budget,nominal_equality,False,0.2796569295,funding_cost,mean,0.5,0.5,0.03,4950
E88,***贸易有限公司,A,elastic_net_logistic,0.1654327803,selected_model_risk_score,55,0.4471544715,不放贷,优化模型未选择,0,0,,,,,0,0.5,0.03,0,0,0,0,,funding_cost_0.03_baseline_budget,nominal_equality,False,0.189066442,funding_cost,mean,0.5,0.5,0.03,4950
E89,***物资有限公司,A,elastic_net_logistic,0.3344336244,selected_model_risk_score,29,0.2357723577,不放贷,优化模型未选择,0,0,,,,,0,0.5,0.03,0,0,0,0,,funding_cost_0.03_baseline_budget,nominal_equality,False,0.3672701532,funding_cost,mean,0.5,0.5,0.03,4950
E9,***生活用品服务有限公司***分公司,A,elastic_net_logistic,0.02174866462,selected_model_risk_score,122,0.9918699187,放贷,优化模型选择,100,1000000,0.0985,9.85,0.7083020233,0.2916979767,29.16979767,0.5,0.03,2.810736262,0.3172020733,0.8750939301,1.618440259,0.01618440259,funding_cost_0.03_baseline_budget,nominal_equality,False,0.02531048472,funding_cost,mean,0.5,0.5,0.03,4950
E90,***文化传媒有限责任公司,C,elastic_net_logistic,0.2928954659,selected_model_risk_score,31,0.2520325203,不放贷,优化模型未选择,0,0,,,,,0,0.5,0.03,0,0,0,0,,funding_cost_0.03_baseline_budget,nominal_equality,False,0.3272754126,funding_cost,mean,0.5,0.5,0.03,4950
E91,***科技实业有限公司,A,elastic_net_logistic,0.123879862,selected_model_risk_score,62,0.5040650407,不放贷,优化模型未选择,0,0,,,,,0,0.5,0.03,0,0,0,0,,funding_cost_0.03_baseline_budget,nominal_equality,False,0.1563985381,funding_cost,mean,0.5,0.5,0.03,4950
E92,***地质灾害防治有限公司,C,elastic_net_logistic,0.3701163354,selected_model_risk_score,24,0.1951219512,不放贷,优化模型未选择,0,0,,,,,0,0.5,0.03,0,0,0,0,,funding_cost_0.03_baseline_budget,nominal_equality,False,0.4190045907,funding_cost,mean,0.5,0.5,0.03,4950
E93,***电脑设计事务所,B,elastic_net_logistic,0.2376719561,selected_model_risk_score,39,0.3170731707,不放贷,优化模型未选择,0,0,,,,,0,0.5,0.03,0,0,0,0,,funding_cost_0.03_baseline_budget,nominal_equality,False,0.2575297987,funding_cost,mean,0.5,0.5,0.03,4950
E94,***汽车美容有限公司,C,elastic_net_logistic,0.3420261826,selected_model_risk_score,27,0.2195121951,不放贷,优化模型未选择,0,0,,,,,0,0.5,0.03,0,0,0,0,,funding_cost_0.03_baseline_budget,nominal_equality,False,0.3879661601,funding_cost,mean,0.5,0.5,0.03,4950
E95,***兰花店,B,elastic_net_logistic,0.1441316116,selected_model_risk_score,59,0.4796747967,不放贷,优化模型未选择,0,0,,,,,0,0.5,0.03,0,0,0,0,,funding_cost_0.03_baseline_budget,nominal_equality,False,0.1745511804,funding_cost,mean,0.5,0.5,0.03,4950
E96,***土地整理有限公司,C,elastic_net_logistic,0.8080355745,selected_model_risk_score,1,0.008130081301,不放贷,优化模型未选择,0,0,,,,,0,0.5,0.03,0,0,0,0,,funding_cost_0.03_baseline_budget,nominal_equality,False,0.854739214,funding_cost,mean,0.5,0.5,0.03,4950
E97,***美工装饰部,B,elastic_net_logistic,0.2602897628,selected_model_risk_score,35,0.2845528455,不放贷,优化模型未选择,0,0,,,,,0,0.5,0.03,0,0,0,0,,funding_cost_0.03_baseline_budget,nominal_equality,False,0.3283525845,funding_cost,mean,0.5,0.5,0.03,4950
E98,***文化传播有限公司,B,elastic_net_logistic,0.2814270169,selected_model_risk_score,33,0.2682926829,不放贷,优化模型未选择,0,0,,,,,0,0.5,0.03,0,0,0,0,,funding_cost_0.03_baseline_budget,nominal_equality,False,0.3034353338,funding_cost,mean,0.5,0.5,0.03,4950
E99,***建筑工程有限责任公司,D,elastic_net_logistic,0.5839846822,selected_model_risk_score,10,0.08130081301,不放贷,D级企业原则上不予放贷,0,0,,,,,0,0.5,0.03,0,0,0,0,,funding_cost_0.03_baseline_budget,nominal_equality,False,0.6898712011,funding_cost,mean,0.5,0.5,0.03,4950
E1,***电器销售有限公司,A,elastic_net_logistic,0.05655542179,selected_model_risk_score,104,0.8455284553,放贷,优化模型选择,100,1000000,0.1225,12.25,0.8148090077,0.1851909923,18.51909923,0.5,0.04,2.140288611,0.5236777341,0.7407639692,0.8758469076,0.008758469076,funding_cost_0.04_baseline_budget,nominal_equality,False,0.0730491674,funding_cost,mean,0.5,0.5,0.04,4950
E10,***建筑劳务有限公司,B,elastic_net_logistic,0.06093491817,selected_model_risk_score,102,0.8292682927,放贷,优化模型选择,100,1000000,0.1425,14.25,0.8439092946,0.1560907054,15.60907054,0.5,0.04,2.088755467,0.475568718,0.6243628216,0.9888239277,0.009888239277,funding_cost_0.04_baseline_budget,nominal_equality,False,0.07833730674,funding_cost,mean,0.5,0.5,0.04,4950
E100,***装饰工程有限公司,D,elastic_net_logistic,0.2578903118,selected_model_risk_score,36,0.2926829268,不放贷,D级企业原则上不予放贷,0,0,,,,,0,0.5,0.04,0,0,0,0,,funding_cost_0.04_baseline_budget,nominal_equality,False,0.3416804479,funding_cost,mean,0.5,0.5,0.04,4950
E101,***灯饰工程有限公司,D,elastic_net_logistic,0.7098560409,selected_model_risk_score,6,0.0487804878,不放贷,D级企业原则上不予放贷,0,0,,,,,0,0.5,0.04,0,0,0,0,,funding_cost_0.04_baseline_budget,nominal_equality,False,0.7897592201,funding_cost,mean,0.5,0.5,0.04,4950
E102,***大药房有限责任公司,D,elastic_net_logistic,0.4733747116,selected_model_risk_score,17,0.1382113821,不放贷,D级企业原则上不予放贷,0,0,,,,,0,0.5,0.04,0,0,0,0,,funding_cost_0.04_baseline_budget,nominal_equality,False,0.6183651775,funding_cost,mean,0.5,0.5,0.04,4950
E103,***科技有限公司,D,elastic_net_logistic,0.4055458126,selected_model_risk_score,22,0.1788617886,不放贷,D级企业原则上不予放贷,0,0,,,,,0,0.5,0.04,0,0,0,0,,funding_cost_0.04_baseline_budget,nominal_equality,False,0.4768661053,funding_cost,mean,0.5,0.5,0.04,4950
E104,***管理咨询有限责任公司,C,elastic_net_logistic,0.5371556855,selected_model_risk_score,14,0.1138211382,不放贷,优化模型未选择,0,0,,,,,0,0.5,0.04,0,0,0,0,,funding_cost_0.04_baseline_budget,nominal_equality,False,0.6048969633,funding_cost,mean,0.5,0.5,0.04,4950
E105,***建材经营部,C,elastic_net_logistic,0.2296735143,selected_model_risk_score,41,0.3333333333,不放贷,优化模型未选择,0,0,,,,,0,0.5,0.04,0,0,0,0,,funding_cost_0.04_baseline_budget,nominal_equality,False,0.3150886304,funding_cost,mean,0.5,0.5,0.04,4950
E106,***财务管理有限公司,B,elastic_net_logistic,0.25387818,selected_model_risk_score,37,0.3008130081,不放贷,优化模型未选择,0,0,,,,,0,0.5,0.04,0,0,0,0,,funding_cost_0.04_baseline_budget,nominal_equality,False,0.2861266308,funding_cost,mean,0.5,0.5,0.04,4950
E107,***科技有限公司,D,elastic_net_logistic,0.6278756036,selected_model_risk_score,8,0.06504065041,不放贷,D级企业原则上不予放贷,0,0,,,,,0,0.5,0.04,0,0,0,0,,funding_cost_0.04_baseline_budget,nominal_equality,False,0.6820972821,funding_cost,mean,0.5,0.5,0.04,4950
E108,***商贸有限公司,D,elastic_net_logistic,0.5221807895,selected_model_risk_score,15,0.1219512195,不放贷,D级企业原则上不予放贷,0,0,,,,,0,0.5,0.04,0,0,0,0,,funding_cost_0.04_baseline_budget,nominal_equality,False,0.6296705299,funding_cost,mean,0.5,0.5,0.04,4950
E109,***服饰有限公司,D,elastic_net_logistic,0.5493640614,selected_model_risk_score,12,0.09756097561,不放贷,D级企业原则上不予放贷,0,0,,,,,0,0.5,0.04,0,0,0,0,,funding_cost_0.04_baseline_budget,nominal_equality,False,0.6102205923,funding_cost,mean,0.5,0.5,0.04,4950
E11,***建设工程有限公司,C,elastic_net_logistic,0.07723891572,selected_model_risk_score,93,0.756097561,放贷,优化模型选择,100,1000000,0.1425,14.25,0.8405321006,0.1594678994,15.94678994,0.5,0.04,2.096898498,0.6158563821,0.6378715976,0.8431705179,0.008431705179,funding_cost_0.04_baseline_budget,nominal_equality,False,0.1001763276,funding_cost,mean,0.5,0.5,0.04,4950
E110,***通讯器材经营部,C,elastic_net_logistic,0.5711527053,selected_model_risk_score,11,0.08943089431,不放贷,优化模型未选择,0,0,,,,,0,0.5,0.04,0,0,0,0,,funding_cost_0.04_baseline_budget,nominal_equality,False,0.6124762668,funding_cost,mean,0.5,0.5,0.04,4950
E111,***科技有限公司,D,elastic_net_logistic,0.1919246162,selected_model_risk_score,49,0.3983739837,不放贷,D级企业原则上不予放贷,0,0,,,,,0,0.5,0.04,0,0,0,0,,funding_cost_0.04_baseline_budget,nominal_equality,False,0.3189536769,funding_cost,mean,0.5,0.5,0.04,4950
E112,***机械设备有限公司,D,elastic_net_logistic,0.4170540731,selected_model_risk_score,20,0.162601626,不放贷,D级企业原则上不予放贷,0,0,,,,,0,0.5,0.04,0,0,0,0,,funding_cost_0.04_baseline_budget,nominal_equality,False,0.5129040595,funding_cost,mean,0.5,0.5,0.04,4950
E113,***美居科技有限公司,D,elastic_net_logistic,0.7592451553,selected_model_risk_score,4,0.0325203252,不放贷,D级企业原则上不予放贷,0,0,,,,,0,0.5,0.04,0,0,0,0,,funding_cost_0.04_baseline_budget,nominal_equality,False,0.8315439659,funding_cost,mean,0.5,0.5,0.04,4950
E114,***食品有限责任公司,D,elastic_net_logistic,0.4770804739,selected_model_risk_score,16,0.1300813008,不放贷,D级企业原则上不予放贷,0,0,,,,,0,0.5,0.04,0,0,0,0,,funding_cost_0.04_baseline_budget,nominal_equality,False,0.5421990478,funding_cost,mean,0.5,0.5,0.04,4950
E115,***装饰工程有限公司,D,elastic_net_logistic,0.7835354924,selected_model_risk_score,2,0.0162601626,不放贷,D级企业原则上不予放贷,0,0,,,,,0,0.5,0.04,0,0,0,0,,funding_cost_0.04_baseline_budget,nominal_equality,False,0.8331104651,funding_cost,mean,0.5,0.5,0.04,4950
E116,***门窗有限公司,D,elastic_net_logistic,0.4160885126,selected_model_risk_score,21,0.1707317073,不放贷,D级企业原则上不予放贷,0,0,,,,,0,0.5,0.04,0,0,0,0,,funding_cost_0.04_baseline_budget,nominal_equality,False,0.532859258,funding_cost,mean,0.5,0.5,0.04,4950
E117,***人力资源管理咨询有限公司,D,elastic_net_logistic,0.6343060557,selected_model_risk_score,7,0.05691056911,不放贷,D级企业原则上不予放贷,0,0,,,,,0,0.5,0.04,0,0,0,0,,funding_cost_0.04_baseline_budget,nominal_equality,False,0.7561127553,funding_cost,mean,0.5,0.5,0.04,4950
E118,***体育用品有限公司,D,elastic_net_logistic,0.3859533716,selected_model_risk_score,23,0.1869918699,不放贷,D级企业原则上不予放贷,0,0,,,,,0,0.5,0.04,0,0,0,0,,funding_cost_0.04_baseline_budget,nominal_equality,False,0.4429217794,funding_cost,mean,0.5,0.5,0.04,4950
E119,***药房,D,elastic_net_logistic,0.6253065711,selected_model_risk_score,9,0.07317073171,不放贷,D级企业原则上不予放贷,0,0,,,,,0,0.5,0.04,0,0,0,0,,funding_cost_0.04_baseline_budget,nominal_equality,False,0.6891769584,funding_cost,mean,0.5,0.5,0.04,4950
E12,***建筑劳务有限公司,B,elastic_net_logistic,0.08202986653,selected_model_risk_score,88,0.7154471545,放贷,优化模型选择,100,1000000,0.1425,14.25,0.8439092946,0.1560907054,15.60907054,0.5,0.04,2.041834131,0.6402049865,0.6243628216,0.7772663227,0.007772663227,funding_cost_0.04_baseline_budget,nominal_equality,False,0.1054632903,funding_cost,mean,0.5,0.5,0.04,4950
E120,***陈列广告有限公司,D,elastic_net_logistic,0.721226934,selected_model_risk_score,5,0.0406504065,不放贷,D级企业原则上不予放贷,0,0,,,,,0,0.5,0.04,0,0,0,0,,funding_cost_0.04_baseline_budget,nominal_equality,False,0.7608714869,funding_cost,mean,0.5,0.5,0.04,4950
E121,***药业连锁有限公司***药店,D,elastic_net_logistic,0.4662178212,selected_model_risk_score,18,0.1463414634,不放贷,D级企业原则上不予放贷,0,0,,,,,0,0.5,0.04,0,0,0,0,,funding_cost_0.04_baseline_budget,nominal_equality,False,0.5621951951,funding_cost,mean,0.5,0.5,0.04,4950
E122,***商贸有限责任公司,D,elastic_net_logistic,0.4500783219,selected_model_risk_score,19,0.1544715447,不放贷,D级企业原则上不予放贷,0,0,,,,,0,0.5,0.04,0,0,0,0,,funding_cost_0.04_baseline_budget,nominal_equality,False,0.6021516604,funding_cost,mean,0.5,0.5,0.04,4950
E123,***创科技有限责任公司,D,elastic_net_logistic,0.7819761114,selected_model_risk_score,3,0.0243902439,不放贷,D级企业原则上不予放贷,0,0,,,,,0,0.5,0.04,0,0,0,0,,funding_cost_0.04_baseline_budget,nominal_equality,False,0.8270597923,funding_cost,mean,0.5,0.5,0.04,4950
E13,***汽车贸易有限公司,A,elastic_net_logistic,0.04053604698,selected_model_risk_score,113,0.918699187,放贷,优化模型选择,100,1000000,0.1225,12.25,0.8148090077,0.1851909923,18.51909923,0.5,0.04,2.176629999,0.3753455382,0.7407639692,1.060520491,0.01060520491,funding_cost_0.04_baseline_budget,nominal_equality,False,0.05373417783,funding_cost,mean,0.5,0.5,0.04,4950
E14,个体经营E14,C,elastic_net_logistic,0.03261041867,selected_model_risk_score,117,0.9512195122,放贷,优化模型选择,100,1000000,0.1105,11.05,0.7151023945,0.2848976055,28.48976055,0.5,0.04,3.045457077,0.4645315097,1.139590422,1.441335145,0.01441335145,funding_cost_0.04_baseline_budget,nominal_equality,False,0.04024201468,funding_cost,mean,0.5,0.5,0.04,4950
E15,***劳务有限公司,A,elastic_net_logistic,0.07381492047,selected_model_risk_score,95,0.7723577236,放贷,优化模型选择,100,1000000,0.1225,12.25,0.8148090077,0.1851909923,18.51909923,0.5,0.04,2.101133891,0.6834929184,0.7407639692,0.676877003,0.00676877003,funding_cost_0.04_baseline_budget,nominal_equality,False,0.1036254123,funding_cost,mean,0.5,0.5,0.04,4950
E16,***建筑劳务有限公司,A,elastic_net_logistic,0.04998777847,selected_model_risk_score,108,0.8780487805,放贷,优化模型选择,100,1000000,0.1225,12.25,0.8148090077,0.1851909923,18.51909923,0.5,0.04,2.155187899,0.4628643149,0.7407639692,0.9515596144,0.009515596144,funding_cost_0.04_baseline_budget,nominal_equality,False,0.0624669862,funding_cost,mean,0.5,0.5,0.04,4950
E17,***消防工程有限公司,A,elastic_net_logistic,0.04649981408,selected_model_risk_score,111,0.9024390244,放贷,优化模型选择,100,1000000,0.1225,12.25,0.8148090077,0.1851909923,18.51909923,0.5,0.04,2.163100658,0.4305673356,0.7407639692,0.9917693537,0.009917693537,funding_cost_0.04_baseline_budget,nominal_equality,False,0.05349825243,funding_cost,mean,0.5,0.5,0.04,4950
E18,***消防工程有限责任公司,A,elastic_net_logistic,0.04857513816,selected_model_risk_score,109,0.8861788618,放贷,优化模型选择,100,1000000,0.1225,12.25,0.8148090077,0.1851909923,18.51909923,0.5,0.04,2.1583926,0.4497839018,0.7407639692,0.9678447287,0.009678447287,funding_cost_0.04_baseline_budget,nominal_equality,False,0.06117933194,funding_cost,mean,0.5,0.5,0.04,4950
E19,***科技有限公司,A,elastic_net_logistic,0.06543754966,selected_model_risk_score,100,0.8130081301,放贷,优化模型选择,100,1000000,0.1225,12.25,0.8148090077,0.1851909923,18.51909923,0.5,0.04,2.120138707,0.6059222378,0.7407639692,0.7734525005,0.007734525005,funding_cost_0.04_baseline_budget,nominal_equality,False,0.09093656268,funding_cost,mean,0.5,0.5,0.04,4950
E2,***技术有限责任公司,A,elastic_net_logistic,0.02833749753,selected_model_risk_score,119,0.9674796748,放贷,优化模型选择,100,1000000,0.1025,10.25,0.7312754013,0.2687245987,26.87245987,0.5,0.04,2.676373564,0.3807491326,1.074898395,1.220726037,0.01220726037,funding_cost_0.04_baseline_budget,nominal_equality,False,0.03642833627,funding_cost,mean,0.5,0.5,0.04,4950
E20,***贸易有限公司,B,elastic_net_logistic,0.04546270238,selected_model_risk_score,112,0.9105691057,放贷,优化模型选择,100,1000000,0.1185,11.85,0.7692116619,0.2307883381,23.07883381,0.5,0.04,2.610508507,0.5246130764,0.9231533524,1.162742079,0.01162742079,funding_cost_0.04_baseline_budget,nominal_equality,False,0.06402096704,funding_cost,mean,0.5,0.5,0.04,4950
E21,***建设工程有限公司,B,elastic_net_logistic,0.08415779812,selected_model_risk_score,85,0.6910569106,放贷,优化模型选择,100,1000000,0.1425,14.25,0.8439092946,0.1560907054,15.60907054,0.5,0.04,2.037100988,0.6568125037,0.6243628216,0.7559256631,0.007559256631,funding_cost_0.04_baseline_budget,nominal_equality,False,0.09612822768,funding_cost,mean,0.5,0.5,0.04,4950
E22,***物流有限公司,A,elastic_net_logistic,0.08272431763,selected_model_risk_score,87,0.7073170732,放贷,优化模型选择,100,1000000,0.1425,14.25,0.8801803134,0.1198196866,11.98196866,0.5,0.04,1.566184508,0.4956000906,0.4792787464,0.5913056712,0.005913056712,funding_cost_0.04_baseline_budget,nominal_equality,False,0.09349623574,funding_cost,mean,0.5,0.5,0.04,4950
E23,***贸易有限公司,B,elastic_net_logistic,0.03337482103,selected_model_risk_score,116,0.9430894309,放贷,优化模型选择,100,1000000,0.1065,10.65,0.7053159925,0.2946840075,29.46840075,0.5,0.04,3.033641653,0.4917513005,1.17873603,1.363154322,0.01363154322,funding_cost_0.04_baseline_budget,nominal_equality,False,0.04082479351,funding_cost,mean,0.5,0.5,0.04,4950
E24,***建筑工程有限公司,A,elastic_net_logistic,0.04702949043,selected_model_risk_score,110,0.8943089431,放贷,优化模型选择,100,1000000,0.1225,12.25,0.8148090077,0.1851909923,18.51909923,0.5,0.04,2.16189904,0.4354719,0.7407639692,0.985663171,0.00985663171,funding_cost_0.04_baseline_budget,nominal_equality,False,0.06125175229,funding_cost,mean,0.5,0.5,0.04,4950
E25,***通讯设备有限公司,C,elastic_net_logistic,0.08202047653,selected_model_risk_score,89,0.7235772358,放贷,优化模型选择,100,1000000,0.1425,14.25,0.8405321006,0.1594678994,15.94678994,0.5,0.04,2.086032795,0.653981655,0.6378715976,0.7941795422,0.007941795422,funding_cost_0.04_baseline_budget,nominal_equality,False,0.09686547054,funding_cost,mean,0.5,0.5,0.04,4950
E26,***金属材料有限公司,A,elastic_net_logistic,0.1342940789,selected_model_risk_score,61,0.4959349593,不放贷,优化模型未选择,0,0,,,,,0,0.5,0.04,0,0,0,0,,funding_cost_0.04_baseline_budget,nominal_equality,False,0.1782110185,funding_cost,mean,0.5,0.5,0.04,4950
E27,***农业开发有限公司,A,elastic_net_logistic,0.1103832985,selected_model_risk_score,70,0.5691056911,不放贷,优化模型未选择,0,0,,,,,0,0.5,0.04,0,0,0,0,,funding_cost_0.04_baseline_budget,nominal_equality,False,0.1369068444,funding_cost,mean,0.5,0.5,0.04,4950
E28,***景观工程有限公司,B,elastic_net_logistic,0.09966092865,selected_model_risk_score,76,0.6178861789,放贷,优化模型选择,100,1000000,0.1425,14.25,0.8439092946,0.1560907054,15.60907054,0.5,0.04,2.002617491,0.7778072327,0.6243628216,0.6004474363,0.006004474363,funding_cost_0.04_baseline_budget,nominal_equality,False,0.1193350508,funding_cost,mean,0.5,0.5,0.04,4950
E29,***建筑劳务有限公司,C,elastic_net_logistic,0.07253671793,selected_model_risk_score,96,0.7804878049,放贷,优化模型选择,100,1000000,0.1425,14.25,0.8405321006,0.1594678994,15.94678994,0.5,0.04,2.107583854,0.5783639019,0.6378715976,0.8913483549,0.008913483549,funding_cost_0.04_baseline_budget,nominal_equality,False,0.08548890218,funding_cost,mean,0.5,0.5,0.04,4950
E3,***电子(中国)有限公司***分公司,C,elastic_net_logistic,0.02153611417,selected_model_risk_score,123,1,放贷,优化模型选择,100,1000000,0.1105,11.05,0.7151023945,0.2848976055,28.48976055,0.5,0.04,3.0803203,0.3067793679,1.139590422,1.633950511,0.01633950511,funding_cost_0.04_baseline_budget,nominal_equality,False,0.025281018,funding_cost,mean,0.5,0.5,0.04,4950
E30,***建筑工程有限公司,B,elastic_net_logistic,0.07713913412,selected_model_risk_score,94,0.7642276423,放贷,优化模型选择,100,1000000,0.1425,14.25,0.8439092946,0.1560907054,15.60907054,0.5,0.04,2.05271255,0.6020350929,0.6243628216,0.8263146359,0.008263146359,funding_cost_0.04_baseline_budget,nominal_equality,False,0.1024182862,funding_cost,mean,0.5,0.5,0.04,4950
E31,***食品有限公司,A,elastic_net_logistic,0.0367643069,selected_model_risk_score,115,0.9349593496,放贷,优化模型选择,100,1000000,0.1225,12.25,0.8148090077,0.1851909923,18.51909923,0.5,0.04,2.185186529,0.3404209238,0.7407639692,1.104001636,0.01104001636,funding_cost_0.04_baseline_budget,nominal_equality,False,0.04188668071,funding_cost,mean,0.5,0.5,0.04,4950
E32,***建筑劳务有限公司,B,elastic_net_logistic,0.09279588464,selected_model_risk_score,79,0.6422764228,放贷,优化模型选择,100,1000000,0.1425,14.25,0.8439092946,0.1560907054,15.60907054,0.5,0.04,2.017887357,0.7242287546,0.6243628216,0.6692957807,0.006692957807,funding_cost_0.04_baseline_budget,nominal_equality,False,0.104597557,funding_cost,mean,0.5,0.5,0.04,4950
E33,***园林有限责任公司,B,elastic_net_logistic,0.09823760896,selected_model_risk_score,77,0.6260162602,放贷,优化模型选择,100,1000000,0.1425,14.25,0.8439092946,0.1560907054,15.60907054,0.5,0.04,2.00578337,0.766698884,0.6243628216,0.6147216645,0.006147216645,funding_cost_0.04_baseline_budget,nominal_equality,False,0.1158892222,funding_cost,mean,0.5,0.5,0.04,4950
E34,***建设工程有限公司,B,elastic_net_logistic,0.1015652078,selected_model_risk_score,75,0.6097560976,放贷,优化模型选择,100,1000000,0.1425,14.25,0.8439092946,0.1560907054,15.60907054,0.5,0.04,1.998381817,0.7926692465,0.6243628216,0.5813497486,0.005813497486,funding_cost_0.04_baseline_budget,nominal_equality,False,0.1393444528,funding_cost,mean,0.5,0.5,0.04,4950
E35,***商贸有限公司,B,elastic_net_logistic,0.08567951436,selected_model_risk_score,83,0.674796748,放贷,优化模型选择,100,1000000,0.1425,14.25,0.8439092946,0.1560907054,15.60907054,0.5,0.04,2.033716246,0.6686887917,0.6243628216,0.740664633,0.00740664633,funding_cost_0.04_baseline_budget,nominal_equality,False,0.1006056864,funding_cost,mean,0.5,0.5,0.04,4950
E36,***超硬材料有限公司,D,elastic_net_logistic,0.05081789908,selected_model_risk_score,107,0.8699186992,不放贷,D级企业原则上不予放贷,0,0,,,,,0,0.5,0.04,0,0,0,0,,funding_cost_0.04_baseline_budget,nominal_equality,False,0.06163613971,funding_cost,mean,0.5,0.5,0.04,4950
E37,***木业有限公司,B,elastic_net_logistic,0.084549486,selected_model_risk_score,84,0.6829268293,放贷,优化模型选择,100,1000000,0.1425,14.25,0.8439092946,0.1560907054,15.60907054,0.5,0.04,2.03622976,0.6598694455,0.6243628216,0.7519974928,0.007519974928,funding_cost_0.04_baseline_budget,nominal_equality,False,0.1088428529,funding_cost,mean,0.5,0.5,0.04,4950
E38,***建设工程有限公司,B,elastic_net_logistic,0.1218095512,selected_model_risk_score,63,0.512195122,不放贷,优化模型未选择,0,0,,,,,0,0.5,0.04,0,0,0,0,,funding_cost_0.04_baseline_budget,nominal_equality,False,0.1460270212,funding_cost,mean,0.5,0.5,0.04,4950
E39,***建筑劳务有限公司,C,elastic_net_logistic,0.1815109557,selected_model_risk_score,52,0.4227642276,不放贷,优化模型未选择,0,0,,,,,0,0.5,0.04,0,0,0,0,,funding_cost_0.04_baseline_budget,nominal_equality,False,0.2307578892,funding_cost,mean,0.5,0.5,0.04,4950
E4,***发展有限责任公司,C,elastic_net_logistic,0.03106769432,selected_model_risk_score,118,0.9593495935,放贷,优化模型选择,100,1000000,0.1105,11.05,0.7151023945,0.2848976055,28.48976055,0.5,0.04,3.050313756,0.442555586,1.139590422,1.468167748,0.01468167748,funding_cost_0.04_baseline_budget,nominal_equality,False,0.04400979025,funding_cost,mean,0.5,0.5,0.04,4950
E40,***财税咨询服务有限公司,C,elastic_net_logistic,0.08113873174,selected_model_risk_score,90,0.7317073171,放贷,优化模型选择,100,1000000,0.1425,14.25,0.8405321006,0.1594678994,15.94678994,0.5,0.04,2.088036487,0.6469511555,0.6378715976,0.803213734,0.00803213734,funding_cost_0.04_baseline_budget,nominal_equality,False,0.09293248415,funding_cost,mean,0.5,0.5,0.04,4950
E41,***物业发展有限公司,C,elastic_net_logistic,0.07916167381,selected_model_risk_score,91,0.7398373984,放贷,优化模型选择,100,1000000,0.1425,14.25,0.8405321006,0.1594678994,15.94678994,0.5,0.04,2.092529188,0.6311872918,0.6378715976,0.8234702989,0.008234702989,funding_cost_0.04_baseline_budget,nominal_equality,False,0.09683047914,funding_cost,mean,0.5,0.5,0.04,4950
E42,***园艺场,A,elastic_net_logistic,0.1200846128,selected_model_risk_score,66,0.5365853659,不放贷,优化模型未选择,0,0,,,,,0,0.5,0.04,0,0,0,0,,funding_cost_0.04_baseline_budget,nominal_equality,False,0.1475914741,funding_cost,mean,0.5,0.5,0.04,4950
E43,***建设工程有限公司,B,elastic_net_logistic,0.1927952664,selected_model_risk_score,48,0.3902439024,不放贷,优化模型未选择,0,0,,,,,0,0.5,0.04,0,0,0,0,,funding_cost_0.04_baseline_budget,nominal_equality,False,0.2145282193,funding_cost,mean,0.5,0.5,0.04,4950
E44,***商贸有限公司,C,elastic_net_logistic,0.08616234673,selected_model_risk_score,82,0.6666666667,放贷,优化模型选择,100,1000000,0.1425,14.25,0.8405321006,0.1594678994,15.94678994,0.5,0.04,2.076620736,0.687006422,0.6378715976,0.7517427166,0.007517427166,funding_cost_0.04_baseline_budget,nominal_equality,False,0.1035354806,funding_cost,mean,0.5,0.5,0.04,4950
E45,个体经营E45,B,elastic_net_logistic,0.1068056002,selected_model_risk_score,73,0.593495935,不放贷,优化模型未选择,0,0,,,,,0,0.5,0.04,0,0,0,0,,funding_cost_0.04_baseline_budget,nominal_equality,False,0.1219197504,funding_cost,mean,0.5,0.5,0.04,4950
E46,***广告传媒有限公司,C,elastic_net_logistic,0.05276002815,selected_model_risk_score,105,0.8536585366,放贷,优化模型选择,100,1000000,0.1425,14.25,0.8405321006,0.1594678994,15.94678994,0.5,0.04,2.152524752,0.4206765431,0.6378715976,1.093976611,0.01093976611,funding_cost_0.04_baseline_budget,nominal_equality,False,0.06245378683,funding_cost,mean,0.5,0.5,0.04,4950
E47,***控制设备有限责任公司,C,elastic_net_logistic,0.05124807767,selected_model_risk_score,106,0.8617886179,放贷,优化模型选择,100,1000000,0.1105,11.05,0.7151023945,0.2848976055,28.48976055,0.5,0.04,2.986783517,0.7300227307,1.139590422,1.117170365,0.01117170365,funding_cost_0.04_baseline_budget,nominal_equality,False,0.05822355401,funding_cost,mean,0.5,0.5,0.04,4950
E48,***化工有限公司,A,elastic_net_logistic,0.07070577235,selected_model_risk_score,97,0.7886178862,放贷,优化模型选择,100,1000000,0.1225,12.25,0.8148090077,0.1851909923,18.51909923,0.5,0.04,2.108187272,0.6547036071,0.7407639692,0.7127196956,0.007127196956,funding_cost_0.04_baseline_budget,nominal_equality,False,0.08921054517,funding_cost,mean,0.5,0.5,0.04,4950
E49,***地球环保科技有限公司,C,elastic_net_logistic,0.09803729486,selected_model_risk_score,78,0.6341463415,放贷,优化模型选择,100,1000000,0.1425,14.25,0.8405321006,0.1594678994,15.94678994,0.5,0.04,2.049635895,0.7816900737,0.6378715976,0.6300742241,0.006300742241,funding_cost_0.04_baseline_budget,nominal_equality,False,0.1105965348,funding_cost,mean,0.5,0.5,0.04,4950
E5,***供应链管理有限公司,B,elastic_net_logistic,0.05668387407,selected_model_risk_score,103,0.837398374,放贷,优化模型选择,100,1000000,0.1425,14.25,0.8439092946,0.1560907054,15.60907054,0.5,0.04,2.098211033,0.4423912944,0.6243628216,1.031456917,0.01031456917,funding_cost_0.04_baseline_budget,nominal_equality,False,0.07330978844,funding_cost,mean,0.5,0.5,0.04,4950
E50,***建筑劳务有限公司,C,elastic_net_logistic,0.1692453772,selected_model_risk_score,54,0.4390243902,不放贷,优化模型未选择,0,0,,,,,0,0.5,0.04,0,0,0,0,,funding_cost_0.04_baseline_budget,nominal_equality,False,0.2040258114,funding_cost,mean,0.5,0.5,0.04,4950
E51,***物流有限公司,B,elastic_net_logistic,0.0697365828,selected_model_risk_score,98,0.7967479675,放贷,优化模型选择,100,1000000,0.1425,14.25,0.8439092946,0.1560907054,15.60907054,0.5,0.04,2.06917799,0.5442616201,0.6243628216,0.9005535486,0.009005535486,funding_cost_0.04_baseline_budget,nominal_equality,False,0.07874952738,funding_cost,mean,0.5,0.5,0.04,4950
E52,***商贸有限公司,D,elastic_net_logistic,0.2136303318,selected_model_risk_score,44,0.3577235772,不放贷,D级企业原则上不予放贷,0,0,,,,,0,0.5,0.04,0,0,0,0,,funding_cost_0.04_baseline_budget,nominal_equality,False,0.2416471762,funding_cost,mean,0.5,0.5,0.04,4950
E53,***文化传媒有限公司,C,elastic_net_logistic,0.107156181,selected_model_risk_score,71,0.5772357724,不放贷,优化模型未选择,0,0,,,,,0,0.5,0.04,0,0,0,0,,funding_cost_0.04_baseline_budget,nominal_equality,False,0.1294528809,funding_cost,mean,0.5,0.5,0.04,4950
E54,***新技术开发有限公司,A,elastic_net_logistic,0.06439978133,selected_model_risk_score,101,0.8211382114,放贷,优化模型选择,100,1000000,0.1225,12.25,0.8148090077,0.1851909923,18.51909923,0.5,0.04,2.122492978,0.5963129704,0.7407639692,0.7854160383,0.007854160383,funding_cost_0.04_baseline_budget,nominal_equality,False,0.08481402429,funding_cost,mean,0.5,0.5,0.04,4950
E55,***集团有限公司***电力设备分公司,C,elastic_net_logistic,0.1835760094,selected_model_risk_score,51,0.4146341463,不放贷,优化模型未选择,0,0,,,,,0,0.5,0.04,0,0,0,0,,funding_cost_0.04_baseline_budget,nominal_equality,False,0.2408611135,funding_cost,mean,0.5,0.5,0.04,4950
E56,***家居材料***有限公司,C,elastic_net_logistic,0.08755638262,selected_model_risk_score,81,0.6585365854,放贷,优化模型选择,100,1000000,0.1425,14.25,0.8405321006,0.1594678994,15.94678994,0.5,0.04,2.073452905,0.6981216208,0.6378715976,0.7374596862,0.007374596862,funding_cost_0.04_baseline_budget,nominal_equality,False,0.1073776577,funding_cost,mean,0.5,0.5,0.04,4950
E57,***机械设备有限公司,B,elastic_net_logistic,0.1025680758,selected_model_risk_score,74,0.6016260163,放贷,优化模型选择,100,1000000,0.1425,14.25,0.8439092946,0.1560907054,15.60907054,0.5,0.04,1.996151145,0.8004961652,0.6243628216,0.5712921581,0.005712921581,funding_cost_0.04_baseline_budget,nominal_equality,False,0.1291130293,funding_cost,mean,0.5,0.5,0.04,4950
E58,***油气工程建设有限责任公司,B,elastic_net_logistic,0.1498825704,selected_model_risk_score,58,0.4715447154,不放贷,优化模型未选择,0,0,,,,,0,0.5,0.04,0,0,0,0,,funding_cost_0.04_baseline_budget,nominal_equality,False,0.166452668,funding_cost,mean,0.5,0.5,0.04,4950
E59,***商贸有限公司,A,elastic_net_logistic,0.06896464342,selected_model_risk_score,99,0.8048780488,放贷,优化模型选择,100,1000000,0.1225,12.25,0.8148090077,0.1851909923,18.51909923,0.5,0.04,2.112137179,0.6385815374,0.7407639692,0.7327916724,0.007327916724,funding_cost_0.04_baseline_budget,nominal_equality,False,0.07641618763,funding_cost,mean,0.5,0.5,0.04,4950
E6,***装饰设计工程有限公司,A,elastic_net_logistic,0.03828902106,selected_model_risk_score,114,0.9268292683,放贷,优化模型选择,100,1000000,0.1225,12.25,0.8148090077,0.1851909923,18.51909923,0.5,0.04,2.181727579,0.3545390902,0.7407639692,1.086424519,0.01086424519,funding_cost_0.04_baseline_budget,nominal_equality,False,0.04389193776,funding_cost,mean,0.5,0.5,0.04,4950
E60,***机械租赁有限公司,B,elastic_net_logistic,0.2143912442,selected_model_risk_score,43,0.3495934959,不放贷,优化模型未选择,0,0,,,,,0,0.5,0.04,0,0,0,0,,funding_cost_0.04_baseline_budget,nominal_equality,False,0.2335825691,funding_cost,mean,0.5,0.5,0.04,4950
E61,***调味品有限公司,B,elastic_net_logistic,0.07788330382,selected_model_risk_score,92,0.7479674797,放贷,优化模型选择,100,1000000,0.1425,14.25,0.8439092946,0.1560907054,15.60907054,0.5,0.04,2.051057299,0.6078429916,0.6243628216,0.8188514861,0.008188514861,funding_cost_0.04_baseline_budget,nominal_equality,False,0.09484916536,funding_cost,mean,0.5,0.5,0.04,4950
E62,***工程造价咨询有限公司***分公司,B,elastic_net_logistic,0.1214523958,selected_model_risk_score,64,0.5203252033,不放贷,优化模型未选择,0,0,,,,,0,0.5,0.04,0,0,0,0,,funding_cost_0.04_baseline_budget,nominal_equality,False,0.1450170246,funding_cost,mean,0.5,0.5,0.04,4950
E63,***科技有限公司,B,elastic_net_logistic,0.08368298573,selected_model_risk_score,86,0.6991869919,放贷,优化模型选择,100,1000000,0.1425,14.25,0.8439092946,0.1560907054,15.60907054,0.5,0.04,2.03815711,0.6531068136,0.6243628216,0.7606874748,0.007606874748,funding_cost_0.04_baseline_budget,nominal_equality,False,0.1084106096,funding_cost,mean,0.5,0.5,0.04,4950
E64,***图书有限责任公司,A,elastic_net_logistic,0.1124750355,selected_model_risk_score,69,0.5609756098,不放贷,优化模型未选择,0,0,,,,,0,0.5,0.04,0,0,0,0,,funding_cost_0.04_baseline_budget,nominal_equality,False,0.1209520698,funding_cost,mean,0.5,0.5,0.04,4950
E65,***商贸有限公司,B,elastic_net_logistic,0.0894097801,selected_model_risk_score,80,0.6504065041,放贷,优化模型选择,100,1000000,0.1425,14.25,0.8439092946,0.1560907054,15.60907054,0.5,0.04,2.025419044,0.6978017823,0.6243628216,0.7032544401,0.007032544401,funding_cost_0.04_baseline_budget,nominal_equality,False,0.1016662421,funding_cost,mean,0.5,0.5,0.04,4950
E66,***快递有限公司,B,elastic_net_logistic,0.2947622952,selected_model_risk_score,30,0.243902439,不放贷,优化模型未选择,0,0,,,,,0,0.5,0.04,0,0,0,0,,funding_cost_0.04_baseline_budget,nominal_equality,False,0.3741353375,funding_cost,mean,0.5,0.5,0.04,4950
E67,***信息技术有限公司,B,elastic_net_logistic,0.1845447393,selected_model_risk_score,50,0.406504065,不放贷,优化模型未选择,0,0,,,,,0,0.5,0.04,0,0,0,0,,funding_cost_0.04_baseline_budget,nominal_equality,False,0.2088292217,funding_cost,mean,0.5,0.5,0.04,4950
E68,***花木总公司,C,elastic_net_logistic,0.3380718151,selected_model_risk_score,28,0.2276422764,不放贷,优化模型未选择,0,0,,,,,0,0.5,0.04,0,0,0,0,,funding_cost_0.04_baseline_budget,nominal_equality,False,0.3824767947,funding_cost,mean,0.5,0.5,0.04,4950
E69,***电子器材经营部,C,elastic_net_logistic,0.2503652668,selected_model_risk_score,38,0.3089430894,不放贷,优化模型未选择,0,0,,,,,0,0.5,0.04,0,0,0,0,,funding_cost_0.04_baseline_budget,nominal_equality,False,0.3207126735,funding_cost,mean,0.5,0.5,0.04,4950
E7,***家电有限公司***分公司,A,elastic_net_logistic,0.02580342326,selected_model_risk_score,121,0.9837398374,放贷,优化模型选择,100,1000000,0.1025,10.25,0.7312754013,0.2687245987,26.87245987,0.5,0.04,2.683353487,0.346700728,1.074898395,1.261754365,0.01261754365,funding_cost_0.04_baseline_budget,nominal_equality,False,0.03436137967,funding_cost,mean,0.5,0.5,0.04,4950
E70,***科技有限公司,B,elastic_net_logistic,0.1379471805,selected_model_risk_score,60,0.487804878,不放贷,优化模型未选择,0,0,,,,,0,0.5,0.04,0,0,0,0,,funding_cost_0.04_baseline_budget,nominal_equality,False,0.1557212843,funding_cost,mean,0.5,0.5,0.04,4950
E71,***农业科技有限公司,B,elastic_net_logistic,0.2041897012,selected_model_risk_score,45,0.3658536585,不放贷,优化模型未选择,0,0,,,,,0,0.5,0.04,0,0,0,0,,funding_cost_0.04_baseline_budget,nominal_equality,False,0.2461670708,funding_cost,mean,0.5,0.5,0.04,4950
E72,***图书有限公司,C,elastic_net_logistic,0.2897171126,selected_model_risk_score,32,0.2601626016,不放贷,优化模型未选择,0,0,,,,,0,0.5,0.04,0,0,0,0,,funding_cost_0.04_baseline_budget,nominal_equality,False,0.3383260035,funding_cost,mean,0.5,0.5,0.04,4950
E73,***商贸有限责任公司,C,elastic_net_logistic,0.1183311273,selected_model_risk_score,67,0.5447154472,不放贷,优化模型未选择,0,0,,,,,0,0.5,0.04,0,0,0,0,,funding_cost_0.04_baseline_budget,nominal_equality,False,0.150943928,funding_cost,mean,0.5,0.5,0.04,4950
E74,***蔬菜专业合作社,B,elastic_net_logistic,0.1539591335,selected_model_risk_score,56,0.4552845528,不放贷,优化模型未选择,0,0,,,,,0,0.5,0.04,0,0,0,0,,funding_cost_0.04_baseline_budget,nominal_equality,False,0.1754997095,funding_cost,mean,0.5,0.5,0.04,4950
E75,***酒店管理有限公司,C,elastic_net_logistic,0.1070850165,selected_model_risk_score,72,0.5853658537,放贷,优化模型选择,50,500000,0.1425,14.25,0.8405321006,0.1594678994,7.97339497,0.5,0.04,1.014537847,0.426915566,0.3189357988,0.2686864822,0.005373729643,funding_cost_0.04_baseline_budget,nominal_equality,False,0.1282680192,funding_cost,mean,0.5,0.5,0.04,4950
E76,***信息科技有限公司,B,elastic_net_logistic,0.1706660196,selected_model_risk_score,53,0.4308943089,不放贷,优化模型未选择,0,0,,,,,0,0.5,0.04,0,0,0,0,,funding_cost_0.04_baseline_budget,nominal_equality,False,0.1979402602,funding_cost,mean,0.5,0.5,0.04,4950
E77,***机电设备有限公司,C,elastic_net_logistic,0.3665492679,selected_model_risk_score,25,0.2032520325,不放贷,优化模型未选择,0,0,,,,,0,0.5,0.04,0,0,0,0,,funding_cost_0.04_baseline_budget,nominal_equality,False,0.4663549766,funding_cost,mean,0.5,0.5,0.04,4950
E78,个体经营E78,C,elastic_net_logistic,0.1211539626,selected_model_risk_score,65,0.5284552846,不放贷,优化模型未选择,0,0,,,,,0,0.5,0.04,0,0,0,0,,funding_cost_0.04_baseline_budget,nominal_equality,False,0.1481587806,funding_cost,mean,0.5,0.5,0.04,4950
E79,***鞋业有限公司,B,elastic_net_logistic,0.2025177165,selected_model_risk_score,46,0.3739837398,不放贷,优化模型未选择,0,0,,,,,0,0.5,0.04,0,0,0,0,,funding_cost_0.04_baseline_budget,nominal_equality,False,0.2207361419,funding_cost,mean,0.5,0.5,0.04,4950
E8,***科学研究院有限公司,A,elastic_net_logistic,0.02606005345,selected_model_risk_score,120,0.9756097561,放贷,优化模型选择,100,1000000,0.1025,10.25,0.7312754013,0.2687245987,26.87245987,0.5,0.04,2.682646618,0.3501488703,1.074898395,1.257599353,0.01257599353,funding_cost_0.04_baseline_budget,nominal_equality,False,0.03439017911,funding_cost,mean,0.5,0.5,0.04,4950
E80,***实业有限责任公司,C,elastic_net_logistic,0.3432370641,selected_model_risk_score,26,0.2113821138,不放贷,优化模型未选择,0,0,,,,,0,0.5,0.04,0,0,0,0,,funding_cost_0.04_baseline_budget,nominal_equality,False,0.3865190631,funding_cost,mean,0.5,0.5,0.04,4950
E81,***机械设备有限公司,A,elastic_net_logistic,0.1154202468,selected_model_risk_score,68,0.5528455285,不放贷,优化模型未选择,0,0,,,,,0,0.5,0.04,0,0,0,0,,funding_cost_0.04_baseline_budget,nominal_equality,False,0.1339413155,funding_cost,mean,0.5,0.5,0.04,4950
E82,***商贸有限公司,D,elastic_net_logistic,0.194614899,selected_model_risk_score,47,0.3821138211,不放贷,D级企业原则上不予放贷,0,0,,,,,0,0.5,0.04,0,0,0,0,,funding_cost_0.04_baseline_budget,nominal_equality,False,0.2318618526,funding_cost,mean,0.5,0.5,0.04,4950
E83,***社会福利院（***社会福利社会化服务中心）,B,elastic_net_logistic,0.5444532255,selected_model_risk_score,13,0.1056910569,不放贷,优化模型未选择,0,0,,,,,0,0.5,0.04,0,0,0,0,,funding_cost_0.04_baseline_budget,nominal_equality,False,0.6237840466,funding_cost,mean,0.5,0.5,0.04,4950
E84,***建材有限公司,A,elastic_net_logistic,0.1532688251,selected_model_risk_score,57,0.4634146341,不放贷,优化模型未选择,0,0,,,,,0,0.5,0.04,0,0,0,0,,funding_cost_0.04_baseline_budget,nominal_equality,False,0.1694921296,funding_cost,mean,0.5,0.5,0.04,4950
E85,***安防科技有限公司,B,elastic_net_logistic,0.2264316686,selected_model_risk_score,42,0.3414634146,不放贷,优化模型未选择,0,0,,,,,0,0.5,0.04,0,0,0,0,,funding_cost_0.04_baseline_budget,nominal_equality,False,0.2483347601,funding_cost,mean,0.5,0.5,0.04,4950
E86,***地质工程勘察院***分院,C,elastic_net_logistic,0.2808208394,selected_model_risk_score,34,0.2764227642,不放贷,优化模型未选择,0,0,,,,,0,0.5,0.04,0,0,0,0,,funding_cost_0.04_baseline_budget,nominal_equality,False,0.3548090468,funding_cost,mean,0.5,0.5,0.04,4950
E87,***实业有限责任公司,C,elastic_net_logistic,0.234076271,selected_model_risk_score,40,0.325203252,不放贷,优化模型未选择,0,0,,,,,0,0.5,0.04,0,0,0,0,,funding_cost_0.04_baseline_budget,nominal_equality,False,0.2796569295,funding_cost,mean,0.5,0.5,0.04,4950
E88,***贸易有限公司,A,elastic_net_logistic,0.1654327803,selected_model_risk_score,55,0.4471544715,不放贷,优化模型未选择,0,0,,,,,0,0.5,0.04,0,0,0,0,,funding_cost_0.04_baseline_budget,nominal_equality,False,0.189066442,funding_cost,mean,0.5,0.5,0.04,4950
E89,***物资有限公司,A,elastic_net_logistic,0.3344336244,selected_model_risk_score,29,0.2357723577,不放贷,优化模型未选择,0,0,,,,,0,0.5,0.04,0,0,0,0,,funding_cost_0.04_baseline_budget,nominal_equality,False,0.3672701532,funding_cost,mean,0.5,0.5,0.04,4950
E9,***生活用品服务有限公司***分公司,A,elastic_net_logistic,0.02174866462,selected_model_risk_score,122,0.9918699187,放贷,优化模型选择,100,1000000,0.1025,10.25,0.7312754013,0.2687245987,26.87245987,0.5,0.04,2.694522025,0.2922200586,1.074898395,1.327403571,0.01327403571,funding_cost_0.04_baseline_budget,nominal_equality,False,0.02531048472,funding_cost,mean,0.5,0.5,0.04,4950
E90,***文化传媒有限责任公司,C,elastic_net_logistic,0.2928954659,selected_model_risk_score,31,0.2520325203,不放贷,优化模型未选择,0,0,,,,,0,0.5,0.04,0,0,0,0,,funding_cost_0.04_baseline_budget,nominal_equality,False,0.3272754126,funding_cost,mean,0.5,0.5,0.04,4950
E91,***科技实业有限公司,A,elastic_net_logistic,0.123879862,selected_model_risk_score,62,0.5040650407,不放贷,优化模型未选择,0,0,,,,,0,0.5,0.04,0,0,0,0,,funding_cost_0.04_baseline_budget,nominal_equality,False,0.1563985381,funding_cost,mean,0.5,0.5,0.04,4950
E92,***地质灾害防治有限公司,C,elastic_net_logistic,0.3701163354,selected_model_risk_score,24,0.1951219512,不放贷,优化模型未选择,0,0,,,,,0,0.5,0.04,0,0,0,0,,funding_cost_0.04_baseline_budget,nominal_equality,False,0.4190045907,funding_cost,mean,0.5,0.5,0.04,4950
E93,***电脑设计事务所,B,elastic_net_logistic,0.2376719561,selected_model_risk_score,39,0.3170731707,不放贷,优化模型未选择,0,0,,,,,0,0.5,0.04,0,0,0,0,,funding_cost_0.04_baseline_budget,nominal_equality,False,0.2575297987,funding_cost,mean,0.5,0.5,0.04,4950
E94,***汽车美容有限公司,C,elastic_net_logistic,0.3420261826,selected_model_risk_score,27,0.2195121951,不放贷,优化模型未选择,0,0,,,,,0,0.5,0.04,0,0,0,0,,funding_cost_0.04_baseline_budget,nominal_equality,False,0.3879661601,funding_cost,mean,0.5,0.5,0.04,4950
E95,***兰花店,B,elastic_net_logistic,0.1441316116,selected_model_risk_score,59,0.4796747967,不放贷,优化模型未选择,0,0,,,,,0,0.5,0.04,0,0,0,0,,funding_cost_0.04_baseline_budget,nominal_equality,False,0.1745511804,funding_cost,mean,0.5,0.5,0.04,4950
E96,***土地整理有限公司,C,elastic_net_logistic,0.8080355745,selected_model_risk_score,1,0.008130081301,不放贷,优化模型未选择,0,0,,,,,0,0.5,0.04,0,0,0,0,,funding_cost_0.04_baseline_budget,nominal_equality,False,0.854739214,funding_cost,mean,0.5,0.5,0.04,4950
E97,***美工装饰部,B,elastic_net_logistic,0.2602897628,selected_model_risk_score,35,0.2845528455,不放贷,优化模型未选择,0,0,,,,,0,0.5,0.04,0,0,0,0,,funding_cost_0.04_baseline_budget,nominal_equality,False,0.3283525845,funding_cost,mean,0.5,0.5,0.04,4950
E98,***文化传播有限公司,B,elastic_net_logistic,0.2814270169,selected_model_risk_score,33,0.2682926829,不放贷,优化模型未选择,0,0,,,,,0,0.5,0.04,0,0,0,0,,funding_cost_0.04_baseline_budget,nominal_equality,False,0.3034353338,funding_cost,mean,0.5,0.5,0.04,4950
E99,***建筑工程有限责任公司,D,elastic_net_logistic,0.5839846822,selected_model_risk_score,10,0.08130081301,不放贷,D级企业原则上不予放贷,0,0,,,,,0,0.5,0.04,0,0,0,0,,funding_cost_0.04_baseline_budget,nominal_equality,False,0.6898712011,funding_cost,mean,0.5,0.5,0.04,4950
E1,***电器销售有限公司,A,elastic_net_logistic,0.05655542179,selected_model_risk_score,104,0.8455284553,放贷,优化模型选择,100,1000000,0.1225,12.25,0.8148090077,0.1851909923,18.51909923,0.5,0.03,2.140288611,0.5236777341,0.5555729769,1.0610379,0.010610379,risk_mean_baseline_budget,nominal_equality,False,0.0730491674,risk,mean,0.5,0.5,0.03,4950
E10,***建筑劳务有限公司,B,elastic_net_logistic,0.06093491817,selected_model_risk_score,102,0.8292682927,放贷,优化模型选择,100,1000000,0.1185,11.85,0.7692116619,0.2307883381,23.07883381,0.5,0.03,2.568194445,0.7031534248,0.6923650143,1.172676006,0.01172676006,risk_mean_baseline_budget,nominal_equality,False,0.07833730674,risk,mean,0.5,0.5,0.03,4950
E100,***装饰工程有限公司,D,elastic_net_logistic,0.2578903118,selected_model_risk_score,36,0.2926829268,不放贷,D级企业原则上不予放贷,0,0,,,,,0,0.5,0.03,0,0,0,0,,risk_mean_baseline_budget,nominal_equality,False,0.3416804479,risk,mean,0.5,0.5,0.03,4950
E101,***灯饰工程有限公司,D,elastic_net_logistic,0.7098560409,selected_model_risk_score,6,0.0487804878,不放贷,D级企业原则上不予放贷,0,0,,,,,0,0.5,0.03,0,0,0,0,,risk_mean_baseline_budget,nominal_equality,False,0.7897592201,risk,mean,0.5,0.5,0.03,4950
E102,***大药房有限责任公司,D,elastic_net_logistic,0.4733747116,selected_model_risk_score,17,0.1382113821,不放贷,D级企业原则上不予放贷,0,0,,,,,0,0.5,0.03,0,0,0,0,,risk_mean_baseline_budget,nominal_equality,False,0.6183651775,risk,mean,0.5,0.5,0.03,4950
E103,***科技有限公司,D,elastic_net_logistic,0.4055458126,selected_model_risk_score,22,0.1788617886,不放贷,D级企业原则上不予放贷,0,0,,,,,0,0.5,0.03,0,0,0,0,,risk_mean_baseline_budget,nominal_equality,False,0.4768661053,risk,mean,0.5,0.5,0.03,4950
E104,***管理咨询有限责任公司,C,elastic_net_logistic,0.5371556855,selected_model_risk_score,14,0.1138211382,不放贷,优化模型未选择,0,0,,,,,0,0.5,0.03,0,0,0,0,,risk_mean_baseline_budget,nominal_equality,False,0.6048969633,risk,mean,0.5,0.5,0.03,4950
E105,***建材经营部,C,elastic_net_logistic,0.2296735143,selected_model_risk_score,41,0.3333333333,不放贷,优化模型未选择,0,0,,,,,0,0.5,0.03,0,0,0,0,,risk_mean_baseline_budget,nominal_equality,False,0.3150886304,risk,mean,0.5,0.5,0.03,4950
E106,***财务管理有限公司,B,elastic_net_logistic,0.25387818,selected_model_risk_score,37,0.3008130081,不放贷,优化模型未选择,0,0,,,,,0,0.5,0.03,0,0,0,0,,risk_mean_baseline_budget,nominal_equality,False,0.2861266308,risk,mean,0.5,0.5,0.03,4950
E107,***科技有限公司,D,elastic_net_logistic,0.6278756036,selected_model_risk_score,8,0.06504065041,不放贷,D级企业原则上不予放贷,0,0,,,,,0,0.5,0.03,0,0,0,0,,risk_mean_baseline_budget,nominal_equality,False,0.6820972821,risk,mean,0.5,0.5,0.03,4950
E108,***商贸有限公司,D,elastic_net_logistic,0.5221807895,selected_model_risk_score,15,0.1219512195,不放贷,D级企业原则上不予放贷,0,0,,,,,0,0.5,0.03,0,0,0,0,,risk_mean_baseline_budget,nominal_equality,False,0.6296705299,risk,mean,0.5,0.5,0.03,4950
E109,***服饰有限公司,D,elastic_net_logistic,0.5493640614,selected_model_risk_score,12,0.09756097561,不放贷,D级企业原则上不予放贷,0,0,,,,,0,0.5,0.03,0,0,0,0,,risk_mean_baseline_budget,nominal_equality,False,0.6102205923,risk,mean,0.5,0.5,0.03,4950
E11,***建设工程有限公司,C,elastic_net_logistic,0.07723891572,selected_model_risk_score,93,0.756097561,放贷,优化模型选择,100,1000000,0.1425,14.25,0.8405321006,0.1594678994,15.94678994,0.5,0.03,2.096898498,0.6158563821,0.4784036982,1.002638417,0.01002638417,risk_mean_baseline_budget,nominal_equality,False,0.1001763276,risk,mean,0.5,0.5,0.03,4950
E110,***通讯器材经营部,C,elastic_net_logistic,0.5711527053,selected_model_risk_score,11,0.08943089431,不放贷,优化模型未选择,0,0,,,,,0,0.5,0.03,0,0,0,0,,risk_mean_baseline_budget,nominal_equality,False,0.6124762668,risk,mean,0.5,0.5,0.03,4950
E111,***科技有限公司,D,elastic_net_logistic,0.1919246162,selected_model_risk_score,49,0.3983739837,不放贷,D级企业原则上不予放贷,0,0,,,,,0,0.5,0.03,0,0,0,0,,risk_mean_baseline_budget,nominal_equality,False,0.3189536769,risk,mean,0.5,0.5,0.03,4950
E112,***机械设备有限公司,D,elastic_net_logistic,0.4170540731,selected_model_risk_score,20,0.162601626,不放贷,D级企业原则上不予放贷,0,0,,,,,0,0.5,0.03,0,0,0,0,,risk_mean_baseline_budget,nominal_equality,False,0.5129040595,risk,mean,0.5,0.5,0.03,4950
E113,***美居科技有限公司,D,elastic_net_logistic,0.7592451553,selected_model_risk_score,4,0.0325203252,不放贷,D级企业原则上不予放贷,0,0,,,,,0,0.5,0.03,0,0,0,0,,risk_mean_baseline_budget,nominal_equality,False,0.8315439659,risk,mean,0.5,0.5,0.03,4950
E114,***食品有限责任公司,D,elastic_net_logistic,0.4770804739,selected_model_risk_score,16,0.1300813008,不放贷,D级企业原则上不予放贷,0,0,,,,,0,0.5,0.03,0,0,0,0,,risk_mean_baseline_budget,nominal_equality,False,0.5421990478,risk,mean,0.5,0.5,0.03,4950
E115,***装饰工程有限公司,D,elastic_net_logistic,0.7835354924,selected_model_risk_score,2,0.0162601626,不放贷,D级企业原则上不予放贷,0,0,,,,,0,0.5,0.03,0,0,0,0,,risk_mean_baseline_budget,nominal_equality,False,0.8331104651,risk,mean,0.5,0.5,0.03,4950
E116,***门窗有限公司,D,elastic_net_logistic,0.4160885126,selected_model_risk_score,21,0.1707317073,不放贷,D级企业原则上不予放贷,0,0,,,,,0,0.5,0.03,0,0,0,0,,risk_mean_baseline_budget,nominal_equality,False,0.532859258,risk,mean,0.5,0.5,0.03,4950
E117,***人力资源管理咨询有限公司,D,elastic_net_logistic,0.6343060557,selected_model_risk_score,7,0.05691056911,不放贷,D级企业原则上不予放贷,0,0,,,,,0,0.5,0.03,0,0,0,0,,risk_mean_baseline_budget,nominal_equality,False,0.7561127553,risk,mean,0.5,0.5,0.03,4950
E118,***体育用品有限公司,D,elastic_net_logistic,0.3859533716,selected_model_risk_score,23,0.1869918699,不放贷,D级企业原则上不予放贷,0,0,,,,,0,0.5,0.03,0,0,0,0,,risk_mean_baseline_budget,nominal_equality,False,0.4429217794,risk,mean,0.5,0.5,0.03,4950
E119,***药房,D,elastic_net_logistic,0.6253065711,selected_model_risk_score,9,0.07317073171,不放贷,D级企业原则上不予放贷,0,0,,,,,0,0.5,0.03,0,0,0,0,,risk_mean_baseline_budget,nominal_equality,False,0.6891769584,risk,mean,0.5,0.5,0.03,4950
E12,***建筑劳务有限公司,B,elastic_net_logistic,0.08202986653,selected_model_risk_score,88,0.7154471545,放贷,优化模型选择,100,1000000,0.1425,14.25,0.8439092946,0.1560907054,15.60907054,0.5,0.03,2.041834131,0.6402049865,0.4682721162,0.9333570281,0.009333570281,risk_mean_baseline_budget,nominal_equality,False,0.1054632903,risk,mean,0.5,0.5,0.03,4950
E120,***陈列广告有限公司,D,elastic_net_logistic,0.721226934,selected_model_risk_score,5,0.0406504065,不放贷,D级企业原则上不予放贷,0,0,,,,,0,0.5,0.03,0,0,0,0,,risk_mean_baseline_budget,nominal_equality,False,0.7608714869,risk,mean,0.5,0.5,0.03,4950
E121,***药业连锁有限公司***药店,D,elastic_net_logistic,0.4662178212,selected_model_risk_score,18,0.1463414634,不放贷,D级企业原则上不予放贷,0,0,,,,,0,0.5,0.03,0,0,0,0,,risk_mean_baseline_budget,nominal_equality,False,0.5621951951,risk,mean,0.5,0.5,0.03,4950
E122,***商贸有限责任公司,D,elastic_net_logistic,0.4500783219,selected_model_risk_score,19,0.1544715447,不放贷,D级企业原则上不予放贷,0,0,,,,,0,0.5,0.03,0,0,0,0,,risk_mean_baseline_budget,nominal_equality,False,0.6021516604,risk,mean,0.5,0.5,0.03,4950
E123,***创科技有限责任公司,D,elastic_net_logistic,0.7819761114,selected_model_risk_score,3,0.0243902439,不放贷,D级企业原则上不予放贷,0,0,,,,,0,0.5,0.03,0,0,0,0,,risk_mean_baseline_budget,nominal_equality,False,0.8270597923,risk,mean,0.5,0.5,0.03,4950
E13,***汽车贸易有限公司,A,elastic_net_logistic,0.04053604698,selected_model_risk_score,113,0.918699187,放贷,优化模型选择,100,1000000,0.1025,10.25,0.7312754013,0.2687245987,26.87245987,0.5,0.03,2.642773549,0.5446516479,0.8061737961,1.291948105,0.01291948105,risk_mean_baseline_budget,nominal_equality,False,0.05373417783,risk,mean,0.5,0.5,0.03,4950
E14,个体经营E14,C,elastic_net_logistic,0.03261041867,selected_model_risk_score,117,0.9512195122,放贷,优化模型选择,100,1000000,0.1105,11.05,0.7151023945,0.2848976055,28.48976055,0.5,0.03,3.045457077,0.4645315097,0.8546928165,1.726232751,0.01726232751,risk_mean_baseline_budget,nominal_equality,False,0.04024201468,risk,mean,0.5,0.5,0.03,4950
E15,***劳务有限公司,A,elastic_net_logistic,0.07381492047,selected_model_risk_score,95,0.7723577236,放贷,优化模型选择,100,1000000,0.1225,12.25,0.8148090077,0.1851909923,18.51909923,0.5,0.03,2.101133891,0.6834929184,0.5555729769,0.8620679953,0.008620679953,risk_mean_baseline_budget,nominal_equality,False,0.1036254123,risk,mean,0.5,0.5,0.03,4950
E16,***建筑劳务有限公司,A,elastic_net_logistic,0.04998777847,selected_model_risk_score,108,0.8780487805,放贷,优化模型选择,100,1000000,0.1025,10.25,0.7312754013,0.2687245987,26.87245987,0.5,0.03,2.616739443,0.6716472855,0.8061737961,1.138918362,0.01138918362,risk_mean_baseline_budget,nominal_equality,False,0.0624669862,risk,mean,0.5,0.5,0.03,4950
E17,***消防工程有限公司,A,elastic_net_logistic,0.04649981408,selected_model_risk_score,111,0.9024390244,放贷,优化模型选择,100,1000000,0.1025,10.25,0.7312754013,0.2687245987,26.87245987,0.5,0.03,2.626346787,0.6247821939,0.8061737961,1.195390797,0.01195390797,risk_mean_baseline_budget,nominal_equality,False,0.05349825243,risk,mean,0.5,0.5,0.03,4950
E18,***消防工程有限责任公司,A,elastic_net_logistic,0.04857513816,selected_model_risk_score,109,0.8861788618,放贷,优化模型选择,100,1000000,0.1025,10.25,0.7312754013,0.2687245987,26.87245987,0.5,0.03,2.620630458,0.6526667254,0.8061737961,1.161789936,0.01161789936,risk_mean_baseline_budget,nominal_equality,False,0.06117933194,risk,mean,0.5,0.5,0.03,4950
E19,***科技有限公司,A,elastic_net_logistic,0.06543754966,selected_model_risk_score,100,0.8130081301,放贷,优化模型选择,100,1000000,0.1225,12.25,0.8148090077,0.1851909923,18.51909923,0.5,0.03,2.120138707,0.6059222378,0.5555729769,0.9586434928,0.009586434928,risk_mean_baseline_budget,nominal_equality,False,0.09093656268,risk,mean,0.5,0.5,0.03,4950
E2,***技术有限责任公司,A,elastic_net_logistic,0.02833749753,selected_model_risk_score,119,0.9674796748,放贷,优化模型选择,100,1000000,0.0985,9.85,0.7083020233,0.2916979767,29.16979767,0.5,0.03,2.791805062,0.4132995347,0.8750939301,1.503411597,0.01503411597,risk_mean_baseline_budget,nominal_equality,False,0.03642833627,risk,mean,0.5,0.5,0.03,4950
E20,***贸易有限公司,B,elastic_net_logistic,0.04546270238,selected_model_risk_score,112,0.9105691057,放贷,优化模型选择,100,1000000,0.1065,10.65,0.7053159925,0.2946840075,29.46840075,0.5,0.03,2.995705231,0.6698565665,0.8840520225,1.441796642,0.01441796642,risk_mean_baseline_budget,nominal_equality,False,0.06402096704,risk,mean,0.5,0.5,0.03,4950
E21,***建设工程有限公司,B,elastic_net_logistic,0.08415779812,selected_model_risk_score,85,0.6910569106,放贷,优化模型选择,100,1000000,0.1425,14.25,0.8439092946,0.1560907054,15.60907054,0.5,0.03,2.037100988,0.6568125037,0.4682721162,0.9120163685,0.009120163685,risk_mean_baseline_budget,nominal_equality,False,0.09612822768,risk,mean,0.5,0.5,0.03,4950
E22,***物流有限公司,A,elastic_net_logistic,0.08272431763,selected_model_risk_score,87,0.7073170732,放贷,优化模型选择,100,1000000,0.1225,12.25,0.8148090077,0.1851909923,18.51909923,0.5,0.03,2.080922124,0.7659899235,0.5555729769,0.7593592241,0.007593592241,risk_mean_baseline_budget,nominal_equality,False,0.09349623574,risk,mean,0.5,0.5,0.03,4950
E23,***贸易有限公司,B,elastic_net_logistic,0.03337482103,selected_model_risk_score,116,0.9430894309,放贷,优化模型选择,100,1000000,0.1065,10.65,0.7053159925,0.2946840075,29.46840075,0.5,0.03,3.033641653,0.4917513005,0.8840520225,1.65783833,0.0165783833,risk_mean_baseline_budget,nominal_equality,False,0.04082479351,risk,mean,0.5,0.5,0.03,4950
E24,***建筑工程有限公司,A,elastic_net_logistic,0.04702949043,selected_model_risk_score,110,0.8943089431,放贷,优化模型选择,100,1000000,0.1025,10.25,0.7312754013,0.2687245987,26.87245987,0.5,0.03,2.624887832,0.6318990471,0.8061737961,1.186814989,0.01186814989,risk_mean_baseline_budget,nominal_equality,False,0.06125175229,risk,mean,0.5,0.5,0.03,4950
E25,***通讯设备有限公司,C,elastic_net_logistic,0.08202047653,selected_model_risk_score,89,0.7235772358,放贷,优化模型选择,100,1000000,0.1425,14.25,0.8405321006,0.1594678994,15.94678994,0.5,0.03,2.086032795,0.653981655,0.4784036982,0.9536474416,0.009536474416,risk_mean_baseline_budget,nominal_equality,False,0.09686547054,risk,mean,0.5,0.5,0.03,4950
E26,***金属材料有限公司,A,elastic_net_logistic,0.1342940789,selected_model_risk_score,61,0.4959349593,不放贷,优化模型未选择,0,0,,,,,0,0.5,0.03,0,0,0,0,,risk_mean_baseline_budget,nominal_equality,False,0.1782110185,risk,mean,0.5,0.5,0.03,4950
E27,***农业开发有限公司,A,elastic_net_logistic,0.1103832985,selected_model_risk_score,70,0.5691056911,不放贷,优化模型未选择,0,0,,,,,0,0.5,0.03,0,0,0,0,,risk_mean_baseline_budget,nominal_equality,False,0.1369068444,risk,mean,0.5,0.5,0.03,4950
E28,***景观工程有限公司,B,elastic_net_logistic,0.09966092865,selected_model_risk_score,76,0.6178861789,放贷,优化模型选择,100,1000000,0.1425,14.25,0.8439092946,0.1560907054,15.60907054,0.5,0.03,2.002617491,0.7778072327,0.4682721162,0.7565381417,0.007565381417,risk_mean_baseline_budget,nominal_equality,False,0.1193350508,risk,mean,0.5,0.5,0.03,4950
E29,***建筑劳务有限公司,C,elastic_net_logistic,0.07253671793,selected_model_risk_score,96,0.7804878049,放贷,优化模型选择,100,1000000,0.1425,14.25,0.8405321006,0.1594678994,15.94678994,0.5,0.03,2.107583854,0.5783639019,0.4784036982,1.050816254,0.01050816254,risk_mean_baseline_budget,nominal_equality,False,0.08548890218,risk,mean,0.5,0.5,0.03,4950
E3,***电子(中国)有限公司***分公司,C,elastic_net_logistic,0.02153611417,selected_model_risk_score,123,1,放贷,优化模型选择,100,1000000,0.0905,9.05,0.5900970447,0.4099029553,40.99029553,0.5,0.03,3.629730908,0.4413858422,1.229708866,1.9586362,0.019586362,risk_mean_baseline_budget,nominal_equality,False,0.025281018,risk,mean,0.5,0.5,0.03,4950
E30,***建筑工程有限公司,B,elastic_net_logistic,0.07713913412,selected_model_risk_score,94,0.7642276423,放贷,优化模型选择,100,1000000,0.1425,14.25,0.8439092946,0.1560907054,15.60907054,0.5,0.03,2.05271255,0.6020350929,0.4682721162,0.9824053413,0.009824053413,risk_mean_baseline_budget,nominal_equality,False,0.1024182862,risk,mean,0.5,0.5,0.03,4950
E31,***食品有限公司,A,elastic_net_logistic,0.0367643069,selected_model_risk_score,115,0.9349593496,放贷,优化模型选择,100,1000000,0.0985,9.85,0.7083020233,0.2916979767,29.16979767,0.5,0.03,2.767592942,0.5362036969,0.8750939301,1.356295315,0.01356295315,risk_mean_baseline_budget,nominal_equality,False,0.04188668071,risk,mean,0.5,0.5,0.03,4950
E32,***建筑劳务有限公司,B,elastic_net_logistic,0.09279588464,selected_model_risk_score,79,0.6422764228,放贷,优化模型选择,100,1000000,0.1425,14.25,0.8439092946,0.1560907054,15.60907054,0.5,0.03,2.017887357,0.7242287546,0.4682721162,0.8253864861,0.008253864861,risk_mean_baseline_budget,nominal_equality,False,0.104597557,risk,mean,0.5,0.5,0.03,4950
E33,***园林有限责任公司,B,elastic_net_logistic,0.09823760896,selected_model_risk_score,77,0.6260162602,放贷,优化模型选择,100,1000000,0.1425,14.25,0.8439092946,0.1560907054,15.60907054,0.5,0.03,2.00578337,0.766698884,0.4682721162,0.7708123699,0.007708123699,risk_mean_baseline_budget,nominal_equality,False,0.1158892222,risk,mean,0.5,0.5,0.03,4950
E34,***建设工程有限公司,B,elastic_net_logistic,0.1015652078,selected_model_risk_score,75,0.6097560976,放贷,优化模型选择,100,1000000,0.1425,14.25,0.8439092946,0.1560907054,15.60907054,0.5,0.03,1.998381817,0.7926692465,0.4682721162,0.737440454,0.00737440454,risk_mean_baseline_budget,nominal_equality,False,0.1393444528,risk,mean,0.5,0.5,0.03,4950
E35,***商贸有限公司,B,elastic_net_logistic,0.08567951436,selected_model_risk_score,83,0.674796748,放贷,优化模型选择,100,1000000,0.1425,14.25,0.8439092946,0.1560907054,15.60907054,0.5,0.03,2.033716246,0.6686887917,0.4682721162,0.8967553384,0.008967553384,risk_mean_baseline_budget,nominal_equality,False,0.1006056864,risk,mean,0.5,0.5,0.03,4950
E36,***超硬材料有限公司,D,elastic_net_logistic,0.05081789908,selected_model_risk_score,107,0.8699186992,不放贷,D级企业原则上不予放贷,0,0,,,,,0,0.5,0.03,0,0,0,0,,risk_mean_baseline_budget,nominal_equality,False,0.06163613971,risk,mean,0.5,0.5,0.03,4950
E37,***木业有限公司,B,elastic_net_logistic,0.084549486,selected_model_risk_score,84,0.6829268293,放贷,优化模型选择,100,1000000,0.1425,14.25,0.8439092946,0.1560907054,15.60907054,0.5,0.03,2.03622976,0.6598694455,0.4682721162,0.9080881982,0.009080881982,risk_mean_baseline_budget,nominal_equality,False,0.1088428529,risk,mean,0.5,0.5,0.03,4950
E38,***建设工程有限公司,B,elastic_net_logistic,0.1218095512,selected_model_risk_score,63,0.512195122,不放贷,优化模型未选择,0,0,,,,,0,0.5,0.03,0,0,0,0,,risk_mean_baseline_budget,nominal_equality,False,0.1460270212,risk,mean,0.5,0.5,0.03,4950
E39,***建筑劳务有限公司,C,elastic_net_logistic,0.1815109557,selected_model_risk_score,52,0.4227642276,不放贷,优化模型未选择,0,0,,,,,0,0.5,0.03,0,0,0,0,,risk_mean_baseline_budget,nominal_equality,False,0.2307578892,risk,mean,0.5,0.5,0.03,4950
E4,***发展有限责任公司,C,elastic_net_logistic,0.03106769432,selected_model_risk_score,118,0.9593495935,放贷,优化模型选择,100,1000000,0.1105,11.05,0.7151023945,0.2848976055,28.48976055,0.5,0.03,3.050313756,0.442555586,0.8546928165,1.753065354,0.01753065354,risk_mean_baseline_budget,nominal_equality,False,0.04400979025,risk,mean,0.5,0.5,0.03,4950
E40,***财税咨询服务有限公司,C,elastic_net_logistic,0.08113873174,selected_model_risk_score,90,0.7317073171,放贷,优化模型选择,100,1000000,0.1425,14.25,0.8405321006,0.1594678994,15.94678994,0.5,0.03,2.088036487,0.6469511555,0.4784036982,0.9626816334,0.009626816334,risk_mean_baseline_budget,nominal_equality,False,0.09293248415,risk,mean,0.5,0.5,0.03,4950
E41,***物业发展有限公司,C,elastic_net_logistic,0.07916167381,selected_model_risk_score,91,0.7398373984,放贷,优化模型选择,100,1000000,0.1425,14.25,0.8405321006,0.1594678994,15.94678994,0.5,0.03,2.092529188,0.6311872918,0.4784036982,0.9829381983,0.009829381983,risk_mean_baseline_budget,nominal_equality,False,0.09683047914,risk,mean,0.5,0.5,0.03,4950
E42,***园艺场,A,elastic_net_logistic,0.1200846128,selected_model_risk_score,66,0.5365853659,不放贷,优化模型未选择,0,0,,,,,0,0.5,0.03,0,0,0,0,,risk_mean_baseline_budget,nominal_equality,False,0.1475914741,risk,mean,0.5,0.5,0.03,4950
E43,***建设工程有限公司,B,elastic_net_logistic,0.1927952664,selected_model_risk_score,48,0.3902439024,不放贷,优化模型未选择,0,0,,,,,0,0.5,0.03,0,0,0,0,,risk_mean_baseline_budget,nominal_equality,False,0.2145282193,risk,mean,0.5,0.5,0.03,4950
E44,***商贸有限公司,C,elastic_net_logistic,0.08616234673,selected_model_risk_score,82,0.6666666667,放贷,优化模型选择,100,1000000,0.1425,14.25,0.8405321006,0.1594678994,15.94678994,0.5,0.03,2.076620736,0.687006422,0.4784036982,0.911210616,0.00911210616,risk_mean_baseline_budget,nominal_equality,False,0.1035354806,risk,mean,0.5,0.5,0.03,4950
E45,个体经营E45,B,elastic_net_logistic,0.1068056002,selected_model_risk_score,73,0.593495935,不放贷,优化模型未选择,0,0,,,,,0,0.5,0.03,0,0,0,0,,risk_mean_baseline_budget,nominal_equality,False,0.1219197504,risk,mean,0.5,0.5,0.03,4950
E46,***广告传媒有限公司,C,elastic_net_logistic,0.05276002815,selected_model_risk_score,105,0.8536585366,放贷,优化模型选择,100,1000000,0.1105,11.05,0.7151023945,0.2848976055,28.48976055,0.5,0.03,2.982023718,0.7515602843,0.8546928165,1.375770617,0.01375770617,risk_mean_baseline_budget,nominal_equality,False,0.06245378683,risk,mean,0.5,0.5,0.03,4950
E47,***控制设备有限责任公司,C,elastic_net_logistic,0.05124807767,selected_model_risk_score,106,0.8617886179,放贷,优化模型选择,100,1000000,0.1105,11.05,0.7151023945,0.2848976055,28.48976055,0.5,0.03,2.986783517,0.7300227307,0.8546928165,1.40206797,0.0140206797,risk_mean_baseline_budget,nominal_equality,False,0.05822355401,risk,mean,0.5,0.5,0.03,4950
E48,***化工有限公司,A,elastic_net_logistic,0.07070577235,selected_model_risk_score,97,0.7886178862,放贷,优化模型选择,100,1000000,0.1225,12.25,0.8148090077,0.1851909923,18.51909923,0.5,0.03,2.108187272,0.6547036071,0.5555729769,0.8979106879,0.008979106879,risk_mean_baseline_budget,nominal_equality,False,0.08921054517,risk,mean,0.5,0.5,0.03,4950
E49,***地球环保科技有限公司,C,elastic_net_logistic,0.09803729486,selected_model_risk_score,78,0.6341463415,放贷,优化模型选择,100,1000000,0.1425,14.25,0.8405321006,0.1594678994,15.94678994,0.5,0.03,2.049635895,0.7816900737,0.4784036982,0.7895421235,0.007895421235,risk_mean_baseline_budget,nominal_equality,False,0.1105965348,risk,mean,0.5,0.5,0.03,4950
E5,***供应链管理有限公司,B,elastic_net_logistic,0.05668387407,selected_model_risk_score,103,0.837398374,放贷,优化模型选择,100,1000000,0.1065,10.65,0.7053159925,0.2946840075,29.46840075,0.5,0.03,2.960488878,0.8351915586,0.8840520225,1.241245297,0.01241245297,risk_mean_baseline_budget,nominal_equality,False,0.07330978844,risk,mean,0.5,0.5,0.03,4950
E50,***建筑劳务有限公司,C,elastic_net_logistic,0.1692453772,selected_model_risk_score,54,0.4390243902,不放贷,优化模型未选择,0,0,,,,,0,0.5,0.03,0,0,0,0,,risk_mean_baseline_budget,nominal_equality,False,0.2040258114,risk,mean,0.5,0.5,0.03,4950
E51,***物流有限公司,B,elastic_net_logistic,0.0697365828,selected_model_risk_score,98,0.7967479675,放贷,优化模型选择,100,1000000,0.1425,14.25,0.8439092946,0.1560907054,15.60907054,0.5,0.03,2.06917799,0.5442616201,0.4682721162,1.056644254,0.01056644254,risk_mean_baseline_budget,nominal_equality,False,0.07874952738,risk,mean,0.5,0.5,0.03,4950
E52,***商贸有限公司,D,elastic_net_logistic,0.2136303318,selected_model_risk_score,44,0.3577235772,不放贷,D级企业原则上不予放贷,0,0,,,,,0,0.5,0.03,0,0,0,0,,risk_mean_baseline_budget,nominal_equality,False,0.2416471762,risk,mean,0.5,0.5,0.03,4950
E53,***文化传媒有限公司,C,elastic_net_logistic,0.107156181,selected_model_risk_score,71,0.5772357724,不放贷,优化模型未选择,0,0,,,,,0,0.5,0.03,0,0,0,0,,risk_mean_baseline_budget,nominal_equality,False,0.1294528809,risk,mean,0.5,0.5,0.03,4950
E54,***新技术开发有限公司,A,elastic_net_logistic,0.06439978133,selected_model_risk_score,101,0.8211382114,放贷,优化模型选择,100,1000000,0.1225,12.25,0.8148090077,0.1851909923,18.51909923,0.5,0.03,2.122492978,0.5963129704,0.5555729769,0.9706070306,0.009706070306,risk_mean_baseline_budget,nominal_equality,False,0.08481402429,risk,mean,0.5,0.5,0.03,4950
E55,***集团有限公司***电力设备分公司,C,elastic_net_logistic,0.1835760094,selected_model_risk_score,51,0.4146341463,不放贷,优化模型未选择,0,0,,,,,0,0.5,0.03,0,0,0,0,,risk_mean_baseline_budget,nominal_equality,False,0.2408611135,risk,mean,0.5,0.5,0.03,4950
E56,***家居材料***有限公司,C,elastic_net_logistic,0.08755638262,selected_model_risk_score,81,0.6585365854,放贷,优化模型选择,100,1000000,0.1425,14.25,0.8405321006,0.1594678994,15.94678994,0.5,0.03,2.073452905,0.6981216208,0.4784036982,0.8969275856,0.008969275856,risk_mean_baseline_budget,nominal_equality,False,0.1073776577,risk,mean,0.5,0.5,0.03,4950
E57,***机械设备有限公司,B,elastic_net_logistic,0.1025680758,selected_model_risk_score,74,0.6016260163,放贷,优化模型选择,100,1000000,0.1425,14.25,0.8439092946,0.1560907054,15.60907054,0.5,0.03,1.996151145,0.8004961652,0.4682721162,0.7273828635,0.007273828635,risk_mean_baseline_budget,nominal_equality,False,0.1291130293,risk,mean,0.5,0.5,0.03,4950
E58,***油气工程建设有限责任公司,B,elastic_net_logistic,0.1498825704,selected_model_risk_score,58,0.4715447154,不放贷,优化模型未选择,0,0,,,,,0,0.5,0.03,0,0,0,0,,risk_mean_baseline_budget,nominal_equality,False,0.166452668,risk,mean,0.5,0.5,0.03,4950
E59,***商贸有限公司,A,elastic_net_logistic,0.06896464342,selected_model_risk_score,99,0.8048780488,放贷,优化模型选择,100,1000000,0.1225,12.25,0.8148090077,0.1851909923,18.51909923,0.5,0.03,2.112137179,0.6385815374,0.5555729769,0.9179826647,0.009179826647,risk_mean_baseline_budget,nominal_equality,False,0.07641618763,risk,mean,0.5,0.5,0.03,4950
E6,***装饰设计工程有限公司,A,elastic_net_logistic,0.03828902106,selected_model_risk_score,114,0.9268292683,放贷,优化模型选择,100,1000000,0.0985,9.85,0.7083020233,0.2916979767,29.16979767,0.5,0.03,2.763212095,0.5584414987,0.8750939301,1.329676667,0.01329676667,risk_mean_baseline_budget,nominal_equality,False,0.04389193776,risk,mean,0.5,0.5,0.03,4950
E60,***机械租赁有限公司,B,elastic_net_logistic,0.2143912442,selected_model_risk_score,43,0.3495934959,不放贷,优化模型未选择,0,0,,,,,0,0.5,0.03,0,0,0,0,,risk_mean_baseline_budget,nominal_equality,False,0.2335825691,risk,mean,0.5,0.5,0.03,4950
E61,***调味品有限公司,B,elastic_net_logistic,0.07788330382,selected_model_risk_score,92,0.7479674797,放贷,优化模型选择,100,1000000,0.1425,14.25,0.8439092946,0.1560907054,15.60907054,0.5,0.03,2.051057299,0.6078429916,0.4682721162,0.9749421915,0.009749421915,risk_mean_baseline_budget,nominal_equality,False,0.09484916536,risk,mean,0.5,0.5,0.03,4950
E62,***工程造价咨询有限公司***分公司,B,elastic_net_logistic,0.1214523958,selected_model_risk_score,64,0.5203252033,不放贷,优化模型未选择,0,0,,,,,0,0.5,0.03,0,0,0,0,,risk_mean_baseline_budget,nominal_equality,False,0.1450170246,risk,mean,0.5,0.5,0.03,4950
E63,***科技有限公司,B,elastic_net_logistic,0.08368298573,selected_model_risk_score,86,0.6991869919,放贷,优化模型选择,100,1000000,0.1425,14.25,0.8439092946,0.1560907054,15.60907054,0.5,0.03,2.03815711,0.6531068136,0.4682721162,0.9167781802,0.009167781802,risk_mean_baseline_budget,nominal_equality,False,0.1084106096,risk,mean,0.5,0.5,0.03,4950
E64,***图书有限责任公司,A,elastic_net_logistic,0.1124750355,selected_model_risk_score,69,0.5609756098,不放贷,优化模型未选择,0,0,,,,,0,0.5,0.03,0,0,0,0,,risk_mean_baseline_budget,nominal_equality,False,0.1209520698,risk,mean,0.5,0.5,0.03,4950
E65,***商贸有限公司,B,elastic_net_logistic,0.0894097801,selected_model_risk_score,80,0.6504065041,放贷,优化模型选择,100,1000000,0.1425,14.25,0.8439092946,0.1560907054,15.60907054,0.5,0.03,2.025419044,0.6978017823,0.4682721162,0.8593451455,0.008593451455,risk_mean_baseline_budget,nominal_equality,False,0.1016662421,risk,mean,0.5,0.5,0.03,4950
E66,***快递有限公司,B,elastic_net_logistic,0.2947622952,selected_model_risk_score,30,0.243902439,不放贷,优化模型未选择,0,0,,,,,0,0.5,0.03,0,0,0,0,,risk_mean_baseline_budget,nominal_equality,False,0.3741353375,risk,mean,0.5,0.5,0.03,4950
E67,***信息技术有限公司,B,elastic_net_logistic,0.1845447393,selected_model_risk_score,50,0.406504065,不放贷,优化模型未选择,0,0,,,,,0,0.5,0.03,0,0,0,0,,risk_mean_baseline_budget,nominal_equality,False,0.2088292217,risk,mean,0.5,0.5,0.03,4950
E68,***花木总公司,C,elastic_net_logistic,0.3380718151,selected_model_risk_score,28,0.2276422764,不放贷,优化模型未选择,0,0,,,,,0,0.5,0.03,0,0,0,0,,risk_mean_baseline_budget,nominal_equality,False,0.3824767947,risk,mean,0.5,0.5,0.03,4950
E69,***电子器材经营部,C,elastic_net_logistic,0.2503652668,selected_model_risk_score,38,0.3089430894,不放贷,优化模型未选择,0,0,,,,,0,0.5,0.03,0,0,0,0,,risk_mean_baseline_budget,nominal_equality,False,0.3207126735,risk,mean,0.5,0.5,0.03,4950
E7,***家电有限公司***分公司,A,elastic_net_logistic,0.02580342326,selected_model_risk_score,121,0.9837398374,放贷,优化模型选择,100,1000000,0.0985,9.85,0.7083020233,0.2916979767,29.16979767,0.5,0.03,2.799086028,0.3763403178,0.8750939301,1.54765178,0.0154765178,risk_mean_baseline_budget,nominal_equality,False,0.03436137967,risk,mean,0.5,0.5,0.03,4950
E70,***科技有限公司,B,elastic_net_logistic,0.1379471805,selected_model_risk_score,60,0.487804878,不放贷,优化模型未选择,0,0,,,,,0,0.5,0.03,0,0,0,0,,risk_mean_baseline_budget,nominal_equality,False,0.1557212843,risk,mean,0.5,0.5,0.03,4950
E71,***农业科技有限公司,B,elastic_net_logistic,0.2041897012,selected_model_risk_score,45,0.3658536585,不放贷,优化模型未选择,0,0,,,,,0,0.5,0.03,0,0,0,0,,risk_mean_baseline_budget,nominal_equality,False,0.2461670708,risk,mean,0.5,0.5,0.03,4950
E72,***图书有限公司,C,elastic_net_logistic,0.2897171126,selected_model_risk_score,32,0.2601626016,不放贷,优化模型未选择,0,0,,,,,0,0.5,0.03,0,0,0,0,,risk_mean_baseline_budget,nominal_equality,False,0.3383260035,risk,mean,0.5,0.5,0.03,4950
E73,***商贸有限责任公司,C,elastic_net_logistic,0.1183311273,selected_model_risk_score,67,0.5447154472,不放贷,优化模型未选择,0,0,,,,,0,0.5,0.03,0,0,0,0,,risk_mean_baseline_budget,nominal_equality,False,0.150943928,risk,mean,0.5,0.5,0.03,4950
E74,***蔬菜专业合作社,B,elastic_net_logistic,0.1539591335,selected_model_risk_score,56,0.4552845528,不放贷,优化模型未选择,0,0,,,,,0,0.5,0.03,0,0,0,0,,risk_mean_baseline_budget,nominal_equality,False,0.1754997095,risk,mean,0.5,0.5,0.03,4950
E75,***酒店管理有限公司,C,elastic_net_logistic,0.1070850165,selected_model_risk_score,72,0.5853658537,放贷,优化模型选择,50,500000,0.1425,14.25,0.8405321006,0.1594678994,7.97339497,0.5,0.03,1.014537847,0.426915566,0.2392018491,0.3484204319,0.006968408637,risk_mean_baseline_budget,nominal_equality,False,0.1282680192,risk,mean,0.5,0.5,0.03,4950
E76,***信息科技有限公司,B,elastic_net_logistic,0.1706660196,selected_model_risk_score,53,0.4308943089,不放贷,优化模型未选择,0,0,,,,,0,0.5,0.03,0,0,0,0,,risk_mean_baseline_budget,nominal_equality,False,0.1979402602,risk,mean,0.5,0.5,0.03,4950
E77,***机电设备有限公司,C,elastic_net_logistic,0.3665492679,selected_model_risk_score,25,0.2032520325,不放贷,优化模型未选择,0,0,,,,,0,0.5,0.03,0,0,0,0,,risk_mean_baseline_budget,nominal_equality,False,0.4663549766,risk,mean,0.5,0.5,0.03,4950
E78,个体经营E78,C,elastic_net_logistic,0.1211539626,selected_model_risk_score,65,0.5284552846,不放贷,优化模型未选择,0,0,,,,,0,0.5,0.03,0,0,0,0,,risk_mean_baseline_budget,nominal_equality,False,0.1481587806,risk,mean,0.5,0.5,0.03,4950
E79,***鞋业有限公司,B,elastic_net_logistic,0.2025177165,selected_model_risk_score,46,0.3739837398,不放贷,优化模型未选择,0,0,,,,,0,0.5,0.03,0,0,0,0,,risk_mean_baseline_budget,nominal_equality,False,0.2207361419,risk,mean,0.5,0.5,0.03,4950
E8,***科学研究院有限公司,A,elastic_net_logistic,0.02606005345,selected_model_risk_score,120,0.9756097561,放贷,优化模型选择,100,1000000,0.0985,9.85,0.7083020233,0.2916979767,29.16979767,0.5,0.03,2.798348672,0.3800832432,0.8750939301,1.543171498,0.01543171498,risk_mean_baseline_budget,nominal_equality,False,0.03439017911,risk,mean,0.5,0.5,0.03,4950
E80,***实业有限责任公司,C,elastic_net_logistic,0.3432370641,selected_model_risk_score,26,0.2113821138,不放贷,优化模型未选择,0,0,,,,,0,0.5,0.03,0,0,0,0,,risk_mean_baseline_budget,nominal_equality,False,0.3865190631,risk,mean,0.5,0.5,0.03,4950
E81,***机械设备有限公司,A,elastic_net_logistic,0.1154202468,selected_model_risk_score,68,0.5528455285,不放贷,优化模型未选择,0,0,,,,,0,0.5,0.03,0,0,0,0,,risk_mean_baseline_budget,nominal_equality,False,0.1339413155,risk,mean,0.5,0.5,0.03,4950
E82,***商贸有限公司,D,elastic_net_logistic,0.194614899,selected_model_risk_score,47,0.3821138211,不放贷,D级企业原则上不予放贷,0,0,,,,,0,0.5,0.03,0,0,0,0,,risk_mean_baseline_budget,nominal_equality,False,0.2318618526,risk,mean,0.5,0.5,0.03,4950
E83,***社会福利院（***社会福利社会化服务中心）,B,elastic_net_logistic,0.5444532255,selected_model_risk_score,13,0.1056910569,不放贷,优化模型未选择,0,0,,,,,0,0.5,0.03,0,0,0,0,,risk_mean_baseline_budget,nominal_equality,False,0.6237840466,risk,mean,0.5,0.5,0.03,4950
E84,***建材有限公司,A,elastic_net_logistic,0.1532688251,selected_model_risk_score,57,0.4634146341,不放贷,优化模型未选择,0,0,,,,,0,0.5,0.03,0,0,0,0,,risk_mean_baseline_budget,nominal_equality,False,0.1694921296,risk,mean,0.5,0.5,0.03,4950
E85,***安防科技有限公司,B,elastic_net_logistic,0.2264316686,selected_model_risk_score,42,0.3414634146,不放贷,优化模型未选择,0,0,,,,,0,0.5,0.03,0,0,0,0,,risk_mean_baseline_budget,nominal_equality,False,0.2483347601,risk,mean,0.5,0.5,0.03,4950
E86,***地质工程勘察院***分院,C,elastic_net_logistic,0.2808208394,selected_model_risk_score,34,0.2764227642,不放贷,优化模型未选择,0,0,,,,,0,0.5,0.03,0,0,0,0,,risk_mean_baseline_budget,nominal_equality,False,0.3548090468,risk,mean,0.5,0.5,0.03,4950
E87,***实业有限责任公司,C,elastic_net_logistic,0.234076271,selected_model_risk_score,40,0.325203252,不放贷,优化模型未选择,0,0,,,,,0,0.5,0.03,0,0,0,0,,risk_mean_baseline_budget,nominal_equality,False,0.2796569295,risk,mean,0.5,0.5,0.03,4950
E88,***贸易有限公司,A,elastic_net_logistic,0.1654327803,selected_model_risk_score,55,0.4471544715,不放贷,优化模型未选择,0,0,,,,,0,0.5,0.03,0,0,0,0,,risk_mean_baseline_budget,nominal_equality,False,0.189066442,risk,mean,0.5,0.5,0.03,4950
E89,***物资有限公司,A,elastic_net_logistic,0.3344336244,selected_model_risk_score,29,0.2357723577,不放贷,优化模型未选择,0,0,,,,,0,0.5,0.03,0,0,0,0,,risk_mean_baseline_budget,nominal_equality,False,0.3672701532,risk,mean,0.5,0.5,0.03,4950
E9,***生活用品服务有限公司***分公司,A,elastic_net_logistic,0.02174866462,selected_model_risk_score,122,0.9918699187,放贷,优化模型选择,100,1000000,0.0985,9.85,0.7083020233,0.2916979767,29.16979767,0.5,0.03,2.810736262,0.3172020733,0.8750939301,1.618440259,0.01618440259,risk_mean_baseline_budget,nominal_equality,False,0.02531048472,risk,mean,0.5,0.5,0.03,4950
E90,***文化传媒有限责任公司,C,elastic_net_logistic,0.2928954659,selected_model_risk_score,31,0.2520325203,不放贷,优化模型未选择,0,0,,,,,0,0.5,0.03,0,0,0,0,,risk_mean_baseline_budget,nominal_equality,False,0.3272754126,risk,mean,0.5,0.5,0.03,4950
E91,***科技实业有限公司,A,elastic_net_logistic,0.123879862,selected_model_risk_score,62,0.5040650407,不放贷,优化模型未选择,0,0,,,,,0,0.5,0.03,0,0,0,0,,risk_mean_baseline_budget,nominal_equality,False,0.1563985381,risk,mean,0.5,0.5,0.03,4950
E92,***地质灾害防治有限公司,C,elastic_net_logistic,0.3701163354,selected_model_risk_score,24,0.1951219512,不放贷,优化模型未选择,0,0,,,,,0,0.5,0.03,0,0,0,0,,risk_mean_baseline_budget,nominal_equality,False,0.4190045907,risk,mean,0.5,0.5,0.03,4950
E93,***电脑设计事务所,B,elastic_net_logistic,0.2376719561,selected_model_risk_score,39,0.3170731707,不放贷,优化模型未选择,0,0,,,,,0,0.5,0.03,0,0,0,0,,risk_mean_baseline_budget,nominal_equality,False,0.2575297987,risk,mean,0.5,0.5,0.03,4950
E94,***汽车美容有限公司,C,elastic_net_logistic,0.3420261826,selected_model_risk_score,27,0.2195121951,不放贷,优化模型未选择,0,0,,,,,0,0.5,0.03,0,0,0,0,,risk_mean_baseline_budget,nominal_equality,False,0.3879661601,risk,mean,0.5,0.5,0.03,4950
E95,***兰花店,B,elastic_net_logistic,0.1441316116,selected_model_risk_score,59,0.4796747967,不放贷,优化模型未选择,0,0,,,,,0,0.5,0.03,0,0,0,0,,risk_mean_baseline_budget,nominal_equality,False,0.1745511804,risk,mean,0.5,0.5,0.03,4950
E96,***土地整理有限公司,C,elastic_net_logistic,0.8080355745,selected_model_risk_score,1,0.008130081301,不放贷,优化模型未选择,0,0,,,,,0,0.5,0.03,0,0,0,0,,risk_mean_baseline_budget,nominal_equality,False,0.854739214,risk,mean,0.5,0.5,0.03,4950
E97,***美工装饰部,B,elastic_net_logistic,0.2602897628,selected_model_risk_score,35,0.2845528455,不放贷,优化模型未选择,0,0,,,,,0,0.5,0.03,0,0,0,0,,risk_mean_baseline_budget,nominal_equality,False,0.3283525845,risk,mean,0.5,0.5,0.03,4950
E98,***文化传播有限公司,B,elastic_net_logistic,0.2814270169,selected_model_risk_score,33,0.2682926829,不放贷,优化模型未选择,0,0,,,,,0,0.5,0.03,0,0,0,0,,risk_mean_baseline_budget,nominal_equality,False,0.3034353338,risk,mean,0.5,0.5,0.03,4950
E99,***建筑工程有限责任公司,D,elastic_net_logistic,0.5839846822,selected_model_risk_score,10,0.08130081301,不放贷,D级企业原则上不予放贷,0,0,,,,,0,0.5,0.03,0,0,0,0,,risk_mean_baseline_budget,nominal_equality,False,0.6898712011,risk,mean,0.5,0.5,0.03,4950
E1,***电器销售有限公司,A,elastic_net_logistic,0.0730491674,logistic_oof_p90,104,0.8455284553,放贷,优化模型选择,100,1000000,0.1225,12.25,0.8148090077,0.1851909923,18.51909923,0.5,0.03,2.10287107,0.6764023899,0.5555729769,0.8708957034,0.008708957034,risk_p90_baseline_budget,nominal_equality,False,0.0730491674,risk,p90,0.5,0.5,0.03,4950
E10,***建筑劳务有限公司,B,elastic_net_logistic,0.07833730674,logistic_oof_p90,101,0.8211382114,放贷,优化模型选择,100,1000000,0.1425,14.25,0.8439092946,0.1560907054,15.60907054,0.5,0.03,2.050047464,0.6113862734,0.4682721162,0.9703890744,0.009703890744,risk_p90_baseline_budget,nominal_equality,False,0.07833730674,risk,p90,0.5,0.5,0.03,4950
E100,***装饰工程有限公司,D,elastic_net_logistic,0.3416804479,logistic_oof_p90,32,0.2601626016,不放贷,D级企业原则上不予放贷,0,0,,,,,0,0.5,0.03,0,0,0,0,,risk_p90_baseline_budget,nominal_equality,False,0.3416804479,risk,p90,0.5,0.5,0.03,4950
E101,***灯饰工程有限公司,D,elastic_net_logistic,0.7897592201,logistic_oof_p90,5,0.0406504065,不放贷,D级企业原则上不予放贷,0,0,,,,,0,0.5,0.03,0,0,0,0,,risk_p90_baseline_budget,nominal_equality,False,0.7897592201,risk,p90,0.5,0.5,0.03,4950
E102,***大药房有限责任公司,D,elastic_net_logistic,0.6183651775,logistic_oof_p90,13,0.1056910569,不放贷,D级企业原则上不予放贷,0,0,,,,,0,0.5,0.03,0,0,0,0,,risk_p90_baseline_budget,nominal_equality,False,0.6183651775,risk,p90,0.5,0.5,0.03,4950
E103,***科技有限公司,D,elastic_net_logistic,0.4768661053,logistic_oof_p90,22,0.1788617886,不放贷,D级企业原则上不予放贷,0,0,,,,,0,0.5,0.03,0,0,0,0,,risk_p90_baseline_budget,nominal_equality,False,0.4768661053,risk,p90,0.5,0.5,0.03,4950
E104,***管理咨询有限责任公司,C,elastic_net_logistic,0.6048969633,logistic_oof_p90,16,0.1300813008,不放贷,优化模型未选择,0,0,,,,,0,0.5,0.03,0,0,0,0,,risk_p90_baseline_budget,nominal_equality,False,0.6048969633,risk,p90,0.5,0.5,0.03,4950
E105,***建材经营部,C,elastic_net_logistic,0.3150886304,logistic_oof_p90,38,0.3089430894,不放贷,优化模型未选择,0,0,,,,,0,0.5,0.03,0,0,0,0,,risk_p90_baseline_budget,nominal_equality,False,0.3150886304,risk,p90,0.5,0.5,0.03,4950
E106,***财务管理有限公司,B,elastic_net_logistic,0.2861266308,logistic_oof_p90,40,0.325203252,不放贷,优化模型未选择,0,0,,,,,0,0.5,0.03,0,0,0,0,,risk_p90_baseline_budget,nominal_equality,False,0.2861266308,risk,p90,0.5,0.5,0.03,4950
E107,***科技有限公司,D,elastic_net_logistic,0.6820972821,logistic_oof_p90,10,0.08130081301,不放贷,D级企业原则上不予放贷,0,0,,,,,0,0.5,0.03,0,0,0,0,,risk_p90_baseline_budget,nominal_equality,False,0.6820972821,risk,p90,0.5,0.5,0.03,4950
E108,***商贸有限公司,D,elastic_net_logistic,0.6296705299,logistic_oof_p90,11,0.08943089431,不放贷,D级企业原则上不予放贷,0,0,,,,,0,0.5,0.03,0,0,0,0,,risk_p90_baseline_budget,nominal_equality,False,0.6296705299,risk,p90,0.5,0.5,0.03,4950
E109,***服饰有限公司,D,elastic_net_logistic,0.6102205923,logistic_oof_p90,15,0.1219512195,不放贷,D级企业原则上不予放贷,0,0,,,,,0,0.5,0.03,0,0,0,0,,risk_p90_baseline_budget,nominal_equality,False,0.6102205923,risk,p90,0.5,0.5,0.03,4950
E11,***建设工程有限公司,C,elastic_net_logistic,0.1001763276,logistic_oof_p90,89,0.7235772358,放贷,优化模型选择,100,1000000,0.1425,14.25,0.8405321006,0.1594678994,15.94678994,0.5,0.03,2.04477512,0.7987454266,0.4784036982,0.7676259951,0.007676259951,risk_p90_baseline_budget,nominal_equality,False,0.1001763276,risk,p90,0.5,0.5,0.03,4950
E110,***通讯器材经营部,C,elastic_net_logistic,0.6124762668,logistic_oof_p90,14,0.1138211382,不放贷,优化模型未选择,0,0,,,,,0,0.5,0.03,0,0,0,0,,risk_p90_baseline_budget,nominal_equality,False,0.6124762668,risk,p90,0.5,0.5,0.03,4950
E111,***科技有限公司,D,elastic_net_logistic,0.3189536769,logistic_oof_p90,37,0.3008130081,不放贷,D级企业原则上不予放贷,0,0,,,,,0,0.5,0.03,0,0,0,0,,risk_p90_baseline_budget,nominal_equality,False,0.3189536769,risk,p90,0.5,0.5,0.03,4950
E112,***机械设备有限公司,D,elastic_net_logistic,0.5129040595,logistic_oof_p90,21,0.1707317073,不放贷,D级企业原则上不予放贷,0,0,,,,,0,0.5,0.03,0,0,0,0,,risk_p90_baseline_budget,nominal_equality,False,0.5129040595,risk,p90,0.5,0.5,0.03,4950
E113,***美居科技有限公司,D,elastic_net_logistic,0.8315439659,logistic_oof_p90,3,0.0243902439,不放贷,D级企业原则上不予放贷,0,0,,,,,0,0.5,0.03,0,0,0,0,,risk_p90_baseline_budget,nominal_equality,False,0.8315439659,risk,p90,0.5,0.5,0.03,4950
E114,***食品有限责任公司,D,elastic_net_logistic,0.5421990478,logistic_oof_p90,19,0.1544715447,不放贷,D级企业原则上不予放贷,0,0,,,,,0,0.5,0.03,0,0,0,0,,risk_p90_baseline_budget,nominal_equality,False,0.5421990478,risk,p90,0.5,0.5,0.03,4950
E115,***装饰工程有限公司,D,elastic_net_logistic,0.8331104651,logistic_oof_p90,2,0.0162601626,不放贷,D级企业原则上不予放贷,0,0,,,,,0,0.5,0.03,0,0,0,0,,risk_p90_baseline_budget,nominal_equality,False,0.8331104651,risk,p90,0.5,0.5,0.03,4950
E116,***门窗有限公司,D,elastic_net_logistic,0.532859258,logistic_oof_p90,20,0.162601626,不放贷,D级企业原则上不予放贷,0,0,,,,,0,0.5,0.03,0,0,0,0,,risk_p90_baseline_budget,nominal_equality,False,0.532859258,risk,p90,0.5,0.5,0.03,4950
E117,***人力资源管理咨询有限公司,D,elastic_net_logistic,0.7561127553,logistic_oof_p90,7,0.05691056911,不放贷,D级企业原则上不予放贷,0,0,,,,,0,0.5,0.03,0,0,0,0,,risk_p90_baseline_budget,nominal_equality,False,0.7561127553,risk,p90,0.5,0.5,0.03,4950
E118,***体育用品有限公司,D,elastic_net_logistic,0.4429217794,logistic_oof_p90,24,0.1951219512,不放贷,D级企业原则上不予放贷,0,0,,,,,0,0.5,0.03,0,0,0,0,,risk_p90_baseline_budget,nominal_equality,False,0.4429217794,risk,p90,0.5,0.5,0.03,4950
E119,***药房,D,elastic_net_logistic,0.6891769584,logistic_oof_p90,9,0.07317073171,不放贷,D级企业原则上不予放贷,0,0,,,,,0,0.5,0.03,0,0,0,0,,risk_p90_baseline_budget,nominal_equality,False,0.6891769584,risk,p90,0.5,0.5,0.03,4950
E12,***建筑劳务有限公司,B,elastic_net_logistic,0.1054632903,logistic_oof_p90,82,0.6666666667,放贷,优化模型选择,100,1000000,0.1425,14.25,0.8439092946,0.1560907054,15.60907054,0.5,0.03,1.989711341,0.8230919688,0.4682721162,0.6983472558,0.006983472558,risk_p90_baseline_budget,nominal_equality,False,0.1054632903,risk,p90,0.5,0.5,0.03,4950
E120,***陈列广告有限公司,D,elastic_net_logistic,0.7608714869,logistic_oof_p90,6,0.0487804878,不放贷,D级企业原则上不予放贷,0,0,,,,,0,0.5,0.03,0,0,0,0,,risk_p90_baseline_budget,nominal_equality,False,0.7608714869,risk,p90,0.5,0.5,0.03,4950
E121,***药业连锁有限公司***药店,D,elastic_net_logistic,0.5621951951,logistic_oof_p90,18,0.1463414634,不放贷,D级企业原则上不予放贷,0,0,,,,,0,0.5,0.03,0,0,0,0,,risk_p90_baseline_budget,nominal_equality,False,0.5621951951,risk,p90,0.5,0.5,0.03,4950
E122,***商贸有限责任公司,D,elastic_net_logistic,0.6021516604,logistic_oof_p90,17,0.1382113821,不放贷,D级企业原则上不予放贷,0,0,,,,,0,0.5,0.03,0,0,0,0,,risk_p90_baseline_budget,nominal_equality,False,0.6021516604,risk,p90,0.5,0.5,0.03,4950
E123,***创科技有限责任公司,D,elastic_net_logistic,0.8270597923,logistic_oof_p90,4,0.0325203252,不放贷,D级企业原则上不予放贷,0,0,,,,,0,0.5,0.03,0,0,0,0,,risk_p90_baseline_budget,nominal_equality,False,0.8270597923,risk,p90,0.5,0.5,0.03,4950
E13,***汽车贸易有限公司,A,elastic_net_logistic,0.05373417783,logistic_oof_p90,112,0.9105691057,放贷,优化模型选择,100,1000000,0.1225,12.25,0.8148090077,0.1851909923,18.51909923,0.5,0.03,2.146688856,0.4975542856,0.5555729769,1.093561593,0.01093561593,risk_p90_baseline_budget,nominal_equality,False,0.05373417783,risk,p90,0.5,0.5,0.03,4950
E14,个体经营E14,C,elastic_net_logistic,0.04024201468,logistic_oof_p90,118,0.9593495935,放贷,优化模型选择,100,1000000,0.1105,11.05,0.7151023945,0.2848976055,28.48976055,0.5,0.03,3.021431908,0.5732426811,0.8546928165,1.593496411,0.01593496411,risk_p90_baseline_budget,nominal_equality,False,0.04024201468,risk,p90,0.5,0.5,0.03,4950
E15,***劳务有限公司,A,elastic_net_logistic,0.1036254123,logistic_oof_p90,84,0.6829268293,放贷,优化模型选择,100,1000000,0.1425,14.25,0.8801803134,0.1198196866,11.98196866,0.5,0.03,1.530497341,0.6208182213,0.3594590598,0.5502200599,0.005502200599,risk_p90_baseline_budget,nominal_equality,False,0.1036254123,risk,p90,0.5,0.5,0.03,4950
E16,***建筑劳务有限公司,A,elastic_net_logistic,0.0624669862,logistic_oof_p90,106,0.8617886179,放贷,优化模型选择,100,1000000,0.1225,12.25,0.8148090077,0.1851909923,18.51909923,0.5,0.03,2.126877697,0.578416158,0.5555729769,0.992888562,0.00992888562,risk_p90_baseline_budget,nominal_equality,False,0.0624669862,risk,p90,0.5,0.5,0.03,4950
E17,***消防工程有限公司,A,elastic_net_logistic,0.05349825243,logistic_oof_p90,113,0.918699187,放贷,优化模型选择,100,1000000,0.1225,12.25,0.8148090077,0.1851909923,18.51909923,0.5,0.03,2.147224074,0.4953697227,0.5555729769,1.096281374,0.01096281374,risk_p90_baseline_budget,nominal_equality,False,0.05349825243,risk,p90,0.5,0.5,0.03,4950
E18,***消防工程有限责任公司,A,elastic_net_logistic,0.06117933194,logistic_oof_p90,110,0.8943089431,放贷,优化模型选择,100,1000000,0.1225,12.25,0.8148090077,0.1851909923,18.51909923,0.5,0.03,2.129798856,0.5664930595,0.5555729769,1.00773282,0.0100773282,risk_p90_baseline_budget,nominal_equality,False,0.06117933194,risk,p90,0.5,0.5,0.03,4950
E19,***科技有限公司,A,elastic_net_logistic,0.09093656268,logistic_oof_p90,96,0.7804878049,放贷,优化模型选择,100,1000000,0.1225,12.25,0.8148090077,0.1851909923,18.51909923,0.5,0.03,2.06229191,0.842031614,0.5555729769,0.6646873194,0.006646873194,risk_p90_baseline_budget,nominal_equality,False,0.09093656268,risk,p90,0.5,0.5,0.03,4950
E2,***技术有限责任公司,A,elastic_net_logistic,0.03642833627,logistic_oof_p90,119,0.9674796748,放贷,优化模型选择,100,1000000,0.0985,9.85,0.7083020233,0.2916979767,29.16979767,0.5,0.03,2.768558261,0.5313035992,0.8750939301,1.362160732,0.01362160732,risk_p90_baseline_budget,nominal_equality,False,0.03642833627,risk,p90,0.5,0.5,0.03,4950
E20,***贸易有限公司,B,elastic_net_logistic,0.06402096704,logistic_oof_p90,105,0.8536585366,放贷,优化模型选择,100,1000000,0.1185,11.85,0.7692116619,0.2307883381,23.07883381,0.5,0.03,2.559754589,0.7387646293,0.6923650143,1.128624946,0.01128624946,risk_p90_baseline_budget,nominal_equality,False,0.06402096704,risk,p90,0.5,0.5,0.03,4950
E21,***建设工程有限公司,B,elastic_net_logistic,0.09612822768,logistic_oof_p90,92,0.7479674797,放贷,优化模型选择,100,1000000,0.1425,14.25,0.8439092946,0.1560907054,15.60907054,0.5,0.03,2.010475251,0.7502361434,0.4682721162,0.7919669915,0.007919669915,risk_p90_baseline_budget,nominal_equality,False,0.09612822768,risk,p90,0.5,0.5,0.03,4950
E22,***物流有限公司,A,elastic_net_logistic,0.09349623574,logistic_oof_p90,94,0.7642276423,放贷,优化模型选择,100,1000000,0.1225,12.25,0.8148090077,0.1851909923,18.51909923,0.5,0.03,2.056485062,0.8657330337,0.5555729769,0.6351790519,0.006351790519,risk_p90_baseline_budget,nominal_equality,False,0.09349623574,risk,p90,0.5,0.5,0.03,4950
E23,***贸易有限公司,B,elastic_net_logistic,0.04082479351,logistic_oof_p90,117,0.9512195122,放贷,优化模型选择,100,1000000,0.1065,10.65,0.7053159925,0.2946840075,29.46840075,0.5,0.03,3.010260773,0.6015206878,0.8840520225,1.524688063,0.01524688063,risk_p90_baseline_budget,nominal_equality,False,0.04082479351,risk,p90,0.5,0.5,0.03,4950
E24,***建筑工程有限公司,A,elastic_net_logistic,0.06125175229,logistic_oof_p90,109,0.8861788618,放贷,优化模型选择,100,1000000,0.1225,12.25,0.8148090077,0.1851909923,18.51909923,0.5,0.03,2.129634564,0.5671636393,0.5555729769,1.006897948,0.01006897948,risk_p90_baseline_budget,nominal_equality,False,0.06125175229,risk,p90,0.5,0.5,0.03,4950
E25,***通讯设备有限公司,C,elastic_net_logistic,0.09686547054,logistic_oof_p90,90,0.7317073171,放贷,优化模型选择,100,1000000,0.1425,14.25,0.8405321006,0.1594678994,15.94678994,0.5,0.03,2.05229877,0.7723466556,0.4784036982,0.8015484158,0.008015484158,risk_p90_baseline_budget,nominal_equality,False,0.09686547054,risk,p90,0.5,0.5,0.03,4950
E26,***金属材料有限公司,A,elastic_net_logistic,0.1782110185,logistic_oof_p90,56,0.4552845528,不放贷,优化模型未选择,0,0,,,,,0,0.5,0.03,0,0,0,0,,risk_p90_baseline_budget,nominal_equality,False,0.1782110185,risk,p90,0.5,0.5,0.03,4950
E27,***农业开发有限公司,A,elastic_net_logistic,0.1369068444,logistic_oof_p90,69,0.5609756098,不放贷,优化模型未选择,0,0,,,,,0,0.5,0.03,0,0,0,0,,risk_p90_baseline_budget,nominal_equality,False,0.1369068444,risk,p90,0.5,0.5,0.03,4950
E28,***景观工程有限公司,B,elastic_net_logistic,0.1193350508,logistic_oof_p90,76,0.6178861789,放贷,优化模型选择,100,1000000,0.1425,14.25,0.8439092946,0.1560907054,15.60907054,0.5,0.03,1.958856487,0.9313546129,0.4682721162,0.5592297582,0.005592297582,risk_p90_baseline_budget,nominal_equality,False,0.1193350508,risk,p90,0.5,0.5,0.03,4950
E29,***建筑劳务有限公司,C,elastic_net_logistic,0.08548890218,logistic_oof_p90,98,0.7967479675,放贷,优化模型选择,100,1000000,0.1425,14.25,0.8405321006,0.1594678994,15.94678994,0.5,0.03,2.078151083,0.6816367826,0.4784036982,0.9181106026,0.009181106026,risk_p90_baseline_budget,nominal_equality,False,0.08548890218,risk,p90,0.5,0.5,0.03,4950
E3,***电子(中国)有限公司***分公司,C,elastic_net_logistic,0.025281018,logistic_oof_p90,123,1,放贷,优化模型选择,100,1000000,0.0905,9.05,0.5900970447,0.4099029553,40.99029553,0.5,0.03,3.615838731,0.5181381996,1.229708866,1.867991666,0.01867991666,risk_p90_baseline_budget,nominal_equality,False,0.025281018,risk,p90,0.5,0.5,0.03,4950
E30,***建筑工程有限公司,B,elastic_net_logistic,0.1024182862,logistic_oof_p90,86,0.6991869919,放贷,优化模型选择,100,1000000,0.1425,14.25,0.8439092946,0.1560907054,15.60907054,0.5,0.03,1.996484321,0.7993271269,0.4682721162,0.7288850776,0.007288850776,risk_p90_baseline_budget,nominal_equality,False,0.1024182862,risk,p90,0.5,0.5,0.03,4950
E31,***食品有限公司,A,elastic_net_logistic,0.04188668071,logistic_oof_p90,116,0.9430894309,放贷,优化模型选择,100,1000000,0.1025,10.25,0.7312754013,0.2687245987,26.87245987,0.5,0.03,2.639053327,0.5627990732,0.8061737961,1.270080457,0.01270080457,risk_p90_baseline_budget,nominal_equality,False,0.04188668071,risk,p90,0.5,0.5,0.03,4950
E32,***建筑劳务有限公司,B,elastic_net_logistic,0.104597557,logistic_oof_p90,83,0.674796748,放贷,优化模型选择,100,1000000,0.1425,14.25,0.8439092946,0.1560907054,15.60907054,0.5,0.03,1.991636985,0.8163353228,0.4682721162,0.707029546,0.00707029546,risk_p90_baseline_budget,nominal_equality,False,0.104597557,risk,p90,0.5,0.5,0.03,4950
E33,***园林有限责任公司,B,elastic_net_logistic,0.1158892222,logistic_oof_p90,77,0.6260162602,放贷,优化模型选择,100,1000000,0.1425,14.25,0.8439092946,0.1560907054,15.60907054,0.5,0.03,1.966521018,0.9044615221,0.4682721162,0.5937873799,0.005937873799,risk_p90_baseline_budget,nominal_equality,False,0.1158892222,risk,p90,0.5,0.5,0.03,4950
E34,***建设工程有限公司,B,elastic_net_logistic,0.1393444528,logistic_oof_p90,68,0.5528455285,不放贷,优化模型未选择,0,0,,,,,0,0.5,0.03,0,0,0,0,,risk_p90_baseline_budget,nominal_equality,False,0.1393444528,risk,p90,0.5,0.5,0.03,4950
E35,***商贸有限公司,B,elastic_net_logistic,0.1006056864,logistic_oof_p90,88,0.7154471545,放贷,优化模型选择,100,1000000,0.1425,14.25,0.8439092946,0.1560907054,15.60907054,0.5,0.03,2.000516073,0.7851806279,0.4682721162,0.7470633289,0.007470633289,risk_p90_baseline_budget,nominal_equality,False,0.1006056864,risk,p90,0.5,0.5,0.03,4950
E36,***超硬材料有限公司,D,elastic_net_logistic,0.06163613971,logistic_oof_p90,108,0.8780487805,不放贷,D级企业原则上不予放贷,0,0,,,,,0,0.5,0.03,0,0,0,0,,risk_p90_baseline_budget,nominal_equality,False,0.06163613971,risk,p90,0.5,0.5,0.03,4950
E37,***木业有限公司,B,elastic_net_logistic,0.1088428529,logistic_oof_p90,79,0.6422764228,放贷,优化模型选择,100,1000000,0.1425,14.25,0.8439092946,0.1560907054,15.60907054,0.5,0.03,1.982194205,0.8494678843,0.4682721162,0.6644542044,0.006644542044,risk_p90_baseline_budget,nominal_equality,False,0.1088428529,risk,p90,0.5,0.5,0.03,4950
E38,***建设工程有限公司,B,elastic_net_logistic,0.1460270212,logistic_oof_p90,66,0.5365853659,不放贷,优化模型未选择,0,0,,,,,0,0.5,0.03,0,0,0,0,,risk_p90_baseline_budget,nominal_equality,False,0.1460270212,risk,p90,0.5,0.5,0.03,4950
E39,***建筑劳务有限公司,C,elastic_net_logistic,0.2307578892,logistic_oof_p90,49,0.3983739837,不放贷,优化模型未选择,0,0,,,,,0,0.5,0.03,0,0,0,0,,risk_p90_baseline_budget,nominal_equality,False,0.2307578892,risk,p90,0.5,0.5,0.03,4950
E4,***发展有限责任公司,C,elastic_net_logistic,0.04400979025,logistic_oof_p90,114,0.9268292683,放贷,优化模型选择,100,1000000,0.1105,11.05,0.7151023945,0.2848976055,28.48976055,0.5,0.03,3.009570504,0.626914193,0.8546928165,1.527963495,0.01527963495,risk_p90_baseline_budget,nominal_equality,False,0.04400979025,risk,p90,0.5,0.5,0.03,4950
E40,***财税咨询服务有限公司,C,elastic_net_logistic,0.09293248415,logistic_oof_p90,95,0.7723577236,放贷,优化模型选择,100,1000000,0.1425,14.25,0.8405321006,0.1594678994,15.94678994,0.5,0.03,2.061236157,0.7409874017,0.4784036982,0.8418450571,0.008418450571,risk_p90_baseline_budget,nominal_equality,False,0.09293248415,risk,p90,0.5,0.5,0.03,4950
E41,***物业发展有限公司,C,elastic_net_logistic,0.09683047914,logistic_oof_p90,91,0.7398373984,放贷,优化模型选择,100,1000000,0.1425,14.25,0.8405321006,0.1594678994,15.94678994,0.5,0.03,2.052378285,0.7720676553,0.4784036982,0.8019069312,0.008019069312,risk_p90_baseline_budget,nominal_equality,False,0.09683047914,risk,p90,0.5,0.5,0.03,4950
E42,***园艺场,A,elastic_net_logistic,0.1475914741,logistic_oof_p90,65,0.5284552846,不放贷,优化模型未选择,0,0,,,,,0,0.5,0.03,0,0,0,0,,risk_p90_baseline_budget,nominal_equality,False,0.1475914741,risk,p90,0.5,0.5,0.03,4950
E43,***建设工程有限公司,B,elastic_net_logistic,0.2145282193,logistic_oof_p90,51,0.4146341463,不放贷,优化模型未选择,0,0,,,,,0,0.5,0.03,0,0,0,0,,risk_p90_baseline_budget,nominal_equality,False,0.2145282193,risk,p90,0.5,0.5,0.03,4950
E44,***商贸有限公司,C,elastic_net_logistic,0.1035354806,logistic_oof_p90,85,0.6910569106,放贷,优化模型选择,100,1000000,0.1425,14.25,0.8405321006,0.1594678994,15.94678994,0.5,0.03,2.037141722,0.8255292802,0.4784036982,0.7332087432,0.007332087432,risk_p90_baseline_budget,nominal_equality,False,0.1035354806,risk,p90,0.5,0.5,0.03,4950
E45,个体经营E45,B,elastic_net_logistic,0.1219197504,logistic_oof_p90,74,0.6016260163,放贷,优化模型选择,100,1000000,0.1425,14.25,0.8439092946,0.1560907054,15.60907054,0.5,0.03,1.953107359,0.9515269921,0.4682721162,0.5333082509,0.005333082509,risk_p90_baseline_budget,nominal_equality,False,0.1219197504,risk,p90,0.5,0.5,0.03,4950
E46,***广告传媒有限公司,C,elastic_net_logistic,0.06245378683,logistic_oof_p90,107,0.8699186992,放贷,优化模型选择,100,1000000,0.1105,11.05,0.7151023945,0.2848976055,28.48976055,0.5,0.03,2.951506617,0.8896467161,0.8546928165,1.207167084,0.01207167084,risk_p90_baseline_budget,nominal_equality,False,0.06245378683,risk,p90,0.5,0.5,0.03,4950
E47,***控制设备有限责任公司,C,elastic_net_logistic,0.05822355401,logistic_oof_p90,111,0.9024390244,放贷,优化模型选择,100,1000000,0.1105,11.05,0.7151023945,0.2848976055,28.48976055,0.5,0.03,2.964823891,0.8293875561,0.8546928165,1.280743518,0.01280743518,risk_p90_baseline_budget,nominal_equality,False,0.05822355401,risk,p90,0.5,0.5,0.03,4950
E48,***化工有限公司,A,elastic_net_logistic,0.08921054517,logistic_oof_p90,97,0.7886178862,放贷,优化模型选择,100,1000000,0.1225,12.25,0.8148090077,0.1851909923,18.51909923,0.5,0.03,2.066207536,0.8260494692,0.5555729769,0.6845850896,0.006845850896,risk_p90_baseline_budget,nominal_equality,False,0.08921054517,risk,p90,0.5,0.5,0.03,4950
E49,***地球环保科技有限公司,C,elastic_net_logistic,0.1105965348,logistic_oof_p90,78,0.6341463415,放贷,优化模型选择,100,1000000,0.1425,14.25,0.8405321006,0.1594678994,15.94678994,0.5,0.03,2.021096058,0.8818298543,0.4784036982,0.6608625055,0.006608625055,risk_p90_baseline_budget,nominal_equality,False,0.1105965348,risk,p90,0.5,0.5,0.03,4950
E5,***供应链管理有限公司,B,elastic_net_logistic,0.07330978844,logistic_oof_p90,103,0.837398374,放贷,优化模型选择,100,1000000,0.1425,14.25,0.8439092946,0.1560907054,15.60907054,0.5,0.03,2.061230136,0.5721488295,0.4682721162,1.02080919,0.0102080919,risk_p90_baseline_budget,nominal_equality,False,0.07330978844,risk,p90,0.5,0.5,0.03,4950
E50,***建筑劳务有限公司,C,elastic_net_logistic,0.2040258114,logistic_oof_p90,53,0.4308943089,不放贷,优化模型未选择,0,0,,,,,0,0.5,0.03,0,0,0,0,,risk_p90_baseline_budget,nominal_equality,False,0.2040258114,risk,p90,0.5,0.5,0.03,4950
E51,***物流有限公司,B,elastic_net_logistic,0.07874952738,logistic_oof_p90,100,0.8130081301,放贷,优化模型选择,100,1000000,0.1425,14.25,0.8439092946,0.1560907054,15.60907054,0.5,0.03,2.049130565,0.6146034639,0.4682721162,0.9662549846,0.009662549846,risk_p90_baseline_budget,nominal_equality,False,0.07874952738,risk,p90,0.5,0.5,0.03,4950
E52,***商贸有限公司,D,elastic_net_logistic,0.2416471762,logistic_oof_p90,45,0.3658536585,不放贷,D级企业原则上不予放贷,0,0,,,,,0,0.5,0.03,0,0,0,0,,risk_p90_baseline_budget,nominal_equality,False,0.2416471762,risk,p90,0.5,0.5,0.03,4950
E53,***文化传媒有限公司,C,elastic_net_logistic,0.1294528809,logistic_oof_p90,71,0.5772357724,放贷,优化模型选择,50,500000,0.1425,14.25,0.8405321006,0.1594678994,7.97339497,0.5,0.03,0.9891232829,0.5160894747,0.2392018491,0.2338319591,0.004676639182,risk_p90_baseline_budget,nominal_equality,False,0.1294528809,risk,p90,0.5,0.5,0.03,4950
E54,***新技术开发有限公司,A,elastic_net_logistic,0.08481402429,logistic_oof_p90,99,0.8048780488,放贷,优化模型选择,100,1000000,0.1225,12.25,0.8148090077,0.1851909923,18.51909923,0.5,0.03,2.076181438,0.785339666,0.5555729769,0.7352687947,0.007352687947,risk_p90_baseline_budget,nominal_equality,False,0.08481402429,risk,p90,0.5,0.5,0.03,4950
E55,***集团有限公司***电力设备分公司,C,elastic_net_logistic,0.2408611135,logistic_oof_p90,46,0.3739837398,不放贷,优化模型未选择,0,0,,,,,0,0.5,0.03,0,0,0,0,,risk_p90_baseline_budget,nominal_equality,False,0.2408611135,risk,p90,0.5,0.5,0.03,4950
E56,***家居材料***有限公司,C,elastic_net_logistic,0.1073776577,logistic_oof_p90,81,0.6585365854,放贷,优化模型选择,100,1000000,0.1425,14.25,0.8405321006,0.1594678994,15.94678994,0.5,0.03,2.028410691,0.8561644758,0.4784036982,0.6938425169,0.006938425169,risk_p90_baseline_budget,nominal_equality,False,0.1073776577,risk,p90,0.5,0.5,0.03,4950
E57,***机械设备有限公司,B,elastic_net_logistic,0.1291130293,logistic_oof_p90,72,0.5853658537,不放贷,优化模型未选择,0,0,,,,,0,0.5,0.03,0,0,0,0,,risk_p90_baseline_budget,nominal_equality,False,0.1291130293,risk,p90,0.5,0.5,0.03,4950
E58,***油气工程建设有限责任公司,B,elastic_net_logistic,0.166452668,logistic_oof_p90,60,0.487804878,不放贷,优化模型未选择,0,0,,,,,0,0.5,0.03,0,0,0,0,,risk_p90_baseline_budget,nominal_equality,False,0.166452668,risk,p90,0.5,0.5,0.03,4950
E59,***商贸有限公司,A,elastic_net_logistic,0.07641618763,logistic_oof_p90,102,0.8292682927,放贷,优化模型选择,100,1000000,0.1225,12.25,0.8148090077,0.1851909923,18.51909923,0.5,0.03,2.095232683,0.7075794807,0.5555729769,0.8320802252,0.008320802252,risk_p90_baseline_budget,nominal_equality,False,0.07641618763,risk,p90,0.5,0.5,0.03,4950
E6,***装饰设计工程有限公司,A,elastic_net_logistic,0.04389193776,logistic_oof_p90,115,0.9349593496,放贷,优化模型选择,100,1000000,0.1025,10.25,0.7312754013,0.2687245987,26.87245987,0.5,0.03,2.633529992,0.589742168,0.8061737961,1.237614028,0.01237614028,risk_p90_baseline_budget,nominal_equality,False,0.04389193776,risk,p90,0.5,0.5,0.03,4950
E60,***机械租赁有限公司,B,elastic_net_logistic,0.2335825691,logistic_oof_p90,47,0.3821138211,不放贷,优化模型未选择,0,0,,,,,0,0.5,0.03,0,0,0,0,,risk_p90_baseline_budget,nominal_equality,False,0.2335825691,risk,p90,0.5,0.5,0.03,4950
E61,***调味品有限公司,B,elastic_net_logistic,0.09484916536,logistic_oof_p90,93,0.756097561,放贷,优化模型选择,100,1000000,0.1425,14.25,0.8439092946,0.1560907054,15.60907054,0.5,0.03,2.01332026,0.7402536564,0.4682721162,0.8047944873,0.008047944873,risk_p90_baseline_budget,nominal_equality,False,0.09484916536,risk,p90,0.5,0.5,0.03,4950
E62,***工程造价咨询有限公司***分公司,B,elastic_net_logistic,0.1450170246,logistic_oof_p90,67,0.5447154472,不放贷,优化模型未选择,0,0,,,,,0,0.5,0.03,0,0,0,0,,risk_p90_baseline_budget,nominal_equality,False,0.1450170246,risk,p90,0.5,0.5,0.03,4950
E63,***科技有限公司,B,elastic_net_logistic,0.1084106096,logistic_oof_p90,80,0.6504065041,放贷,优化模型选择,100,1000000,0.1425,14.25,0.8439092946,0.1560907054,15.60907054,0.5,0.03,1.98315564,0.8460944263,0.4682721162,0.668789098,0.00668789098,risk_p90_baseline_budget,nominal_equality,False,0.1084106096,risk,p90,0.5,0.5,0.03,4950
E64,***图书有限责任公司,A,elastic_net_logistic,0.1209520698,logistic_oof_p90,75,0.6097560976,不放贷,优化模型未选择,0,0,,,,,0,0.5,0.03,0,0,0,0,,risk_p90_baseline_budget,nominal_equality,False,0.1209520698,risk,p90,0.5,0.5,0.03,4950
E65,***商贸有限公司,B,elastic_net_logistic,0.1016662421,logistic_oof_p90,87,0.7073170732,放贷,优化模型选择,100,1000000,0.1425,14.25,0.8439092946,0.1560907054,15.60907054,0.5,0.03,1.998157087,0.7934577722,0.4682721162,0.7364271984,0.007364271984,risk_p90_baseline_budget,nominal_equality,False,0.1016662421,risk,p90,0.5,0.5,0.03,4950
E66,***快递有限公司,B,elastic_net_logistic,0.3741353375,logistic_oof_p90,29,0.2357723577,不放贷,优化模型未选择,0,0,,,,,0,0.5,0.03,0,0,0,0,,risk_p90_baseline_budget,nominal_equality,False,0.3741353375,risk,p90,0.5,0.5,0.03,4950
E67,***信息技术有限公司,B,elastic_net_logistic,0.2088292217,logistic_oof_p90,52,0.4227642276,不放贷,优化模型未选择,0,0,,,,,0,0.5,0.03,0,0,0,0,,risk_p90_baseline_budget,nominal_equality,False,0.2088292217,risk,p90,0.5,0.5,0.03,4950
E68,***花木总公司,C,elastic_net_logistic,0.3824767947,logistic_oof_p90,28,0.2276422764,不放贷,优化模型未选择,0,0,,,,,0,0.5,0.03,0,0,0,0,,risk_p90_baseline_budget,nominal_equality,False,0.3824767947,risk,p90,0.5,0.5,0.03,4950
E69,***电子器材经营部,C,elastic_net_logistic,0.3207126735,logistic_oof_p90,36,0.2926829268,不放贷,优化模型未选择,0,0,,,,,0,0.5,0.03,0,0,0,0,,risk_p90_baseline_budget,nominal_equality,False,0.3207126735,risk,p90,0.5,0.5,0.03,4950
E7,***家电有限公司***分公司,A,elastic_net_logistic,0.03436137967,logistic_oof_p90,121,0.9837398374,放贷,优化模型选择,100,1000000,0.0985,9.85,0.7083020233,0.2916979767,29.16979767,0.5,0.03,2.774497093,0.5011572463,0.8750939301,1.398245917,0.01398245917,risk_p90_baseline_budget,nominal_equality,False,0.03436137967,risk,p90,0.5,0.5,0.03,4950
E70,***科技有限公司,B,elastic_net_logistic,0.1557212843,logistic_oof_p90,62,0.5040650407,不放贷,优化模型未选择,0,0,,,,,0,0.5,0.03,0,0,0,0,,risk_p90_baseline_budget,nominal_equality,False,0.1557212843,risk,p90,0.5,0.5,0.03,4950
E71,***农业科技有限公司,B,elastic_net_logistic,0.2461670708,logistic_oof_p90,44,0.3577235772,不放贷,优化模型未选择,0,0,,,,,0,0.5,0.03,0,0,0,0,,risk_p90_baseline_budget,nominal_equality,False,0.2461670708,risk,p90,0.5,0.5,0.03,4950
E72,***图书有限公司,C,elastic_net_logistic,0.3383260035,logistic_oof_p90,33,0.2682926829,不放贷,优化模型未选择,0,0,,,,,0,0.5,0.03,0,0,0,0,,risk_p90_baseline_budget,nominal_equality,False,0.3383260035,risk,p90,0.5,0.5,0.03,4950
E73,***商贸有限责任公司,C,elastic_net_logistic,0.150943928,logistic_oof_p90,63,0.512195122,不放贷,优化模型未选择,0,0,,,,,0,0.5,0.03,0,0,0,0,,risk_p90_baseline_budget,nominal_equality,False,0.150943928,risk,p90,0.5,0.5,0.03,4950
E74,***蔬菜专业合作社,B,elastic_net_logistic,0.1754997095,logistic_oof_p90,57,0.4634146341,不放贷,优化模型未选择,0,0,,,,,0,0.5,0.03,0,0,0,0,,risk_p90_baseline_budget,nominal_equality,False,0.1754997095,risk,p90,0.5,0.5,0.03,4950
E75,***酒店管理有限公司,C,elastic_net_logistic,0.1282680192,logistic_oof_p90,73,0.593495935,放贷,优化模型选择,100,1000000,0.1425,14.25,0.8405321006,0.1594678994,15.94678994,0.5,0.03,1.980939066,1.022731579,0.4784036982,0.4798037891,0.004798037891,risk_p90_baseline_budget,nominal_equality,False,0.1282680192,risk,p90,0.5,0.5,0.03,4950
E76,***信息科技有限公司,B,elastic_net_logistic,0.1979402602,logistic_oof_p90,54,0.4390243902,不放贷,优化模型未选择,0,0,,,,,0,0.5,0.03,0,0,0,0,,risk_p90_baseline_budget,nominal_equality,False,0.1979402602,risk,p90,0.5,0.5,0.03,4950
E77,***机电设备有限公司,C,elastic_net_logistic,0.4663549766,logistic_oof_p90,23,0.1869918699,不放贷,优化模型未选择,0,0,,,,,0,0.5,0.03,0,0,0,0,,risk_p90_baseline_budget,nominal_equality,False,0.4663549766,risk,p90,0.5,0.5,0.03,4950
E78,个体经营E78,C,elastic_net_logistic,0.1481587806,logistic_oof_p90,64,0.5203252033,不放贷,优化模型未选择,0,0,,,,,0,0.5,0.03,0,0,0,0,,risk_p90_baseline_budget,nominal_equality,False,0.1481587806,risk,p90,0.5,0.5,0.03,4950
E79,***鞋业有限公司,B,elastic_net_logistic,0.2207361419,logistic_oof_p90,50,0.406504065,不放贷,优化模型未选择,0,0,,,,,0,0.5,0.03,0,0,0,0,,risk_p90_baseline_budget,nominal_equality,False,0.2207361419,risk,p90,0.5,0.5,0.03,4950
E8,***科学研究院有限公司,A,elastic_net_logistic,0.03439017911,logistic_oof_p90,120,0.9756097561,放贷,优化模型选择,100,1000000,0.0985,9.85,0.7083020233,0.2916979767,29.16979767,0.5,0.03,2.774414346,0.5015772832,0.8750939301,1.397743132,0.01397743132,risk_p90_baseline_budget,nominal_equality,False,0.03439017911,risk,p90,0.5,0.5,0.03,4950
E80,***实业有限责任公司,C,elastic_net_logistic,0.3865190631,logistic_oof_p90,27,0.2195121951,不放贷,优化模型未选择,0,0,,,,,0,0.5,0.03,0,0,0,0,,risk_p90_baseline_budget,nominal_equality,False,0.3865190631,risk,p90,0.5,0.5,0.03,4950
E81,***机械设备有限公司,A,elastic_net_logistic,0.1339413155,logistic_oof_p90,70,0.5691056911,不放贷,优化模型未选择,0,0,,,,,0,0.5,0.03,0,0,0,0,,risk_p90_baseline_budget,nominal_equality,False,0.1339413155,risk,p90,0.5,0.5,0.03,4950
E82,***商贸有限公司,D,elastic_net_logistic,0.2318618526,logistic_oof_p90,48,0.3902439024,不放贷,D级企业原则上不予放贷,0,0,,,,,0,0.5,0.03,0,0,0,0,,risk_p90_baseline_budget,nominal_equality,False,0.2318618526,risk,p90,0.5,0.5,0.03,4950
E83,***社会福利院（***社会福利社会化服务中心）,B,elastic_net_logistic,0.6237840466,logistic_oof_p90,12,0.09756097561,不放贷,优化模型未选择,0,0,,,,,0,0.5,0.03,0,0,0,0,,risk_p90_baseline_budget,nominal_equality,False,0.6237840466,risk,p90,0.5,0.5,0.03,4950
E84,***建材有限公司,A,elastic_net_logistic,0.1694921296,logistic_oof_p90,59,0.4796747967,不放贷,优化模型未选择,0,0,,,,,0,0.5,0.03,0,0,0,0,,risk_p90_baseline_budget,nominal_equality,False,0.1694921296,risk,p90,0.5,0.5,0.03,4950
E85,***安防科技有限公司,B,elastic_net_logistic,0.2483347601,logistic_oof_p90,43,0.3495934959,不放贷,优化模型未选择,0,0,,,,,0,0.5,0.03,0,0,0,0,,risk_p90_baseline_budget,nominal_equality,False,0.2483347601,risk,p90,0.5,0.5,0.03,4950
E86,***地质工程勘察院***分院,C,elastic_net_logistic,0.3548090468,logistic_oof_p90,31,0.2520325203,不放贷,优化模型未选择,0,0,,,,,0,0.5,0.03,0,0,0,0,,risk_p90_baseline_budget,nominal_equality,False,0.3548090468,risk,p90,0.5,0.5,0.03,4950
E87,***实业有限责任公司,C,elastic_net_logistic,0.2796569295,logistic_oof_p90,41,0.3333333333,不放贷,优化模型未选择,0,0,,,,,0,0.5,0.03,0,0,0,0,,risk_p90_baseline_budget,nominal_equality,False,0.2796569295,risk,p90,0.5,0.5,0.03,4950
E88,***贸易有限公司,A,elastic_net_logistic,0.189066442,logistic_oof_p90,55,0.4471544715,不放贷,优化模型未选择,0,0,,,,,0,0.5,0.03,0,0,0,0,,risk_p90_baseline_budget,nominal_equality,False,0.189066442,risk,p90,0.5,0.5,0.03,4950
E89,***物资有限公司,A,elastic_net_logistic,0.3672701532,logistic_oof_p90,30,0.243902439,不放贷,优化模型未选择,0,0,,,,,0,0.5,0.03,0,0,0,0,,risk_p90_baseline_budget,nominal_equality,False,0.3672701532,risk,p90,0.5,0.5,0.03,4950
E9,***生活用品服务有限公司***分公司,A,elastic_net_logistic,0.02531048472,logistic_oof_p90,122,0.9918699187,放贷,优化模型选择,100,1000000,0.0985,9.85,0.7083020233,0.2916979767,29.16979767,0.5,0.03,2.800502351,0.3691508591,0.8750939301,1.556257562,0.01556257562,risk_p90_baseline_budget,nominal_equality,False,0.02531048472,risk,p90,0.5,0.5,0.03,4950
E90,***文化传媒有限责任公司,C,elastic_net_logistic,0.3272754126,logistic_oof_p90,35,0.2845528455,不放贷,优化模型未选择,0,0,,,,,0,0.5,0.03,0,0,0,0,,risk_p90_baseline_budget,nominal_equality,False,0.3272754126,risk,p90,0.5,0.5,0.03,4950
E91,***科技实业有限公司,A,elastic_net_logistic,0.1563985381,logistic_oof_p90,61,0.4959349593,不放贷,优化模型未选择,0,0,,,,,0,0.5,0.03,0,0,0,0,,risk_p90_baseline_budget,nominal_equality,False,0.1563985381,risk,p90,0.5,0.5,0.03,4950
E92,***地质灾害防治有限公司,C,elastic_net_logistic,0.4190045907,logistic_oof_p90,25,0.2032520325,不放贷,优化模型未选择,0,0,,,,,0,0.5,0.03,0,0,0,0,,risk_p90_baseline_budget,nominal_equality,False,0.4190045907,risk,p90,0.5,0.5,0.03,4950
E93,***电脑设计事务所,B,elastic_net_logistic,0.2575297987,logistic_oof_p90,42,0.3414634146,不放贷,优化模型未选择,0,0,,,,,0,0.5,0.03,0,0,0,0,,risk_p90_baseline_budget,nominal_equality,False,0.2575297987,risk,p90,0.5,0.5,0.03,4950
E94,***汽车美容有限公司,C,elastic_net_logistic,0.3879661601,logistic_oof_p90,26,0.2113821138,不放贷,优化模型未选择,0,0,,,,,0,0.5,0.03,0,0,0,0,,risk_p90_baseline_budget,nominal_equality,False,0.3879661601,risk,p90,0.5,0.5,0.03,4950
E95,***兰花店,B,elastic_net_logistic,0.1745511804,logistic_oof_p90,58,0.4715447154,不放贷,优化模型未选择,0,0,,,,,0,0.5,0.03,0,0,0,0,,risk_p90_baseline_budget,nominal_equality,False,0.1745511804,risk,p90,0.5,0.5,0.03,4950
E96,***土地整理有限公司,C,elastic_net_logistic,0.854739214,logistic_oof_p90,1,0.008130081301,不放贷,优化模型未选择,0,0,,,,,0,0.5,0.03,0,0,0,0,,risk_p90_baseline_budget,nominal_equality,False,0.854739214,risk,p90,0.5,0.5,0.03,4950
E97,***美工装饰部,B,elastic_net_logistic,0.3283525845,logistic_oof_p90,34,0.2764227642,不放贷,优化模型未选择,0,0,,,,,0,0.5,0.03,0,0,0,0,,risk_p90_baseline_budget,nominal_equality,False,0.3283525845,risk,p90,0.5,0.5,0.03,4950
E98,***文化传播有限公司,B,elastic_net_logistic,0.3034353338,logistic_oof_p90,39,0.3170731707,不放贷,优化模型未选择,0,0,,,,,0,0.5,0.03,0,0,0,0,,risk_p90_baseline_budget,nominal_equality,False,0.3034353338,risk,p90,0.5,0.5,0.03,4950
E99,***建筑工程有限责任公司,D,elastic_net_logistic,0.6898712011,logistic_oof_p90,8,0.06504065041,不放贷,D级企业原则上不予放贷,0,0,,,,,0,0.5,0.03,0,0,0,0,,risk_p90_baseline_budget,nominal_equality,False,0.6898712011,risk,p90,0.5,0.5,0.03,4950
E1,***电器销售有限公司,A,elastic_net_logistic,0.05655542179,selected_model_risk_score,104,0.8455284553,放贷,优化模型选择,100,1000000,0.1225,12.25,0.8148090077,0.1851909923,18.51909923,0.5,0.03,2.140288611,0.5236777341,0.5555729769,1.0610379,0.010610379,budget_definition_nominal_equality,nominal_equality,False,0.0730491674,budget_definition,mean,0.5,0.5,0.03,4950
E10,***建筑劳务有限公司,B,elastic_net_logistic,0.06093491817,selected_model_risk_score,102,0.8292682927,放贷,优化模型选择,100,1000000,0.1185,11.85,0.7692116619,0.2307883381,23.07883381,0.5,0.03,2.568194445,0.7031534248,0.6923650143,1.172676006,0.01172676006,budget_definition_nominal_equality,nominal_equality,False,0.07833730674,budget_definition,mean,0.5,0.5,0.03,4950
E100,***装饰工程有限公司,D,elastic_net_logistic,0.2578903118,selected_model_risk_score,36,0.2926829268,不放贷,D级企业原则上不予放贷,0,0,,,,,0,0.5,0.03,0,0,0,0,,budget_definition_nominal_equality,nominal_equality,False,0.3416804479,budget_definition,mean,0.5,0.5,0.03,4950
E101,***灯饰工程有限公司,D,elastic_net_logistic,0.7098560409,selected_model_risk_score,6,0.0487804878,不放贷,D级企业原则上不予放贷,0,0,,,,,0,0.5,0.03,0,0,0,0,,budget_definition_nominal_equality,nominal_equality,False,0.7897592201,budget_definition,mean,0.5,0.5,0.03,4950
E102,***大药房有限责任公司,D,elastic_net_logistic,0.4733747116,selected_model_risk_score,17,0.1382113821,不放贷,D级企业原则上不予放贷,0,0,,,,,0,0.5,0.03,0,0,0,0,,budget_definition_nominal_equality,nominal_equality,False,0.6183651775,budget_definition,mean,0.5,0.5,0.03,4950
E103,***科技有限公司,D,elastic_net_logistic,0.4055458126,selected_model_risk_score,22,0.1788617886,不放贷,D级企业原则上不予放贷,0,0,,,,,0,0.5,0.03,0,0,0,0,,budget_definition_nominal_equality,nominal_equality,False,0.4768661053,budget_definition,mean,0.5,0.5,0.03,4950
E104,***管理咨询有限责任公司,C,elastic_net_logistic,0.5371556855,selected_model_risk_score,14,0.1138211382,不放贷,优化模型未选择,0,0,,,,,0,0.5,0.03,0,0,0,0,,budget_definition_nominal_equality,nominal_equality,False,0.6048969633,budget_definition,mean,0.5,0.5,0.03,4950
E105,***建材经营部,C,elastic_net_logistic,0.2296735143,selected_model_risk_score,41,0.3333333333,不放贷,优化模型未选择,0,0,,,,,0,0.5,0.03,0,0,0,0,,budget_definition_nominal_equality,nominal_equality,False,0.3150886304,budget_definition,mean,0.5,0.5,0.03,4950
E106,***财务管理有限公司,B,elastic_net_logistic,0.25387818,selected_model_risk_score,37,0.3008130081,不放贷,优化模型未选择,0,0,,,,,0,0.5,0.03,0,0,0,0,,budget_definition_nominal_equality,nominal_equality,False,0.2861266308,budget_definition,mean,0.5,0.5,0.03,4950
E107,***科技有限公司,D,elastic_net_logistic,0.6278756036,selected_model_risk_score,8,0.06504065041,不放贷,D级企业原则上不予放贷,0,0,,,,,0,0.5,0.03,0,0,0,0,,budget_definition_nominal_equality,nominal_equality,False,0.6820972821,budget_definition,mean,0.5,0.5,0.03,4950
E108,***商贸有限公司,D,elastic_net_logistic,0.5221807895,selected_model_risk_score,15,0.1219512195,不放贷,D级企业原则上不予放贷,0,0,,,,,0,0.5,0.03,0,0,0,0,,budget_definition_nominal_equality,nominal_equality,False,0.6296705299,budget_definition,mean,0.5,0.5,0.03,4950
E109,***服饰有限公司,D,elastic_net_logistic,0.5493640614,selected_model_risk_score,12,0.09756097561,不放贷,D级企业原则上不予放贷,0,0,,,,,0,0.5,0.03,0,0,0,0,,budget_definition_nominal_equality,nominal_equality,False,0.6102205923,budget_definition,mean,0.5,0.5,0.03,4950
E11,***建设工程有限公司,C,elastic_net_logistic,0.07723891572,selected_model_risk_score,93,0.756097561,放贷,优化模型选择,100,1000000,0.1425,14.25,0.8405321006,0.1594678994,15.94678994,0.5,0.03,2.096898498,0.6158563821,0.4784036982,1.002638417,0.01002638417,budget_definition_nominal_equality,nominal_equality,False,0.1001763276,budget_definition,mean,0.5,0.5,0.03,4950
E110,***通讯器材经营部,C,elastic_net_logistic,0.5711527053,selected_model_risk_score,11,0.08943089431,不放贷,优化模型未选择,0,0,,,,,0,0.5,0.03,0,0,0,0,,budget_definition_nominal_equality,nominal_equality,False,0.6124762668,budget_definition,mean,0.5,0.5,0.03,4950
E111,***科技有限公司,D,elastic_net_logistic,0.1919246162,selected_model_risk_score,49,0.3983739837,不放贷,D级企业原则上不予放贷,0,0,,,,,0,0.5,0.03,0,0,0,0,,budget_definition_nominal_equality,nominal_equality,False,0.3189536769,budget_definition,mean,0.5,0.5,0.03,4950
E112,***机械设备有限公司,D,elastic_net_logistic,0.4170540731,selected_model_risk_score,20,0.162601626,不放贷,D级企业原则上不予放贷,0,0,,,,,0,0.5,0.03,0,0,0,0,,budget_definition_nominal_equality,nominal_equality,False,0.5129040595,budget_definition,mean,0.5,0.5,0.03,4950
E113,***美居科技有限公司,D,elastic_net_logistic,0.7592451553,selected_model_risk_score,4,0.0325203252,不放贷,D级企业原则上不予放贷,0,0,,,,,0,0.5,0.03,0,0,0,0,,budget_definition_nominal_equality,nominal_equality,False,0.8315439659,budget_definition,mean,0.5,0.5,0.03,4950
E114,***食品有限责任公司,D,elastic_net_logistic,0.4770804739,selected_model_risk_score,16,0.1300813008,不放贷,D级企业原则上不予放贷,0,0,,,,,0,0.5,0.03,0,0,0,0,,budget_definition_nominal_equality,nominal_equality,False,0.5421990478,budget_definition,mean,0.5,0.5,0.03,4950
E115,***装饰工程有限公司,D,elastic_net_logistic,0.7835354924,selected_model_risk_score,2,0.0162601626,不放贷,D级企业原则上不予放贷,0,0,,,,,0,0.5,0.03,0,0,0,0,,budget_definition_nominal_equality,nominal_equality,False,0.8331104651,budget_definition,mean,0.5,0.5,0.03,4950
E116,***门窗有限公司,D,elastic_net_logistic,0.4160885126,selected_model_risk_score,21,0.1707317073,不放贷,D级企业原则上不予放贷,0,0,,,,,0,0.5,0.03,0,0,0,0,,budget_definition_nominal_equality,nominal_equality,False,0.532859258,budget_definition,mean,0.5,0.5,0.03,4950
E117,***人力资源管理咨询有限公司,D,elastic_net_logistic,0.6343060557,selected_model_risk_score,7,0.05691056911,不放贷,D级企业原则上不予放贷,0,0,,,,,0,0.5,0.03,0,0,0,0,,budget_definition_nominal_equality,nominal_equality,False,0.7561127553,budget_definition,mean,0.5,0.5,0.03,4950
E118,***体育用品有限公司,D,elastic_net_logistic,0.3859533716,selected_model_risk_score,23,0.1869918699,不放贷,D级企业原则上不予放贷,0,0,,,,,0,0.5,0.03,0,0,0,0,,budget_definition_nominal_equality,nominal_equality,False,0.4429217794,budget_definition,mean,0.5,0.5,0.03,4950
E119,***药房,D,elastic_net_logistic,0.6253065711,selected_model_risk_score,9,0.07317073171,不放贷,D级企业原则上不予放贷,0,0,,,,,0,0.5,0.03,0,0,0,0,,budget_definition_nominal_equality,nominal_equality,False,0.6891769584,budget_definition,mean,0.5,0.5,0.03,4950
E12,***建筑劳务有限公司,B,elastic_net_logistic,0.08202986653,selected_model_risk_score,88,0.7154471545,放贷,优化模型选择,100,1000000,0.1425,14.25,0.8439092946,0.1560907054,15.60907054,0.5,0.03,2.041834131,0.6402049865,0.4682721162,0.9333570281,0.009333570281,budget_definition_nominal_equality,nominal_equality,False,0.1054632903,budget_definition,mean,0.5,0.5,0.03,4950
E120,***陈列广告有限公司,D,elastic_net_logistic,0.721226934,selected_model_risk_score,5,0.0406504065,不放贷,D级企业原则上不予放贷,0,0,,,,,0,0.5,0.03,0,0,0,0,,budget_definition_nominal_equality,nominal_equality,False,0.7608714869,budget_definition,mean,0.5,0.5,0.03,4950
E121,***药业连锁有限公司***药店,D,elastic_net_logistic,0.4662178212,selected_model_risk_score,18,0.1463414634,不放贷,D级企业原则上不予放贷,0,0,,,,,0,0.5,0.03,0,0,0,0,,budget_definition_nominal_equality,nominal_equality,False,0.5621951951,budget_definition,mean,0.5,0.5,0.03,4950
E122,***商贸有限责任公司,D,elastic_net_logistic,0.4500783219,selected_model_risk_score,19,0.1544715447,不放贷,D级企业原则上不予放贷,0,0,,,,,0,0.5,0.03,0,0,0,0,,budget_definition_nominal_equality,nominal_equality,False,0.6021516604,budget_definition,mean,0.5,0.5,0.03,4950
E123,***创科技有限责任公司,D,elastic_net_logistic,0.7819761114,selected_model_risk_score,3,0.0243902439,不放贷,D级企业原则上不予放贷,0,0,,,,,0,0.5,0.03,0,0,0,0,,budget_definition_nominal_equality,nominal_equality,False,0.8270597923,budget_definition,mean,0.5,0.5,0.03,4950
E13,***汽车贸易有限公司,A,elastic_net_logistic,0.04053604698,selected_model_risk_score,113,0.918699187,放贷,优化模型选择,100,1000000,0.1025,10.25,0.7312754013,0.2687245987,26.87245987,0.5,0.03,2.642773549,0.5446516479,0.8061737961,1.291948105,0.01291948105,budget_definition_nominal_equality,nominal_equality,False,0.05373417783,budget_definition,mean,0.5,0.5,0.03,4950
E14,个体经营E14,C,elastic_net_logistic,0.03261041867,selected_model_risk_score,117,0.9512195122,放贷,优化模型选择,100,1000000,0.1105,11.05,0.7151023945,0.2848976055,28.48976055,0.5,0.03,3.045457077,0.4645315097,0.8546928165,1.726232751,0.01726232751,budget_definition_nominal_equality,nominal_equality,False,0.04024201468,budget_definition,mean,0.5,0.5,0.03,4950
E15,***劳务有限公司,A,elastic_net_logistic,0.07381492047,selected_model_risk_score,95,0.7723577236,放贷,优化模型选择,100,1000000,0.1225,12.25,0.8148090077,0.1851909923,18.51909923,0.5,0.03,2.101133891,0.6834929184,0.5555729769,0.8620679953,0.008620679953,budget_definition_nominal_equality,nominal_equality,False,0.1036254123,budget_definition,mean,0.5,0.5,0.03,4950
E16,***建筑劳务有限公司,A,elastic_net_logistic,0.04998777847,selected_model_risk_score,108,0.8780487805,放贷,优化模型选择,100,1000000,0.1025,10.25,0.7312754013,0.2687245987,26.87245987,0.5,0.03,2.616739443,0.6716472855,0.8061737961,1.138918362,0.01138918362,budget_definition_nominal_equality,nominal_equality,False,0.0624669862,budget_definition,mean,0.5,0.5,0.03,4950
E17,***消防工程有限公司,A,elastic_net_logistic,0.04649981408,selected_model_risk_score,111,0.9024390244,放贷,优化模型选择,100,1000000,0.1025,10.25,0.7312754013,0.2687245987,26.87245987,0.5,0.03,2.626346787,0.6247821939,0.8061737961,1.195390797,0.01195390797,budget_definition_nominal_equality,nominal_equality,False,0.05349825243,budget_definition,mean,0.5,0.5,0.03,4950
E18,***消防工程有限责任公司,A,elastic_net_logistic,0.04857513816,selected_model_risk_score,109,0.8861788618,放贷,优化模型选择,100,1000000,0.1025,10.25,0.7312754013,0.2687245987,26.87245987,0.5,0.03,2.620630458,0.6526667254,0.8061737961,1.161789936,0.01161789936,budget_definition_nominal_equality,nominal_equality,False,0.06117933194,budget_definition,mean,0.5,0.5,0.03,4950
E19,***科技有限公司,A,elastic_net_logistic,0.06543754966,selected_model_risk_score,100,0.8130081301,放贷,优化模型选择,100,1000000,0.1225,12.25,0.8148090077,0.1851909923,18.51909923,0.5,0.03,2.120138707,0.6059222378,0.5555729769,0.9586434928,0.009586434928,budget_definition_nominal_equality,nominal_equality,False,0.09093656268,budget_definition,mean,0.5,0.5,0.03,4950
E2,***技术有限责任公司,A,elastic_net_logistic,0.02833749753,selected_model_risk_score,119,0.9674796748,放贷,优化模型选择,100,1000000,0.0985,9.85,0.7083020233,0.2916979767,29.16979767,0.5,0.03,2.791805062,0.4132995347,0.8750939301,1.503411597,0.01503411597,budget_definition_nominal_equality,nominal_equality,False,0.03642833627,budget_definition,mean,0.5,0.5,0.03,4950
E20,***贸易有限公司,B,elastic_net_logistic,0.04546270238,selected_model_risk_score,112,0.9105691057,放贷,优化模型选择,100,1000000,0.1065,10.65,0.7053159925,0.2946840075,29.46840075,0.5,0.03,2.995705231,0.6698565665,0.8840520225,1.441796642,0.01441796642,budget_definition_nominal_equality,nominal_equality,False,0.06402096704,budget_definition,mean,0.5,0.5,0.03,4950
E21,***建设工程有限公司,B,elastic_net_logistic,0.08415779812,selected_model_risk_score,85,0.6910569106,放贷,优化模型选择,100,1000000,0.1425,14.25,0.8439092946,0.1560907054,15.60907054,0.5,0.03,2.037100988,0.6568125037,0.4682721162,0.9120163685,0.009120163685,budget_definition_nominal_equality,nominal_equality,False,0.09612822768,budget_definition,mean,0.5,0.5,0.03,4950
E22,***物流有限公司,A,elastic_net_logistic,0.08272431763,selected_model_risk_score,87,0.7073170732,放贷,优化模型选择,100,1000000,0.1225,12.25,0.8148090077,0.1851909923,18.51909923,0.5,0.03,2.080922124,0.7659899235,0.5555729769,0.7593592241,0.007593592241,budget_definition_nominal_equality,nominal_equality,False,0.09349623574,budget_definition,mean,0.5,0.5,0.03,4950
E23,***贸易有限公司,B,elastic_net_logistic,0.03337482103,selected_model_risk_score,116,0.9430894309,放贷,优化模型选择,100,1000000,0.1065,10.65,0.7053159925,0.2946840075,29.46840075,0.5,0.03,3.033641653,0.4917513005,0.8840520225,1.65783833,0.0165783833,budget_definition_nominal_equality,nominal_equality,False,0.04082479351,budget_definition,mean,0.5,0.5,0.03,4950
E24,***建筑工程有限公司,A,elastic_net_logistic,0.04702949043,selected_model_risk_score,110,0.8943089431,放贷,优化模型选择,100,1000000,0.1025,10.25,0.7312754013,0.2687245987,26.87245987,0.5,0.03,2.624887832,0.6318990471,0.8061737961,1.186814989,0.01186814989,budget_definition_nominal_equality,nominal_equality,False,0.06125175229,budget_definition,mean,0.5,0.5,0.03,4950
E25,***通讯设备有限公司,C,elastic_net_logistic,0.08202047653,selected_model_risk_score,89,0.7235772358,放贷,优化模型选择,100,1000000,0.1425,14.25,0.8405321006,0.1594678994,15.94678994,0.5,0.03,2.086032795,0.653981655,0.4784036982,0.9536474416,0.009536474416,budget_definition_nominal_equality,nominal_equality,False,0.09686547054,budget_definition,mean,0.5,0.5,0.03,4950
E26,***金属材料有限公司,A,elastic_net_logistic,0.1342940789,selected_model_risk_score,61,0.4959349593,不放贷,优化模型未选择,0,0,,,,,0,0.5,0.03,0,0,0,0,,budget_definition_nominal_equality,nominal_equality,False,0.1782110185,budget_definition,mean,0.5,0.5,0.03,4950
E27,***农业开发有限公司,A,elastic_net_logistic,0.1103832985,selected_model_risk_score,70,0.5691056911,不放贷,优化模型未选择,0,0,,,,,0,0.5,0.03,0,0,0,0,,budget_definition_nominal_equality,nominal_equality,False,0.1369068444,budget_definition,mean,0.5,0.5,0.03,4950
E28,***景观工程有限公司,B,elastic_net_logistic,0.09966092865,selected_model_risk_score,76,0.6178861789,放贷,优化模型选择,100,1000000,0.1425,14.25,0.8439092946,0.1560907054,15.60907054,0.5,0.03,2.002617491,0.7778072327,0.4682721162,0.7565381417,0.007565381417,budget_definition_nominal_equality,nominal_equality,False,0.1193350508,budget_definition,mean,0.5,0.5,0.03,4950
E29,***建筑劳务有限公司,C,elastic_net_logistic,0.07253671793,selected_model_risk_score,96,0.7804878049,放贷,优化模型选择,100,1000000,0.1425,14.25,0.8405321006,0.1594678994,15.94678994,0.5,0.03,2.107583854,0.5783639019,0.4784036982,1.050816254,0.01050816254,budget_definition_nominal_equality,nominal_equality,False,0.08548890218,budget_definition,mean,0.5,0.5,0.03,4950
E3,***电子(中国)有限公司***分公司,C,elastic_net_logistic,0.02153611417,selected_model_risk_score,123,1,放贷,优化模型选择,100,1000000,0.0905,9.05,0.5900970447,0.4099029553,40.99029553,0.5,0.03,3.629730908,0.4413858422,1.229708866,1.9586362,0.019586362,budget_definition_nominal_equality,nominal_equality,False,0.025281018,budget_definition,mean,0.5,0.5,0.03,4950
E30,***建筑工程有限公司,B,elastic_net_logistic,0.07713913412,selected_model_risk_score,94,0.7642276423,放贷,优化模型选择,100,1000000,0.1425,14.25,0.8439092946,0.1560907054,15.60907054,0.5,0.03,2.05271255,0.6020350929,0.4682721162,0.9824053413,0.009824053413,budget_definition_nominal_equality,nominal_equality,False,0.1024182862,budget_definition,mean,0.5,0.5,0.03,4950
E31,***食品有限公司,A,elastic_net_logistic,0.0367643069,selected_model_risk_score,115,0.9349593496,放贷,优化模型选择,100,1000000,0.0985,9.85,0.7083020233,0.2916979767,29.16979767,0.5,0.03,2.767592942,0.5362036969,0.8750939301,1.356295315,0.01356295315,budget_definition_nominal_equality,nominal_equality,False,0.04188668071,budget_definition,mean,0.5,0.5,0.03,4950
E32,***建筑劳务有限公司,B,elastic_net_logistic,0.09279588464,selected_model_risk_score,79,0.6422764228,放贷,优化模型选择,100,1000000,0.1425,14.25,0.8439092946,0.1560907054,15.60907054,0.5,0.03,2.017887357,0.7242287546,0.4682721162,0.8253864861,0.008253864861,budget_definition_nominal_equality,nominal_equality,False,0.104597557,budget_definition,mean,0.5,0.5,0.03,4950
E33,***园林有限责任公司,B,elastic_net_logistic,0.09823760896,selected_model_risk_score,77,0.6260162602,放贷,优化模型选择,100,1000000,0.1425,14.25,0.8439092946,0.1560907054,15.60907054,0.5,0.03,2.00578337,0.766698884,0.4682721162,0.7708123699,0.007708123699,budget_definition_nominal_equality,nominal_equality,False,0.1158892222,budget_definition,mean,0.5,0.5,0.03,4950
E34,***建设工程有限公司,B,elastic_net_logistic,0.1015652078,selected_model_risk_score,75,0.6097560976,放贷,优化模型选择,100,1000000,0.1425,14.25,0.8439092946,0.1560907054,15.60907054,0.5,0.03,1.998381817,0.7926692465,0.4682721162,0.737440454,0.00737440454,budget_definition_nominal_equality,nominal_equality,False,0.1393444528,budget_definition,mean,0.5,0.5,0.03,4950
E35,***商贸有限公司,B,elastic_net_logistic,0.08567951436,selected_model_risk_score,83,0.674796748,放贷,优化模型选择,100,1000000,0.1425,14.25,0.8439092946,0.1560907054,15.60907054,0.5,0.03,2.033716246,0.6686887917,0.4682721162,0.8967553384,0.008967553384,budget_definition_nominal_equality,nominal_equality,False,0.1006056864,budget_definition,mean,0.5,0.5,0.03,4950
E36,***超硬材料有限公司,D,elastic_net_logistic,0.05081789908,selected_model_risk_score,107,0.8699186992,不放贷,D级企业原则上不予放贷,0,0,,,,,0,0.5,0.03,0,0,0,0,,budget_definition_nominal_equality,nominal_equality,False,0.06163613971,budget_definition,mean,0.5,0.5,0.03,4950
E37,***木业有限公司,B,elastic_net_logistic,0.084549486,selected_model_risk_score,84,0.6829268293,放贷,优化模型选择,100,1000000,0.1425,14.25,0.8439092946,0.1560907054,15.60907054,0.5,0.03,2.03622976,0.6598694455,0.4682721162,0.9080881982,0.009080881982,budget_definition_nominal_equality,nominal_equality,False,0.1088428529,budget_definition,mean,0.5,0.5,0.03,4950
E38,***建设工程有限公司,B,elastic_net_logistic,0.1218095512,selected_model_risk_score,63,0.512195122,不放贷,优化模型未选择,0,0,,,,,0,0.5,0.03,0,0,0,0,,budget_definition_nominal_equality,nominal_equality,False,0.1460270212,budget_definition,mean,0.5,0.5,0.03,4950
E39,***建筑劳务有限公司,C,elastic_net_logistic,0.1815109557,selected_model_risk_score,52,0.4227642276,不放贷,优化模型未选择,0,0,,,,,0,0.5,0.03,0,0,0,0,,budget_definition_nominal_equality,nominal_equality,False,0.2307578892,budget_definition,mean,0.5,0.5,0.03,4950
E4,***发展有限责任公司,C,elastic_net_logistic,0.03106769432,selected_model_risk_score,118,0.9593495935,放贷,优化模型选择,100,1000000,0.1105,11.05,0.7151023945,0.2848976055,28.48976055,0.5,0.03,3.050313756,0.442555586,0.8546928165,1.753065354,0.01753065354,budget_definition_nominal_equality,nominal_equality,False,0.04400979025,budget_definition,mean,0.5,0.5,0.03,4950
E40,***财税咨询服务有限公司,C,elastic_net_logistic,0.08113873174,selected_model_risk_score,90,0.7317073171,放贷,优化模型选择,100,1000000,0.1425,14.25,0.8405321006,0.1594678994,15.94678994,0.5,0.03,2.088036487,0.6469511555,0.4784036982,0.9626816334,0.009626816334,budget_definition_nominal_equality,nominal_equality,False,0.09293248415,budget_definition,mean,0.5,0.5,0.03,4950
E41,***物业发展有限公司,C,elastic_net_logistic,0.07916167381,selected_model_risk_score,91,0.7398373984,放贷,优化模型选择,100,1000000,0.1425,14.25,0.8405321006,0.1594678994,15.94678994,0.5,0.03,2.092529188,0.6311872918,0.4784036982,0.9829381983,0.009829381983,budget_definition_nominal_equality,nominal_equality,False,0.09683047914,budget_definition,mean,0.5,0.5,0.03,4950
E42,***园艺场,A,elastic_net_logistic,0.1200846128,selected_model_risk_score,66,0.5365853659,不放贷,优化模型未选择,0,0,,,,,0,0.5,0.03,0,0,0,0,,budget_definition_nominal_equality,nominal_equality,False,0.1475914741,budget_definition,mean,0.5,0.5,0.03,4950
E43,***建设工程有限公司,B,elastic_net_logistic,0.1927952664,selected_model_risk_score,48,0.3902439024,不放贷,优化模型未选择,0,0,,,,,0,0.5,0.03,0,0,0,0,,budget_definition_nominal_equality,nominal_equality,False,0.2145282193,budget_definition,mean,0.5,0.5,0.03,4950
E44,***商贸有限公司,C,elastic_net_logistic,0.08616234673,selected_model_risk_score,82,0.6666666667,放贷,优化模型选择,100,1000000,0.1425,14.25,0.8405321006,0.1594678994,15.94678994,0.5,0.03,2.076620736,0.687006422,0.4784036982,0.911210616,0.00911210616,budget_definition_nominal_equality,nominal_equality,False,0.1035354806,budget_definition,mean,0.5,0.5,0.03,4950
E45,个体经营E45,B,elastic_net_logistic,0.1068056002,selected_model_risk_score,73,0.593495935,不放贷,优化模型未选择,0,0,,,,,0,0.5,0.03,0,0,0,0,,budget_definition_nominal_equality,nominal_equality,False,0.1219197504,budget_definition,mean,0.5,0.5,0.03,4950
E46,***广告传媒有限公司,C,elastic_net_logistic,0.05276002815,selected_model_risk_score,105,0.8536585366,放贷,优化模型选择,100,1000000,0.1105,11.05,0.7151023945,0.2848976055,28.48976055,0.5,0.03,2.982023718,0.7515602843,0.8546928165,1.375770617,0.01375770617,budget_definition_nominal_equality,nominal_equality,False,0.06245378683,budget_definition,mean,0.5,0.5,0.03,4950
E47,***控制设备有限责任公司,C,elastic_net_logistic,0.05124807767,selected_model_risk_score,106,0.8617886179,放贷,优化模型选择,100,1000000,0.1105,11.05,0.7151023945,0.2848976055,28.48976055,0.5,0.03,2.986783517,0.7300227307,0.8546928165,1.40206797,0.0140206797,budget_definition_nominal_equality,nominal_equality,False,0.05822355401,budget_definition,mean,0.5,0.5,0.03,4950
E48,***化工有限公司,A,elastic_net_logistic,0.07070577235,selected_model_risk_score,97,0.7886178862,放贷,优化模型选择,100,1000000,0.1225,12.25,0.8148090077,0.1851909923,18.51909923,0.5,0.03,2.108187272,0.6547036071,0.5555729769,0.8979106879,0.008979106879,budget_definition_nominal_equality,nominal_equality,False,0.08921054517,budget_definition,mean,0.5,0.5,0.03,4950
E49,***地球环保科技有限公司,C,elastic_net_logistic,0.09803729486,selected_model_risk_score,78,0.6341463415,放贷,优化模型选择,100,1000000,0.1425,14.25,0.8405321006,0.1594678994,15.94678994,0.5,0.03,2.049635895,0.7816900737,0.4784036982,0.7895421235,0.007895421235,budget_definition_nominal_equality,nominal_equality,False,0.1105965348,budget_definition,mean,0.5,0.5,0.03,4950
E5,***供应链管理有限公司,B,elastic_net_logistic,0.05668387407,selected_model_risk_score,103,0.837398374,放贷,优化模型选择,100,1000000,0.1065,10.65,0.7053159925,0.2946840075,29.46840075,0.5,0.03,2.960488878,0.8351915586,0.8840520225,1.241245297,0.01241245297,budget_definition_nominal_equality,nominal_equality,False,0.07330978844,budget_definition,mean,0.5,0.5,0.03,4950
E50,***建筑劳务有限公司,C,elastic_net_logistic,0.1692453772,selected_model_risk_score,54,0.4390243902,不放贷,优化模型未选择,0,0,,,,,0,0.5,0.03,0,0,0,0,,budget_definition_nominal_equality,nominal_equality,False,0.2040258114,budget_definition,mean,0.5,0.5,0.03,4950
E51,***物流有限公司,B,elastic_net_logistic,0.0697365828,selected_model_risk_score,98,0.7967479675,放贷,优化模型选择,100,1000000,0.1425,14.25,0.8439092946,0.1560907054,15.60907054,0.5,0.03,2.06917799,0.5442616201,0.4682721162,1.056644254,0.01056644254,budget_definition_nominal_equality,nominal_equality,False,0.07874952738,budget_definition,mean,0.5,0.5,0.03,4950
E52,***商贸有限公司,D,elastic_net_logistic,0.2136303318,selected_model_risk_score,44,0.3577235772,不放贷,D级企业原则上不予放贷,0,0,,,,,0,0.5,0.03,0,0,0,0,,budget_definition_nominal_equality,nominal_equality,False,0.2416471762,budget_definition,mean,0.5,0.5,0.03,4950
E53,***文化传媒有限公司,C,elastic_net_logistic,0.107156181,selected_model_risk_score,71,0.5772357724,不放贷,优化模型未选择,0,0,,,,,0,0.5,0.03,0,0,0,0,,budget_definition_nominal_equality,nominal_equality,False,0.1294528809,budget_definition,mean,0.5,0.5,0.03,4950
E54,***新技术开发有限公司,A,elastic_net_logistic,0.06439978133,selected_model_risk_score,101,0.8211382114,放贷,优化模型选择,100,1000000,0.1225,12.25,0.8148090077,0.1851909923,18.51909923,0.5,0.03,2.122492978,0.5963129704,0.5555729769,0.9706070306,0.009706070306,budget_definition_nominal_equality,nominal_equality,False,0.08481402429,budget_definition,mean,0.5,0.5,0.03,4950
E55,***集团有限公司***电力设备分公司,C,elastic_net_logistic,0.1835760094,selected_model_risk_score,51,0.4146341463,不放贷,优化模型未选择,0,0,,,,,0,0.5,0.03,0,0,0,0,,budget_definition_nominal_equality,nominal_equality,False,0.2408611135,budget_definition,mean,0.5,0.5,0.03,4950
E56,***家居材料***有限公司,C,elastic_net_logistic,0.08755638262,selected_model_risk_score,81,0.6585365854,放贷,优化模型选择,100,1000000,0.1425,14.25,0.8405321006,0.1594678994,15.94678994,0.5,0.03,2.073452905,0.6981216208,0.4784036982,0.8969275856,0.008969275856,budget_definition_nominal_equality,nominal_equality,False,0.1073776577,budget_definition,mean,0.5,0.5,0.03,4950
E57,***机械设备有限公司,B,elastic_net_logistic,0.1025680758,selected_model_risk_score,74,0.6016260163,放贷,优化模型选择,100,1000000,0.1425,14.25,0.8439092946,0.1560907054,15.60907054,0.5,0.03,1.996151145,0.8004961652,0.4682721162,0.7273828635,0.007273828635,budget_definition_nominal_equality,nominal_equality,False,0.1291130293,budget_definition,mean,0.5,0.5,0.03,4950
E58,***油气工程建设有限责任公司,B,elastic_net_logistic,0.1498825704,selected_model_risk_score,58,0.4715447154,不放贷,优化模型未选择,0,0,,,,,0,0.5,0.03,0,0,0,0,,budget_definition_nominal_equality,nominal_equality,False,0.166452668,budget_definition,mean,0.5,0.5,0.03,4950
E59,***商贸有限公司,A,elastic_net_logistic,0.06896464342,selected_model_risk_score,99,0.8048780488,放贷,优化模型选择,100,1000000,0.1225,12.25,0.8148090077,0.1851909923,18.51909923,0.5,0.03,2.112137179,0.6385815374,0.5555729769,0.9179826647,0.009179826647,budget_definition_nominal_equality,nominal_equality,False,0.07641618763,budget_definition,mean,0.5,0.5,0.03,4950
E6,***装饰设计工程有限公司,A,elastic_net_logistic,0.03828902106,selected_model_risk_score,114,0.9268292683,放贷,优化模型选择,100,1000000,0.0985,9.85,0.7083020233,0.2916979767,29.16979767,0.5,0.03,2.763212095,0.5584414987,0.8750939301,1.329676667,0.01329676667,budget_definition_nominal_equality,nominal_equality,False,0.04389193776,budget_definition,mean,0.5,0.5,0.03,4950
E60,***机械租赁有限公司,B,elastic_net_logistic,0.2143912442,selected_model_risk_score,43,0.3495934959,不放贷,优化模型未选择,0,0,,,,,0,0.5,0.03,0,0,0,0,,budget_definition_nominal_equality,nominal_equality,False,0.2335825691,budget_definition,mean,0.5,0.5,0.03,4950
E61,***调味品有限公司,B,elastic_net_logistic,0.07788330382,selected_model_risk_score,92,0.7479674797,放贷,优化模型选择,100,1000000,0.1425,14.25,0.8439092946,0.1560907054,15.60907054,0.5,0.03,2.051057299,0.6078429916,0.4682721162,0.9749421915,0.009749421915,budget_definition_nominal_equality,nominal_equality,False,0.09484916536,budget_definition,mean,0.5,0.5,0.03,4950
E62,***工程造价咨询有限公司***分公司,B,elastic_net_logistic,0.1214523958,selected_model_risk_score,64,0.5203252033,不放贷,优化模型未选择,0,0,,,,,0,0.5,0.03,0,0,0,0,,budget_definition_nominal_equality,nominal_equality,False,0.1450170246,budget_definition,mean,0.5,0.5,0.03,4950
E63,***科技有限公司,B,elastic_net_logistic,0.08368298573,selected_model_risk_score,86,0.6991869919,放贷,优化模型选择,100,1000000,0.1425,14.25,0.8439092946,0.1560907054,15.60907054,0.5,0.03,2.03815711,0.6531068136,0.4682721162,0.9167781802,0.009167781802,budget_definition_nominal_equality,nominal_equality,False,0.1084106096,budget_definition,mean,0.5,0.5,0.03,4950
E64,***图书有限责任公司,A,elastic_net_logistic,0.1124750355,selected_model_risk_score,69,0.5609756098,不放贷,优化模型未选择,0,0,,,,,0,0.5,0.03,0,0,0,0,,budget_definition_nominal_equality,nominal_equality,False,0.1209520698,budget_definition,mean,0.5,0.5,0.03,4950
E65,***商贸有限公司,B,elastic_net_logistic,0.0894097801,selected_model_risk_score,80,0.6504065041,放贷,优化模型选择,100,1000000,0.1425,14.25,0.8439092946,0.1560907054,15.60907054,0.5,0.03,2.025419044,0.6978017823,0.4682721162,0.8593451455,0.008593451455,budget_definition_nominal_equality,nominal_equality,False,0.1016662421,budget_definition,mean,0.5,0.5,0.03,4950
E66,***快递有限公司,B,elastic_net_logistic,0.2947622952,selected_model_risk_score,30,0.243902439,不放贷,优化模型未选择,0,0,,,,,0,0.5,0.03,0,0,0,0,,budget_definition_nominal_equality,nominal_equality,False,0.3741353375,budget_definition,mean,0.5,0.5,0.03,4950
E67,***信息技术有限公司,B,elastic_net_logistic,0.1845447393,selected_model_risk_score,50,0.406504065,不放贷,优化模型未选择,0,0,,,,,0,0.5,0.03,0,0,0,0,,budget_definition_nominal_equality,nominal_equality,False,0.2088292217,budget_definition,mean,0.5,0.5,0.03,4950
E68,***花木总公司,C,elastic_net_logistic,0.3380718151,selected_model_risk_score,28,0.2276422764,不放贷,优化模型未选择,0,0,,,,,0,0.5,0.03,0,0,0,0,,budget_definition_nominal_equality,nominal_equality,False,0.3824767947,budget_definition,mean,0.5,0.5,0.03,4950
E69,***电子器材经营部,C,elastic_net_logistic,0.2503652668,selected_model_risk_score,38,0.3089430894,不放贷,优化模型未选择,0,0,,,,,0,0.5,0.03,0,0,0,0,,budget_definition_nominal_equality,nominal_equality,False,0.3207126735,budget_definition,mean,0.5,0.5,0.03,4950
E7,***家电有限公司***分公司,A,elastic_net_logistic,0.02580342326,selected_model_risk_score,121,0.9837398374,放贷,优化模型选择,100,1000000,0.0985,9.85,0.7083020233,0.2916979767,29.16979767,0.5,0.03,2.799086028,0.3763403178,0.8750939301,1.54765178,0.0154765178,budget_definition_nominal_equality,nominal_equality,False,0.03436137967,budget_definition,mean,0.5,0.5,0.03,4950
E70,***科技有限公司,B,elastic_net_logistic,0.1379471805,selected_model_risk_score,60,0.487804878,不放贷,优化模型未选择,0,0,,,,,0,0.5,0.03,0,0,0,0,,budget_definition_nominal_equality,nominal_equality,False,0.1557212843,budget_definition,mean,0.5,0.5,0.03,4950
E71,***农业科技有限公司,B,elastic_net_logistic,0.2041897012,selected_model_risk_score,45,0.3658536585,不放贷,优化模型未选择,0,0,,,,,0,0.5,0.03,0,0,0,0,,budget_definition_nominal_equality,nominal_equality,False,0.2461670708,budget_definition,mean,0.5,0.5,0.03,4950
E72,***图书有限公司,C,elastic_net_logistic,0.2897171126,selected_model_risk_score,32,0.2601626016,不放贷,优化模型未选择,0,0,,,,,0,0.5,0.03,0,0,0,0,,budget_definition_nominal_equality,nominal_equality,False,0.3383260035,budget_definition,mean,0.5,0.5,0.03,4950
E73,***商贸有限责任公司,C,elastic_net_logistic,0.1183311273,selected_model_risk_score,67,0.5447154472,不放贷,优化模型未选择,0,0,,,,,0,0.5,0.03,0,0,0,0,,budget_definition_nominal_equality,nominal_equality,False,0.150943928,budget_definition,mean,0.5,0.5,0.03,4950
E74,***蔬菜专业合作社,B,elastic_net_logistic,0.1539591335,selected_model_risk_score,56,0.4552845528,不放贷,优化模型未选择,0,0,,,,,0,0.5,0.03,0,0,0,0,,budget_definition_nominal_equality,nominal_equality,False,0.1754997095,budget_definition,mean,0.5,0.5,0.03,4950
E75,***酒店管理有限公司,C,elastic_net_logistic,0.1070850165,selected_model_risk_score,72,0.5853658537,放贷,优化模型选择,50,500000,0.1425,14.25,0.8405321006,0.1594678994,7.97339497,0.5,0.03,1.014537847,0.426915566,0.2392018491,0.3484204319,0.006968408637,budget_definition_nominal_equality,nominal_equality,False,0.1282680192,budget_definition,mean,0.5,0.5,0.03,4950
E76,***信息科技有限公司,B,elastic_net_logistic,0.1706660196,selected_model_risk_score,53,0.4308943089,不放贷,优化模型未选择,0,0,,,,,0,0.5,0.03,0,0,0,0,,budget_definition_nominal_equality,nominal_equality,False,0.1979402602,budget_definition,mean,0.5,0.5,0.03,4950
E77,***机电设备有限公司,C,elastic_net_logistic,0.3665492679,selected_model_risk_score,25,0.2032520325,不放贷,优化模型未选择,0,0,,,,,0,0.5,0.03,0,0,0,0,,budget_definition_nominal_equality,nominal_equality,False,0.4663549766,budget_definition,mean,0.5,0.5,0.03,4950
E78,个体经营E78,C,elastic_net_logistic,0.1211539626,selected_model_risk_score,65,0.5284552846,不放贷,优化模型未选择,0,0,,,,,0,0.5,0.03,0,0,0,0,,budget_definition_nominal_equality,nominal_equality,False,0.1481587806,budget_definition,mean,0.5,0.5,0.03,4950
E79,***鞋业有限公司,B,elastic_net_logistic,0.2025177165,selected_model_risk_score,46,0.3739837398,不放贷,优化模型未选择,0,0,,,,,0,0.5,0.03,0,0,0,0,,budget_definition_nominal_equality,nominal_equality,False,0.2207361419,budget_definition,mean,0.5,0.5,0.03,4950
E8,***科学研究院有限公司,A,elastic_net_logistic,0.02606005345,selected_model_risk_score,120,0.9756097561,放贷,优化模型选择,100,1000000,0.0985,9.85,0.7083020233,0.2916979767,29.16979767,0.5,0.03,2.798348672,0.3800832432,0.8750939301,1.543171498,0.01543171498,budget_definition_nominal_equality,nominal_equality,False,0.03439017911,budget_definition,mean,0.5,0.5,0.03,4950
E80,***实业有限责任公司,C,elastic_net_logistic,0.3432370641,selected_model_risk_score,26,0.2113821138,不放贷,优化模型未选择,0,0,,,,,0,0.5,0.03,0,0,0,0,,budget_definition_nominal_equality,nominal_equality,False,0.3865190631,budget_definition,mean,0.5,0.5,0.03,4950
E81,***机械设备有限公司,A,elastic_net_logistic,0.1154202468,selected_model_risk_score,68,0.5528455285,不放贷,优化模型未选择,0,0,,,,,0,0.5,0.03,0,0,0,0,,budget_definition_nominal_equality,nominal_equality,False,0.1339413155,budget_definition,mean,0.5,0.5,0.03,4950
E82,***商贸有限公司,D,elastic_net_logistic,0.194614899,selected_model_risk_score,47,0.3821138211,不放贷,D级企业原则上不予放贷,0,0,,,,,0,0.5,0.03,0,0,0,0,,budget_definition_nominal_equality,nominal_equality,False,0.2318618526,budget_definition,mean,0.5,0.5,0.03,4950
E83,***社会福利院（***社会福利社会化服务中心）,B,elastic_net_logistic,0.5444532255,selected_model_risk_score,13,0.1056910569,不放贷,优化模型未选择,0,0,,,,,0,0.5,0.03,0,0,0,0,,budget_definition_nominal_equality,nominal_equality,False,0.6237840466,budget_definition,mean,0.5,0.5,0.03,4950
E84,***建材有限公司,A,elastic_net_logistic,0.1532688251,selected_model_risk_score,57,0.4634146341,不放贷,优化模型未选择,0,0,,,,,0,0.5,0.03,0,0,0,0,,budget_definition_nominal_equality,nominal_equality,False,0.1694921296,budget_definition,mean,0.5,0.5,0.03,4950
E85,***安防科技有限公司,B,elastic_net_logistic,0.2264316686,selected_model_risk_score,42,0.3414634146,不放贷,优化模型未选择,0,0,,,,,0,0.5,0.03,0,0,0,0,,budget_definition_nominal_equality,nominal_equality,False,0.2483347601,budget_definition,mean,0.5,0.5,0.03,4950
E86,***地质工程勘察院***分院,C,elastic_net_logistic,0.2808208394,selected_model_risk_score,34,0.2764227642,不放贷,优化模型未选择,0,0,,,,,0,0.5,0.03,0,0,0,0,,budget_definition_nominal_equality,nominal_equality,False,0.3548090468,budget_definition,mean,0.5,0.5,0.03,4950
E87,***实业有限责任公司,C,elastic_net_logistic,0.234076271,selected_model_risk_score,40,0.325203252,不放贷,优化模型未选择,0,0,,,,,0,0.5,0.03,0,0,0,0,,budget_definition_nominal_equality,nominal_equality,False,0.2796569295,budget_definition,mean,0.5,0.5,0.03,4950
E88,***贸易有限公司,A,elastic_net_logistic,0.1654327803,selected_model_risk_score,55,0.4471544715,不放贷,优化模型未选择,0,0,,,,,0,0.5,0.03,0,0,0,0,,budget_definition_nominal_equality,nominal_equality,False,0.189066442,budget_definition,mean,0.5,0.5,0.03,4950
E89,***物资有限公司,A,elastic_net_logistic,0.3344336244,selected_model_risk_score,29,0.2357723577,不放贷,优化模型未选择,0,0,,,,,0,0.5,0.03,0,0,0,0,,budget_definition_nominal_equality,nominal_equality,False,0.3672701532,budget_definition,mean,0.5,0.5,0.03,4950
E9,***生活用品服务有限公司***分公司,A,elastic_net_logistic,0.02174866462,selected_model_risk_score,122,0.9918699187,放贷,优化模型选择,100,1000000,0.0985,9.85,0.7083020233,0.2916979767,29.16979767,0.5,0.03,2.810736262,0.3172020733,0.8750939301,1.618440259,0.01618440259,budget_definition_nominal_equality,nominal_equality,False,0.02531048472,budget_definition,mean,0.5,0.5,0.03,4950
E90,***文化传媒有限责任公司,C,elastic_net_logistic,0.2928954659,selected_model_risk_score,31,0.2520325203,不放贷,优化模型未选择,0,0,,,,,0,0.5,0.03,0,0,0,0,,budget_definition_nominal_equality,nominal_equality,False,0.3272754126,budget_definition,mean,0.5,0.5,0.03,4950
E91,***科技实业有限公司,A,elastic_net_logistic,0.123879862,selected_model_risk_score,62,0.5040650407,不放贷,优化模型未选择,0,0,,,,,0,0.5,0.03,0,0,0,0,,budget_definition_nominal_equality,nominal_equality,False,0.1563985381,budget_definition,mean,0.5,0.5,0.03,4950
E92,***地质灾害防治有限公司,C,elastic_net_logistic,0.3701163354,selected_model_risk_score,24,0.1951219512,不放贷,优化模型未选择,0,0,,,,,0,0.5,0.03,0,0,0,0,,budget_definition_nominal_equality,nominal_equality,False,0.4190045907,budget_definition,mean,0.5,0.5,0.03,4950
E93,***电脑设计事务所,B,elastic_net_logistic,0.2376719561,selected_model_risk_score,39,0.3170731707,不放贷,优化模型未选择,0,0,,,,,0,0.5,0.03,0,0,0,0,,budget_definition_nominal_equality,nominal_equality,False,0.2575297987,budget_definition,mean,0.5,0.5,0.03,4950
E94,***汽车美容有限公司,C,elastic_net_logistic,0.3420261826,selected_model_risk_score,27,0.2195121951,不放贷,优化模型未选择,0,0,,,,,0,0.5,0.03,0,0,0,0,,budget_definition_nominal_equality,nominal_equality,False,0.3879661601,budget_definition,mean,0.5,0.5,0.03,4950
E95,***兰花店,B,elastic_net_logistic,0.1441316116,selected_model_risk_score,59,0.4796747967,不放贷,优化模型未选择,0,0,,,,,0,0.5,0.03,0,0,0,0,,budget_definition_nominal_equality,nominal_equality,False,0.1745511804,budget_definition,mean,0.5,0.5,0.03,4950
E96,***土地整理有限公司,C,elastic_net_logistic,0.8080355745,selected_model_risk_score,1,0.008130081301,不放贷,优化模型未选择,0,0,,,,,0,0.5,0.03,0,0,0,0,,budget_definition_nominal_equality,nominal_equality,False,0.854739214,budget_definition,mean,0.5,0.5,0.03,4950
E97,***美工装饰部,B,elastic_net_logistic,0.2602897628,selected_model_risk_score,35,0.2845528455,不放贷,优化模型未选择,0,0,,,,,0,0.5,0.03,0,0,0,0,,budget_definition_nominal_equality,nominal_equality,False,0.3283525845,budget_definition,mean,0.5,0.5,0.03,4950
E98,***文化传播有限公司,B,elastic_net_logistic,0.2814270169,selected_model_risk_score,33,0.2682926829,不放贷,优化模型未选择,0,0,,,,,0,0.5,0.03,0,0,0,0,,budget_definition_nominal_equality,nominal_equality,False,0.3034353338,budget_definition,mean,0.5,0.5,0.03,4950
E99,***建筑工程有限责任公司,D,elastic_net_logistic,0.5839846822,selected_model_risk_score,10,0.08130081301,不放贷,D级企业原则上不予放贷,0,0,,,,,0,0.5,0.03,0,0,0,0,,budget_definition_nominal_equality,nominal_equality,False,0.6898712011,budget_definition,mean,0.5,0.5,0.03,4950
E1,***电器销售有限公司,A,elastic_net_logistic,0.05655542179,selected_model_risk_score,104,0.8455284553,放贷,优化模型选择,100,1000000,0.1225,12.25,0.8148090077,0.1851909923,18.51909923,0.5,0.03,2.140288611,0.5236777341,0.5555729769,1.0610379,0.010610379,budget_definition_nominal_cap,nominal_cap,False,0.0730491674,budget_definition,mean,0.5,0.5,0.03,4950
E10,***建筑劳务有限公司,B,elastic_net_logistic,0.06093491817,selected_model_risk_score,102,0.8292682927,放贷,优化模型选择,100,1000000,0.1185,11.85,0.7692116619,0.2307883381,23.07883381,0.5,0.03,2.568194445,0.7031534248,0.6923650143,1.172676006,0.01172676006,budget_definition_nominal_cap,nominal_cap,False,0.07833730674,budget_definition,mean,0.5,0.5,0.03,4950
E100,***装饰工程有限公司,D,elastic_net_logistic,0.2578903118,selected_model_risk_score,36,0.2926829268,不放贷,D级企业原则上不予放贷,0,0,,,,,0,0.5,0.03,0,0,0,0,,budget_definition_nominal_cap,nominal_cap,False,0.3416804479,budget_definition,mean,0.5,0.5,0.03,4950
E101,***灯饰工程有限公司,D,elastic_net_logistic,0.7098560409,selected_model_risk_score,6,0.0487804878,不放贷,D级企业原则上不予放贷,0,0,,,,,0,0.5,0.03,0,0,0,0,,budget_definition_nominal_cap,nominal_cap,False,0.7897592201,budget_definition,mean,0.5,0.5,0.03,4950
E102,***大药房有限责任公司,D,elastic_net_logistic,0.4733747116,selected_model_risk_score,17,0.1382113821,不放贷,D级企业原则上不予放贷,0,0,,,,,0,0.5,0.03,0,0,0,0,,budget_definition_nominal_cap,nominal_cap,False,0.6183651775,budget_definition,mean,0.5,0.5,0.03,4950
E103,***科技有限公司,D,elastic_net_logistic,0.4055458126,selected_model_risk_score,22,0.1788617886,不放贷,D级企业原则上不予放贷,0,0,,,,,0,0.5,0.03,0,0,0,0,,budget_definition_nominal_cap,nominal_cap,False,0.4768661053,budget_definition,mean,0.5,0.5,0.03,4950
E104,***管理咨询有限责任公司,C,elastic_net_logistic,0.5371556855,selected_model_risk_score,14,0.1138211382,不放贷,优化模型未选择,0,0,,,,,0,0.5,0.03,0,0,0,0,,budget_definition_nominal_cap,nominal_cap,False,0.6048969633,budget_definition,mean,0.5,0.5,0.03,4950
E105,***建材经营部,C,elastic_net_logistic,0.2296735143,selected_model_risk_score,41,0.3333333333,不放贷,优化模型未选择,0,0,,,,,0,0.5,0.03,0,0,0,0,,budget_definition_nominal_cap,nominal_cap,False,0.3150886304,budget_definition,mean,0.5,0.5,0.03,4950
E106,***财务管理有限公司,B,elastic_net_logistic,0.25387818,selected_model_risk_score,37,0.3008130081,不放贷,优化模型未选择,0,0,,,,,0,0.5,0.03,0,0,0,0,,budget_definition_nominal_cap,nominal_cap,False,0.2861266308,budget_definition,mean,0.5,0.5,0.03,4950
E107,***科技有限公司,D,elastic_net_logistic,0.6278756036,selected_model_risk_score,8,0.06504065041,不放贷,D级企业原则上不予放贷,0,0,,,,,0,0.5,0.03,0,0,0,0,,budget_definition_nominal_cap,nominal_cap,False,0.6820972821,budget_definition,mean,0.5,0.5,0.03,4950
E108,***商贸有限公司,D,elastic_net_logistic,0.5221807895,selected_model_risk_score,15,0.1219512195,不放贷,D级企业原则上不予放贷,0,0,,,,,0,0.5,0.03,0,0,0,0,,budget_definition_nominal_cap,nominal_cap,False,0.6296705299,budget_definition,mean,0.5,0.5,0.03,4950
E109,***服饰有限公司,D,elastic_net_logistic,0.5493640614,selected_model_risk_score,12,0.09756097561,不放贷,D级企业原则上不予放贷,0,0,,,,,0,0.5,0.03,0,0,0,0,,budget_definition_nominal_cap,nominal_cap,False,0.6102205923,budget_definition,mean,0.5,0.5,0.03,4950
E11,***建设工程有限公司,C,elastic_net_logistic,0.07723891572,selected_model_risk_score,93,0.756097561,放贷,优化模型选择,100,1000000,0.1425,14.25,0.8405321006,0.1594678994,15.94678994,0.5,0.03,2.096898498,0.6158563821,0.4784036982,1.002638417,0.01002638417,budget_definition_nominal_cap,nominal_cap,False,0.1001763276,budget_definition,mean,0.5,0.5,0.03,4950
E110,***通讯器材经营部,C,elastic_net_logistic,0.5711527053,selected_model_risk_score,11,0.08943089431,不放贷,优化模型未选择,0,0,,,,,0,0.5,0.03,0,0,0,0,,budget_definition_nominal_cap,nominal_cap,False,0.6124762668,budget_definition,mean,0.5,0.5,0.03,4950
E111,***科技有限公司,D,elastic_net_logistic,0.1919246162,selected_model_risk_score,49,0.3983739837,不放贷,D级企业原则上不予放贷,0,0,,,,,0,0.5,0.03,0,0,0,0,,budget_definition_nominal_cap,nominal_cap,False,0.3189536769,budget_definition,mean,0.5,0.5,0.03,4950
E112,***机械设备有限公司,D,elastic_net_logistic,0.4170540731,selected_model_risk_score,20,0.162601626,不放贷,D级企业原则上不予放贷,0,0,,,,,0,0.5,0.03,0,0,0,0,,budget_definition_nominal_cap,nominal_cap,False,0.5129040595,budget_definition,mean,0.5,0.5,0.03,4950
E113,***美居科技有限公司,D,elastic_net_logistic,0.7592451553,selected_model_risk_score,4,0.0325203252,不放贷,D级企业原则上不予放贷,0,0,,,,,0,0.5,0.03,0,0,0,0,,budget_definition_nominal_cap,nominal_cap,False,0.8315439659,budget_definition,mean,0.5,0.5,0.03,4950
E114,***食品有限责任公司,D,elastic_net_logistic,0.4770804739,selected_model_risk_score,16,0.1300813008,不放贷,D级企业原则上不予放贷,0,0,,,,,0,0.5,0.03,0,0,0,0,,budget_definition_nominal_cap,nominal_cap,False,0.5421990478,budget_definition,mean,0.5,0.5,0.03,4950
E115,***装饰工程有限公司,D,elastic_net_logistic,0.7835354924,selected_model_risk_score,2,0.0162601626,不放贷,D级企业原则上不予放贷,0,0,,,,,0,0.5,0.03,0,0,0,0,,budget_definition_nominal_cap,nominal_cap,False,0.8331104651,budget_definition,mean,0.5,0.5,0.03,4950
E116,***门窗有限公司,D,elastic_net_logistic,0.4160885126,selected_model_risk_score,21,0.1707317073,不放贷,D级企业原则上不予放贷,0,0,,,,,0,0.5,0.03,0,0,0,0,,budget_definition_nominal_cap,nominal_cap,False,0.532859258,budget_definition,mean,0.5,0.5,0.03,4950
E117,***人力资源管理咨询有限公司,D,elastic_net_logistic,0.6343060557,selected_model_risk_score,7,0.05691056911,不放贷,D级企业原则上不予放贷,0,0,,,,,0,0.5,0.03,0,0,0,0,,budget_definition_nominal_cap,nominal_cap,False,0.7561127553,budget_definition,mean,0.5,0.5,0.03,4950
E118,***体育用品有限公司,D,elastic_net_logistic,0.3859533716,selected_model_risk_score,23,0.1869918699,不放贷,D级企业原则上不予放贷,0,0,,,,,0,0.5,0.03,0,0,0,0,,budget_definition_nominal_cap,nominal_cap,False,0.4429217794,budget_definition,mean,0.5,0.5,0.03,4950
E119,***药房,D,elastic_net_logistic,0.6253065711,selected_model_risk_score,9,0.07317073171,不放贷,D级企业原则上不予放贷,0,0,,,,,0,0.5,0.03,0,0,0,0,,budget_definition_nominal_cap,nominal_cap,False,0.6891769584,budget_definition,mean,0.5,0.5,0.03,4950
E12,***建筑劳务有限公司,B,elastic_net_logistic,0.08202986653,selected_model_risk_score,88,0.7154471545,放贷,优化模型选择,100,1000000,0.1425,14.25,0.8439092946,0.1560907054,15.60907054,0.5,0.03,2.041834131,0.6402049865,0.4682721162,0.9333570281,0.009333570281,budget_definition_nominal_cap,nominal_cap,False,0.1054632903,budget_definition,mean,0.5,0.5,0.03,4950
E120,***陈列广告有限公司,D,elastic_net_logistic,0.721226934,selected_model_risk_score,5,0.0406504065,不放贷,D级企业原则上不予放贷,0,0,,,,,0,0.5,0.03,0,0,0,0,,budget_definition_nominal_cap,nominal_cap,False,0.7608714869,budget_definition,mean,0.5,0.5,0.03,4950
E121,***药业连锁有限公司***药店,D,elastic_net_logistic,0.4662178212,selected_model_risk_score,18,0.1463414634,不放贷,D级企业原则上不予放贷,0,0,,,,,0,0.5,0.03,0,0,0,0,,budget_definition_nominal_cap,nominal_cap,False,0.5621951951,budget_definition,mean,0.5,0.5,0.03,4950
E122,***商贸有限责任公司,D,elastic_net_logistic,0.4500783219,selected_model_risk_score,19,0.1544715447,不放贷,D级企业原则上不予放贷,0,0,,,,,0,0.5,0.03,0,0,0,0,,budget_definition_nominal_cap,nominal_cap,False,0.6021516604,budget_definition,mean,0.5,0.5,0.03,4950
E123,***创科技有限责任公司,D,elastic_net_logistic,0.7819761114,selected_model_risk_score,3,0.0243902439,不放贷,D级企业原则上不予放贷,0,0,,,,,0,0.5,0.03,0,0,0,0,,budget_definition_nominal_cap,nominal_cap,False,0.8270597923,budget_definition,mean,0.5,0.5,0.03,4950
E13,***汽车贸易有限公司,A,elastic_net_logistic,0.04053604698,selected_model_risk_score,113,0.918699187,放贷,优化模型选择,100,1000000,0.1025,10.25,0.7312754013,0.2687245987,26.87245987,0.5,0.03,2.642773549,0.5446516479,0.8061737961,1.291948105,0.01291948105,budget_definition_nominal_cap,nominal_cap,False,0.05373417783,budget_definition,mean,0.5,0.5,0.03,4950
E14,个体经营E14,C,elastic_net_logistic,0.03261041867,selected_model_risk_score,117,0.9512195122,放贷,优化模型选择,100,1000000,0.1105,11.05,0.7151023945,0.2848976055,28.48976055,0.5,0.03,3.045457077,0.4645315097,0.8546928165,1.726232751,0.01726232751,budget_definition_nominal_cap,nominal_cap,False,0.04024201468,budget_definition,mean,0.5,0.5,0.03,4950
E15,***劳务有限公司,A,elastic_net_logistic,0.07381492047,selected_model_risk_score,95,0.7723577236,放贷,优化模型选择,100,1000000,0.1225,12.25,0.8148090077,0.1851909923,18.51909923,0.5,0.03,2.101133891,0.6834929184,0.5555729769,0.8620679953,0.008620679953,budget_definition_nominal_cap,nominal_cap,False,0.1036254123,budget_definition,mean,0.5,0.5,0.03,4950
E16,***建筑劳务有限公司,A,elastic_net_logistic,0.04998777847,selected_model_risk_score,108,0.8780487805,放贷,优化模型选择,100,1000000,0.1025,10.25,0.7312754013,0.2687245987,26.87245987,0.5,0.03,2.616739443,0.6716472855,0.8061737961,1.138918362,0.01138918362,budget_definition_nominal_cap,nominal_cap,False,0.0624669862,budget_definition,mean,0.5,0.5,0.03,4950
E17,***消防工程有限公司,A,elastic_net_logistic,0.04649981408,selected_model_risk_score,111,0.9024390244,放贷,优化模型选择,100,1000000,0.1025,10.25,0.7312754013,0.2687245987,26.87245987,0.5,0.03,2.626346787,0.6247821939,0.8061737961,1.195390797,0.01195390797,budget_definition_nominal_cap,nominal_cap,False,0.05349825243,budget_definition,mean,0.5,0.5,0.03,4950
E18,***消防工程有限责任公司,A,elastic_net_logistic,0.04857513816,selected_model_risk_score,109,0.8861788618,放贷,优化模型选择,100,1000000,0.1025,10.25,0.7312754013,0.2687245987,26.87245987,0.5,0.03,2.620630458,0.6526667254,0.8061737961,1.161789936,0.01161789936,budget_definition_nominal_cap,nominal_cap,False,0.06117933194,budget_definition,mean,0.5,0.5,0.03,4950
E19,***科技有限公司,A,elastic_net_logistic,0.06543754966,selected_model_risk_score,100,0.8130081301,放贷,优化模型选择,100,1000000,0.1225,12.25,0.8148090077,0.1851909923,18.51909923,0.5,0.03,2.120138707,0.6059222378,0.5555729769,0.9586434928,0.009586434928,budget_definition_nominal_cap,nominal_cap,False,0.09093656268,budget_definition,mean,0.5,0.5,0.03,4950
E2,***技术有限责任公司,A,elastic_net_logistic,0.02833749753,selected_model_risk_score,119,0.9674796748,放贷,优化模型选择,100,1000000,0.0985,9.85,0.7083020233,0.2916979767,29.16979767,0.5,0.03,2.791805062,0.4132995347,0.8750939301,1.503411597,0.01503411597,budget_definition_nominal_cap,nominal_cap,False,0.03642833627,budget_definition,mean,0.5,0.5,0.03,4950
E20,***贸易有限公司,B,elastic_net_logistic,0.04546270238,selected_model_risk_score,112,0.9105691057,放贷,优化模型选择,100,1000000,0.1065,10.65,0.7053159925,0.2946840075,29.46840075,0.5,0.03,2.995705231,0.6698565665,0.8840520225,1.441796642,0.01441796642,budget_definition_nominal_cap,nominal_cap,False,0.06402096704,budget_definition,mean,0.5,0.5,0.03,4950
E21,***建设工程有限公司,B,elastic_net_logistic,0.08415779812,selected_model_risk_score,85,0.6910569106,放贷,优化模型选择,100,1000000,0.1425,14.25,0.8439092946,0.1560907054,15.60907054,0.5,0.03,2.037100988,0.6568125037,0.4682721162,0.9120163685,0.009120163685,budget_definition_nominal_cap,nominal_cap,False,0.09612822768,budget_definition,mean,0.5,0.5,0.03,4950
E22,***物流有限公司,A,elastic_net_logistic,0.08272431763,selected_model_risk_score,87,0.7073170732,放贷,优化模型选择,100,1000000,0.1225,12.25,0.8148090077,0.1851909923,18.51909923,0.5,0.03,2.080922124,0.7659899235,0.5555729769,0.7593592241,0.007593592241,budget_definition_nominal_cap,nominal_cap,False,0.09349623574,budget_definition,mean,0.5,0.5,0.03,4950
E23,***贸易有限公司,B,elastic_net_logistic,0.03337482103,selected_model_risk_score,116,0.9430894309,放贷,优化模型选择,100,1000000,0.1065,10.65,0.7053159925,0.2946840075,29.46840075,0.5,0.03,3.033641653,0.4917513005,0.8840520225,1.65783833,0.0165783833,budget_definition_nominal_cap,nominal_cap,False,0.04082479351,budget_definition,mean,0.5,0.5,0.03,4950
E24,***建筑工程有限公司,A,elastic_net_logistic,0.04702949043,selected_model_risk_score,110,0.8943089431,放贷,优化模型选择,100,1000000,0.1025,10.25,0.7312754013,0.2687245987,26.87245987,0.5,0.03,2.624887832,0.6318990471,0.8061737961,1.186814989,0.01186814989,budget_definition_nominal_cap,nominal_cap,False,0.06125175229,budget_definition,mean,0.5,0.5,0.03,4950
E25,***通讯设备有限公司,C,elastic_net_logistic,0.08202047653,selected_model_risk_score,89,0.7235772358,放贷,优化模型选择,100,1000000,0.1425,14.25,0.8405321006,0.1594678994,15.94678994,0.5,0.03,2.086032795,0.653981655,0.4784036982,0.9536474416,0.009536474416,budget_definition_nominal_cap,nominal_cap,False,0.09686547054,budget_definition,mean,0.5,0.5,0.03,4950
E26,***金属材料有限公司,A,elastic_net_logistic,0.1342940789,selected_model_risk_score,61,0.4959349593,不放贷,优化模型未选择,0,0,,,,,0,0.5,0.03,0,0,0,0,,budget_definition_nominal_cap,nominal_cap,False,0.1782110185,budget_definition,mean,0.5,0.5,0.03,4950
E27,***农业开发有限公司,A,elastic_net_logistic,0.1103832985,selected_model_risk_score,70,0.5691056911,不放贷,优化模型未选择,0,0,,,,,0,0.5,0.03,0,0,0,0,,budget_definition_nominal_cap,nominal_cap,False,0.1369068444,budget_definition,mean,0.5,0.5,0.03,4950
E28,***景观工程有限公司,B,elastic_net_logistic,0.09966092865,selected_model_risk_score,76,0.6178861789,放贷,优化模型选择,100,1000000,0.1425,14.25,0.8439092946,0.1560907054,15.60907054,0.5,0.03,2.002617491,0.7778072327,0.4682721162,0.7565381417,0.007565381417,budget_definition_nominal_cap,nominal_cap,False,0.1193350508,budget_definition,mean,0.5,0.5,0.03,4950
E29,***建筑劳务有限公司,C,elastic_net_logistic,0.07253671793,selected_model_risk_score,96,0.7804878049,放贷,优化模型选择,100,1000000,0.1425,14.25,0.8405321006,0.1594678994,15.94678994,0.5,0.03,2.107583854,0.5783639019,0.4784036982,1.050816254,0.01050816254,budget_definition_nominal_cap,nominal_cap,False,0.08548890218,budget_definition,mean,0.5,0.5,0.03,4950
E3,***电子(中国)有限公司***分公司,C,elastic_net_logistic,0.02153611417,selected_model_risk_score,123,1,放贷,优化模型选择,100,1000000,0.0905,9.05,0.5900970447,0.4099029553,40.99029553,0.5,0.03,3.629730908,0.4413858422,1.229708866,1.9586362,0.019586362,budget_definition_nominal_cap,nominal_cap,False,0.025281018,budget_definition,mean,0.5,0.5,0.03,4950
E30,***建筑工程有限公司,B,elastic_net_logistic,0.07713913412,selected_model_risk_score,94,0.7642276423,放贷,优化模型选择,100,1000000,0.1425,14.25,0.8439092946,0.1560907054,15.60907054,0.5,0.03,2.05271255,0.6020350929,0.4682721162,0.9824053413,0.009824053413,budget_definition_nominal_cap,nominal_cap,False,0.1024182862,budget_definition,mean,0.5,0.5,0.03,4950
E31,***食品有限公司,A,elastic_net_logistic,0.0367643069,selected_model_risk_score,115,0.9349593496,放贷,优化模型选择,100,1000000,0.0985,9.85,0.7083020233,0.2916979767,29.16979767,0.5,0.03,2.767592942,0.5362036969,0.8750939301,1.356295315,0.01356295315,budget_definition_nominal_cap,nominal_cap,False,0.04188668071,budget_definition,mean,0.5,0.5,0.03,4950
E32,***建筑劳务有限公司,B,elastic_net_logistic,0.09279588464,selected_model_risk_score,79,0.6422764228,放贷,优化模型选择,100,1000000,0.1425,14.25,0.8439092946,0.1560907054,15.60907054,0.5,0.03,2.017887357,0.7242287546,0.4682721162,0.8253864861,0.008253864861,budget_definition_nominal_cap,nominal_cap,False,0.104597557,budget_definition,mean,0.5,0.5,0.03,4950
E33,***园林有限责任公司,B,elastic_net_logistic,0.09823760896,selected_model_risk_score,77,0.6260162602,放贷,优化模型选择,100,1000000,0.1425,14.25,0.8439092946,0.1560907054,15.60907054,0.5,0.03,2.00578337,0.766698884,0.4682721162,0.7708123699,0.007708123699,budget_definition_nominal_cap,nominal_cap,False,0.1158892222,budget_definition,mean,0.5,0.5,0.03,4950
E34,***建设工程有限公司,B,elastic_net_logistic,0.1015652078,selected_model_risk_score,75,0.6097560976,放贷,优化模型选择,100,1000000,0.1425,14.25,0.8439092946,0.1560907054,15.60907054,0.5,0.03,1.998381817,0.7926692465,0.4682721162,0.737440454,0.00737440454,budget_definition_nominal_cap,nominal_cap,False,0.1393444528,budget_definition,mean,0.5,0.5,0.03,4950
E35,***商贸有限公司,B,elastic_net_logistic,0.08567951436,selected_model_risk_score,83,0.674796748,放贷,优化模型选择,100,1000000,0.1425,14.25,0.8439092946,0.1560907054,15.60907054,0.5,0.03,2.033716246,0.6686887917,0.4682721162,0.8967553384,0.008967553384,budget_definition_nominal_cap,nominal_cap,False,0.1006056864,budget_definition,mean,0.5,0.5,0.03,4950
E36,***超硬材料有限公司,D,elastic_net_logistic,0.05081789908,selected_model_risk_score,107,0.8699186992,不放贷,D级企业原则上不予放贷,0,0,,,,,0,0.5,0.03,0,0,0,0,,budget_definition_nominal_cap,nominal_cap,False,0.06163613971,budget_definition,mean,0.5,0.5,0.03,4950
E37,***木业有限公司,B,elastic_net_logistic,0.084549486,selected_model_risk_score,84,0.6829268293,放贷,优化模型选择,100,1000000,0.1425,14.25,0.8439092946,0.1560907054,15.60907054,0.5,0.03,2.03622976,0.6598694455,0.4682721162,0.9080881982,0.009080881982,budget_definition_nominal_cap,nominal_cap,False,0.1088428529,budget_definition,mean,0.5,0.5,0.03,4950
E38,***建设工程有限公司,B,elastic_net_logistic,0.1218095512,selected_model_risk_score,63,0.512195122,不放贷,优化模型未选择,0,0,,,,,0,0.5,0.03,0,0,0,0,,budget_definition_nominal_cap,nominal_cap,False,0.1460270212,budget_definition,mean,0.5,0.5,0.03,4950
E39,***建筑劳务有限公司,C,elastic_net_logistic,0.1815109557,selected_model_risk_score,52,0.4227642276,不放贷,优化模型未选择,0,0,,,,,0,0.5,0.03,0,0,0,0,,budget_definition_nominal_cap,nominal_cap,False,0.2307578892,budget_definition,mean,0.5,0.5,0.03,4950
E4,***发展有限责任公司,C,elastic_net_logistic,0.03106769432,selected_model_risk_score,118,0.9593495935,放贷,优化模型选择,100,1000000,0.1105,11.05,0.7151023945,0.2848976055,28.48976055,0.5,0.03,3.050313756,0.442555586,0.8546928165,1.753065354,0.01753065354,budget_definition_nominal_cap,nominal_cap,False,0.04400979025,budget_definition,mean,0.5,0.5,0.03,4950
E40,***财税咨询服务有限公司,C,elastic_net_logistic,0.08113873174,selected_model_risk_score,90,0.7317073171,放贷,优化模型选择,100,1000000,0.1425,14.25,0.8405321006,0.1594678994,15.94678994,0.5,0.03,2.088036487,0.6469511555,0.4784036982,0.9626816334,0.009626816334,budget_definition_nominal_cap,nominal_cap,False,0.09293248415,budget_definition,mean,0.5,0.5,0.03,4950
E41,***物业发展有限公司,C,elastic_net_logistic,0.07916167381,selected_model_risk_score,91,0.7398373984,放贷,优化模型选择,100,1000000,0.1425,14.25,0.8405321006,0.1594678994,15.94678994,0.5,0.03,2.092529188,0.6311872918,0.4784036982,0.9829381983,0.009829381983,budget_definition_nominal_cap,nominal_cap,False,0.09683047914,budget_definition,mean,0.5,0.5,0.03,4950
E42,***园艺场,A,elastic_net_logistic,0.1200846128,selected_model_risk_score,66,0.5365853659,不放贷,优化模型未选择,0,0,,,,,0,0.5,0.03,0,0,0,0,,budget_definition_nominal_cap,nominal_cap,False,0.1475914741,budget_definition,mean,0.5,0.5,0.03,4950
E43,***建设工程有限公司,B,elastic_net_logistic,0.1927952664,selected_model_risk_score,48,0.3902439024,不放贷,优化模型未选择,0,0,,,,,0,0.5,0.03,0,0,0,0,,budget_definition_nominal_cap,nominal_cap,False,0.2145282193,budget_definition,mean,0.5,0.5,0.03,4950
E44,***商贸有限公司,C,elastic_net_logistic,0.08616234673,selected_model_risk_score,82,0.6666666667,放贷,优化模型选择,100,1000000,0.1425,14.25,0.8405321006,0.1594678994,15.94678994,0.5,0.03,2.076620736,0.687006422,0.4784036982,0.911210616,0.00911210616,budget_definition_nominal_cap,nominal_cap,False,0.1035354806,budget_definition,mean,0.5,0.5,0.03,4950
E45,个体经营E45,B,elastic_net_logistic,0.1068056002,selected_model_risk_score,73,0.593495935,不放贷,优化模型未选择,0,0,,,,,0,0.5,0.03,0,0,0,0,,budget_definition_nominal_cap,nominal_cap,False,0.1219197504,budget_definition,mean,0.5,0.5,0.03,4950
E46,***广告传媒有限公司,C,elastic_net_logistic,0.05276002815,selected_model_risk_score,105,0.8536585366,放贷,优化模型选择,100,1000000,0.1105,11.05,0.7151023945,0.2848976055,28.48976055,0.5,0.03,2.982023718,0.7515602843,0.8546928165,1.375770617,0.01375770617,budget_definition_nominal_cap,nominal_cap,False,0.06245378683,budget_definition,mean,0.5,0.5,0.03,4950
E47,***控制设备有限责任公司,C,elastic_net_logistic,0.05124807767,selected_model_risk_score,106,0.8617886179,放贷,优化模型选择,100,1000000,0.1105,11.05,0.7151023945,0.2848976055,28.48976055,0.5,0.03,2.986783517,0.7300227307,0.8546928165,1.40206797,0.0140206797,budget_definition_nominal_cap,nominal_cap,False,0.05822355401,budget_definition,mean,0.5,0.5,0.03,4950
E48,***化工有限公司,A,elastic_net_logistic,0.07070577235,selected_model_risk_score,97,0.7886178862,放贷,优化模型选择,100,1000000,0.1225,12.25,0.8148090077,0.1851909923,18.51909923,0.5,0.03,2.108187272,0.6547036071,0.5555729769,0.8979106879,0.008979106879,budget_definition_nominal_cap,nominal_cap,False,0.08921054517,budget_definition,mean,0.5,0.5,0.03,4950
E49,***地球环保科技有限公司,C,elastic_net_logistic,0.09803729486,selected_model_risk_score,78,0.6341463415,放贷,优化模型选择,100,1000000,0.1425,14.25,0.8405321006,0.1594678994,15.94678994,0.5,0.03,2.049635895,0.7816900737,0.4784036982,0.7895421235,0.007895421235,budget_definition_nominal_cap,nominal_cap,False,0.1105965348,budget_definition,mean,0.5,0.5,0.03,4950
E5,***供应链管理有限公司,B,elastic_net_logistic,0.05668387407,selected_model_risk_score,103,0.837398374,放贷,优化模型选择,100,1000000,0.1065,10.65,0.7053159925,0.2946840075,29.46840075,0.5,0.03,2.960488878,0.8351915586,0.8840520225,1.241245297,0.01241245297,budget_definition_nominal_cap,nominal_cap,False,0.07330978844,budget_definition,mean,0.5,0.5,0.03,4950
E50,***建筑劳务有限公司,C,elastic_net_logistic,0.1692453772,selected_model_risk_score,54,0.4390243902,不放贷,优化模型未选择,0,0,,,,,0,0.5,0.03,0,0,0,0,,budget_definition_nominal_cap,nominal_cap,False,0.2040258114,budget_definition,mean,0.5,0.5,0.03,4950
E51,***物流有限公司,B,elastic_net_logistic,0.0697365828,selected_model_risk_score,98,0.7967479675,放贷,优化模型选择,100,1000000,0.1425,14.25,0.8439092946,0.1560907054,15.60907054,0.5,0.03,2.06917799,0.5442616201,0.4682721162,1.056644254,0.01056644254,budget_definition_nominal_cap,nominal_cap,False,0.07874952738,budget_definition,mean,0.5,0.5,0.03,4950
E52,***商贸有限公司,D,elastic_net_logistic,0.2136303318,selected_model_risk_score,44,0.3577235772,不放贷,D级企业原则上不予放贷,0,0,,,,,0,0.5,0.03,0,0,0,0,,budget_definition_nominal_cap,nominal_cap,False,0.2416471762,budget_definition,mean,0.5,0.5,0.03,4950
E53,***文化传媒有限公司,C,elastic_net_logistic,0.107156181,selected_model_risk_score,71,0.5772357724,不放贷,优化模型未选择,0,0,,,,,0,0.5,0.03,0,0,0,0,,budget_definition_nominal_cap,nominal_cap,False,0.1294528809,budget_definition,mean,0.5,0.5,0.03,4950
E54,***新技术开发有限公司,A,elastic_net_logistic,0.06439978133,selected_model_risk_score,101,0.8211382114,放贷,优化模型选择,100,1000000,0.1225,12.25,0.8148090077,0.1851909923,18.51909923,0.5,0.03,2.122492978,0.5963129704,0.5555729769,0.9706070306,0.009706070306,budget_definition_nominal_cap,nominal_cap,False,0.08481402429,budget_definition,mean,0.5,0.5,0.03,4950
E55,***集团有限公司***电力设备分公司,C,elastic_net_logistic,0.1835760094,selected_model_risk_score,51,0.4146341463,不放贷,优化模型未选择,0,0,,,,,0,0.5,0.03,0,0,0,0,,budget_definition_nominal_cap,nominal_cap,False,0.2408611135,budget_definition,mean,0.5,0.5,0.03,4950
E56,***家居材料***有限公司,C,elastic_net_logistic,0.08755638262,selected_model_risk_score,81,0.6585365854,放贷,优化模型选择,100,1000000,0.1425,14.25,0.8405321006,0.1594678994,15.94678994,0.5,0.03,2.073452905,0.6981216208,0.4784036982,0.8969275856,0.008969275856,budget_definition_nominal_cap,nominal_cap,False,0.1073776577,budget_definition,mean,0.5,0.5,0.03,4950
E57,***机械设备有限公司,B,elastic_net_logistic,0.1025680758,selected_model_risk_score,74,0.6016260163,放贷,优化模型选择,100,1000000,0.1425,14.25,0.8439092946,0.1560907054,15.60907054,0.5,0.03,1.996151145,0.8004961652,0.4682721162,0.7273828635,0.007273828635,budget_definition_nominal_cap,nominal_cap,False,0.1291130293,budget_definition,mean,0.5,0.5,0.03,4950
E58,***油气工程建设有限责任公司,B,elastic_net_logistic,0.1498825704,selected_model_risk_score,58,0.4715447154,不放贷,优化模型未选择,0,0,,,,,0,0.5,0.03,0,0,0,0,,budget_definition_nominal_cap,nominal_cap,False,0.166452668,budget_definition,mean,0.5,0.5,0.03,4950
E59,***商贸有限公司,A,elastic_net_logistic,0.06896464342,selected_model_risk_score,99,0.8048780488,放贷,优化模型选择,100,1000000,0.1225,12.25,0.8148090077,0.1851909923,18.51909923,0.5,0.03,2.112137179,0.6385815374,0.5555729769,0.9179826647,0.009179826647,budget_definition_nominal_cap,nominal_cap,False,0.07641618763,budget_definition,mean,0.5,0.5,0.03,4950
E6,***装饰设计工程有限公司,A,elastic_net_logistic,0.03828902106,selected_model_risk_score,114,0.9268292683,放贷,优化模型选择,100,1000000,0.0985,9.85,0.7083020233,0.2916979767,29.16979767,0.5,0.03,2.763212095,0.5584414987,0.8750939301,1.329676667,0.01329676667,budget_definition_nominal_cap,nominal_cap,False,0.04389193776,budget_definition,mean,0.5,0.5,0.03,4950
E60,***机械租赁有限公司,B,elastic_net_logistic,0.2143912442,selected_model_risk_score,43,0.3495934959,不放贷,优化模型未选择,0,0,,,,,0,0.5,0.03,0,0,0,0,,budget_definition_nominal_cap,nominal_cap,False,0.2335825691,budget_definition,mean,0.5,0.5,0.03,4950
E61,***调味品有限公司,B,elastic_net_logistic,0.07788330382,selected_model_risk_score,92,0.7479674797,放贷,优化模型选择,100,1000000,0.1425,14.25,0.8439092946,0.1560907054,15.60907054,0.5,0.03,2.051057299,0.6078429916,0.4682721162,0.9749421915,0.009749421915,budget_definition_nominal_cap,nominal_cap,False,0.09484916536,budget_definition,mean,0.5,0.5,0.03,4950
E62,***工程造价咨询有限公司***分公司,B,elastic_net_logistic,0.1214523958,selected_model_risk_score,64,0.5203252033,不放贷,优化模型未选择,0,0,,,,,0,0.5,0.03,0,0,0,0,,budget_definition_nominal_cap,nominal_cap,False,0.1450170246,budget_definition,mean,0.5,0.5,0.03,4950
E63,***科技有限公司,B,elastic_net_logistic,0.08368298573,selected_model_risk_score,86,0.6991869919,放贷,优化模型选择,100,1000000,0.1425,14.25,0.8439092946,0.1560907054,15.60907054,0.5,0.03,2.03815711,0.6531068136,0.4682721162,0.9167781802,0.009167781802,budget_definition_nominal_cap,nominal_cap,False,0.1084106096,budget_definition,mean,0.5,0.5,0.03,4950
E64,***图书有限责任公司,A,elastic_net_logistic,0.1124750355,selected_model_risk_score,69,0.5609756098,不放贷,优化模型未选择,0,0,,,,,0,0.5,0.03,0,0,0,0,,budget_definition_nominal_cap,nominal_cap,False,0.1209520698,budget_definition,mean,0.5,0.5,0.03,4950
E65,***商贸有限公司,B,elastic_net_logistic,0.0894097801,selected_model_risk_score,80,0.6504065041,放贷,优化模型选择,100,1000000,0.1425,14.25,0.8439092946,0.1560907054,15.60907054,0.5,0.03,2.025419044,0.6978017823,0.4682721162,0.8593451455,0.008593451455,budget_definition_nominal_cap,nominal_cap,False,0.1016662421,budget_definition,mean,0.5,0.5,0.03,4950
E66,***快递有限公司,B,elastic_net_logistic,0.2947622952,selected_model_risk_score,30,0.243902439,不放贷,优化模型未选择,0,0,,,,,0,0.5,0.03,0,0,0,0,,budget_definition_nominal_cap,nominal_cap,False,0.3741353375,budget_definition,mean,0.5,0.5,0.03,4950
E67,***信息技术有限公司,B,elastic_net_logistic,0.1845447393,selected_model_risk_score,50,0.406504065,不放贷,优化模型未选择,0,0,,,,,0,0.5,0.03,0,0,0,0,,budget_definition_nominal_cap,nominal_cap,False,0.2088292217,budget_definition,mean,0.5,0.5,0.03,4950
E68,***花木总公司,C,elastic_net_logistic,0.3380718151,selected_model_risk_score,28,0.2276422764,不放贷,优化模型未选择,0,0,,,,,0,0.5,0.03,0,0,0,0,,budget_definition_nominal_cap,nominal_cap,False,0.3824767947,budget_definition,mean,0.5,0.5,0.03,4950
E69,***电子器材经营部,C,elastic_net_logistic,0.2503652668,selected_model_risk_score,38,0.3089430894,不放贷,优化模型未选择,0,0,,,,,0,0.5,0.03,0,0,0,0,,budget_definition_nominal_cap,nominal_cap,False,0.3207126735,budget_definition,mean,0.5,0.5,0.03,4950
E7,***家电有限公司***分公司,A,elastic_net_logistic,0.02580342326,selected_model_risk_score,121,0.9837398374,放贷,优化模型选择,100,1000000,0.0985,9.85,0.7083020233,0.2916979767,29.16979767,0.5,0.03,2.799086028,0.3763403178,0.8750939301,1.54765178,0.0154765178,budget_definition_nominal_cap,nominal_cap,False,0.03436137967,budget_definition,mean,0.5,0.5,0.03,4950
E70,***科技有限公司,B,elastic_net_logistic,0.1379471805,selected_model_risk_score,60,0.487804878,不放贷,优化模型未选择,0,0,,,,,0,0.5,0.03,0,0,0,0,,budget_definition_nominal_cap,nominal_cap,False,0.1557212843,budget_definition,mean,0.5,0.5,0.03,4950
E71,***农业科技有限公司,B,elastic_net_logistic,0.2041897012,selected_model_risk_score,45,0.3658536585,不放贷,优化模型未选择,0,0,,,,,0,0.5,0.03,0,0,0,0,,budget_definition_nominal_cap,nominal_cap,False,0.2461670708,budget_definition,mean,0.5,0.5,0.03,4950
E72,***图书有限公司,C,elastic_net_logistic,0.2897171126,selected_model_risk_score,32,0.2601626016,不放贷,优化模型未选择,0,0,,,,,0,0.5,0.03,0,0,0,0,,budget_definition_nominal_cap,nominal_cap,False,0.3383260035,budget_definition,mean,0.5,0.5,0.03,4950
E73,***商贸有限责任公司,C,elastic_net_logistic,0.1183311273,selected_model_risk_score,67,0.5447154472,不放贷,优化模型未选择,0,0,,,,,0,0.5,0.03,0,0,0,0,,budget_definition_nominal_cap,nominal_cap,False,0.150943928,budget_definition,mean,0.5,0.5,0.03,4950
E74,***蔬菜专业合作社,B,elastic_net_logistic,0.1539591335,selected_model_risk_score,56,0.4552845528,不放贷,优化模型未选择,0,0,,,,,0,0.5,0.03,0,0,0,0,,budget_definition_nominal_cap,nominal_cap,False,0.1754997095,budget_definition,mean,0.5,0.5,0.03,4950
E75,***酒店管理有限公司,C,elastic_net_logistic,0.1070850165,selected_model_risk_score,72,0.5853658537,放贷,优化模型选择,50,500000,0.1425,14.25,0.8405321006,0.1594678994,7.97339497,0.5,0.03,1.014537847,0.426915566,0.2392018491,0.3484204319,0.006968408637,budget_definition_nominal_cap,nominal_cap,False,0.1282680192,budget_definition,mean,0.5,0.5,0.03,4950
E76,***信息科技有限公司,B,elastic_net_logistic,0.1706660196,selected_model_risk_score,53,0.4308943089,不放贷,优化模型未选择,0,0,,,,,0,0.5,0.03,0,0,0,0,,budget_definition_nominal_cap,nominal_cap,False,0.1979402602,budget_definition,mean,0.5,0.5,0.03,4950
E77,***机电设备有限公司,C,elastic_net_logistic,0.3665492679,selected_model_risk_score,25,0.2032520325,不放贷,优化模型未选择,0,0,,,,,0,0.5,0.03,0,0,0,0,,budget_definition_nominal_cap,nominal_cap,False,0.4663549766,budget_definition,mean,0.5,0.5,0.03,4950
E78,个体经营E78,C,elastic_net_logistic,0.1211539626,selected_model_risk_score,65,0.5284552846,不放贷,优化模型未选择,0,0,,,,,0,0.5,0.03,0,0,0,0,,budget_definition_nominal_cap,nominal_cap,False,0.1481587806,budget_definition,mean,0.5,0.5,0.03,4950
E79,***鞋业有限公司,B,elastic_net_logistic,0.2025177165,selected_model_risk_score,46,0.3739837398,不放贷,优化模型未选择,0,0,,,,,0,0.5,0.03,0,0,0,0,,budget_definition_nominal_cap,nominal_cap,False,0.2207361419,budget_definition,mean,0.5,0.5,0.03,4950
E8,***科学研究院有限公司,A,elastic_net_logistic,0.02606005345,selected_model_risk_score,120,0.9756097561,放贷,优化模型选择,100,1000000,0.0985,9.85,0.7083020233,0.2916979767,29.16979767,0.5,0.03,2.798348672,0.3800832432,0.8750939301,1.543171498,0.01543171498,budget_definition_nominal_cap,nominal_cap,False,0.03439017911,budget_definition,mean,0.5,0.5,0.03,4950
E80,***实业有限责任公司,C,elastic_net_logistic,0.3432370641,selected_model_risk_score,26,0.2113821138,不放贷,优化模型未选择,0,0,,,,,0,0.5,0.03,0,0,0,0,,budget_definition_nominal_cap,nominal_cap,False,0.3865190631,budget_definition,mean,0.5,0.5,0.03,4950
E81,***机械设备有限公司,A,elastic_net_logistic,0.1154202468,selected_model_risk_score,68,0.5528455285,不放贷,优化模型未选择,0,0,,,,,0,0.5,0.03,0,0,0,0,,budget_definition_nominal_cap,nominal_cap,False,0.1339413155,budget_definition,mean,0.5,0.5,0.03,4950
E82,***商贸有限公司,D,elastic_net_logistic,0.194614899,selected_model_risk_score,47,0.3821138211,不放贷,D级企业原则上不予放贷,0,0,,,,,0,0.5,0.03,0,0,0,0,,budget_definition_nominal_cap,nominal_cap,False,0.2318618526,budget_definition,mean,0.5,0.5,0.03,4950
E83,***社会福利院（***社会福利社会化服务中心）,B,elastic_net_logistic,0.5444532255,selected_model_risk_score,13,0.1056910569,不放贷,优化模型未选择,0,0,,,,,0,0.5,0.03,0,0,0,0,,budget_definition_nominal_cap,nominal_cap,False,0.6237840466,budget_definition,mean,0.5,0.5,0.03,4950
E84,***建材有限公司,A,elastic_net_logistic,0.1532688251,selected_model_risk_score,57,0.4634146341,不放贷,优化模型未选择,0,0,,,,,0,0.5,0.03,0,0,0,0,,budget_definition_nominal_cap,nominal_cap,False,0.1694921296,budget_definition,mean,0.5,0.5,0.03,4950
E85,***安防科技有限公司,B,elastic_net_logistic,0.2264316686,selected_model_risk_score,42,0.3414634146,不放贷,优化模型未选择,0,0,,,,,0,0.5,0.03,0,0,0,0,,budget_definition_nominal_cap,nominal_cap,False,0.2483347601,budget_definition,mean,0.5,0.5,0.03,4950
E86,***地质工程勘察院***分院,C,elastic_net_logistic,0.2808208394,selected_model_risk_score,34,0.2764227642,不放贷,优化模型未选择,0,0,,,,,0,0.5,0.03,0,0,0,0,,budget_definition_nominal_cap,nominal_cap,False,0.3548090468,budget_definition,mean,0.5,0.5,0.03,4950
E87,***实业有限责任公司,C,elastic_net_logistic,0.234076271,selected_model_risk_score,40,0.325203252,不放贷,优化模型未选择,0,0,,,,,0,0.5,0.03,0,0,0,0,,budget_definition_nominal_cap,nominal_cap,False,0.2796569295,budget_definition,mean,0.5,0.5,0.03,4950
E88,***贸易有限公司,A,elastic_net_logistic,0.1654327803,selected_model_risk_score,55,0.4471544715,不放贷,优化模型未选择,0,0,,,,,0,0.5,0.03,0,0,0,0,,budget_definition_nominal_cap,nominal_cap,False,0.189066442,budget_definition,mean,0.5,0.5,0.03,4950
E89,***物资有限公司,A,elastic_net_logistic,0.3344336244,selected_model_risk_score,29,0.2357723577,不放贷,优化模型未选择,0,0,,,,,0,0.5,0.03,0,0,0,0,,budget_definition_nominal_cap,nominal_cap,False,0.3672701532,budget_definition,mean,0.5,0.5,0.03,4950
E9,***生活用品服务有限公司***分公司,A,elastic_net_logistic,0.02174866462,selected_model_risk_score,122,0.9918699187,放贷,优化模型选择,100,1000000,0.0985,9.85,0.7083020233,0.2916979767,29.16979767,0.5,0.03,2.810736262,0.3172020733,0.8750939301,1.618440259,0.01618440259,budget_definition_nominal_cap,nominal_cap,False,0.02531048472,budget_definition,mean,0.5,0.5,0.03,4950
E90,***文化传媒有限责任公司,C,elastic_net_logistic,0.2928954659,selected_model_risk_score,31,0.2520325203,不放贷,优化模型未选择,0,0,,,,,0,0.5,0.03,0,0,0,0,,budget_definition_nominal_cap,nominal_cap,False,0.3272754126,budget_definition,mean,0.5,0.5,0.03,4950
E91,***科技实业有限公司,A,elastic_net_logistic,0.123879862,selected_model_risk_score,62,0.5040650407,不放贷,优化模型未选择,0,0,,,,,0,0.5,0.03,0,0,0,0,,budget_definition_nominal_cap,nominal_cap,False,0.1563985381,budget_definition,mean,0.5,0.5,0.03,4950
E92,***地质灾害防治有限公司,C,elastic_net_logistic,0.3701163354,selected_model_risk_score,24,0.1951219512,不放贷,优化模型未选择,0,0,,,,,0,0.5,0.03,0,0,0,0,,budget_definition_nominal_cap,nominal_cap,False,0.4190045907,budget_definition,mean,0.5,0.5,0.03,4950
E93,***电脑设计事务所,B,elastic_net_logistic,0.2376719561,selected_model_risk_score,39,0.3170731707,不放贷,优化模型未选择,0,0,,,,,0,0.5,0.03,0,0,0,0,,budget_definition_nominal_cap,nominal_cap,False,0.2575297987,budget_definition,mean,0.5,0.5,0.03,4950
E94,***汽车美容有限公司,C,elastic_net_logistic,0.3420261826,selected_model_risk_score,27,0.2195121951,不放贷,优化模型未选择,0,0,,,,,0,0.5,0.03,0,0,0,0,,budget_definition_nominal_cap,nominal_cap,False,0.3879661601,budget_definition,mean,0.5,0.5,0.03,4950
E95,***兰花店,B,elastic_net_logistic,0.1441316116,selected_model_risk_score,59,0.4796747967,不放贷,优化模型未选择,0,0,,,,,0,0.5,0.03,0,0,0,0,,budget_definition_nominal_cap,nominal_cap,False,0.1745511804,budget_definition,mean,0.5,0.5,0.03,4950
E96,***土地整理有限公司,C,elastic_net_logistic,0.8080355745,selected_model_risk_score,1,0.008130081301,不放贷,优化模型未选择,0,0,,,,,0,0.5,0.03,0,0,0,0,,budget_definition_nominal_cap,nominal_cap,False,0.854739214,budget_definition,mean,0.5,0.5,0.03,4950
E97,***美工装饰部,B,elastic_net_logistic,0.2602897628,selected_model_risk_score,35,0.2845528455,不放贷,优化模型未选择,0,0,,,,,0,0.5,0.03,0,0,0,0,,budget_definition_nominal_cap,nominal_cap,False,0.3283525845,budget_definition,mean,0.5,0.5,0.03,4950
E98,***文化传播有限公司,B,elastic_net_logistic,0.2814270169,selected_model_risk_score,33,0.2682926829,不放贷,优化模型未选择,0,0,,,,,0,0.5,0.03,0,0,0,0,,budget_definition_nominal_cap,nominal_cap,False,0.3034353338,budget_definition,mean,0.5,0.5,0.03,4950
E99,***建筑工程有限责任公司,D,elastic_net_logistic,0.5839846822,selected_model_risk_score,10,0.08130081301,不放贷,D级企业原则上不予放贷,0,0,,,,,0,0.5,0.03,0,0,0,0,,budget_definition_nominal_cap,nominal_cap,False,0.6898712011,budget_definition,mean,0.5,0.5,0.03,4950
E1,***电器销售有限公司,A,elastic_net_logistic,0.05655542179,selected_model_risk_score,104,0.8455284553,放贷,优化模型选择,100,1000000,0.1225,12.25,0.8148090077,0.1851909923,18.51909923,0.5,0.03,2.140288611,0.5236777341,0.5555729769,1.0610379,0.010610379,budget_definition_expected_disbursement_cap,expected_disbursement_cap,False,0.0730491674,budget_definition,mean,0.5,0.5,0.03,4950
E10,***建筑劳务有限公司,B,elastic_net_logistic,0.06093491817,selected_model_risk_score,102,0.8292682927,放贷,优化模型选择,100,1000000,0.1185,11.85,0.7692116619,0.2307883381,23.07883381,0.5,0.03,2.568194445,0.7031534248,0.6923650143,1.172676006,0.01172676006,budget_definition_expected_disbursement_cap,expected_disbursement_cap,False,0.07833730674,budget_definition,mean,0.5,0.5,0.03,4950
E100,***装饰工程有限公司,D,elastic_net_logistic,0.2578903118,selected_model_risk_score,36,0.2926829268,不放贷,D级企业原则上不予放贷,0,0,,,,,0,0.5,0.03,0,0,0,0,,budget_definition_expected_disbursement_cap,expected_disbursement_cap,False,0.3416804479,budget_definition,mean,0.5,0.5,0.03,4950
E101,***灯饰工程有限公司,D,elastic_net_logistic,0.7098560409,selected_model_risk_score,6,0.0487804878,不放贷,D级企业原则上不予放贷,0,0,,,,,0,0.5,0.03,0,0,0,0,,budget_definition_expected_disbursement_cap,expected_disbursement_cap,False,0.7897592201,budget_definition,mean,0.5,0.5,0.03,4950
E102,***大药房有限责任公司,D,elastic_net_logistic,0.4733747116,selected_model_risk_score,17,0.1382113821,不放贷,D级企业原则上不予放贷,0,0,,,,,0,0.5,0.03,0,0,0,0,,budget_definition_expected_disbursement_cap,expected_disbursement_cap,False,0.6183651775,budget_definition,mean,0.5,0.5,0.03,4950
E103,***科技有限公司,D,elastic_net_logistic,0.4055458126,selected_model_risk_score,22,0.1788617886,不放贷,D级企业原则上不予放贷,0,0,,,,,0,0.5,0.03,0,0,0,0,,budget_definition_expected_disbursement_cap,expected_disbursement_cap,False,0.4768661053,budget_definition,mean,0.5,0.5,0.03,4950
E104,***管理咨询有限责任公司,C,elastic_net_logistic,0.5371556855,selected_model_risk_score,14,0.1138211382,不放贷,优化模型未选择,0,0,,,,,0,0.5,0.03,0,0,0,0,,budget_definition_expected_disbursement_cap,expected_disbursement_cap,False,0.6048969633,budget_definition,mean,0.5,0.5,0.03,4950
E105,***建材经营部,C,elastic_net_logistic,0.2296735143,selected_model_risk_score,41,0.3333333333,不放贷,优化模型未选择,0,0,,,,,0,0.5,0.03,0,0,0,0,,budget_definition_expected_disbursement_cap,expected_disbursement_cap,False,0.3150886304,budget_definition,mean,0.5,0.5,0.03,4950
E106,***财务管理有限公司,B,elastic_net_logistic,0.25387818,selected_model_risk_score,37,0.3008130081,不放贷,优化模型未选择,0,0,,,,,0,0.5,0.03,0,0,0,0,,budget_definition_expected_disbursement_cap,expected_disbursement_cap,False,0.2861266308,budget_definition,mean,0.5,0.5,0.03,4950
E107,***科技有限公司,D,elastic_net_logistic,0.6278756036,selected_model_risk_score,8,0.06504065041,不放贷,D级企业原则上不予放贷,0,0,,,,,0,0.5,0.03,0,0,0,0,,budget_definition_expected_disbursement_cap,expected_disbursement_cap,False,0.6820972821,budget_definition,mean,0.5,0.5,0.03,4950
E108,***商贸有限公司,D,elastic_net_logistic,0.5221807895,selected_model_risk_score,15,0.1219512195,不放贷,D级企业原则上不予放贷,0,0,,,,,0,0.5,0.03,0,0,0,0,,budget_definition_expected_disbursement_cap,expected_disbursement_cap,False,0.6296705299,budget_definition,mean,0.5,0.5,0.03,4950
E109,***服饰有限公司,D,elastic_net_logistic,0.5493640614,selected_model_risk_score,12,0.09756097561,不放贷,D级企业原则上不予放贷,0,0,,,,,0,0.5,0.03,0,0,0,0,,budget_definition_expected_disbursement_cap,expected_disbursement_cap,False,0.6102205923,budget_definition,mean,0.5,0.5,0.03,4950
E11,***建设工程有限公司,C,elastic_net_logistic,0.07723891572,selected_model_risk_score,93,0.756097561,放贷,优化模型选择,100,1000000,0.1425,14.25,0.8405321006,0.1594678994,15.94678994,0.5,0.03,2.096898498,0.6158563821,0.4784036982,1.002638417,0.01002638417,budget_definition_expected_disbursement_cap,expected_disbursement_cap,False,0.1001763276,budget_definition,mean,0.5,0.5,0.03,4950
E110,***通讯器材经营部,C,elastic_net_logistic,0.5711527053,selected_model_risk_score,11,0.08943089431,不放贷,优化模型未选择,0,0,,,,,0,0.5,0.03,0,0,0,0,,budget_definition_expected_disbursement_cap,expected_disbursement_cap,False,0.6124762668,budget_definition,mean,0.5,0.5,0.03,4950
E111,***科技有限公司,D,elastic_net_logistic,0.1919246162,selected_model_risk_score,49,0.3983739837,不放贷,D级企业原则上不予放贷,0,0,,,,,0,0.5,0.03,0,0,0,0,,budget_definition_expected_disbursement_cap,expected_disbursement_cap,False,0.3189536769,budget_definition,mean,0.5,0.5,0.03,4950
E112,***机械设备有限公司,D,elastic_net_logistic,0.4170540731,selected_model_risk_score,20,0.162601626,不放贷,D级企业原则上不予放贷,0,0,,,,,0,0.5,0.03,0,0,0,0,,budget_definition_expected_disbursement_cap,expected_disbursement_cap,False,0.5129040595,budget_definition,mean,0.5,0.5,0.03,4950
E113,***美居科技有限公司,D,elastic_net_logistic,0.7592451553,selected_model_risk_score,4,0.0325203252,不放贷,D级企业原则上不予放贷,0,0,,,,,0,0.5,0.03,0,0,0,0,,budget_definition_expected_disbursement_cap,expected_disbursement_cap,False,0.8315439659,budget_definition,mean,0.5,0.5,0.03,4950
E114,***食品有限责任公司,D,elastic_net_logistic,0.4770804739,selected_model_risk_score,16,0.1300813008,不放贷,D级企业原则上不予放贷,0,0,,,,,0,0.5,0.03,0,0,0,0,,budget_definition_expected_disbursement_cap,expected_disbursement_cap,False,0.5421990478,budget_definition,mean,0.5,0.5,0.03,4950
E115,***装饰工程有限公司,D,elastic_net_logistic,0.7835354924,selected_model_risk_score,2,0.0162601626,不放贷,D级企业原则上不予放贷,0,0,,,,,0,0.5,0.03,0,0,0,0,,budget_definition_expected_disbursement_cap,expected_disbursement_cap,False,0.8331104651,budget_definition,mean,0.5,0.5,0.03,4950
E116,***门窗有限公司,D,elastic_net_logistic,0.4160885126,selected_model_risk_score,21,0.1707317073,不放贷,D级企业原则上不予放贷,0,0,,,,,0,0.5,0.03,0,0,0,0,,budget_definition_expected_disbursement_cap,expected_disbursement_cap,False,0.532859258,budget_definition,mean,0.5,0.5,0.03,4950
E117,***人力资源管理咨询有限公司,D,elastic_net_logistic,0.6343060557,selected_model_risk_score,7,0.05691056911,不放贷,D级企业原则上不予放贷,0,0,,,,,0,0.5,0.03,0,0,0,0,,budget_definition_expected_disbursement_cap,expected_disbursement_cap,False,0.7561127553,budget_definition,mean,0.5,0.5,0.03,4950
E118,***体育用品有限公司,D,elastic_net_logistic,0.3859533716,selected_model_risk_score,23,0.1869918699,不放贷,D级企业原则上不予放贷,0,0,,,,,0,0.5,0.03,0,0,0,0,,budget_definition_expected_disbursement_cap,expected_disbursement_cap,False,0.4429217794,budget_definition,mean,0.5,0.5,0.03,4950
E119,***药房,D,elastic_net_logistic,0.6253065711,selected_model_risk_score,9,0.07317073171,不放贷,D级企业原则上不予放贷,0,0,,,,,0,0.5,0.03,0,0,0,0,,budget_definition_expected_disbursement_cap,expected_disbursement_cap,False,0.6891769584,budget_definition,mean,0.5,0.5,0.03,4950
E12,***建筑劳务有限公司,B,elastic_net_logistic,0.08202986653,selected_model_risk_score,88,0.7154471545,放贷,优化模型选择,100,1000000,0.1425,14.25,0.8439092946,0.1560907054,15.60907054,0.5,0.03,2.041834131,0.6402049865,0.4682721162,0.9333570281,0.009333570281,budget_definition_expected_disbursement_cap,expected_disbursement_cap,False,0.1054632903,budget_definition,mean,0.5,0.5,0.03,4950
E120,***陈列广告有限公司,D,elastic_net_logistic,0.721226934,selected_model_risk_score,5,0.0406504065,不放贷,D级企业原则上不予放贷,0,0,,,,,0,0.5,0.03,0,0,0,0,,budget_definition_expected_disbursement_cap,expected_disbursement_cap,False,0.7608714869,budget_definition,mean,0.5,0.5,0.03,4950
E121,***药业连锁有限公司***药店,D,elastic_net_logistic,0.4662178212,selected_model_risk_score,18,0.1463414634,不放贷,D级企业原则上不予放贷,0,0,,,,,0,0.5,0.03,0,0,0,0,,budget_definition_expected_disbursement_cap,expected_disbursement_cap,False,0.5621951951,budget_definition,mean,0.5,0.5,0.03,4950
E122,***商贸有限责任公司,D,elastic_net_logistic,0.4500783219,selected_model_risk_score,19,0.1544715447,不放贷,D级企业原则上不予放贷,0,0,,,,,0,0.5,0.03,0,0,0,0,,budget_definition_expected_disbursement_cap,expected_disbursement_cap,False,0.6021516604,budget_definition,mean,0.5,0.5,0.03,4950
E123,***创科技有限责任公司,D,elastic_net_logistic,0.7819761114,selected_model_risk_score,3,0.0243902439,不放贷,D级企业原则上不予放贷,0,0,,,,,0,0.5,0.03,0,0,0,0,,budget_definition_expected_disbursement_cap,expected_disbursement_cap,False,0.8270597923,budget_definition,mean,0.5,0.5,0.03,4950
E13,***汽车贸易有限公司,A,elastic_net_logistic,0.04053604698,selected_model_risk_score,113,0.918699187,放贷,优化模型选择,100,1000000,0.1025,10.25,0.7312754013,0.2687245987,26.87245987,0.5,0.03,2.642773549,0.5446516479,0.8061737961,1.291948105,0.01291948105,budget_definition_expected_disbursement_cap,expected_disbursement_cap,False,0.05373417783,budget_definition,mean,0.5,0.5,0.03,4950
E14,个体经营E14,C,elastic_net_logistic,0.03261041867,selected_model_risk_score,117,0.9512195122,放贷,优化模型选择,100,1000000,0.1105,11.05,0.7151023945,0.2848976055,28.48976055,0.5,0.03,3.045457077,0.4645315097,0.8546928165,1.726232751,0.01726232751,budget_definition_expected_disbursement_cap,expected_disbursement_cap,False,0.04024201468,budget_definition,mean,0.5,0.5,0.03,4950
E15,***劳务有限公司,A,elastic_net_logistic,0.07381492047,selected_model_risk_score,95,0.7723577236,放贷,优化模型选择,100,1000000,0.1225,12.25,0.8148090077,0.1851909923,18.51909923,0.5,0.03,2.101133891,0.6834929184,0.5555729769,0.8620679953,0.008620679953,budget_definition_expected_disbursement_cap,expected_disbursement_cap,False,0.1036254123,budget_definition,mean,0.5,0.5,0.03,4950
E16,***建筑劳务有限公司,A,elastic_net_logistic,0.04998777847,selected_model_risk_score,108,0.8780487805,放贷,优化模型选择,100,1000000,0.1025,10.25,0.7312754013,0.2687245987,26.87245987,0.5,0.03,2.616739443,0.6716472855,0.8061737961,1.138918362,0.01138918362,budget_definition_expected_disbursement_cap,expected_disbursement_cap,False,0.0624669862,budget_definition,mean,0.5,0.5,0.03,4950
E17,***消防工程有限公司,A,elastic_net_logistic,0.04649981408,selected_model_risk_score,111,0.9024390244,放贷,优化模型选择,100,1000000,0.1025,10.25,0.7312754013,0.2687245987,26.87245987,0.5,0.03,2.626346787,0.6247821939,0.8061737961,1.195390797,0.01195390797,budget_definition_expected_disbursement_cap,expected_disbursement_cap,False,0.05349825243,budget_definition,mean,0.5,0.5,0.03,4950
E18,***消防工程有限责任公司,A,elastic_net_logistic,0.04857513816,selected_model_risk_score,109,0.8861788618,放贷,优化模型选择,100,1000000,0.1025,10.25,0.7312754013,0.2687245987,26.87245987,0.5,0.03,2.620630458,0.6526667254,0.8061737961,1.161789936,0.01161789936,budget_definition_expected_disbursement_cap,expected_disbursement_cap,False,0.06117933194,budget_definition,mean,0.5,0.5,0.03,4950
E19,***科技有限公司,A,elastic_net_logistic,0.06543754966,selected_model_risk_score,100,0.8130081301,放贷,优化模型选择,100,1000000,0.1225,12.25,0.8148090077,0.1851909923,18.51909923,0.5,0.03,2.120138707,0.6059222378,0.5555729769,0.9586434928,0.009586434928,budget_definition_expected_disbursement_cap,expected_disbursement_cap,False,0.09093656268,budget_definition,mean,0.5,0.5,0.03,4950
E2,***技术有限责任公司,A,elastic_net_logistic,0.02833749753,selected_model_risk_score,119,0.9674796748,放贷,优化模型选择,100,1000000,0.0985,9.85,0.7083020233,0.2916979767,29.16979767,0.5,0.03,2.791805062,0.4132995347,0.8750939301,1.503411597,0.01503411597,budget_definition_expected_disbursement_cap,expected_disbursement_cap,False,0.03642833627,budget_definition,mean,0.5,0.5,0.03,4950
E20,***贸易有限公司,B,elastic_net_logistic,0.04546270238,selected_model_risk_score,112,0.9105691057,放贷,优化模型选择,100,1000000,0.1065,10.65,0.7053159925,0.2946840075,29.46840075,0.5,0.03,2.995705231,0.6698565665,0.8840520225,1.441796642,0.01441796642,budget_definition_expected_disbursement_cap,expected_disbursement_cap,False,0.06402096704,budget_definition,mean,0.5,0.5,0.03,4950
E21,***建设工程有限公司,B,elastic_net_logistic,0.08415779812,selected_model_risk_score,85,0.6910569106,放贷,优化模型选择,100,1000000,0.1425,14.25,0.8439092946,0.1560907054,15.60907054,0.5,0.03,2.037100988,0.6568125037,0.4682721162,0.9120163685,0.009120163685,budget_definition_expected_disbursement_cap,expected_disbursement_cap,False,0.09612822768,budget_definition,mean,0.5,0.5,0.03,4950
E22,***物流有限公司,A,elastic_net_logistic,0.08272431763,selected_model_risk_score,87,0.7073170732,放贷,优化模型选择,100,1000000,0.1225,12.25,0.8148090077,0.1851909923,18.51909923,0.5,0.03,2.080922124,0.7659899235,0.5555729769,0.7593592241,0.007593592241,budget_definition_expected_disbursement_cap,expected_disbursement_cap,False,0.09349623574,budget_definition,mean,0.5,0.5,0.03,4950
E23,***贸易有限公司,B,elastic_net_logistic,0.03337482103,selected_model_risk_score,116,0.9430894309,放贷,优化模型选择,100,1000000,0.1065,10.65,0.7053159925,0.2946840075,29.46840075,0.5,0.03,3.033641653,0.4917513005,0.8840520225,1.65783833,0.0165783833,budget_definition_expected_disbursement_cap,expected_disbursement_cap,False,0.04082479351,budget_definition,mean,0.5,0.5,0.03,4950
E24,***建筑工程有限公司,A,elastic_net_logistic,0.04702949043,selected_model_risk_score,110,0.8943089431,放贷,优化模型选择,100,1000000,0.1025,10.25,0.7312754013,0.2687245987,26.87245987,0.5,0.03,2.624887832,0.6318990471,0.8061737961,1.186814989,0.01186814989,budget_definition_expected_disbursement_cap,expected_disbursement_cap,False,0.06125175229,budget_definition,mean,0.5,0.5,0.03,4950
E25,***通讯设备有限公司,C,elastic_net_logistic,0.08202047653,selected_model_risk_score,89,0.7235772358,放贷,优化模型选择,100,1000000,0.1425,14.25,0.8405321006,0.1594678994,15.94678994,0.5,0.03,2.086032795,0.653981655,0.4784036982,0.9536474416,0.009536474416,budget_definition_expected_disbursement_cap,expected_disbursement_cap,False,0.09686547054,budget_definition,mean,0.5,0.5,0.03,4950
E26,***金属材料有限公司,A,elastic_net_logistic,0.1342940789,selected_model_risk_score,61,0.4959349593,放贷,优化模型选择,100,1000000,0.1425,14.25,0.8801803134,0.1198196866,11.98196866,0.5,0.03,1.478132723,0.8045537223,0.3594590598,0.3141199411,0.003141199411,budget_definition_expected_disbursement_cap,expected_disbursement_cap,False,0.1782110185,budget_definition,mean,0.5,0.5,0.03,4950
E27,***农业开发有限公司,A,elastic_net_logistic,0.1103832985,selected_model_risk_score,70,0.5691056911,放贷,优化模型选择,100,1000000,0.1425,14.25,0.8801803134,0.1198196866,11.98196866,0.5,0.03,1.51895872,0.6613046116,0.3594590598,0.4981950483,0.004981950483,budget_definition_expected_disbursement_cap,expected_disbursement_cap,False,0.1369068444,budget_definition,mean,0.5,0.5,0.03,4950
E28,***景观工程有限公司,B,elastic_net_logistic,0.09966092865,selected_model_risk_score,76,0.6178861789,放贷,优化模型选择,100,1000000,0.1425,14.25,0.8439092946,0.1560907054,15.60907054,0.5,0.03,2.002617491,0.7778072327,0.4682721162,0.7565381417,0.007565381417,budget_definition_expected_disbursement_cap,expected_disbursement_cap,False,0.1193350508,budget_definition,mean,0.5,0.5,0.03,4950
E29,***建筑劳务有限公司,C,elastic_net_logistic,0.07253671793,selected_model_risk_score,96,0.7804878049,放贷,优化模型选择,100,1000000,0.1425,14.25,0.8405321006,0.1594678994,15.94678994,0.5,0.03,2.107583854,0.5783639019,0.4784036982,1.050816254,0.01050816254,budget_definition_expected_disbursement_cap,expected_disbursement_cap,False,0.08548890218,budget_definition,mean,0.5,0.5,0.03,4950
E3,***电子(中国)有限公司***分公司,C,elastic_net_logistic,0.02153611417,selected_model_risk_score,123,1,放贷,优化模型选择,100,1000000,0.0905,9.05,0.5900970447,0.4099029553,40.99029553,0.5,0.03,3.629730908,0.4413858422,1.229708866,1.9586362,0.019586362,budget_definition_expected_disbursement_cap,expected_disbursement_cap,False,0.025281018,budget_definition,mean,0.5,0.5,0.03,4950
E30,***建筑工程有限公司,B,elastic_net_logistic,0.07713913412,selected_model_risk_score,94,0.7642276423,放贷,优化模型选择,100,1000000,0.1425,14.25,0.8439092946,0.1560907054,15.60907054,0.5,0.03,2.05271255,0.6020350929,0.4682721162,0.9824053413,0.009824053413,budget_definition_expected_disbursement_cap,expected_disbursement_cap,False,0.1024182862,budget_definition,mean,0.5,0.5,0.03,4950
E31,***食品有限公司,A,elastic_net_logistic,0.0367643069,selected_model_risk_score,115,0.9349593496,放贷,优化模型选择,100,1000000,0.0985,9.85,0.7083020233,0.2916979767,29.16979767,0.5,0.03,2.767592942,0.5362036969,0.8750939301,1.356295315,0.01356295315,budget_definition_expected_disbursement_cap,expected_disbursement_cap,False,0.04188668071,budget_definition,mean,0.5,0.5,0.03,4950
E32,***建筑劳务有限公司,B,elastic_net_logistic,0.09279588464,selected_model_risk_score,79,0.6422764228,放贷,优化模型选择,100,1000000,0.1425,14.25,0.8439092946,0.1560907054,15.60907054,0.5,0.03,2.017887357,0.7242287546,0.4682721162,0.8253864861,0.008253864861,budget_definition_expected_disbursement_cap,expected_disbursement_cap,False,0.104597557,budget_definition,mean,0.5,0.5,0.03,4950
E33,***园林有限责任公司,B,elastic_net_logistic,0.09823760896,selected_model_risk_score,77,0.6260162602,放贷,优化模型选择,100,1000000,0.1425,14.25,0.8439092946,0.1560907054,15.60907054,0.5,0.03,2.00578337,0.766698884,0.4682721162,0.7708123699,0.007708123699,budget_definition_expected_disbursement_cap,expected_disbursement_cap,False,0.1158892222,budget_definition,mean,0.5,0.5,0.03,4950
E34,***建设工程有限公司,B,elastic_net_logistic,0.1015652078,selected_model_risk_score,75,0.6097560976,放贷,优化模型选择,100,1000000,0.1425,14.25,0.8439092946,0.1560907054,15.60907054,0.5,0.03,1.998381817,0.7926692465,0.4682721162,0.737440454,0.00737440454,budget_definition_expected_disbursement_cap,expected_disbursement_cap,False,0.1393444528,budget_definition,mean,0.5,0.5,0.03,4950
E35,***商贸有限公司,B,elastic_net_logistic,0.08567951436,selected_model_risk_score,83,0.674796748,放贷,优化模型选择,100,1000000,0.1425,14.25,0.8439092946,0.1560907054,15.60907054,0.5,0.03,2.033716246,0.6686887917,0.4682721162,0.8967553384,0.008967553384,budget_definition_expected_disbursement_cap,expected_disbursement_cap,False,0.1006056864,budget_definition,mean,0.5,0.5,0.03,4950
E36,***超硬材料有限公司,D,elastic_net_logistic,0.05081789908,selected_model_risk_score,107,0.8699186992,不放贷,D级企业原则上不予放贷,0,0,,,,,0,0.5,0.03,0,0,0,0,,budget_definition_expected_disbursement_cap,expected_disbursement_cap,False,0.06163613971,budget_definition,mean,0.5,0.5,0.03,4950
E37,***木业有限公司,B,elastic_net_logistic,0.084549486,selected_model_risk_score,84,0.6829268293,放贷,优化模型选择,100,1000000,0.1425,14.25,0.8439092946,0.1560907054,15.60907054,0.5,0.03,2.03622976,0.6598694455,0.4682721162,0.9080881982,0.009080881982,budget_definition_expected_disbursement_cap,expected_disbursement_cap,False,0.1088428529,budget_definition,mean,0.5,0.5,0.03,4950
E38,***建设工程有限公司,B,elastic_net_logistic,0.1218095512,selected_model_risk_score,63,0.512195122,放贷,优化模型选择,100,1000000,0.1425,14.25,0.8439092946,0.1560907054,15.60907054,0.5,0.03,1.953352474,0.9506669386,0.4682721162,0.5344134197,0.005344134197,budget_definition_expected_disbursement_cap,expected_disbursement_cap,False,0.1460270212,budget_definition,mean,0.5,0.5,0.03,4950
E39,***建筑劳务有限公司,C,elastic_net_logistic,0.1815109557,selected_model_risk_score,52,0.4227642276,放贷,优化模型选择,100,1000000,0.15,15,0.8951647387,0.1048352613,10.48352613,0.5,0.03,1.287097692,0.9514374235,0.3145057839,0.02115448507,0.0002115448507,budget_definition_expected_disbursement_cap,expected_disbursement_cap,False,0.2307578892,budget_definition,mean,0.5,0.5,0.03,4950
E4,***发展有限责任公司,C,elastic_net_logistic,0.03106769432,selected_model_risk_score,118,0.9593495935,放贷,优化模型选择,100,1000000,0.1105,11.05,0.7151023945,0.2848976055,28.48976055,0.5,0.03,3.050313756,0.442555586,0.8546928165,1.753065354,0.01753065354,budget_definition_expected_disbursement_cap,expected_disbursement_cap,False,0.04400979025,budget_definition,mean,0.5,0.5,0.03,4950
E40,***财税咨询服务有限公司,C,elastic_net_logistic,0.08113873174,selected_model_risk_score,90,0.7317073171,放贷,优化模型选择,100,1000000,0.1425,14.25,0.8405321006,0.1594678994,15.94678994,0.5,0.03,2.088036487,0.6469511555,0.4784036982,0.9626816334,0.009626816334,budget_definition_expected_disbursement_cap,expected_disbursement_cap,False,0.09293248415,budget_definition,mean,0.5,0.5,0.03,4950
E41,***物业发展有限公司,C,elastic_net_logistic,0.07916167381,selected_model_risk_score,91,0.7398373984,放贷,优化模型选择,100,1000000,0.1425,14.25,0.8405321006,0.1594678994,15.94678994,0.5,0.03,2.092529188,0.6311872918,0.4784036982,0.9829381983,0.009829381983,budget_definition_expected_disbursement_cap,expected_disbursement_cap,False,0.09683047914,budget_definition,mean,0.5,0.5,0.03,4950
E42,***园艺场,A,elastic_net_logistic,0.1200846128,selected_model_risk_score,66,0.5365853659,放贷,优化模型选择,100,1000000,0.1425,14.25,0.8801803134,0.1198196866,11.98196866,0.5,0.03,1.502394399,0.7194250336,0.3594590598,0.4235103061,0.004235103061,budget_definition_expected_disbursement_cap,expected_disbursement_cap,False,0.1475914741,budget_definition,mean,0.5,0.5,0.03,4950
E43,***建设工程有限公司,B,elastic_net_logistic,0.1927952664,selected_model_risk_score,48,0.3902439024,不放贷,优化模型未选择,0,0,,,,,0,0.5,0.03,0,0,0,0,,budget_definition_expected_disbursement_cap,expected_disbursement_cap,False,0.2145282193,budget_definition,mean,0.5,0.5,0.03,4950
E44,***商贸有限公司,C,elastic_net_logistic,0.08616234673,selected_model_risk_score,82,0.6666666667,放贷,优化模型选择,100,1000000,0.1425,14.25,0.8405321006,0.1594678994,15.94678994,0.5,0.03,2.076620736,0.687006422,0.4784036982,0.911210616,0.00911210616,budget_definition_expected_disbursement_cap,expected_disbursement_cap,False,0.1035354806,budget_definition,mean,0.5,0.5,0.03,4950
E45,个体经营E45,B,elastic_net_logistic,0.1068056002,selected_model_risk_score,73,0.593495935,放贷,优化模型选择,100,1000000,0.1425,14.25,0.8439092946,0.1560907054,15.60907054,0.5,0.03,1.986725651,0.8335680738,0.4682721162,0.6848854609,0.006848854609,budget_definition_expected_disbursement_cap,expected_disbursement_cap,False,0.1219197504,budget_definition,mean,0.5,0.5,0.03,4950
E46,***广告传媒有限公司,C,elastic_net_logistic,0.05276002815,selected_model_risk_score,105,0.8536585366,放贷,优化模型选择,100,1000000,0.1105,11.05,0.7151023945,0.2848976055,28.48976055,0.5,0.03,2.982023718,0.7515602843,0.8546928165,1.375770617,0.01375770617,budget_definition_expected_disbursement_cap,expected_disbursement_cap,False,0.06245378683,budget_definition,mean,0.5,0.5,0.03,4950
E47,***控制设备有限责任公司,C,elastic_net_logistic,0.05124807767,selected_model_risk_score,106,0.8617886179,放贷,优化模型选择,100,1000000,0.1105,11.05,0.7151023945,0.2848976055,28.48976055,0.5,0.03,2.986783517,0.7300227307,0.8546928165,1.40206797,0.0140206797,budget_definition_expected_disbursement_cap,expected_disbursement_cap,False,0.05822355401,budget_definition,mean,0.5,0.5,0.03,4950
E48,***化工有限公司,A,elastic_net_logistic,0.07070577235,selected_model_risk_score,97,0.7886178862,放贷,优化模型选择,100,1000000,0.1225,12.25,0.8148090077,0.1851909923,18.51909923,0.5,0.03,2.108187272,0.6547036071,0.5555729769,0.8979106879,0.008979106879,budget_definition_expected_disbursement_cap,expected_disbursement_cap,False,0.08921054517,budget_definition,mean,0.5,0.5,0.03,4950
E49,***地球环保科技有限公司,C,elastic_net_logistic,0.09803729486,selected_model_risk_score,78,0.6341463415,放贷,优化模型选择,100,1000000,0.1425,14.25,0.8405321006,0.1594678994,15.94678994,0.5,0.03,2.049635895,0.7816900737,0.4784036982,0.7895421235,0.007895421235,budget_definition_expected_disbursement_cap,expected_disbursement_cap,False,0.1105965348,budget_definition,mean,0.5,0.5,0.03,4950
E5,***供应链管理有限公司,B,elastic_net_logistic,0.05668387407,selected_model_risk_score,103,0.837398374,放贷,优化模型选择,100,1000000,0.1065,10.65,0.7053159925,0.2946840075,29.46840075,0.5,0.03,2.960488878,0.8351915586,0.8840520225,1.241245297,0.01241245297,budget_definition_expected_disbursement_cap,expected_disbursement_cap,False,0.07330978844,budget_definition,mean,0.5,0.5,0.03,4950
E50,***建筑劳务有限公司,C,elastic_net_logistic,0.1692453772,selected_model_risk_score,54,0.4390243902,放贷,优化模型选择,100,1000000,0.15,15,0.8951647387,0.1048352613,10.48352613,0.5,0.03,1.306385669,0.8871441671,0.3145057839,0.1047357183,0.001047357183,budget_definition_expected_disbursement_cap,expected_disbursement_cap,False,0.2040258114,budget_definition,mean,0.5,0.5,0.03,4950
E51,***物流有限公司,B,elastic_net_logistic,0.0697365828,selected_model_risk_score,98,0.7967479675,放贷,优化模型选择,100,1000000,0.1425,14.25,0.8439092946,0.1560907054,15.60907054,0.5,0.03,2.06917799,0.5442616201,0.4682721162,1.056644254,0.01056644254,budget_definition_expected_disbursement_cap,expected_disbursement_cap,False,0.07874952738,budget_definition,mean,0.5,0.5,0.03,4950
E52,***商贸有限公司,D,elastic_net_logistic,0.2136303318,selected_model_risk_score,44,0.3577235772,不放贷,D级企业原则上不予放贷,0,0,,,,,0,0.5,0.03,0,0,0,0,,budget_definition_expected_disbursement_cap,expected_disbursement_cap,False,0.2416471762,budget_definition,mean,0.5,0.5,0.03,4950
E53,***文化传媒有限公司,C,elastic_net_logistic,0.107156181,selected_model_risk_score,71,0.5772357724,放贷,优化模型选择,100,1000000,0.1425,14.25,0.8405321006,0.1594678994,15.94678994,0.5,0.03,2.028913978,0.8543985546,0.4784036982,0.6961117256,0.006961117256,budget_definition_expected_disbursement_cap,expected_disbursement_cap,False,0.1294528809,budget_definition,mean,0.5,0.5,0.03,4950
E54,***新技术开发有限公司,A,elastic_net_logistic,0.06439978133,selected_model_risk_score,101,0.8211382114,放贷,优化模型选择,100,1000000,0.1225,12.25,0.8148090077,0.1851909923,18.51909923,0.5,0.03,2.122492978,0.5963129704,0.5555729769,0.9706070306,0.009706070306,budget_definition_expected_disbursement_cap,expected_disbursement_cap,False,0.08481402429,budget_definition,mean,0.5,0.5,0.03,4950
E55,***集团有限公司***电力设备分公司,C,elastic_net_logistic,0.1835760094,selected_model_risk_score,51,0.4146341463,放贷,优化模型选择,100,1000000,0.15,15,0.8951647387,0.1048352613,10.48352613,0.5,0.03,1.283850336,0.9622619457,0.3145057839,0.007082606199,7.082606199e-05,budget_definition_expected_disbursement_cap,expected_disbursement_cap,False,0.2408611135,budget_definition,mean,0.5,0.5,0.03,4950
E56,***家居材料***有限公司,C,elastic_net_logistic,0.08755638262,selected_model_risk_score,81,0.6585365854,放贷,优化模型选择,100,1000000,0.1425,14.25,0.8405321006,0.1594678994,15.94678994,0.5,0.03,2.073452905,0.6981216208,0.4784036982,0.8969275856,0.008969275856,budget_definition_expected_disbursement_cap,expected_disbursement_cap,False,0.1073776577,budget_definition,mean,0.5,0.5,0.03,4950
E57,***机械设备有限公司,B,elastic_net_logistic,0.1025680758,selected_model_risk_score,74,0.6016260163,放贷,优化模型选择,100,1000000,0.1425,14.25,0.8439092946,0.1560907054,15.60907054,0.5,0.03,1.996151145,0.8004961652,0.4682721162,0.7273828635,0.007273828635,budget_definition_expected_disbursement_cap,expected_disbursement_cap,False,0.1291130293,budget_definition,mean,0.5,0.5,0.03,4950
E58,***油气工程建设有限责任公司,B,elastic_net_logistic,0.1498825704,selected_model_risk_score,58,0.4715447154,放贷,优化模型选择,100,1000000,0.1465,14.65,0.8681595356,0.1318404644,13.18404644,0.5,0.03,1.641970194,0.9880293844,0.3955213932,0.2584194163,0.002584194163,budget_definition_expected_disbursement_cap,expected_disbursement_cap,False,0.166452668,budget_definition,mean,0.5,0.5,0.03,4950
E59,***商贸有限公司,A,elastic_net_logistic,0.06896464342,selected_model_risk_score,99,0.8048780488,放贷,优化模型选择,100,1000000,0.1225,12.25,0.8148090077,0.1851909923,18.51909923,0.5,0.03,2.112137179,0.6385815374,0.5555729769,0.9179826647,0.009179826647,budget_definition_expected_disbursement_cap,expected_disbursement_cap,False,0.07641618763,budget_definition,mean,0.5,0.5,0.03,4950
E6,***装饰设计工程有限公司,A,elastic_net_logistic,0.03828902106,selected_model_risk_score,114,0.9268292683,放贷,优化模型选择,100,1000000,0.0985,9.85,0.7083020233,0.2916979767,29.16979767,0.5,0.03,2.763212095,0.5584414987,0.8750939301,1.329676667,0.01329676667,budget_definition_expected_disbursement_cap,expected_disbursement_cap,False,0.04389193776,budget_definition,mean,0.5,0.5,0.03,4950
E60,***机械租赁有限公司,B,elastic_net_logistic,0.2143912442,selected_model_risk_score,43,0.3495934959,不放贷,优化模型未选择,0,0,,,,,0,0.5,0.03,0,0,0,0,,budget_definition_expected_disbursement_cap,expected_disbursement_cap,False,0.2335825691,budget_definition,mean,0.5,0.5,0.03,4950
E61,***调味品有限公司,B,elastic_net_logistic,0.07788330382,selected_model_risk_score,92,0.7479674797,放贷,优化模型选择,100,1000000,0.1425,14.25,0.8439092946,0.1560907054,15.60907054,0.5,0.03,2.051057299,0.6078429916,0.4682721162,0.9749421915,0.009749421915,budget_definition_expected_disbursement_cap,expected_disbursement_cap,False,0.09484916536,budget_definition,mean,0.5,0.5,0.03,4950
E62,***工程造价咨询有限公司***分公司,B,elastic_net_logistic,0.1214523958,selected_model_risk_score,64,0.5203252033,放贷,优化模型选择,100,1000000,0.1425,14.25,0.8439092946,0.1560907054,15.60907054,0.5,0.03,1.954146893,0.9478795066,0.4682721162,0.5379952697,0.005379952697,budget_definition_expected_disbursement_cap,expected_disbursement_cap,False,0.1450170246,budget_definition,mean,0.5,0.5,0.03,4950
E63,***科技有限公司,B,elastic_net_logistic,0.08368298573,selected_model_risk_score,86,0.6991869919,放贷,优化模型选择,100,1000000,0.1425,14.25,0.8439092946,0.1560907054,15.60907054,0.5,0.03,2.03815711,0.6531068136,0.4682721162,0.9167781802,0.009167781802,budget_definition_expected_disbursement_cap,expected_disbursement_cap,False,0.1084106096,budget_definition,mean,0.5,0.5,0.03,4950
E64,***图书有限责任公司,A,elastic_net_logistic,0.1124750355,selected_model_risk_score,69,0.5609756098,放贷,优化模型选择,100,1000000,0.1425,14.25,0.8801803134,0.1198196866,11.98196866,0.5,0.03,1.515387224,0.6738361752,0.3594590598,0.4820919891,0.004820919891,budget_definition_expected_disbursement_cap,expected_disbursement_cap,False,0.1209520698,budget_definition,mean,0.5,0.5,0.03,4950
E65,***商贸有限公司,B,elastic_net_logistic,0.0894097801,selected_model_risk_score,80,0.6504065041,放贷,优化模型选择,100,1000000,0.1425,14.25,0.8439092946,0.1560907054,15.60907054,0.5,0.03,2.025419044,0.6978017823,0.4682721162,0.8593451455,0.008593451455,budget_definition_expected_disbursement_cap,expected_disbursement_cap,False,0.1016662421,budget_definition,mean,0.5,0.5,0.03,4950
E66,***快递有限公司,B,elastic_net_logistic,0.2947622952,selected_model_risk_score,30,0.243902439,不放贷,优化模型未选择,0,0,,,,,0,0.5,0.03,0,0,0,0,,budget_definition_expected_disbursement_cap,expected_disbursement_cap,False,0.3741353375,budget_definition,mean,0.5,0.5,0.03,4950
E67,***信息技术有限公司,B,elastic_net_logistic,0.1845447393,selected_model_risk_score,50,0.406504065,放贷,优化模型选择,100,1000000,0.15,15,0.885864919,0.114135081,11.4135081,0.5,0.03,1.396080783,1.053151438,0.342405243,0.0005241020716,5.241020716e-06,budget_definition_expected_disbursement_cap,expected_disbursement_cap,False,0.2088292217,budget_definition,mean,0.5,0.5,0.03,4950
E68,***花木总公司,C,elastic_net_logistic,0.3380718151,selected_model_risk_score,28,0.2276422764,不放贷,优化模型未选择,0,0,,,,,0,0.5,0.03,0,0,0,0,,budget_definition_expected_disbursement_cap,expected_disbursement_cap,False,0.3824767947,budget_definition,mean,0.5,0.5,0.03,4950
E69,***电子器材经营部,C,elastic_net_logistic,0.2503652668,selected_model_risk_score,38,0.3089430894,不放贷,优化模型未选择,0,0,,,,,0,0.5,0.03,0,0,0,0,,budget_definition_expected_disbursement_cap,expected_disbursement_cap,False,0.3207126735,budget_definition,mean,0.5,0.5,0.03,4950
E7,***家电有限公司***分公司,A,elastic_net_logistic,0.02580342326,selected_model_risk_score,121,0.9837398374,放贷,优化模型选择,100,1000000,0.0985,9.85,0.7083020233,0.2916979767,29.16979767,0.5,0.03,2.799086028,0.3763403178,0.8750939301,1.54765178,0.0154765178,budget_definition_expected_disbursement_cap,expected_disbursement_cap,False,0.03436137967,budget_definition,mean,0.5,0.5,0.03,4950
E70,***科技有限公司,B,elastic_net_logistic,0.1379471805,selected_model_risk_score,60,0.487804878,放贷,优化模型选择,100,1000000,0.1425,14.25,0.8439092946,0.1560907054,15.60907054,0.5,0.03,1.917457666,1.076613636,0.4682721162,0.372571914,0.00372571914,budget_definition_expected_disbursement_cap,expected_disbursement_cap,False,0.1557212843,budget_definition,mean,0.5,0.5,0.03,4950
E71,***农业科技有限公司,B,elastic_net_logistic,0.2041897012,selected_model_risk_score,45,0.3658536585,不放贷,优化模型未选择,0,0,,,,,0,0.5,0.03,0,0,0,0,,budget_definition_expected_disbursement_cap,expected_disbursement_cap,False,0.2461670708,budget_definition,mean,0.5,0.5,0.03,4950
E72,***图书有限公司,C,elastic_net_logistic,0.2897171126,selected_model_risk_score,32,0.2601626016,不放贷,优化模型未选择,0,0,,,,,0,0.5,0.03,0,0,0,0,,budget_definition_expected_disbursement_cap,expected_disbursement_cap,False,0.3383260035,budget_definition,mean,0.5,0.5,0.03,4950
E73,***商贸有限责任公司,C,elastic_net_logistic,0.1183311273,selected_model_risk_score,67,0.5447154472,放贷,优化模型选择,100,1000000,0.1425,14.25,0.8405321006,0.1594678994,15.94678994,0.5,0.03,2.003519834,0.9435008152,0.4784036982,0.5816153207,0.005816153207,budget_definition_expected_disbursement_cap,expected_disbursement_cap,False,0.150943928,budget_definition,mean,0.5,0.5,0.03,4950
E74,***蔬菜专业合作社,B,elastic_net_logistic,0.1539591335,selected_model_risk_score,56,0.4552845528,放贷,优化模型选择,100,1000000,0.15,15,0.885864919,0.114135081,11.4135081,0.5,0.03,1.448444142,0.8786069086,0.342405243,0.2274319908,0.002274319908,budget_definition_expected_disbursement_cap,expected_disbursement_cap,False,0.1754997095,budget_definition,mean,0.5,0.5,0.03,4950
E75,***酒店管理有限公司,C,elastic_net_logistic,0.1070850165,selected_model_risk_score,72,0.5853658537,放贷,优化模型选择,100,1000000,0.1425,14.25,0.8405321006,0.1594678994,15.94678994,0.5,0.03,2.029075694,0.8538311319,0.4784036982,0.6968408637,0.006968408637,budget_definition_expected_disbursement_cap,expected_disbursement_cap,False,0.1282680192,budget_definition,mean,0.5,0.5,0.03,4950
E76,***信息科技有限公司,B,elastic_net_logistic,0.1706660196,selected_model_risk_score,53,0.4308943089,放贷,优化模型选择,100,1000000,0.15,15,0.885864919,0.114135081,11.4135081,0.5,0.03,1.419841515,0.9739489985,0.342405243,0.1034872739,0.001034872739,budget_definition_expected_disbursement_cap,expected_disbursement_cap,False,0.1979402602,budget_definition,mean,0.5,0.5,0.03,4950
E77,***机电设备有限公司,C,elastic_net_logistic,0.3665492679,selected_model_risk_score,25,0.2032520325,不放贷,优化模型未选择,0,0,,,,,0,0.5,0.03,0,0,0,0,,budget_definition_expected_disbursement_cap,expected_disbursement_cap,False,0.4663549766,budget_definition,mean,0.5,0.5,0.03,4950
E78,个体经营E78,C,elastic_net_logistic,0.1211539626,selected_model_risk_score,65,0.5284552846,放贷,优化模型选择,100,1000000,0.1425,14.25,0.8405321006,0.1594678994,15.94678994,0.5,0.03,1.997105174,0.966008396,0.4784036982,0.5526930794,0.005526930794,budget_definition_expected_disbursement_cap,expected_disbursement_cap,False,0.1481587806,budget_definition,mean,0.5,0.5,0.03,4950
E79,***鞋业有限公司,B,elastic_net_logistic,0.2025177165,selected_model_risk_score,46,0.3739837398,不放贷,优化模型未选择,0,0,,,,,0,0.5,0.03,0,0,0,0,,budget_definition_expected_disbursement_cap,expected_disbursement_cap,False,0.2207361419,budget_definition,mean,0.5,0.5,0.03,4950
E8,***科学研究院有限公司,A,elastic_net_logistic,0.02606005345,selected_model_risk_score,120,0.9756097561,放贷,优化模型选择,100,1000000,0.0985,9.85,0.7083020233,0.2916979767,29.16979767,0.5,0.03,2.798348672,0.3800832432,0.8750939301,1.543171498,0.01543171498,budget_definition_expected_disbursement_cap,expected_disbursement_cap,False,0.03439017911,budget_definition,mean,0.5,0.5,0.03,4950
E80,***实业有限责任公司,C,elastic_net_logistic,0.3432370641,selected_model_risk_score,26,0.2113821138,不放贷,优化模型未选择,0,0,,,,,0,0.5,0.03,0,0,0,0,,budget_definition_expected_disbursement_cap,expected_disbursement_cap,False,0.3865190631,budget_definition,mean,0.5,0.5,0.03,4950
E81,***机械设备有限公司,A,elastic_net_logistic,0.1154202468,selected_model_risk_score,68,0.5528455285,放贷,优化模型选择,100,1000000,0.1425,14.25,0.8801803134,0.1198196866,11.98196866,0.5,0.03,1.51035848,0.6914808899,0.3594590598,0.4594185307,0.004594185307,budget_definition_expected_disbursement_cap,expected_disbursement_cap,False,0.1339413155,budget_definition,mean,0.5,0.5,0.03,4950
E82,***商贸有限公司,D,elastic_net_logistic,0.194614899,selected_model_risk_score,47,0.3821138211,不放贷,D级企业原则上不予放贷,0,0,,,,,0,0.5,0.03,0,0,0,0,,budget_definition_expected_disbursement_cap,expected_disbursement_cap,False,0.2318618526,budget_definition,mean,0.5,0.5,0.03,4950
E83,***社会福利院（***社会福利社会化服务中心）,B,elastic_net_logistic,0.5444532255,selected_model_risk_score,13,0.1056910569,不放贷,优化模型未选择,0,0,,,,,0,0.5,0.03,0,0,0,0,,budget_definition_expected_disbursement_cap,expected_disbursement_cap,False,0.6237840466,budget_definition,mean,0.5,0.5,0.03,4950
E84,***建材有限公司,A,elastic_net_logistic,0.1532688251,selected_model_risk_score,57,0.4634146341,放贷,优化模型选择,100,1000000,0.1465,14.65,0.9027259086,0.09727409137,9.727409137,0.5,0.03,1.206647333,0.7454542848,0.2918222741,0.1693707742,0.001693707742,budget_definition_expected_disbursement_cap,expected_disbursement_cap,False,0.1694921296,budget_definition,mean,0.5,0.5,0.03,4950
E85,***安防科技有限公司,B,elastic_net_logistic,0.2264316686,selected_model_risk_score,42,0.3414634146,不放贷,优化模型未选择,0,0,,,,,0,0.5,0.03,0,0,0,0,,budget_definition_expected_disbursement_cap,expected_disbursement_cap,False,0.2483347601,budget_definition,mean,0.5,0.5,0.03,4950
E86,***地质工程勘察院***分院,C,elastic_net_logistic,0.2808208394,selected_model_risk_score,34,0.2764227642,不放贷,优化模型未选择,0,0,,,,,0,0.5,0.03,0,0,0,0,,budget_definition_expected_disbursement_cap,expected_disbursement_cap,False,0.3548090468,budget_definition,mean,0.5,0.5,0.03,4950
E87,***实业有限责任公司,C,elastic_net_logistic,0.234076271,selected_model_risk_score,40,0.325203252,不放贷,优化模型未选择,0,0,,,,,0,0.5,0.03,0,0,0,0,,budget_definition_expected_disbursement_cap,expected_disbursement_cap,False,0.2796569295,budget_definition,mean,0.5,0.5,0.03,4950
E88,***贸易有限公司,A,elastic_net_logistic,0.1654327803,selected_model_risk_score,55,0.4471544715,放贷,优化模型选择,100,1000000,0.15,15,0.922060687,0.07793931305,7.793931305,0.5,0.03,0.975683937,0.6446858626,0.2338179392,0.09718013519,0.0009718013519,budget_definition_expected_disbursement_cap,expected_disbursement_cap,False,0.189066442,budget_definition,mean,0.5,0.5,0.03,4950
E89,***物资有限公司,A,elastic_net_logistic,0.3344336244,selected_model_risk_score,29,0.2357723577,不放贷,优化模型未选择,0,0,,,,,0,0.5,0.03,0,0,0,0,,budget_definition_expected_disbursement_cap,expected_disbursement_cap,False,0.3672701532,budget_definition,mean,0.5,0.5,0.03,4950
E9,***生活用品服务有限公司***分公司,A,elastic_net_logistic,0.02174866462,selected_model_risk_score,122,0.9918699187,放贷,优化模型选择,100,1000000,0.0985,9.85,0.7083020233,0.2916979767,29.16979767,0.5,0.03,2.810736262,0.3172020733,0.8750939301,1.618440259,0.01618440259,budget_definition_expected_disbursement_cap,expected_disbursement_cap,False,0.02531048472,budget_definition,mean,0.5,0.5,0.03,4950
E90,***文化传媒有限责任公司,C,elastic_net_logistic,0.2928954659,selected_model_risk_score,31,0.2520325203,不放贷,优化模型未选择,0,0,,,,,0,0.5,0.03,0,0,0,0,,budget_definition_expected_disbursement_cap,expected_disbursement_cap,False,0.3272754126,budget_definition,mean,0.5,0.5,0.03,4950
E91,***科技实业有限公司,A,elastic_net_logistic,0.123879862,selected_model_risk_score,62,0.5040650407,放贷,优化模型选择,100,1000000,0.1425,14.25,0.8801803134,0.1198196866,11.98196866,0.5,0.03,1.495914275,0.742162312,0.3594590598,0.3942929033,0.003942929033,budget_definition_expected_disbursement_cap,expected_disbursement_cap,False,0.1563985381,budget_definition,mean,0.5,0.5,0.03,4950
E92,***地质灾害防治有限公司,C,elastic_net_logistic,0.3701163354,selected_model_risk_score,24,0.1951219512,不放贷,优化模型未选择,0,0,,,,,0,0.5,0.03,0,0,0,0,,budget_definition_expected_disbursement_cap,expected_disbursement_cap,False,0.4190045907,budget_definition,mean,0.5,0.5,0.03,4950
E93,***电脑设计事务所,B,elastic_net_logistic,0.2376719561,selected_model_risk_score,39,0.3170731707,不放贷,优化模型未选择,0,0,,,,,0,0.5,0.03,0,0,0,0,,budget_definition_expected_disbursement_cap,expected_disbursement_cap,False,0.2575297987,budget_definition,mean,0.5,0.5,0.03,4950
E94,***汽车美容有限公司,C,elastic_net_logistic,0.3420261826,selected_model_risk_score,27,0.2195121951,不放贷,优化模型未选择,0,0,,,,,0,0.5,0.03,0,0,0,0,,budget_definition_expected_disbursement_cap,expected_disbursement_cap,False,0.3879661601,budget_definition,mean,0.5,0.5,0.03,4950
E95,***兰花店,B,elastic_net_logistic,0.1441316116,selected_model_risk_score,59,0.4796747967,放贷,优化模型选择,100,1000000,0.1425,14.25,0.8439092946,0.1560907054,15.60907054,0.5,0.03,1.903701682,1.124880246,0.4682721162,0.3105493193,0.003105493193,budget_definition_expected_disbursement_cap,expected_disbursement_cap,False,0.1745511804,budget_definition,mean,0.5,0.5,0.03,4950
E96,***土地整理有限公司,C,elastic_net_logistic,0.8080355745,selected_model_risk_score,1,0.008130081301,不放贷,优化模型未选择,0,0,,,,,0,0.5,0.03,0,0,0,0,,budget_definition_expected_disbursement_cap,expected_disbursement_cap,False,0.854739214,budget_definition,mean,0.5,0.5,0.03,4950
E97,***美工装饰部,B,elastic_net_logistic,0.2602897628,selected_model_risk_score,35,0.2845528455,不放贷,优化模型未选择,0,0,,,,,0,0.5,0.03,0,0,0,0,,budget_definition_expected_disbursement_cap,expected_disbursement_cap,False,0.3283525845,budget_definition,mean,0.5,0.5,0.03,4950
E98,***文化传播有限公司,B,elastic_net_logistic,0.2814270169,selected_model_risk_score,33,0.2682926829,不放贷,优化模型未选择,0,0,,,,,0,0.5,0.03,0,0,0,0,,budget_definition_expected_disbursement_cap,expected_disbursement_cap,False,0.3034353338,budget_definition,mean,0.5,0.5,0.03,4950
E99,***建筑工程有限责任公司,D,elastic_net_logistic,0.5839846822,selected_model_risk_score,10,0.08130081301,不放贷,D级企业原则上不予放贷,0,0,,,,,0,0.5,0.03,0,0,0,0,,budget_definition_expected_disbursement_cap,expected_disbursement_cap,False,0.6898712011,budget_definition,mean,0.5,0.5,0.03,4950
