firm,in_lines,in_unique_invoices,in_active_days,in_total_net,in_total_abs,in_mean_abs,in_median_abs,in_negative_lines,in_zero_lines,in_valid_lines,in_valid_total_net,in_valid_total_abs,in_valid_mean_abs,in_valid_median_abs,in_valid_negative_lines,in_valid_zero_lines,in_valid_active_months,in_valid_counterparties,in_void_lines,in_duplicate_lines,in_void_rate,in_duplicate_rate,in_negative_rate,in_zero_rate,in_valid_negative_rate,in_valid_zero_rate,in_valid_rate,in_date_span_days,in_monthly_abs_mean,in_monthly_abs_std,in_monthly_net_std,in_monthly_count,in_monthly_abs_cv,in_monthly_abs_trend,in_recent_to_initial_abs,in_top_counterparty_share,in_counterparty_hhi,out_lines,out_unique_invoices,out_active_days,out_total_net,out_total_abs,out_mean_abs,out_median_abs,out_negative_lines,out_zero_lines,out_valid_lines,out_valid_total_net,out_valid_total_abs,out_valid_mean_abs,out_valid_median_abs,out_valid_negative_lines,out_valid_zero_lines,out_valid_active_months,out_valid_counterparties,out_void_lines,out_duplicate_lines,out_void_rate,out_duplicate_rate,out_negative_rate,out_zero_rate,out_valid_negative_rate,out_valid_zero_rate,out_valid_rate,out_date_span_days,out_monthly_abs_mean,out_monthly_abs_std,out_monthly_net_std,out_monthly_count,out_monthly_abs_cv,out_monthly_abs_trend,out_recent_to_initial_abs,out_top_counterparty_share,out_counterparty_hhi,cross_out_to_in_abs,cross_out_to_in_count,cross_out_minus_in_net,cross_out_minus_in_void_rate,cross_out_minus_in_negative_rate
E124,17411,17409,741,992181262.97,1035735094.75,59487.39846935845,14850.0,346,0,15264,844202797.23,887265509.01,58127.98146029874,11144.0,342,0,25,1403,2147,2,0.12331284819941417,0.00011486990982712079,0.019872494400091895,0.0,0.02240566037735849,0.0,0.8766871518005859,749,35490620.3604,20928992.80897761,20117800.807636928,25,0.5897049022093152,0.04873603166839347,3.6984401473568984,0.14461439378294808,0.029395013068989388,1293,1293,259,965061608.45,1039428466.45,803888.9918406806,1000000.0,42,1,1099,808437748.17,880804606.17,801460.0602092812,1000000.0,41,0,25,52,194,0,0.1500386697602475,0.0,0.03248259860788863,0.0007733952049497294,0.0373066424021838,0.0,0.8499613302397525,749,35232184.246800005,23954830.086037453,21104572.260229297,25,0.6799132837815235,0.03639311781356658,2.192724753285582,0.17421077619839803,0.07352453907471611,0.9927181855099845,0.07199947589098532,-35765049.06000006,0.02672582156083332,0.014900982024825312
E125,20288,20284,956,1177813229.08,1231119751.72,60682.164418375396,20000.0,406,0,17776,1001201808.6,1052840607.24,59228.2069779478,11600.0,396,0,36,1789,2512,4,0.12381703470031545,0.0001971608832807571,0.020011829652996846,0.0,0.022277227722772276,0.0,0.8761829652996845,1073,29245572.423333332,21836140.08968939,20750543.106722724,36,0.7466477240933609,0.05364691673304809,18.144158494780566,0.10233596444617316,0.01585890387603721,1595,1595,335,1195105005.44,1269611863.44,795994.898708464,1000000.0,43,1,1380,1024841109.95,1097347967.95,795179.6869202899,1000000.0,42,0,35,63,215,0,0.13479623824451412,0.0,0.026959247648902823,0.0006269592476489029,0.030434782608695653,0.0,0.8652037617554859,1066,31352799.084285717,23023249.24095284,20610370.47403012,35,0.7343283506859929,0.03834305168547591,3.3375683032948835,0.16255232156052765,0.05958869318322666,1.0422735981153644,0.07763276327632763,23639301.350000024,0.010979203544198665,0.008157554885923377
E126,533,533,263,134006340.64,134221397.0,251822.50844277674,99600.0,3,0,515,128818723.63,129033779.99,250551.0291067961,98647.6,3,0,36,72,18,0,0.03377110694183865,0.0,0.005628517823639775,0.0,0.005825242718446602,0.0,0.9662288930581614,1055,3584271.666388889,2876749.070104339,2873205.24466127,36,0.8026035239127478,0.03836642510558775,2.9763768402540896,0.4231506959203358,0.2959809647970488,1516,1516,408,650309040.12,685871563.46,452421.8756332454,350418.815,32,3,1264,538007376.38,573569899.72,453773.65484177216,350418.815,32,0,36,143,252,0,0.1662269129287599,0.0,0.021108179419525065,0.001978891820580475,0.02531645569620253,0.0,0.8337730870712401,1072,15932497.214444445,10520078.279627593,10232482.681754055,36,0.660290608435824,0.03833681455636679,2.985664766446746,0.17824868165137261,0.062417407846749484,4.44511429305141,2.454368932038835,409188652.75,0.13245580598692125,0.01949121297775593
E127,1450,1450,615,1854772.94,1856852.94,1280.5882344827585,320.0,2,0,1424,1765558.94,1767638.94,1241.3194803370786,313.5,2,0,32,297,26,0,0.01793103448275862,0.0,0.001379310344827586,0.0,0.0014044943820224719,0.0,0.9820689655172414,1033,55238.716875,85658.90560081435,85664.73323595474,32,1.5507041156414325,0.0466491159672536,33.459727998514666,0.16971791761953378,0.06343612990304914,4026,4026,224,717746672.55,720491824.55,178959.7179706905,102900.0,4,3,3904,671508175.53,674253327.53,172708.33184682377,102900.0,4,0,36,25,122,0,0.030303030303030304,0.0,0.0009935419771485345,0.0007451564828614009,0.0010245901639344263,0.0,0.9696969696969697,1073,18729259.098055556,14970289.681071172,15026615.925677406,36,0.7992996200594696,-0.015323358888703542,0.4400942756378787,0.22384145962302984,0.1337747936642815,381.4429023214435,2.741573033707865,669742616.5899999,0.012371995820271684,-0.0003799042180880456
E128,3222,3222,807,10788039.88,11628960.0,3609.236499068901,320.0,16,0,3134,9360499.95,10112352.07,3226.659881940013,314.0,15,0,31,532,88,0,0.027312228429546864,0.0,0.004965859714463066,0.0,0.004786215698787492,0.0,0.9726877715704532,915,326204.905483871,339445.6563166128,343588.25071536703,31,1.040590287301478,0.02480587918751131,14.819578999658477,0.07209628333282506,0.025959505264150983,1255,1255,92,264642363.12,264642363.12,210870.40886055777,99990.0,0,13,1161,250689218.79,250689218.79,215925.2530490956,99990.0,0,0,33,7,94,0,0.0749003984063745,0.0,0.0,0.010358565737051793,0.0,0.0,0.9250996015936255,1053,7596642.993636363,10162099.152885094,10162099.152885094,33,1.3377091909410235,0.04009013128979776,0.605061057574744,0.9758447200512734,0.9524462050654999,24.790396641124858,0.3704530950861519,241328718.84,0.04758816997682763,-0.004786215698787492
E129,6326,6326,961,104813014.83,107656452.63,17018.092417009168,430.0,29,0,5928,85577806.82,88421244.62,14915.86447705803,398.895,29,0,36,1368,398,0,0.06291495415744547,0.0,0.004584255453683212,0.0,0.004892037786774629,0.0,0.9370850458425546,1072,2456145.683888889,2323621.4608554533,2353066.875231011,36,0.9460438263484412,-0.02648861235213442,0.4279606093439633,0.15371234660189065,0.04293611134786823,5817,5805,559,424383813.98,438702090.0,75417.2408457968,98400.0,87,20,5181,374399072.3,388511348.32,74987.71440262497,97200.0,86,0,36,796,636,12,0.10933470861268695,0.0020629190304280558,0.014956162970603403,0.0034381983840467596,0.016599112140513416,0.0,0.8906652913873131,1073,10791981.897777777,6162269.450365411,6069047.113525225,36,0.5710044279850311,-0.006100602852484975,1.2538645830619581,0.04298458738004464,0.010703010402562487,4.393868803698366,0.8739878542510121,288821265.48,0.04641975445524148,0.011707074353738786
E130,3251,3251,663,85539937.0,86465353.16,26596.54049830821,999.0,18,0,3123,77406976.12,78332392.28,25082.41827729747,948.0,18,0,31,517,128,0,0.03937250076899416,0.0,0.005536757920639803,0.0,0.005763688760806916,0.0,0.9606274992310059,919,2526851.3638709676,3973407.5014925357,3931799.1333279666,31,1.572473774399433,0.1195264814814105,6333.3783233830845,0.13212924690214758,0.04461509468494275,1382,1382,61,125731902.13,129733514.13,93873.74394356005,100000.0,21,0,1321,120144422.13,124146034.13,93978.82977289932,100000.0,21,0,22,14,61,0,0.04413892908827786,0.0,0.015195369030390739,0.0,0.015897047691143074,0.0,0.9558610709117221,1034,5643001.551363636,7995554.421436101,7981194.418770515,22,1.4168974345761023,0.1273730688257906,30.35209214154944,0.8710639092728624,0.7656296210641084,1.5848620285492958,0.42299071405699645,42737446.00999999,0.0047664283192837,0.010133358930336157
E131,7077,7076,992,138371076.37,143405661.01,20263.62314681362,2680.0,130,0,6527,125103670.24,130138254.88,19938.448732955414,2111.0,130,0,36,906,550,1,0.07771654655927653,0.00014130281192595732,0.018369365550374453,0.0,0.019917266738164546,0.0,0.9222834534407235,1073,3614951.524444444,3983601.883066676,3985716.243495087,36,1.1019793366880313,0.007678997351349916,1.021305819623118,0.22253256758901455,0.06288906393385504,3336,3336,639,264977386.65,270191823.99,80992.75299460432,25570.0,43,0,3097,241760597.37,246959854.71,79741.63858895705,25000.0,42,0,36,818,239,0,0.07164268585131894,0.0,0.01288968824940048,0.0,0.013561511139812722,0.0,0.9283573141486811,1073,6859995.964166667,2639673.709528423,2592621.5510877823,36,0.3847923123157526,0.00622737641918565,1.4706955580418544,0.037357691236228376,0.00967747755267571,1.8976730165754934,0.47449057760073543,116656927.13000001,-0.006073860707957582,-0.006355755598351824
E132,5159,5159,812,75039020.2,76195646.76,14769.46050785036,300.0,10,0,5050,70171887.8,71328514.36,14124.45828910891,300.0,10,0,31,682,109,0,0.021128125605737545,0.0,0.0019383601473153711,0.0,0.0019801980198019802,0.0,0.9788718743942625,903,2300919.818064516,1690280.312786792,1662165.6011170815,31,0.7346106976507418,0.022612682353924187,1013.5624939808295,0.2248750046726755,0.07142378351840878,1798,1798,256,243054304.58,248306107.78,138101.28352614015,100000.0,8,0,1659,221026234.74,226278037.94,136394.23625075346,100000.0,8,0,34,99,139,0,0.07730812013348165,0.0,0.004449388209121246,0.0,0.004822182037371911,0.0,0.9226918798665183,1003,6655236.41,4322799.709497024,4415589.045212669,34,0.6495336068004569,0.010987079639340626,3.9592990041855063,0.07115989862113616,0.026332123383524714,3.172336336601081,0.32851485148514853,150854346.94,0.05617999452774411,0.0028419840175699304
E133,1645,1645,654,43053579.11,43054354.11,26172.859641337385,840.0,2,0,1599,40659032.04,40659807.04,25428.27207004378,780.0,2,0,32,282,46,0,0.02796352583586626,0.0,0.0012158054711246201,0.0,0.0012507817385866166,0.0,0.9720364741641337,969,1270618.97,1689978.4235699866,1689996.5224450245,32,1.330043438254339,0.03071914080860847,355.38573972244046,0.18021236531672433,0.06980302972608228,170,170,41,144363765.64,149163765.64,877433.9155294116,1000000.0,3,0,140,117064664.86,121864664.86,870461.8918571429,1000000.0,3,0,20,9,30,0,0.17647058823529413,0.0,0.01764705882352941,0.0,0.02142857142857143,0.0,0.8235294117647058,1057,6093233.243,7121505.797090427,7256810.659303578,20,1.168756473465335,0.0008702115121519158,0.44236249839607167,0.6250550962209408,0.4563170876499999,2.997177648681729,0.08755472170106317,76405632.82,0.14850706239942787,0.020177789689984814
E134,1695,1695,596,4444929.39,4452815.37,2627.029716814159,254.5,7,0,1664,4295229.39,4303115.37,2586.0068329326923,250.0,7,0,36,581,31,0,0.018289085545722714,0.0,0.004129793510324484,0.0,0.004206730769230769,0.0,0.9817109144542773,1108,119530.9825,270497.72125869663,270370.4477130428,36,2.2629925363384062,0.08106321056422508,32.093448829646285,0.32883152747075894,0.12122744903342586,3070,3070,444,139723861.86,145882448.5,47518.71286644951,36692.525,58,0,2835,130184400.25,136342986.89,48092.764335096996,37500.0,58,0,37,1672,235,0,0.07654723127035831,0.0,0.018892508143322474,0.0,0.020458553791887126,0.0,0.9234527687296417,1111,3684945.591621621,2811382.342481315,2808679.529898256,37,0.7629372734494351,0.049379188224407955,3.2901290529939557,0.0704910635979687,0.007614751794333865,31.684715645911204,1.7037259615384615,125889170.86,0.0582581457246356,0.016251823022656358
E135,2891,2891,615,27480128.37,28097554.77,9718.974323763403,1000.0,5,0,2847,26380957.44,26998383.84,9483.099346680716,1000.0,5,0,31,364,44,0,0.015219647180906262,0.0,0.0017295053614666206,0.0,0.0017562346329469617,0.0,0.9847803528190937,969,870915.6077419355,1176052.6238363879,1138993.8298408932,31,1.350363471939142,0.1100230415449564,237.83592382873098,0.12733962226681195,0.04998646826789812,413,413,158,165998415.86,182564097.46,442043.8195157385,300000.0,14,1,367,143295880.13,159861561.73,435590.08645776566,300000.0,14,0,35,73,46,0,0.11138014527845036,0.0,0.03389830508474576,0.002421307506053269,0.03814713896457766,0.0,0.8886198547215496,1112,4567473.192285714,3658003.6765709682,3366015.6588880257,35,0.800881258098941,0.024517504888362063,1.358504792387256,0.2307385490346917,0.09620457721580168,5.921153009653632,0.128907622058307,116914922.69,0.0961604980975441,0.0363909043316307
E136,1288,1288,53,132336469.83,132341559.33,102749.65786490683,104000.0,1,0,1286,132110009.25,132115098.75,102733.358281493,104000.0,1,0,28,16,2,0,0.0015527950310559005,0.0,0.0007763975155279503,0.0,0.0007776049766718507,0.0,0.9984472049689441,893,4718396.383928572,4715589.314822482,4715463.647758905,28,0.9994050798454214,0.03885816991783232,1.5804140477341655,0.9996920961314424,0.9993843103765172,1355,1355,48,142812812.1,143520812.1,105919.41852398524,105325.0,4,0,1284,134565225.0,135273225.0,105352.97897196261,104625.0,4,0,28,4,71,0,0.05239852398523985,0.0,0.002952029520295203,0.0,0.003115264797507788,0.0,0.9476014760147602,892,4831186.607142857,4540872.114552294,4562879.12685337,28,0.9399082427987078,0.042421191476068855,2.3959846276172807,0.7887687308408593,0.6423019325181604,1.023904355216629,0.9984447900466563,2455215.75,0.05084572895418395,0.002337659820835937
E137,3281,3281,870,121612438.21,128156904.43,39060.318326729655,968.0,38,0,3141,108301441.78,114625108.0,36493.189430117796,890.0,37,0,37,675,140,0,0.04266991770801585,0.0,0.011581834806461445,0.0,0.01177968799745304,0.0,0.9573300822919841,1124,3097975.891891892,2924120.779057887,2838763.5647293334,37,0.9438810633455788,0.02785916995526217,3.0444005023642666,0.08724092107289443,0.03803058810326477,254,254,89,170522212.78,178262212.8,701819.7354330709,876222.0,6,0,231,153538073.1,161278073.12,698173.4767099568,864205.1,6,0,30,25,23,0,0.09055118110236221,0.0,0.023622047244094488,0.0,0.025974025974025976,0.0,0.9094488188976378,1106,5375935.770666667,5863998.896433756,5509157.223395043,30,1.0907866363341174,0.03388078261269379,2.3571559083932208,0.27052989867715255,0.14024247880594554,1.4070047647850417,0.07354345749761222,45236631.31999999,0.04788126339434636,0.014194337976572935
E138,520,520,243,24247640.51,24264724.35,46662.931442307694,594.0,25,0,512,23875015.51,23892099.35,46664.25654296875,591.5,25,0,36,54,8,0,0.015384615384615385,0.0,0.04807692307692308,0.0,0.048828125,0.0,0.9846153846153847,1067,663669.426388889,917030.4513287331,916591.776014115,36,1.381757867494988,0.027922472246201393,5.326666813227582,0.2655451455754975,0.17248558942173775,1492,1492,234,128023359.2,129574359.2,86846.08525469169,93550.0,12,0,1439,124141305.95,125692305.95,87346.98120222377,94160.0,12,0,36,118,53,0,0.035522788203753354,0.0,0.00804289544235925,0.0,0.008339124391938846,0.0,0.9644772117962467,1072,3491452.9430555557,2153099.916366428,2111183.982594584,36,0.6166773407755386,0.032537933874517165,1.854487066533563,0.10157773702615407,0.04238802967956256,5.260831378135048,2.810546875,100266290.44,0.02013817281913797,-0.040489000608061154
E139,472,472,285,1777642.71,1789984.71,3792.3404872881356,259.745,2,0,457,1294008.95,1306350.95,2858.535995623632,243.0,2,0,36,77,15,0,0.03177966101694915,0.0,0.00423728813559322,0.0,0.00437636761487965,0.0,0.9682203389830508,1068,36287.52638888889,45438.53195737023,45386.56631805646,36,1.252180472992597,0.026739035621991633,30.526178376534787,0.13712088623658136,0.07742325260536333,12822,12822,442,215741759.86,217210546.96,16940.457569801903,9991.0,33,0,12209,197108305.55,198566456.93,16263.941103284464,9991.0,32,0,36,167,613,0,0.04780845421931056,0.0,0.0025737014506317267,0.0,0.002621017282332705,0.0,0.9521915457806894,1073,5515734.914722223,2279238.4836347904,2291284.441094788,36,0.41322480483084906,-0.01351614280020635,0.5853852048928884,0.2846040921197596,0.10622973718530593,152.00085163179162,26.71553610503282,195814296.60000002,0.016028793202361412,-0.0017553503325469445
E140,2074,2074,670,7999749.34,9811099.86,4730.520665380906,296.99,18,0,2023,7398424.69,9209032.83,4552.166500247157,295.0,17,0,36,561,51,0,0.02459016393442623,0.0,0.008678881388621022,0.0,0.008403361344537815,0.0,0.9754098360655737,1078,255806.4675,488978.97524137003,337694.0704669476,36,1.9115192044210925,0.05053329998933652,18.88315045262009,0.23779560573029254,0.12010151498216153,845,845,152,232307631.47,240408070.41,284506.59220118343,100000.0,22,0,726,188193665.98,196294104.92,270377.55498622585,100000.0,22,0,37,20,119,0,0.1408284023668639,0.0,0.02603550295857988,0.0,0.030303030303030304,0.0,0.8591715976331361,1107,5305246.078918919,4008765.4688065145,4169334.22376112,37,0.7556229078111687,-0.0016776386902802312,0.8286436905456258,0.218820657897524,0.1352824322628321,21.315387678990387,0.3588729609490855,180795241.29,0.11623823843243766,0.02189966895849249
E141,1413,1413,530,42950106.37,43000192.37,30431.841733899502,9999.0,3,0,1357,41048444.16,41098530.16,30286.31551952837,9999.0,3,0,36,208,56,0,0.039631988676574664,0.0,0.0021231422505307855,0.0,0.002210759027266028,0.0,0.9603680113234253,1074,1141625.8377777776,1118598.0690179288,1119432.5920558218,36,0.9798289702301471,0.05308704105489145,6.545362215937865,0.11308531015358336,0.05489300642638903,4740,4740,595,170643916.89,178818265.31,37725.37242827004,28053.535,144,67,4458,161840043.63,170014392.05,38136.920603409606,28634.165,144,0,35,1183,282,0,0.05949367088607595,0.0,0.030379746835443037,0.014135021097046414,0.03230148048452221,0.0,0.9405063291139241,1046,4857554.058571429,2104717.844572904,1994978.4386212924,35,0.4332875803737089,0.019098985889094224,1.8997880469504913,0.07329197575423732,0.01576966530048874,4.1367511535843215,3.2851879145173175,120791599.47,0.019861682209501283,0.030090721457256178
E142,727,727,363,58091460.57,59398568.65,81703.67077028885,14297.17,11,0,704,55999811.83,57306919.91,81401.87487215908,14178.0,11,0,37,96,23,0,0.03163686382393398,0.0,0.015130674002751032,0.0,0.015625,0.0,0.9683631361760661,1106,1548835.6732432432,1651723.9750655473,1660137.3644835218,37,1.066429449940843,0.06266828107978908,24.818505827095255,0.4305351109211271,0.23992970790182366,1476,1476,263,113757315.65,114734710.21,77733.54350271002,100000.0,10,2,1366,106758632.44,107736027.0,78869.71229868228,100000.0,10,0,37,66,110,0,0.07452574525745258,0.0,0.006775067750677507,0.0013550135501355014,0.007320644216691069,0.0,0.9254742547425474,1112,2911784.5135135134,1786763.539430708,1794922.9047860946,37,0.6136317887324376,0.0511358401281987,5.899160472382586,0.4312348943404048,0.30102469340193905,1.8799828566811558,1.9403409090909092,50758820.61,0.0428888814335186,-0.008304355783308931
E143,3714,3714,823,38267350.73,38947199.01,10486.591009693053,616.0,45,0,3579,36308552.33,36937647.03,10320.661366303437,575.0,43,0,38,598,135,0,0.036348949919224556,0.0,0.012116316639741519,0.0,0.012014529198100027,0.0,0.9636510500807755,1144,972043.3428947369,879845.0744418341,868469.0821593093,38,0.9051500438464636,0.03878175270211824,64.03684985211657,0.2423914564110772,0.08271761793223792,1150,1150,125,108031148.35,111219550.35,96712.65247826086,98000.0,21,2,1099,102948526.86,106136928.86,96575.91343039126,98000.0,21,0,36,76,51,0,0.04434782608695652,0.0,0.018260869565217393,0.0017391304347826088,0.01910828025477707,0.0,0.9556521739130435,1130,2948248.023888889,3450728.712160192,3422314.882834624,36,1.170433655581156,0.07105200146279943,36.072723842106825,0.5943532630684034,0.38744802797497907,2.873407956218699,0.3070690136909751,66639974.53,0.007998876167731962,0.007093751056677042
E144,2478,2478,681,9572537.14,10164153.96,4101.757046004843,340.0,11,0,2434,9341618.74,9933235.56,4081.0335086277732,339.675,11,0,30,671,44,0,0.01775625504439064,0.0,0.00443906376109766,0.0,0.0045193097781429745,0.0,0.9822437449556094,908,331107.852,663443.5850972746,666338.9570350236,30,2.003708402231653,0.11601209567276263,146.7601350220086,0.2013442637013231,0.06957021859773192,1360,1360,108,119989011.44,131169731.44,96448.33194117647,100000.0,58,1,1245,109445317.3,120626037.3,96888.38337349397,100000.0,58,0,27,28,115,0,0.08455882352941177,0.0,0.04264705882352941,0.0007352941176470588,0.046586345381526104,0.0,0.9154411764705882,870,4467631.011111111,4416319.095031598,4009157.9360426604,27,0.9885147372395124,0.08691489239192152,22.273557196183642,0.26147920304764916,0.1272307447608591,12.143680331688419,0.5115036976170912,100103698.56,0.06680256848502113,0.04206703560338313
E145,2988,2988,829,131756611.69,132750937.11,44428.02446787149,6423.0,18,0,2916,129021774.38,130016099.8,44587.13984910837,6312.0,18,0,37,377,72,0,0.024096385542168676,0.0,0.006024096385542169,0.0,0.006172839506172839,0.0,0.9759036144578314,1118,3513948.643243243,2131752.499236383,2130787.5484367358,37,0.6066544265908381,0.013432127622079284,1.320375786744263,0.35627326601286036,0.15319527702446467,4271,4271,546,149797024.33,155155804.11,36327.746221025525,15379.48,81,1,3844,134038527.76,139272838.14,36231.227403746096,15000.0,80,0,37,394,427,0,0.09997658627955983,0.0,0.018965113556544136,0.00023413720440177945,0.02081165452653486,0.0,0.9000234137204401,1116,3764130.7605405403,1387128.8907177318,1431865.7218183405,37,0.36851240803296004,0.012785414011240262,1.3363563724106362,0.2429497863466172,0.08835289822016486,1.0711968621904469,1.318244170096022,5016753.38000001,0.07588020073739116,0.01463881502036202
E146,3250,3250,839,149726604.97,150900288.39,46430.85796615384,480.0,8,0,3170,137328170.11,138501853.53,43691.436444794956,447.0,8,0,37,383,80,0,0.024615384615384615,0.0,0.0024615384615384616,0.0,0.002523659305993691,0.0,0.9753846153846154,1107,3743293.3386486485,4028719.1163313473,3944721.3301342884,37,1.0762499093340463,0.0157737956487939,1.6304285084659895,0.6174913049916351,0.3951794002401048,1612,1612,195,163246884.78,170067408.06,105500.87348635236,100000.0,34,0,1416,143116532.44,149497055.72,105577.01675141243,100000.0,32,0,37,63,196,0,0.12158808933002481,0.0,0.02109181141439206,0.0,0.022598870056497175,0.0,0.8784119106699751,1119,4040460.9654054055,2596304.8919401052,2578020.204223391,37,0.6425764075361142,0.011452899696177962,0.47546221964221896,0.2168315144661633,0.08104587184231853,1.0793866790210025,0.4466876971608833,5788362.329999983,0.0969727047146402,0.020075210750503485
E147,5991,5990,844,166213775.27,169901166.43,28359.400171924553,10000.0,64,0,5603,156403712.08,159733909.24,28508.639878636448,9999.0,62,0,37,733,388,1,0.06476381238524453,0.00016691704223001168,0.010682690702720748,0.0,0.011065500624665358,0.0,0.9352361876147555,1123,4317132.682162163,2771442.720137194,2737752.22370811,37,0.6419637579332317,0.01416671868999418,17.435757989503387,0.15980083109121057,0.046885689049467785,2371,2371,241,204141750.0,206978875.86,87296.02524673134,99000.0,24,0,2314,199817103.33,202654229.19,87577.45427398445,99368.61,24,0,36,145,57,0,0.024040489245044285,0.0,0.010122311261071278,0.0,0.010371650821089023,0.0,0.9759595107549557,1112,5629284.144166667,4134909.4349458436,4077174.445150258,36,0.7345355695414015,-0.003963074114818509,1.1395598229862745,0.11025625988318907,0.06022827821858958,1.2686988639682777,0.41299303944315546,43413391.25,-0.040723323140200246,-0.0006938498035763355
E148,546,546,277,32334860.69,32350451.09,59249.91042124542,1320.0,2,0,511,30231101.33,30246691.73,59191.17755381605,1120.0,2,0,36,134,35,0,0.0641025641025641,0.0,0.003663003663003663,0.0,0.003913894324853229,0.0,0.9358974358974359,1094,840185.8813888889,1828960.3462812556,1827591.5746880274,36,2.176852035716013,-0.05827575987677523,0.21310329133154696,0.6765057611145231,0.4685830554494186,281,281,29,88811723.29,90224363.29,321083.1433807829,434067.0,1,1,270,84596595.29,86009235.29,318552.7232962963,433877.5,1,0,17,186,11,0,0.03914590747330961,0.0,0.0035587188612099642,0.0035587188612099642,0.003703703703703704,0.0,0.9608540925266904,590,5059366.781764706,4691415.271748508,4761730.472142549,17,0.9272732091015042,0.020422728219174093,1.8258696829025447,0.06485536095271566,0.011142776869875116,2.843591492840596,0.5283757338551859,54365493.96000001,-0.02495665662925449,-0.0002101906211495249
E149,293,293,201,646398.03,646398.03,2206.1366211604095,405.0,0,0,285,637449.9400000001,637449.9400000001,2236.666456140351,405.0,0,0,34,109,8,0,0.027303754266211604,0.0,0.0,0.0,0.0,0.0,0.9726962457337884,1042,18748.527647058825,28612.680758521194,28612.680758521194,34,1.526129480520024,0.002296035331677315,5.158844996528045,0.3740058395801245,0.20314668206974232,1226,1226,59,114646927.5,120955601.56,98658.72884176183,100000.0,32,0,1147,107157946.66,113466620.72,98924.69112467306,100000.0,32,0,26,10,79,0,0.06443719412724307,0.0,0.026101141924959218,0.0,0.02789886660854403,0.0,0.935562805872757,986,4364100.796923077,3718191.15586626,3783261.3513387977,26,0.8519947931742967,0.03459639241588347,1.9993497737955346,0.3705624906531543,0.23244261369554162,178.00083363408896,4.024561403508772,106520496.72,0.03713343986103146,0.02789886660854403
E150,3379,3379,780,91184363.57,92318147.33,27321.144519088488,8202.0,16,0,3268,88299286.07,89433069.83,27366.300437576498,7716.5,16,0,37,463,111,0,0.0328499556081681,0.0,0.004735128736312519,0.0,0.004895960832313341,0.0,0.9671500443918319,1120,2417109.9954054053,2850021.064153391,2857594.0553599005,37,1.1791027589025282,0.047874258576715525,12.356768515048262,0.09655600569693651,0.03539940650908068,464,464,254,135593170.18,135596437.18,292233.70081896556,200000.0,1,0,410,123275429.3,123278696.3,300679.7470731707,201256.0,1,0,36,126,54,0,0.11637931034482758,0.0,0.0021551724137931034,0.0,0.0024390243902439024,0.0,0.8836206896551724,1120,3424408.2305555553,2804590.988634076,2804629.604613543,36,0.8190001891740215,0.04165387235385084,2.8614656942055,0.15341078684006168,0.07564868759451948,1.37844643524298,0.12545899632802937,34976143.230000004,0.08352935473665948,-0.0024569364420694386
E151,801,801,381,13363548.78,13363908.78,16684.030936329586,805.0,1,0,781,11855142.48,11855502.48,15179.900742637645,810.0,1,0,31,172,20,0,0.024968789013732832,0.0,0.0012484394506866417,0.0,0.0012804097311139564,0.0,0.9750312109862672,1056,382435.5638709677,1045852.5982132643,1045856.3899756095,31,2.734715850239626,-0.034941674547226804,1.5872224279543632,0.4428876387869475,0.2848651039870801,148,148,58,115197757.06,115197757.06,778363.2233783784,1000000.0,0,0,140,108831139.14,108831139.14,777365.2795714285,1000000.0,0,0,23,5,8,0,0.05405405405405406,0.0,0.0,0.0,0.0,0.0,0.9459459459459459,789,4731788.65826087,4169968.5563884075,4169968.5563884075,23,0.8812668649324346,0.05580873291868036,9.269168424940984,0.37424350183090443,0.272685700198559,9.179799786942477,0.1792573623559539,96975996.66,0.029085265040321225,-0.0012804097311139564
E152,912,912,407,6855625.11,7361266.31,8071.563936403509,4000.0,23,0,891,6604612.96,7110254.16,7980.083232323233,3881.0,23,0,37,148,21,0,0.023026315789473683,0.0,0.025219298245614034,0.0,0.025813692480359147,0.0,0.9769736842105263,1124,192169.03135135135,143292.07431962,128181.64304438737,37,0.745656432318861,0.05205044378802966,6.783907679763332,0.38111689667082166,0.19368308124283984,1525,1525,200,128979021.68,130359580.08,85481.6918557377,97766.55,9,0,1488,126597588.96,127978147.36,86006.81946236559,97766.55,9,0,37,15,37,0,0.024262295081967214,0.0,0.005901639344262295,0.0,0.006048387096774193,0.0,0.9757377049180328,1118,3458868.8475675676,1057215.6072471756,1051608.636873871,37,0.305653568793352,0.024323128713788514,2.111600410397289,0.8251144539775123,0.6967396620747457,17.999096021062627,1.67003367003367,119992976.0,0.001235979292493531,-0.019765305383584952
E153,71,71,54,93077.0,93077.0,1310.943661971831,300.0,0,0,71,93077.0,93077.0,1310.943661971831,300.0,0,0,18,33,0,0,0.0,0.0,0.0,0.0,0.0,0.0,1.0,814,5170.944444444444,14075.937953749808,14075.937953749808,18,2.722121288476171,-0.04417651472759447,3.471698113207547,0.6446275664234988,0.42977045110868506,355,355,61,321041166.28,322813506.28,909333.8205070422,1000000.0,1,0,280,254667102.28,256439442.28,915855.151,1000000.0,1,0,29,6,75,0,0.2112676056338028,0.0,0.0028169014084507044,0.0,0.0035714285714285713,0.0,0.7887323943661971,1065,8842739.388965517,9279167.181954322,9331727.880295783,29,1.0493543656316962,-0.07063568715853781,0.12632452849963619,0.5496014026816968,0.49690775937284803,2755.1322268659283,3.943661971830986,254574025.28,0.2112676056338028,0.0035714285714285713
E154,2696,2696,724,143705471.22,156542010.58,58064.54398367953,623.3,54,0,2657,141657840.55,152871927.91,57535.539296198716,600.0,53,0,30,300,39,0,0.014465875370919881,0.0,0.020029673590504452,0.0,0.019947308995107264,0.0,0.9855341246290801,889,5095730.930333333,2764799.307793744,2137950.518447691,30,0.5425716831584918,0.022665422399235496,2.220137765691964,0.558986342151116,0.38948443005502975,1923,1923,524,89615500.47,90425620.91,47023.20380135205,18240.0,25,0,1816,85776316.48,86551100.32,47660.297533039644,19234.6,23,0,30,303,107,0,0.05564222568902756,0.0,0.013000520020800831,0.0,0.012665198237885462,0.0,0.9443577743109725,891,2885036.677333333,1754890.121450193,1772796.2566566854,30,0.6082730716173268,0.05002526601086609,5.943808684221969,0.5797772623857036,0.3625303355234126,0.5661673892865082,0.6834776063229205,-55881524.07000001,0.04117635031810768,-0.007282110757221802
E155,417,417,212,88723231.36,90662731.36,217416.62196642684,107750.0,9,0,398,85664767.68,87173267.68,219028.31075376886,107750.0,7,0,25,50,19,0,0.045563549160671464,0.0,0.02158273381294964,0.0,0.017587939698492462,0.0,0.9544364508393285,735,3486930.7071999996,2260966.3174666786,2259644.0445544957,25,0.6484115995761301,0.026059503286213433,1.2713929790448277,0.24662580894547004,0.1645491899855947,1083,1083,162,93419477.17,94624237.17,87372.3334903047,94500.0,9,0,1045,90483422.85,91688182.85,87739.88789473684,95000.0,9,0,25,56,38,0,0.03508771929824561,0.0,0.008310249307479225,0.0,0.00861244019138756,0.0,0.9649122807017544,730,3667527.314,2181550.810032875,2120689.770839387,25,0.5948287833345568,0.04737191055712349,2.050923205452648,0.14705268531777868,0.07535240557025595,1.0517924277723942,2.6256281407035176,4818655.169999987,-0.010475829862425852,-0.008975499507104903
E156,611,611,353,2474566.62,2624796.52,4295.902651391162,300.0,11,0,592,2237785.6,2388015.5,4033.8099662162163,300.0,11,0,32,151,19,0,0.031096563011456628,0.0,0.01800327332242226,0.0,0.018581081081081082,0.0,0.9689034369885434,963,74625.484375,136714.62752261842,138397.58973081154,32,1.8320099181616658,0.05660538004325608,64.35146467009825,0.40998058848445496,0.1968080516024781,444,444,157,188319810.27,227922978.41,513340.041463964,409185.45,29,1,384,158652307.98,198042232.14,515734.97953124996,421607.45999999996,28,0,34,32,60,0,0.13513513513513514,0.0,0.06531531531531531,0.0022522522522522522,0.07291666666666667,0.0,0.8648648648648649,1070,5824771.533529412,8771525.747825319,7083327.949948289,34,1.5059003940898565,-0.003906251503033767,0.12066356059458669,0.36002421922611233,0.1785394683299874,82.93171972292474,0.6486486486486487,156414522.38,0.10403857212367851,0.054335585585585586
E157,1553,1553,526,58891818.91,60188281.61,38756.137546683836,9920.96,12,0,1472,53073477.29,54369939.99,36936.10053668478,9920.96,12,0,37,307,81,0,0.05215711526078558,0.0,0.0077269800386349004,0.0,0.008152173913043478,0.0,0.9478428847392144,1116,1469457.8375675676,2463086.545626548,2430903.04614129,37,1.676187286668776,0.08632982257282015,20.52603604826668,0.12448643499045363,0.05134501252197296,999,999,97,79721099.05,93583901.11,93677.57868868869,100000.0,75,0,918,72361142.94,86223945.0,93925.86601307189,100000.0,75,0,34,87,81,0,0.08108108108108109,0.0,0.07507507507507508,0.0,0.08169934640522876,0.0,0.918918918918919,1104,2535998.382352941,3591082.382675497,3511643.9449016717,34,1.4160428522606672,0.0396476224963552,2.6359181726148995,0.41955265442795503,0.2079276759964046,1.5858753019749285,0.623641304347826,19287665.65,0.028923965820295508,0.07354717249218529
E158,1174,1174,444,71364313.06,73017008.92,62195.067223168655,500.0,13,0,1099,64966054.26,66618750.12,60617.607024567784,400.0,13,0,31,303,75,0,0.06388415672913117,0.0,0.011073253833049404,0.0,0.011828935395814377,0.0,0.9361158432708688,932,2148991.939354839,3282067.0561966295,3208748.5040292577,31,1.5272588957136608,0.031896464008592536,6.61107721693934,0.9033816502350194,0.8167148548992091,986,986,85,94602114.71,94602114.71,95945.34960446246,100000.0,0,19,859,84867711.88,84867711.88,98798.26761350407,100000.0,0,0,28,9,127,0,0.12880324543610547,0.0,0.0,0.019269776876267748,0.0,0.0,0.8711967545638946,858,3030989.71,4642144.596386631,4642144.596386631,28,1.531560658576644,0.015654858797838154,2.763927503024495,0.25561388199877083,0.17857265211461462,1.273931314038889,0.7816196542311192,19901657.619999997,0.0649190887069743,-0.011828935395814377
E159,4684,4684,833,75562967.54,76054161.38,16237.011396242528,532.5,14,0,4472,69981490.31,70471088.15,15758.293414579608,495.0,13,0,31,1037,212,0,0.04526046114432109,0.0,0.0029888983774551663,0.0,0.0029069767441860465,0.0,0.9547395388556789,905,2273260.9080645163,1814148.3633401787,1811996.9563217855,31,0.7980379009309442,-0.0037166667104316757,180.49291311580666,0.13764935741239862,0.03896813080507431,253,253,138,116306571.46,119770691.46,473401.94252964424,419846.0,2,0,233,112083125.72,115547245.72,495910.92583690985,446033.17,2,0,35,80,20,0,0.07905138339920949,0.0,0.007905138339920948,0.0,0.008583690987124463,0.0,0.9209486166007905,1065,3301349.8777142856,2195918.0412502135,2219496.775810012,35,0.665157624180862,-0.004511092397890732,1.3487697714543243,0.1239376798708171,0.043303256123152334,1.6396404362886228,0.05210196779964222,42101635.41,0.033790922254888396,0.005676714242938417
E160,4384,2464,677,176703273.0,177655211.84,40523.54284671533,10000.0,13,0,4245,169895636.99,170847575.83,40246.77875853946,10000.0,13,0,37,424,139,1920,0.03170620437956204,0.43795620437956206,0.0029653284671532845,0.0,0.003062426383981154,0.0,0.9682937956204379,1119,4617502.04945946,3891425.311058686,3875717.5521142087,37,0.8427555135604605,0.020281389935832842,1.6515207148995983,0.24890524687522572,0.09558109003567587,3377,1738,215,300889859.89,320978735.49,95048.48548711874,101000.0,114,0,2814,249076669.78,269165545.38,95652.29046908315,101000.0,114,0,37,65,563,1639,0.1667160201362156,0.48534201954397393,0.03375777317145395,0.0,0.04051172707889126,0.0,0.8332839798637844,1107,7274744.46972973,5187424.235371719,5105069.826993942,37,0.7130730511506806,0.0033636365782140037,1.2760051196467954,0.4349010813948628,0.2265251663625734,1.5754718442585933,0.6628975265017668,79181032.78999999,0.13500981575665355,0.037449300694910106
E161,248,248,177,1093306.56,1093306.56,4408.494193548388,375.99,0,0,246,963190.56,963190.56,3915.408780487805,375.99,0,0,34,140,2,0,0.008064516129032258,0.0,0.0,0.0,0.0,0.0,0.9919354838709677,1088,28329.134117647056,61583.784661104706,61583.784661104706,34,2.173867524695799,-0.0017898437702468975,1.0609212087900939,0.3425075096250943,0.15419721221824575,289,289,84,192970317.37,198970317.37,688478.606816609,1000000.0,3,7,238,160131891.88,166131891.88,698033.1591596638,1000000.0,3,0,33,21,51,0,0.17647058823529413,0.0,0.010380622837370242,0.02422145328719723,0.012605042016806723,0.0,0.8235294117647058,1097,5034299.753939394,4448902.842790258,4514740.888547604,33,0.8837183044789781,-0.0036416430705830016,1.6987986141641789,0.17427882553046142,0.08826133768314866,172.48081405615105,0.967479674796748,159168701.32,0.16840607210626188,0.012605042016806723
E162,10363,10362,1041,165921131.34,195636688.54,18878.38353179581,900.0,244,0,9820,143322878.65,172951726.05,17612.192062118127,876.0,239,0,38,1277,543,1,0.05239795426034932,9.649715333397665e-05,0.023545305413490304,0.0,0.02433808553971487,0.0,0.9476020457396507,1144,4551361.211842105,3768894.907022278,2844437.2057272377,38,0.828080816177819,0.039210512072512034,4.007591095415547,0.13053546672019467,0.051558204985436715,511,511,171,167532595.55,214401035.55,419571.4981409002,255360.0,30,0,471,151252079.29,198120519.29,420638.0452016985,255360.0,30,0,36,100,40,0,0.07827788649706457,0.0,0.05870841487279843,0.0,0.06369426751592357,0.0,0.9217221135029354,1090,5503347.758055556,7624348.811648369,8185303.383251045,36,1.3854019674639289,0.043232118634785065,22.21235679796696,0.13785822436706374,0.06548144827242497,1.1455249612988756,0.04796334012219959,7929200.639999986,0.025879932236715253,0.0393561819762087
E163,2633,2633,775,88027279.41,88417769.65,33580.618932776306,1206.0,10,0,2576,83366658.57,83757148.81,32514.42112189441,1044.5,10,0,38,267,57,0,0.02164830991264717,0.0,0.0037979491074819596,0.0,0.0038819875776397515,0.0,0.9783516900873528,1143,2204135.495,2880427.5537123885,2876369.5493612066,38,1.3068287136823176,-0.01953935479671286,0.3059164473371451,0.24117344354477674,0.12764941673903166,1092,1092,138,177865636.39,184939607.47,169358.61489926738,106786.745,9,0,928,143533515.21,150607486.29,162292.5498814655,106220.0,9,0,36,23,164,0,0.15018315018315018,0.0,0.008241758241758242,0.0,0.009698275862068966,0.0,0.8498168498168498,1097,4183541.285833333,3571662.281332063,3608000.804244875,36,0.8537413729910429,-0.0076311144544452475,0.4550611350109087,0.7419736510629201,0.5803665106266542,1.7981448560486164,0.36024844720496896,60166856.640000015,0.128534840270503,0.005816288284429214
E164,4194,4194,894,80537739.53,84377477.67,20118.616516452075,471.05,38,0,4099,75769207.94,79568946.08,19411.794603561844,450.0,37,0,36,503,95,0,0.022651406771578446,0.0,0.009060562708631379,0.0,0.009026591851671139,0.0,0.9773485932284216,1071,2210248.5022222223,2555444.0084149707,2390384.468738532,36,1.1561795001085546,0.019602114204029693,1.8196260552172514,0.43153928940414593,0.1998358439170451,1661,1661,267,149947993.06,153786596.4,92586.75279951836,100000.0,21,0,1453,130739232.16,134577835.5,92620.67136958017,100000.0,21,0,36,85,208,0,0.12522576760987358,0.0,0.012642986152919929,0.0,0.014452856159669649,0.0,0.8747742323901264,1067,3738273.2083333335,2812187.9612595416,2780211.9749220377,36,0.7522692442571162,0.014692228259058762,1.5852540540882925,0.1092701424819691,0.04037184904413224,1.6913361572577965,0.35447670163454503,54970024.22,0.10257436083829513,0.0054262643079985105
E165,4325,4325,946,100636968.75,106569091.95,24640.25247398844,2000.0,48,0,4147,92982086.56,98914209.76,23851.991743428986,1900.0,48,0,37,918,178,0,0.04115606936416185,0.0,0.011098265895953757,0.0,0.011574632264287437,0.0,0.9588439306358382,1124,2673357.0205405406,1833311.8600557784,1626998.420140844,37,0.6857714274485834,-0.016250300312482906,0.2795784469892357,0.23383095731259876,0.07310670401137334,2606,2606,468,136461808.38,147324371.78,56532.759700690716,59000.0,116,0,2346,122519457.39,133112020.79,56739.991811594206,59745.0,114,0,37,246,260,0,0.0997697620874904,0.0,0.044512663085188024,0.0,0.04859335038363171,0.0,0.9002302379125096,1121,3597622.1835135138,1723019.613393201,1646176.5261117842,37,0.4789328966474361,-0.010705690519082121,0.6523993706168583,0.15100063751349801,0.03999672645585545,1.345732034992502,0.5657101519170484,29537370.83,0.05861369272332855,0.03701871811934428
E166,171,171,114,3328444.28,3328444.28,19464.586432748536,999.0,0,0,168,3190440.61,3190440.61,18990.717916666665,999.0,0,0,29,73,3,0,0.017543859649122806,0.0,0.0,0.0,0.0,0.0,0.9824561403508771,1095,110015.19344827588,323430.164705665,323430.164705665,29,2.9398681633707904,0.16528925903703667,126.75760569032627,0.47015449693639644,0.25006524440031125,1572,1572,102,92661081.39,142911081.39,90910.35711832061,100000.0,258,36,1397,81444081.39,131694081.39,94269.20643521832,100000.0,258,0,30,14,175,0,0.11132315521628498,0.0,0.16412213740458015,0.022900763358778626,0.18468146027201146,0.0,0.888676844783715,1079,4389802.713,5805798.73448007,4290368.669352648,30,1.322564842672024,0.06588769182000892,35.28521278846154,0.6989683896833778,0.5023103919833336,41.277709723610876,8.31547619047619,78253640.78,0.09377929556716218,0.18468146027201146
E167,7298,7298,1011,164428352.89,167126528.69,22900.31908605097,2073.5,98,0,7071,158300709.58,160998816.38,22768.889319756752,1914.0,97,0,37,1095,227,0,0.031104412167717182,0.0,0.013428336530556317,0.0,0.013718003111299676,0.0,0.9688955878322828,1123,4351319.361621621,1454288.1382024274,1398368.2073333748,37,0.3342177434800954,-0.003092502356414455,0.924989457705439,0.2632802182219372,0.10993148670075634,4979,4979,725,148607794.45,151431090.91,30413.956800562362,3758.0,93,10,4642,137839213.28,140506873.4,30268.60693666523,3518.8,91,0,37,2466,337,0,0.06768427395059248,0.0,0.018678449487848966,0.002008435428800964,0.01960361912968548,0.0,0.9323157260494075,1109,3797483.064864865,1419899.1689923003,1406344.737195124,37,0.3739053327530318,0.005009474096173151,1.720608682960363,0.18628828089772295,0.07740851507633409,0.8727199153338273,0.6564842313675576,-20461496.300000012,0.0365798617828753,0.005885616018385805
E168,461,461,125,1481109.26,1481109.26,3212.8183514099783,2000.0,0,0,461,1481109.26,1481109.26,3212.8183514099783,2000.0,0,0,11,8,0,0,0.0,0.0,0.0,0.0,0.0,0.0,1.0,729,134646.29636363636,129698.53913351007,129698.53913351007,11,0.9632536700692904,0.06367593164598812,465.85657754010685,0.5806912448849317,0.4968425109004489,415,415,90,95854714.09,95854714.09,230975.2146746988,99990.0,0,0,399,92949996.96,92949996.96,232957.38586466163,99990.0,0,0,29,12,16,0,0.03855421686746988,0.0,0.0,0.0,0.0,0.0,0.9614457831325302,979,3205172.3089655177,2232143.9464013213,2232143.9464013213,29,0.6964193282706086,0.024488080410522348,2.6824974596815028,0.5900339813201001,0.41055590521870805,62.75701561679521,0.8655097613882863,91468887.69999999,0.03855421686746988,0.0
E169,6036,6036,970,86500387.51,86942308.27,14403.960945990722,500.0,28,0,5811,79325640.35,79767561.11,13726.99382378248,470.0,28,0,37,1016,225,0,0.037276341948310136,0.0,0.004638833664678595,0.0,0.004818447771467906,0.0,0.9627236580516899,1116,2155880.03,3221954.5222146106,3204805.433237404,37,1.4944962045103274,0.0777631468989565,22.30281201932029,0.09530277589303118,0.036099019589291306,1490,1490,237,128958531.41,133674103.17,89714.16320134228,100000.0,30,1,1410,122056560.78,126772132.54,89909.31385815603,100000.0,30,0,37,171,80,0,0.053691275167785234,0.0,0.020134228187919462,0.0006711409395973154,0.02127659574468085,0.0,0.9463087248322147,1105,3426273.852432432,2898332.2325206785,2873827.257701913,37,0.8459137702793519,0.046112733048369006,4.743179644735832,0.11368567910974105,0.044149837134174405,1.5892692565237188,0.24264326277749096,42730920.43000001,0.016414933219475097,0.016458147973212944
E170,1330,1330,549,39422138.9,41291302.62,31046.09219548872,1100.0,55,0,1247,33888320.12,35757483.84,28674.806607858864,999.0,55,0,34,230,83,0,0.062406015037593986,0.0,0.041353383458646614,0.0,0.044105854049719326,0.0,0.937593984962406,1094,1051690.7011764706,1264713.9964926126,1202882.9632560518,34,1.2025531794451012,0.06413963841578413,28.920015750695768,0.24702253154958004,0.09445254847363418,796,796,76,78853683.27,81943653.27,102944.28802763819,108999.0,15,0,786,77865595.4,80955565.4,102996.90254452926,108999.0,15,0,27,11,10,0,0.01256281407035176,0.0,0.018844221105527637,0.0,0.019083969465648856,0.0,0.9874371859296482,1105,2998354.2740740743,2388703.8932128088,2143357.8871809524,27,0.7966716654757109,0.02178712004460107,1.6510048015399794,0.28534530042328626,0.1738676172172227,2.2640173945751547,0.6303127506014434,43977275.28000001,-0.04984320096724223,-0.02502188458407047
E171,1923,1923,634,48116353.19,48124317.17,25025.64595423817,2798.0,8,0,1823,46739413.12,46747377.1,25643.103181568844,2330.0,8,0,38,325,100,0,0.052002080083203325,0.0,0.004160166406656267,0.0,0.004388370817334065,0.0,0.9479979199167967,1131,1230194.1342105262,1394602.319854657,1394661.1978758427,38,1.1336440981728784,0.04317008340380252,14.77310972453448,0.2449733788379755,0.10897741751259313,7508,7508,718,121893568.85,126039704.85,16787.38743340437,4620.0,113,1,7013,110673827.14,114819963.14,16372.445906174247,4500.0,113,0,37,1439,495,0,0.06592967501331913,0.0,0.015050612679808204,0.00013319126265316994,0.01611293312419792,0.0,0.9340703249866809,1106,3103242.247027027,2044645.918470492,2040883.2090285306,37,0.658874092227027,0.021583398296517745,3.1875116724295327,0.0726459702815752,0.018242714462108938,2.4561797958071963,3.8469555677454745,63934414.02,0.013927594930115805,0.011724562306863855
E172,471,471,169,46984839.33,47068439.33,99932.99220806794,93808.0,5,0,464,46505729.77,46589329.77,100408.0382974138,94030.5,5,0,37,53,7,0,0.014861995753715499,0.0,0.010615711252653927,0.0,0.010775862068965518,0.0,0.9851380042462845,1105,1259171.074864865,1217475.6530997686,1213822.844333235,37,0.9668866108844096,0.07252571311620822,9.576571081876597,0.19929600695777513,0.11648843394973368,1273,1273,258,87466567.61,87466567.61,68709.00833464258,86490.0,0,2,1171,81777712.66,81777712.66,69835.79219470538,86872.5,0,0,37,94,102,0,0.08012568735271014,0.0,0.0,0.0015710919088766694,0.0,0.0,0.9198743126472899,1101,2210208.45027027,2048869.539415113,2048869.539415113,37,0.9270028531311478,0.06718431626514354,11.521278216574109,0.2176409373785975,0.1192128257349867,1.7552884547538317,2.523706896551724,35271982.88999999,0.06526369159899464,-0.010775862068965518
E173,1350,1350,591,126423562.1,126553928.14,93743.65047407408,33825.875,6,0,1314,122539845.94,122670211.98,93356.32570776256,32455.77,6,0,37,204,36,0,0.02666666666666667,0.0,0.0044444444444444444,0.0,0.0045662100456621,0.0,0.9733333333333334,1118,3315411.1345945946,1747372.0679734182,1743407.7307027956,37,0.5270453639189715,0.008464060404528946,1.7314341044299668,0.4767829871324887,0.24714850268012112,2501,2501,354,131633151.08,134621061.24,53826.8937385046,43560.0,31,0,2370,123727133.5,126715043.66,53466.263147679325,42599.345,31,0,37,342,131,0,0.05237904838064774,0.0,0.012395041983206718,0.0,0.013080168776371307,0.0,0.9476209516193522,1123,3424730.9097297294,1121368.6133632448,1111763.288360002,37,0.3274326196482807,0.0025357774373370896,0.9187694212592492,0.09771973044672351,0.03668577925490788,1.0329732183120337,1.8036529680365296,1187287.5600000024,0.02571238171398107,0.008513958730709207
E174,2399,2399,705,93776582.35,95058433.31,39624.190625260526,4136.0,6,0,2319,86874940.41,88156791.37,38015.00274687365,3600.0,6,0,34,433,80,0,0.03334722801167153,0.0,0.0025010421008753647,0.0,0.00258732212160414,0.0,0.9666527719883284,1017,2592846.805,1869665.0612996581,1879643.0846551035,34,0.7210858187588364,0.022600969398824743,4.575326039330557,0.4018981860546362,0.2429057086674752,1249,1249,164,114009013.58,114786200.18,91902.48212970377,109507.0,5,1,1148,105235706.95,106012893.55,92345.72608885018,109948.295,5,0,33,83,101,0,0.08086469175340272,0.0,0.0040032025620496394,0.0008006405124099279,0.004355400696864111,0.0,0.9191353082465973,975,3212511.925757576,2233124.5965425144,2216935.349839896,33,0.6951334806378651,0.016915720824976065,3.2180122622523264,0.12913268784181772,0.049313384029480836,1.202549365766464,0.4950409659335921,18360766.540000007,0.047517463741731186,0.0017680785752599714
E175,4092,4092,835,98508078.32000001,105395348.96,25756.439139784943,435.0,67,0,3930,89119087.08,96006357.72,24429.09865648855,408.46500000000003,67,0,38,599,162,0,0.039589442815249266,0.0,0.016373411534701857,0.0,0.017048346055979643,0.0,0.9604105571847508,1143,2526483.097894737,3138821.6519674193,3107921.4360183147,38,1.2423679598660013,0.012656731141604838,0.42489078162755406,0.6376410412166608,0.4447832634164765,4085,4085,295,92275089.24,95672464.56,23420.431960832313,6785.0,66,6,3771,85140642.45,88538017.77,23478.657589498805,6720.0,66,0,30,1788,314,0,0.07686658506731946,0.0,0.016156670746634027,0.0014687882496940024,0.017501988862370723,0.0,0.9231334149326805,1083,2951267.259,3717569.752245826,3692117.0570004233,30,1.2596520158955302,0.04035180492111034,61.309309240150085,0.12162958389214004,0.03427586111979447,0.9222099439312007,0.9595419847328245,-3978444.629999995,0.03727714225207019,0.00045364280639107954
E176,3229,3229,906,4955607.54,5088180.72,1575.7760049550943,270.0,17,0,3163,4782474.64,4915047.82,1553.9196395826748,266.0,17,0,38,868,66,0,0.020439764633013318,0.0,0.0052647878600185815,0.0,0.005374644325007904,0.0,0.9795602353669867,1141,129343.36368421053,107715.93969290204,106592.50624817319,38,0.8327906173515678,0.0002161245239038844,0.7012400543704984,0.15514359736178515,0.04103250369108647,2167,2167,452,109512864.84,114218875.24,52708.29498846331,45600.0,67,4,1935,96232800.79,100938811.19,52164.760304909556,43700.0,67,0,38,165,232,0,0.1070604522381172,0.0,0.03091832025842178,0.0018458698661744347,0.03462532299741602,0.0,0.8929395477618828,1141,2656284.505,1014284.8811146853,951317.9360859365,38,0.38184346563986954,0.014275515069179408,1.104251899371588,0.25560267240948076,0.10689582070776052,20.536689547407086,0.6117609864053114,91450326.15,0.08662068760510389,0.029250678672408114
E177,3152,3141,767,82214792.75,89510800.21,28398.096513324872,596.0,5,0,3061,79409705.98,86705713.44,28325.943626265926,571.0,5,0,37,644,91,11,0.028870558375634518,0.0034898477157360407,0.0015862944162436548,0.0,0.001633453119895459,0.0,0.9711294416243654,1098,2343397.6605405407,2742477.989817974,2650708.527581511,37,1.1702998752611964,0.04254796181773464,1.9466941937858295,0.2886189157225162,0.11425078431838306,970,970,63,125946887.58,129568877.56,133576.1624329897,100000.0,19,0,835,104989801.23,108403791.21,129824.8996526946,100000.0,18,0,25,154,135,0,0.13917525773195877,0.0,0.01958762886597938,0.0,0.02155688622754491,0.0,0.8608247422680413,1035,4336151.648399999,5507697.092663278,5570474.2563392185,25,1.2701809206086156,-0.03697077960058098,0.30930595765719676,0.12545686675896842,0.07296276261715445,1.2502496883900849,0.27278667102254167,25580095.25,0.11030469935632425,0.019923433107649453
E178,340,340,137,94324491.04,94466763.96,277843.42341176467,115300.0,5,0,333,91884740.44,92027013.36,276357.3974774775,115000.0,5,0,36,29,7,0,0.020588235294117647,0.0,0.014705882352941176,0.0,0.015015015015015015,0.0,0.9794117647058823,1107,2556305.9266666668,1717219.679107043,1718304.9850149353,36,0.6717582826036151,0.045352333077926354,4.827115506142013,0.37161797054325263,0.2309387124045231,1116,1116,247,98209284.0,101549063.2,90993.78422939069,112615.0,22,0,1019,90250567.82,93590347.02,91845.2865750736,112615.0,22,0,37,181,97,0,0.08691756272401434,0.0,0.01971326164874552,0.0,0.021589793915603533,0.0,0.9130824372759857,1106,2529468.838378378,1610720.7970478737,1588131.9712069011,37,0.6367822258211703,0.04388952508872204,4.701783294790562,0.058620410915108494,0.02338039225953005,1.0169877691660425,3.06006006006006,-1634172.6200000048,0.0663293274298967,0.0065747789005885186
E179,2125,2125,631,44491493.63,45017499.43,21184.705614117647,550.0,11,0,2000,37778264.89,38304270.69,19152.135345,500.0,11,0,35,350,125,0,0.058823529411764705,0.0,0.0051764705882352945,0.0,0.0055,0.0,0.9411764705882353,1107,1094407.734,1364569.5620858755,1351432.8808380037,35,1.246856651038502,0.06386494752878162,5.61713117953897,0.13967110986913298,0.04076359385987898,805,805,127,71125607.37,75542044.53,93841.04910559006,100000.0,25,2,718,65093752.63,68239403.89,95040.95249303621,100000.0,18,0,29,41,87,0,0.10807453416149068,0.0,0.031055900621118012,0.002484472049689441,0.025069637883008356,0.0,0.8919254658385093,1110,2353082.892758621,2073444.2378907502,2097103.9968714255,29,0.8811607293017891,0.03283035506514971,1.734429193599957,0.10150968421655712,0.06545978084290353,1.781509023948473,0.359,27315487.740000002,0.04925100474972598,0.019569637883008355
E180,3674,3674,932,72772367.54,73515336.3,20009.617936853563,412.0,31,0,3545,71862813.72,72578402.48,20473.456270803952,400.0,30,0,38,608,129,0,0.03511159499183451,0.0,0.008437670114316821,0.0,0.00846262341325811,0.0,0.9648884050081655,1138,1909957.9600000002,1233410.7066393793,1224285.1435704995,38,0.6457789817737031,0.01970489702274674,1.9129868208420018,0.8716610557449679,0.7603957192845199,2110,2110,424,89889800.08,90457954.08,42871.06828436019,23150.0,7,0,2023,85463039.92,86031193.92,42526.54173010381,23000.0,7,0,38,475,87,0,0.04123222748815166,0.0,0.0033175355450236967,0.0,0.0034602076124567475,0.0,0.9587677725118483,1144,2263978.787368421,1545957.5181720953,1538693.8835286077,38,0.6828498247411005,0.020167320625751366,2.032113416342239,0.06426520135407182,0.02225054354512027,1.1853552982749531,0.5706629055007052,13600226.200000003,0.006120632496317148,-0.005002415800801363
E181,3048,3048,863,101114145.87,101594693.95,33331.59250328084,5338.0,32,0,2974,97838584.03,98319132.11,33059.56022528581,5001.6,32,0,37,373,74,0,0.024278215223097113,0.0,0.010498687664041995,0.0,0.010759919300605245,0.0,0.9757217847769029,1124,2657273.8408108107,981196.5525090769,978937.5463497073,37,0.369249317642658,0.023550148392910097,2.52592551076176,0.18551098447038558,0.07147745019134023,1571,1571,376,92523846.25,92629471.47,58962.10787396563,61229.76,11,6,1475,87672437.0,87776513.56,59509.50071864407,62643.5,10,0,37,180,96,0,0.061107574793125397,0.0,0.007001909611712286,0.0038192234245703373,0.006779661016949152,0.0,0.9388924252068745,1125,2372338.2043243246,978548.4909760491,977775.0240991777,37,0.4124827097554387,0.02120681584115557,1.7575221061292854,0.7245733658187005,0.53812447262412,0.892771444135564,0.495965030262273,-10166147.030000001,0.03682935957002828,-0.003980258283656093
E182,998,998,464,86374145.59,86374145.59,86547.24007014028,5799.5,0,0,972,84505227.05,84505227.05,86939.53400205761,5591.0,0,0,37,152,26,0,0.026052104208416832,0.0,0.0,0.0,0.0,0.0,0.9739478957915831,1107,2283925.0554054054,1163502.9716808265,1163502.9716808265,37,0.5094313269724607,0.02847649507949225,3.479984291118045,0.3666207631353853,0.22630536462948492,1078,1078,217,92273953.36,92273953.36,85597.35933209647,93012.69,0,0,1049,89567855.59,89567855.59,85384.03774070543,92489.44,0,0,37,42,29,0,0.026901669758812616,0.0,0.0,0.0,0.0,0.0,0.9730983302411874,1099,2420752.853783784,1195937.9054097177,1195937.9054097177,37,0.4940355243371474,0.02810227564340584,3.4076767496690326,0.1365372465316159,0.08616116439125278,1.0599090578977388,1.0792181069958848,5062628.540000007,0.0008495655503957845,0.0
E183,1461,1461,570,28933856.78,31887532.38,21825.826406570843,600.0,13,0,1408,27455031.16,30408706.76,21597.09286931818,600.0,13,0,34,416,53,0,0.03627652292950034,0.0,0.00889801505817933,0.0,0.009232954545454546,0.0,0.9637234770704997,1015,894373.7282352941,1401599.8115989754,1186067.4932342877,34,1.5671299003432255,0.11222184540501033,195.39346582118915,0.10345772429027823,0.03351723457830794,1028,1028,170,75037363.03,75437363.03,73382.64886186771,100000.0,2,33,927,69729068.12,70129068.12,75651.63766990292,100000.0,2,0,36,9,101,0,0.09824902723735408,0.0,0.0019455252918287938,0.032101167315175094,0.002157497303128371,0.0,0.9017509727626459,1114,1948029.6700000002,1906132.4845856924,1907058.4233114053,36,0.978492532193153,0.04482293405668069,11.155223856176246,0.8530980214599206,0.7320089226053413,2.3062167251469132,0.6583806818181818,42274036.96000001,0.06197250430785374,-0.007075457242326175
E184,2024,2024,670,43944870.95,44942255.89,22204.67188241107,761.5,8,0,1967,41542696.2,42540081.14,21626.884158617184,683.0,8,0,32,461,57,0,0.02816205533596838,0.0,0.003952569169960474,0.0,0.004067107269954245,0.0,0.9718379446640316,945,1329377.535625,1715016.372041087,1591568.1593396359,32,1.290089779676306,0.04633419820787037,22.467628396858657,0.10356161394007157,0.03851079543695213,657,657,98,58784579.44,62956117.76,95823.61911719939,100000.0,21,0,639,57452103.06,61623641.38,96437.6234428795,100000.0,21,0,30,39,18,0,0.0273972602739726,0.0,0.0319634703196347,0.0,0.03286384976525822,0.0,0.9726027397260274,1043,2054121.379333333,2836859.8232234367,2707836.7077125185,30,1.3810575420543756,0.0685460801119071,7.67940575383413,0.3575316145980077,0.1756889633487118,1.4486018768322453,0.32486019318759535,15909406.86,-0.0007647950619957787,0.02879674249530397
E185,68,68,59,794404.14,1284924.2,18895.944117647057,362.5,2,0,67,788684.14,1279204.2,19092.6,355.0,2,0,22,20,1,0,0.014705882352941176,0.0,0.029411764705882353,0.0,0.029850746268656716,0.0,0.9852941176470589,968,58145.645454545454,90997.3982726583,99468.99515751614,22,1.5649907669146823,0.07516360562293338,11.751133623368553,0.3674941029743336,0.23880438619295852,5479,5479,127,104242424.76,105635024.76,19279.982617265927,9800.0,8,1,5442,101249267.76,102641867.76,18861.05618522602,9800.0,8,0,30,312,37,0,0.006753057127212995,0.0,0.0014601204599379448,0.0001825150574922431,0.001470047776552738,0.0,0.993246942872787,1088,3421395.592,2651193.3408354507,2699688.676400422,30,0.774886524970846,0.03521655506497729,4.187391581494206,0.2880934519736374,0.10469884478697389,80.23884518202802,81.22388059701493,100460583.62,-0.007952825225728181,-0.02838069849210398
E186,989,989,490,3577124.45,3828331.0100000002,3870.911031344793,468.0,11,0,941,3141879.25,3393085.81,3605.8297662061636,442.0,11,0,33,220,48,0,0.04853387259858443,0.0,0.011122345803842264,0.0,0.011689691817215728,0.0,0.9514661274014156,979,102820.78212121212,147281.559958001,145771.8282759331,33,1.4324104224803065,0.049247053566177236,38.002094415267635,0.12561945788220427,0.059561281542954585,1098,1098,53,87907320.6,87907320.6,80061.31202185791,100000.0,0,0,1073,86007320.0,86007320.0,80155.93662628146,100000.0,0,0,31,5,25,0,0.022768670309653915,0.0,0.0,0.0,0.0,0.0,0.9772313296903461,1082,2774429.6774193547,3010919.9950574175,3010919.9950574175,31,1.0852392545980964,0.047743389748686506,26.6372,0.864197605506136,0.7600671853254682,25.347817537216955,1.1402763018065887,82865440.75,-0.025765202288930516,-0.011689691817215728
E187,3880,3880,701,84343888.69,85249666.53,21971.563538659793,1080.0,42,0,3694,78798146.34,79661144.18,21565.00925284245,990.4,39,0,25,3694,186,0,0.04793814432989691,0.0,0.010824742268041237,0.0,0.010557661072008662,0.0,0.952061855670103,749,3186445.7671999997,1946492.2891066526,1969192.6310393484,25,0.6108662852960082,-0.031163274625676154,0.4573140514935953,0.012553171440023872,0.001981612732699117,176,176,96,86420691.28,88157291.28,500893.70045454544,438306.58499999996,1,0,16,3687245.74,3687245.74,230452.85875,96456.15,0,0,10,12,160,0,0.9090909090909091,0.0,0.005681818181818182,0.0,0.0,0.0,0.09090909090909091,746,368724.574,374605.50425668166,374605.50425668166,10,1.015949385181693,0.061734062944787824,0.9055662601272583,0.365168709910829,0.24460280935696224,0.04628662791571769,0.004331348132106118,-75110900.60000001,0.8611527647610121,-0.010557661072008662
E188,2561,2561,816,94552225.46,94723177.16,36986.7931120656,6800.0,3,0,2484,90271570.8,90442522.5,36410.03321256039,6622.0,3,0,37,369,77,0,0.030066380320187425,0.0,0.0011714174150722373,0.0,0.0012077294685990338,0.0,0.9699336196798126,1117,2444392.5,721994.408653168,716531.42017934,37,0.2953676255565209,0.013013436519038255,1.6048974050482243,0.1906840888919258,0.06860887456508868,2158,2158,327,95281433.79,96485381.75,44710.55688137164,34468.15,9,0,2073,91848517.14,92649888.08,44693.62666666666,34472.3,7,0,37,241,85,0,0.03938832252085264,0.0,0.004170528266913809,0.0,0.003376748673420164,0.0,0.9606116774791473,1112,2504051.029189189,781009.6702557787,793386.1784798846,37,0.31189846418931383,0.01608361930098831,1.6055452719358867,0.10876178675250052,0.03906821326759934,1.0244062805744942,0.8345410628019324,1576946.3400000036,0.009321942200665217,0.00216901920482113
E189,3402,3402,858,38674288.51,38693269.35,11373.682936507937,520.0,11,0,3337,32635434.69,32654415.53,9785.560542403357,509.0,11,0,37,825,65,0,0.019106407995296885,0.0,0.003233392122281011,0.0,0.003296373988612526,0.0,0.9808935920047032,1122,882551.7710810811,1005126.0287050218,1004163.9498413499,37,1.1388861952809788,0.03572328974037226,3.0915244963068624,0.12971911244616907,0.061989556692904936,641,641,75,56613206.24,59039086.24,92104.65872074883,99750.0,13,15,606,54653206.24,57079086.24,94189.91128712872,99750.0,13,0,30,24,35,0,0.054602184087363496,0.0,0.0202808112324493,0.0234009360374415,0.02145214521452145,0.0,0.9453978159126365,1093,1902636.208,2101391.986754946,2163759.923774818,30,1.104463363999507,0.047647181744838,0.6759677620694948,0.3022287001488621,0.1363786374453842,1.7479745177971648,0.18160023973629008,22017771.55,0.03549577609206661,0.018155771225908925
E190,128,128,92,1731924.07,1931924.07,15093.156796875,503.5,1,0,122,1680924.07,1880924.07,15417.410409836066,485.5,1,0,29,53,6,0,0.046875,0.0,0.0078125,0.0,0.00819672131147541,0.0,0.953125,1085,64859.450689655176,139769.73833255479,142806.50033104958,29,2.154963337591872,0.008122767777952617,1.94013577008446,0.42532285739742803,0.25784782057393024,401,401,104,142858212.78,155084035.28,386743.2301246883,100000.0,14,5,344,123267236.7,135493059.2,393875.1720930232,100000.0,14,0,33,22,57,0,0.14214463840399003,0.0,0.034912718204488775,0.012468827930174564,0.040697674418604654,0.0,0.85785536159601,1113,4105850.2787878783,3316978.6483060643,3125335.9792354745,33,0.8078664400995393,-0.032248635882414924,0.5839628314759401,0.26927932608078575,0.1250304502329678,72.0353688705786,2.819672131147541,121586312.63000001,0.09526963840399003,0.03250095310712924
E191,1210,1210,348,305415143.35,305486537.15,252468.21252066112,9900.0,4,0,1177,304103652.19,304175045.99,258432.49446898897,9900.0,4,0,37,141,33,0,0.02727272727272727,0.0,0.003305785123966942,0.0,0.0033984706881903144,0.0,0.9727272727272728,1108,8220947.188918919,15207714.597474609,15205818.424702384,37,1.8498737734227522,-0.07471226972048432,0.0009207334914613062,0.5279254367410509,0.34689440205276956,2871,2871,164,310837476.66,310841292.66,108269.34610240335,115995.0,1,0,2731,298532981.42,298536797.42,109314.09645551081,116225.12,1,0,27,97,140,0,0.04876349703935911,0.0,0.00034831069313827936,0.0,0.0003661662394727206,0.0,0.9512365029606409,965,11056918.422962964,10927618.220705867,10927760.938584868,27,0.9883059458964112,-0.02536735224590152,0.4740514207368296,0.4325151361101514,0.3599965544462982,0.981463803016289,2.3203058623619373,-5570670.769999981,0.021490769766631838,-0.003032304448717594
E192,111,111,43,21081934.2,22822074.2,205604.27207207205,100000.0,3,0,98,18895927.4,20636067.4,210572.1163265306,101000.255,3,0,21,28,13,0,0.11711711711711711,0.0,0.02702702702702703,0.0,0.030612244897959183,0.0,0.8828828828828829,897,982669.8761904761,1312026.6093622346,1282811.3142760838,21,1.335165187365444,0.1169088310093248,15.030727034550518,0.20788844680745713,0.126549680439023,86,86,32,52143923.41,54570351.41,634538.9698837209,690960.55,2,0,68,44901851.86,47328279.86,696004.1155882353,854479.71,2,0,17,7,18,0,0.20930232558139536,0.0,0.023255813953488372,0.0,0.029411764705882353,0.0,0.7906976744186046,1099,2784016.4623529413,2534470.718620118,2243241.6998505127,17,0.9103648462186474,0.08165741627272399,3.3661530100755668,0.5993653594407223,0.4046350639928641,2.2934737972410386,0.6938775510204082,26005924.46,0.09218520846427825,-0.0012004801920768304
E193,1616,1615,644,20873034.91,21135314.91,13078.783978960397,3700.0,6,0,1539,19545794.71,19808074.71,12870.74380116959,3637.0,6,0,36,283,77,1,0.04764851485148515,0.0006188118811881188,0.0037128712871287127,0.0,0.003898635477582846,0.0,0.9523514851485149,1056,550224.2975,373084.5621824351,373009.46110674925,36,0.6780590458792582,0.016457828039300425,1.234280776830163,0.3131295706830459,0.11907126183711808,32311,32311,741,152114610.2,154406269.54,4778.752423013834,720.0,368,151,30077,141792786.74,144082526.08,4790.455367224125,735.0,367,0,36,2484,2234,0,0.0691405403732475,0.0,0.011389310142056885,0.004673331063724428,0.012202014828606576,0.0,0.9308594596267525,1073,4002292.3911111113,1814702.9646565267,1790724.3260064526,36,0.4534158895254355,-0.027206369013157063,0.3971689022126368,0.03634205973799095,0.00828404682851505,7.273928849191018,19.54320987654321,122246992.03,0.021492025521762353,0.00830337935102373
E194,4849,4849,873,12679006.83,12855002.41,2651.0625716642608,240.0,11,0,4757,11882193.02,12058188.6,2534.8304813958375,240.0,11,0,33,914,92,0,0.018972984120437204,0.0,0.0022685089709218397,0.0,0.002312381753205802,0.0,0.9810270158795628,987,365399.65454545454,253550.46320415585,247114.77314978294,33,0.6938990227551378,-0.0029381864290081907,0.9707026359805635,0.27327949323997136,0.15613876799853552,11741,11741,575,96597689.7,105505265.62,8986.054477472107,2000.0,393,7,11053,88998319.09,97836333.01,8851.563648783136,1882.0,391,0,33,3229,688,0,0.05859807512136956,0.0,0.033472446980666044,0.0005962013457116088,0.03537501130914684,0.0,0.9414019248786304,983,2964737.3639393942,1956789.3539700385,1772503.267779583,33,0.6600211464835978,0.012032728860287405,1.9462299071743028,0.20603078968566504,0.05705042435472701,8.11368409099191,2.3235232289257937,77116126.07000001,0.03962509100093235,0.03306262955594104
E195,2336,2336,802,91606199.94,94499737.34,40453.65468321918,1506.6,48,0,2267,86953398.85,89628356.25,39536.107741508604,1391.0,46,0,37,511,69,0,0.029537671232876712,0.0,0.02054794520547945,0.0,0.020291133656815175,0.0,0.9704623287671232,1122,2422388.006756757,1593302.8094263468,1526503.305769647,37,0.6577405456855606,-0.018436052273943505,0.5108508016868072,0.20397643742350793,0.10973791349624472,4857,4857,613,133288571.53,134675612.87,27728.14759522339,9800.0,89,23,4626,127396060.13,128740131.53,27829.68688499784,9800.0,81,0,37,393,231,0,0.04756022235948116,0.0,0.018324068354951616,0.004735433395099856,0.017509727626459144,0.0,0.9524397776405188,1112,3479463.014324324,1580503.3033684967,1557458.9714345417,37,0.4542377076180573,-0.02766561075363458,0.4413485304705967,0.16311164786332885,0.05360275685899774,1.4363772461798328,2.0405822673136305,40442661.28,0.018022551126604447,-0.0027814060303560303
E196,1386,1386,518,49756082.23,49849445.99,35966.41124819625,11565.3,9,0,1336,48827578.52,48920942.28,36617.47176646707,11598.36,9,0,38,154,50,0,0.03607503607503607,0.0,0.006493506493506494,0.0,0.006736526946107785,0.0,0.963924963924964,1142,1287393.217894737,933157.7416459877,932031.5853940818,38,0.7248428286518183,-0.004976957873439977,0.9923535099893124,0.3455091723960964,0.18545542706539003,2962,2962,683,91336051.16,96758983.78,32666.773727211345,18317.955,87,0,2755,83342845.75,88654916.37,32179.642965517243,18144.24,86,0,38,689,207,0,0.06988521269412559,0.0,0.02937204591492235,0.0,0.03121597096188748,0.0,0.9301147873058744,1138,2333024.115,1286300.955282518,1219535.047508799,38,0.5513449033862721,0.006148516500762178,1.622814351004782,0.13047326356639818,0.03588627792802491,1.8122078651425355,2.062125748502994,34515267.23,0.03381017661908952,0.024479444015779693
E197,6509,3739,854,121139847.26,121149120.38,18612.554982332156,440.0,4,0,6349,115851962.73,115861235.85,18248.737730351237,432.0,4,0,34,805,160,2770,0.024581348901520972,0.4255646028575818,0.0006145337225380243,0.0,0.0006300204756654591,0.0,0.975418651098479,1019,3407683.407352941,2581305.226902845,2581195.5810427926,34,0.7574956116325314,0.025659707310738373,4.143934099035382,0.28856622972056795,0.09974471066056213,4319,2189,394,222334279.16,228483609.0,52901.970131974995,46475.0,52,0,4050,209027100.68,215176430.52,53129.98284444445,47105.0,52,0,34,1202,269,2130,0.06228293586478351,0.4931697152118546,0.012039824033341051,0.0,0.012839506172839505,0.0,0.9377170641352165,1016,6328718.544705883,5311110.601521944,5243336.669810654,34,0.8392079003046847,0.032409917596778234,7.0754209470122875,0.17659926743913532,0.03829020148306321,1.8571908796016872,0.6378957316112773,93175137.95,0.03770158696326254,0.012209485697174047
E198,1147,1147,420,68817011.42,68817011.42,59997.39443766347,31200.0,0,0,1109,66423102.82,66423102.82,59894.59226330027,29885.0,0,0,37,210,38,0,0.03312990409764603,0.0,0.0,0.0,0.0,0.0,0.966870095902354,1108,1795218.9951351353,1622588.5014430527,1622588.5014430527,37,0.9038387549597603,0.046747483742592896,6.027729024129944,0.13207292082956626,0.07761037175215257,809,809,102,74254082.66,86683277.78,107148.67463535229,112879.0,55,0,728,65935879.49,78365074.61,107644.33325549451,112880.0,55,0,33,42,81,0,0.10012360939431397,0.0,0.06798516687268233,0.0,0.07554945054945054,0.0,0.899876390605686,1117,2374699.2306060605,2589507.236036327,1912032.9629403458,33,1.0904569314133497,0.06356816053708116,6.2146947049496895,0.31700778852866585,0.1324317312903741,1.1797864189265828,0.6564472497745717,-487223.3299999982,0.06699370529666794,0.07554945054945054
E199,48,48,43,207318.84,207318.84,4319.1425,538.5,0,0,47,169812.23,169812.23,3613.0261702127664,531.0,0,0,18,25,1,0,0.020833333333333332,0.0,0.0,0.0,0.0,0.0,0.9791666666666666,591,9434.012777777778,20162.26364475443,20162.26364475443,18,2.1371885028868634,-0.06207193634927554,0.6888618874038072,0.4417422113825371,0.28950774825102615,820,820,33,63373807.71,81373807.71,99236.35086585364,100000.0,90,0,808,62167807.71,80167807.71,99217.58379950494,100000.0,90,0,15,3,12,0,0.014634146341463415,0.0,0.10975609756097561,0.0,0.11138613861386139,0.0,0.9853658536585366,723,5344520.5139999995,6190501.5531696705,5417557.905426877,15,1.158289417535889,0.1519641683773532,17.122661320191497,0.4503101209975697,0.36734745172777655,472.09678425399625,17.19148936170213,61997995.480000004,-0.006199186991869917,0.11138613861386139
E200,1238,1238,482,56717554.86,56779550.6,45863.93424878837,10980.0,7,0,1201,54647680.99,54703556.73,45548.34032472939,10500.0,6,0,36,133,37,0,0.02988691437802908,0.0,0.005654281098546042,0.0,0.004995836802664446,0.0,0.970113085621971,1072,1519543.2425,1421696.9404595208,1420972.584431054,36,0.9356080832030161,0.0474610529229248,56.973604104626546,0.3576671033762963,0.17633225572389022,613,613,109,59431806.45,61574028.15,100447.0279771615,109500.0,12,0,564,54430259.45,56572481.15,100305.81764184397,109387.5,12,0,34,50,49,0,0.0799347471451876,0.0,0.01957585644371941,0.0,0.02127659574468085,0.0,0.9200652528548124,1032,1663896.5044117647,1467865.4460362266,1419952.1614014513,34,0.88218554588235,0.04278254222153067,5.090204128440367,0.1837996104931311,0.058998368787674706,1.0341645869431204,0.46960865945045793,-217421.5399999991,0.05004783276715852,0.016280758942016405
E201,480,480,282,45868205.87,45902564.87,95630.34347916667,4280.0,1,0,463,43770069.97,43804428.97,94609.99777537797,4280.0,1,0,36,105,17,0,0.035416666666666666,0.0,0.0020833333333333333,0.0,0.0021598272138228943,0.0,0.9645833333333333,1110,1216789.693611111,1852664.2094535192,1852505.3542235952,36,1.5225837457213336,0.08639735882817869,9.503698510874122,0.28923731910024714,0.14637911960184957,1207,1207,385,60059367.22,60591597.64,50200.163744821875,39859.0,17,0,1084,52613659.4,53139773.82,49021.93156826568,36901.5,16,0,37,170,123,0,0.10190555095277548,0.0,0.014084507042253521,0.0,0.014760147601476014,0.0,0.8980944490472246,1115,1436210.1032432432,1898459.2451597697,1894898.1243964408,37,1.3218534258133108,0.08151859766619651,7.160254894813401,0.2211779643589006,0.07735975897732963,1.2131141774817662,2.3412526997840173,8843589.43,0.06648888428610882,0.01260032038765312
E202,404,404,222,13046254.83,13225370.83,32736.06641089109,9999.5,2,0,364,11370529.87,11549645.87,31729.796346153846,9906.15,2,0,34,107,40,0,0.09900990099009901,0.0,0.0049504950495049506,0.0,0.005494505494505495,0.0,0.900990099009901,1005,339695.4667647059,362823.59239118564,363622.1099382374,34,1.0680848815757076,-0.02758674785822955,0.366214638111081,0.16644397773210684,0.09249902511583277,1106,1106,79,107795222.8,107795222.8,97464.03508137431,100000.0,0,0,1096,106815222.8,106815222.8,97459.14489051094,100000.0,0,0,32,5,10,0,0.009041591320072333,0.0,0.0,0.0,0.0,0.0,0.9909584086799277,1052,3337975.7125,3335990.08848501,3335990.08848501,32,0.9994051412634447,-0.021075608582571456,0.28107473400269745,0.9517275546983178,0.9071127873671707,9.248354798258417,3.010989010989011,95444692.92999999,-0.08996830967002668,-0.005494505494505495
E203,1207,1207,552,29094055.48,29399577.48,24357.56212096106,558.0,3,0,1142,25086194.94,25391716.94,22234.428143607707,534.5,3,0,34,338,65,0,0.053852526926263466,0.0,0.0024855012427506215,0.0,0.002626970227670753,0.0,0.9461474730737366,1072,746815.2041176471,791602.211155426,782148.1971539481,34,1.0599706685011778,0.06370993645077143,585.3877795571262,0.21306160638068297,0.08435979650245741,637,637,93,53382035.39,53403435.39,83835.84833594976,100000.0,2,24,578,51809865.49,51831265.49,89673.46970588235,100000.0,2,0,33,27,59,0,0.09262166405023547,0.0,0.0031397174254317113,0.03767660910518053,0.0034602076124567475,0.0,0.9073783359497645,1112,1570644.408787879,2192586.150600008,2192675.735891048,33,1.395978706785773,0.03280538162530708,1.4144885702440952,0.5300756024430998,0.3689289640092924,2.0412666702482545,0.5061295971978984,26723670.55,0.03876913712397201,0.0008332373847859944
E204,5217,5216,962,74009428.93,76094115.77,14585.799457542647,490.0,47,0,5029,65758081.660000004,67833101.3,13488.387611851262,452.0,46,0,37,1205,188,1,0.036036036036036036,0.00019168104274487253,0.009009009009009009,0.0,0.00914694770332074,0.0,0.963963963963964,1118,1833327.062162162,1210261.1466469243,1209201.759249072,37,0.6601447017421892,-0.015690538296001647,0.43067977315188777,0.06711034145213113,0.02126526493851937,1680,1668,325,128264629.42,132410350.4,78815.68476190476,98000.0,35,31,1339,103650629.45,107772150.43,80487.04289021659,98300.0,33,0,37,373,341,12,0.20297619047619048,0.007142857142857143,0.020833333333333332,0.018452380952380953,0.024645257654966394,0.0,0.7970238095238096,1115,2912760.822432433,1899036.4652948366,1852883.1435734157,37,0.6519713018211225,-0.0019427431663611397,0.8911713775402836,0.07274532398879963,0.023848766619485127,1.5887840650741412,0.2662557168423146,37892547.79,0.16694015444015445,0.015498309951645655
E205,151,151,55,32627192.5,34634232.5,229365.77814569537,104760.0,1,0,137,27480110.5,29487150.5,215234.67518248176,103800.0,1,0,27,15,14,0,0.09271523178807947,0.0,0.006622516556291391,0.0,0.0072992700729927005,0.0,0.9072847682119205,818,1092116.6851851852,743019.7159545503,687111.5956129162,27,0.6803482869859826,0.03693540672836538,2.3275427864338245,0.6045319808029602,0.3980913955229689,1008,1008,175,89562784.7,91112804.7,90389.68720238096,98725.0,9,0,967,85995007.2,87545027.2,90532.60310237849,98500.0,9,0,36,71,41,0,0.040674603174603176,0.0,0.008928571428571428,0.0,0.009307135470527405,0.0,0.9593253968253969,1053,2431806.311111111,1045452.297695499,948505.9704336589,36,0.4299077163007377,-0.011186819743937166,0.435704983422147,0.2045649333009745,0.08033020925511199,2.9689212323177854,7.0583941605839415,58514896.7,-0.052040628613476296,0.002007865397534704
E206,3679,3679,912,84180655.88,84836457.88,23059.65150312585,433.0,8,0,3557,77314494.33,77870296.33,21892.12716615125,417.0,6,0,37,889,122,0,0.033161185104648,0.0,0.0021745039412883935,0.0,0.0016868147315153219,0.0,0.966838814895352,1123,2104602.6035135137,2302726.7539203847,2305023.401962065,37,1.0941385086553224,0.03584257592498071,2.7575263248053394,0.09043146529400141,0.035910309900097276,963,963,84,108567675.61,108637387.61,112811.40977154725,100000.0,1,0,913,102959108.39,103028820.39,112846.46263964952,100000.0,1,0,29,307,50,0,0.05192107995846314,0.0,0.0010384215991692627,0.0,0.001095290251916758,0.0,0.9480789200415368,1109,3552717.9444827586,3135650.993843307,3136544.566209546,29,0.8826062307346573,0.013506942201950397,2.3005724639640355,0.28163474162047525,0.08895143209098703,1.323082423539045,0.25667697497891484,25644614.060000002,0.018759894853815136,-0.0005915244795985639
E207,3386,3386,582,78899648.18,79639286.18,23520.16721204962,10230.0,13,0,3298,76808936.76,77548574.76,23513.81890842935,10230.0,13,0,31,267,88,0,0.02598936798582398,0.0,0.00383933845245127,0.0,0.003941782898726501,0.0,0.974010632014176,918,2501566.9277419355,3065268.0801615245,3061235.6102035074,31,1.2253392248547272,-0.029568899914944113,1370.6906730434782,0.20772896149097453,0.07768275410693301,1458,1458,124,134829445.5,136639199.5,93716.87208504802,100000.0,10,0,1393,129265497.17,131075251.17,94095.65769562096,100000.0,10,0,32,17,65,0,0.04458161865569273,0.0,0.006858710562414266,0.0,0.007178750897343862,0.0,0.9554183813443072,1049,4096101.5990625,4760886.580814322,4795935.6961747175,32,1.162296995246401,-0.012346453030886929,2.9279585107065813,0.7457420679150472,0.5777379390514812,1.6902341735571054,0.4223771983020012,52456560.41,0.018592250669868752,0.003236967998617361
E208,976,976,204,88566176.52,88592576.52,90771.08249999999,112998.85,1,0,963,87822606.12,87849006.12,91224.30542056075,115000.0,1,0,36,44,13,0,0.01331967213114754,0.0,0.0010245901639344263,0.0,0.0010384215991692627,0.0,0.9866803278688525,1073,2440250.17,1592564.0641259751,1591101.7079131638,36,0.6526232776068099,-0.005275461964194805,0.9749216907383536,0.5269474201764595,0.330898676035714,1028,1028,162,99796695.1,103799661.8,100972.43365758755,102784.95,20,7,897,87517209.61,91520176.31,102029.18206243032,106137.9,20,0,35,80,131,0,0.12743190661478598,0.0,0.019455252918287938,0.006809338521400778,0.022296544035674472,0.0,0.872568093385214,1058,2614862.1802857146,1578479.8703309824,1574540.465056948,35,0.6036570042703011,-0.004874490867635114,1.2550858134805123,0.10188773968720079,0.037134827736480316,1.0417895472258987,0.9314641744548287,-305396.51000000536,0.11411223448363844,0.021258122436505208
E209,8360,8360,978,49994617.07,50308770.91,6017.795563397129,300.0,19,0,8128,46289901.64,46595575.48,5732.723361220472,300.0,18,0,37,1599,232,0,0.027751196172248804,0.0,0.0022727272727272726,0.0,0.0022145669291338582,0.0,0.9722488038277513,1123,1259339.877837838,1230663.7995520667,1227500.0307832127,37,0.9772292779809331,0.04522658072318487,13.91180200194881,0.10739217078986059,0.02224924018376748,1475,1475,337,81101521.49,89231668.09,60496.046162711864,60000.0,62,46,1223,69667803.58,77712950.18,63542.886492232225,68000.0,61,0,35,488,252,0,0.17084745762711864,0.0,0.04203389830508475,0.031186440677966103,0.04987735077677841,0.0,0.8291525423728814,1113,2220370.0051428573,1399339.6090184222,1353071.1549648962,35,0.6302281177358949,0.03521786288872616,7.251548671450597,0.04760339160244707,0.013551552241493073,1.667818229079634,0.15046751968503938,23377901.939999998,0.14309626145486984,0.04766278384764455
E210,550,550,330,6410930.29,6661870.29,12112.491436363636,1191.0,3,0,536,6181181.39,6432121.39,12000.226473880597,1146.5,3,0,28,153,14,0,0.025454545454545455,0.0,0.005454545454545455,0.0,0.005597014925373134,0.0,0.9745454545454545,914,229718.62107142856,263172.44941401033,265457.5635772891,28,1.145629588870724,0.04271866053690428,5.9064486212790275,0.2386092560980103,0.10878804670540361,597,597,36,59101178.81,59101178.81,98996.94943048577,102000.0,0,1,557,55293482.07,55293482.07,99270.1652962298,102000.0,0,0,18,3,40,0,0.06700167504187604,0.0,0.0,0.0016750418760469012,0.0,0.0,0.932998324958124,1098,3071860.115,2847727.002472869,2847727.002472869,18,0.9270366800126473,0.04639497144614653,5.156918910172159,0.8797830217748847,0.7826728733290813,8.596461216662455,1.039179104477612,49112300.68,0.04154712958733059,-0.005597014925373134
E211,418,418,182,22785978.89,22857225.47,54682.35758373205,8722.675,3,0,403,22578145.79,22649392.37,56201.966178660055,8445.35,3,0,28,105,15,0,0.03588516746411483,0.0,0.007177033492822967,0.0,0.007444168734491315,0.0,0.9641148325358851,970,808906.8703571429,1457447.3401207207,1458727.7177328493,28,1.8017492415131038,0.08190017208146753,25.230978786272903,0.6330564090095279,0.4715651917836634,1636,1636,382,55697230.36,56860494.14,34755.80326405868,29694.0,15,52,1470,52015200.91,53178464.69,36175.82631972789,30195.510000000002,15,0,36,82,166,0,0.10146699266503667,0.0,0.009168704156479218,0.03178484107579462,0.01020408163265306,0.0,0.8985330073349633,1071,1477179.574722222,814370.7836754171,806517.2914239824,36,0.5513011400990677,0.04495911389278069,3.334746060963141,0.13153607406261505,0.04797914569771749,2.3478980725521335,3.6476426799007444,29437055.119999997,0.06558182520092184,0.0027599128981617453
E212,138,138,115,173443.54,173443.54,1256.8372463768117,186.8,0,0,133,157443.54,157443.54,1183.786015037594,184.6,0,0,29,49,5,0,0.036231884057971016,0.0,0.0,0.0,0.0,0.0,0.9637681159420289,990,5429.087586206897,8833.844219396324,8833.844219396324,29,1.627132382582946,0.04382299476098817,0.08432667181237388,0.2637898004579928,0.16349998800369947,1681,1681,256,93022966.06,95075990.3,56559.18518738846,56888.45,20,5,1497,81503483.81,83556508.05,55815.97064128256,53900.0,20,0,38,121,184,0,0.10945865556216537,0.0,0.01189767995240928,0.00297441998810232,0.013360053440213761,0.0,0.8905413444378346,1142,2198855.475,2094207.0008986143,2095204.5835987227,38,0.9524077524461284,0.026057585647350966,3.7000839708340076,0.13504486081739747,0.06259261417323919,530.7077575237447,11.25563909774436,81346040.27,0.07322677150419435,0.013360053440213761
E213,2192,2192,751,54216903.17,56894079.53,25955.32825273723,420.45,18,0,2103,51200703.77,53877880.13,25619.534060865433,400.0,18,0,37,592,89,0,0.0406021897810219,0.0,0.008211678832116789,0.0,0.008559201141226819,0.0,0.9593978102189781,1118,1456158.9224324324,1227366.4196337182,1225747.1884521712,37,0.8428794417462834,0.023905750199830857,2.701556368976936,0.17607560852635945,0.06586246817226342,1270,1270,310,71994308.32,73558314.32,57919.932535433065,60000.0,23,0,1148,65316659.36,66880665.36,58258.41930313589,61000.0,23,0,37,248,122,0,0.09606299212598425,0.0,0.01811023622047244,0.0,0.02003484320557491,0.0,0.9039370078740158,1116,1807585.5502702703,1137663.8406818458,1101928.355473641,37,0.6293831240860175,0.014109904462177917,3.2329996061940514,0.1338254479351071,0.03729993967065142,1.2413381001373114,0.545886828340466,14115955.589999996,0.055460802344962354,0.011475642064348092
E214,739,739,272,41048763.62,41049883.62,55547.88040595399,29010.0,2,0,692,38009318.08,38010438.08,54928.378728323696,27499.05,2,0,36,154,47,0,0.06359945872801083,0.0,0.0027063599458728013,0.0,0.002890173410404624,0.0,0.9364005412719891,1120,1055845.5022222223,1222865.1478506883,1222862.7798972672,36,1.158185686520369,0.036488872892139944,11.418019594429666,0.1868891935696417,0.06399037136000223,868,868,212,84470605.98,86309719.38,99435.16057603685,100000.0,15,4,713,69532240.21,71195694.41,99853.70884992987,100000.0,14,0,37,218,155,0,0.17857142857142858,0.0,0.01728110599078341,0.004608294930875576,0.019635343618513323,0.0,0.8214285714285714,1119,1924207.957027027,1846022.6365818004,1845052.8877230168,37,0.9593675308535644,0.01065762145275381,1.1864707449939162,0.08427475916517295,0.036892289616136116,1.8730564025638297,1.0303468208092486,31522922.129999995,0.11497196984341775,0.0167451702081087
E215,176,176,145,241742.21,241742.21,1373.535284090909,504.0,0,0,172,238954.21,238954.21,1389.2686627906976,500.0,0,0,25,69,4,0,0.022727272727272728,0.0,0.0,0.0,0.0,0.0,0.9772727272727273,1120,9558.1684,12613.915118882822,12613.915118882822,25,1.3197000294410821,0.0344347281817331,7.389000502260171,0.2584972242171419,0.14612434368913507,833,833,43,75090153.46,75090153.46,90144.24184873949,100000.0,0,0,756,69752238.59,69752238.59,92264.86585978836,100000.0,0,0,19,8,77,0,0.09243697478991597,0.0,0.0,0.0,0.0,0.0,0.907563025210084,824,3671170.4521052632,3698598.6429169686,3698598.6429169686,19,1.0074712387151559,0.009365974276085707,1.125429331526316,0.4067049399912313,0.27935907019536804,291.9062969846817,4.395348837209302,69513284.38000001,0.06970970206264324,0.0
E216,3445,3445,886,39816337.18,40528471.92,11764.433068214805,350.0,17,0,3340,36069341.1,36694905.2,10986.498562874252,332.19,16,0,37,570,105,0,0.030478955007256895,0.0,0.0049346879535558785,0.0,0.004790419161676647,0.0,0.969521044992743,1135,991754.1945945946,855289.4496667321,822145.4084884397,37,0.8624006375050967,0.022296142853458954,6.010394491686748,0.2707362901158279,0.09089903100728289,774,774,110,72774101.3,73353506.88,94771.97271317829,100000.0,5,0,685,64016408.96,64595814.54,94300.45918248175,100000.0,5,0,32,30,89,0,0.11498708010335917,0.0,0.006459948320413436,0.0,0.0072992700729927005,0.0,0.8850129198966409,1012,2018619.204375,2008736.9433793882,1974226.992468655,32,0.9951044451701472,0.041441653406139686,7.864229067796677,0.27424233204815934,0.14750435564150766,1.7603483150570993,0.20508982035928144,27947067.86,0.08450812509610228,0.002508850911316054
E217,214,214,95,66068608.95,66068608.95,308731.8175233645,112332.5,0,0,202,61169230.95,61169230.95,302817.97500000003,112032.5,0,0,25,202,12,0,0.056074766355140186,0.0,0.0,0.0,0.0,0.0,0.9439252336448598,737,2446769.238,1095363.9535900615,1095363.9535900615,25,0.44767767085604565,-0.02081668927764185,0.5742028562270579,0.019016096523279895,0.010466713307605872,749,749,134,64872515.95,66309135.95,88530.22156208278,96600.0,8,0,34,2841057.5,2841057.5,83560.51470588235,101337.5,0,0,11,15,715,0,0.9546061415220294,0.0,0.010680907877169559,0.0,0.0,0.0,0.04539385847797063,739,258277.95454545456,379798.3284402694,379798.3284402694,11,1.4705023086801177,-0.19229626644304074,0.16051222150693203,0.30112730910937213,0.14864781175936811,0.046445859394934896,0.16831683168316833,-58328173.45,0.8985313751668892,0.0
E218,1104,1104,448,47249286.64,47484428.16,43011.257391304345,2377.5,4,0,1026,43546796.88,43781938.4,42672.45458089669,1557.0,4,0,36,269,78,0,0.07065217391304347,0.0,0.0036231884057971015,0.0,0.003898635477582846,0.0,0.9293478260869565,1118,1216164.9555555554,2185796.684965734,2169732.0231555277,36,1.7972863590426693,0.10959892080409467,25.979301366963757,0.25024109005644213,0.14134307765076384,232,232,41,53594027.92,53594027.92,231008.74103448278,99000.0,0,28,137,42653722.33,42653722.33,311341.03890510945,99000.0,0,0,17,43,95,0,0.40948275862068967,0.0,0.0,0.1206896551724138,0.0,0.0,0.5905172413793104,1044,2509042.4899999998,3847443.248524307,3847443.248524307,17,1.5334308860286807,0.18867659357457062,26.455490519084503,0.7143231196628836,0.529569128095425,0.9742310160027086,0.13352826510721247,-893074.5500000045,0.3388305847076462,-0.003898635477582846
E219,4455,4454,797,43391511.6,43969958.68,9869.799928170594,610.0,41,0,4299,40182970.93,40761418.01,9481.604561525935,558.0,41,0,36,757,156,1,0.035016835016835016,0.0002244668911335578,0.00920314253647587,0.0,0.009537101651546871,0.0,0.9649831649831649,1118,1132261.611388889,947906.6323726844,948244.1947459057,36,0.8371798733067833,0.05266076248902658,13.681510596460807,0.13679700737182476,0.032715683071098234,623,623,91,48739473.99,54389473.89,87302.52630818619,105212.0,33,41,491,40131941.84,45781941.74,93242.24386965377,106116.8,33,0,29,27,132,0,0.21187800963081863,0.0,0.052969502407704656,0.06581059390048154,0.06720977596741344,0.0,0.7881219903691814,972,1578687.6462068965,1655774.057218171,1578194.4905402015,29,1.048829425628616,0.04932261128749084,3.2367817485224832,0.1574581377727296,0.08479518128154846,1.123168524921491,0.11421260758315888,-51029.089999996126,0.1768611746139836,0.05767267431586657
E220,5938,5938,1009,62735915.33,63690275.41,10725.879994947793,800.0,50,0,5708,58410598.92,59364959.0,10400.308163980379,763.6,50,0,37,1570,230,0,0.03873358033007747,0.0,0.008420343550016841,0.0,0.008759635599159075,0.0,0.9612664196699225,1125,1604458.3513513512,865910.933156428,848403.473344271,37,0.5396905020483185,0.0060390332091301395,2.195974772690957,0.058957338789705896,0.010875828749136783,1297,1297,263,89778971.22,90402813.22,69701.47511179645,100000.0,11,0,1233,85103513.03,85727355.03,69527.45744525548,100000.0,11,0,37,147,64,0,0.04934464148033924,0.0,0.008481110254433308,0.0,0.008921330089213302,0.0,0.9506553585196608,1120,2316955.5413513514,1602443.1079176967,1607237.4738058024,37,0.6916158205535012,0.01370196450775665,3.430148636875546,0.5408904898999075,0.3677029876703696,1.4440733468711737,0.2160126138752628,26692914.11,0.010611061150261773,0.00016169449005422679
E221,4494,4494,831,35864695.03,35911999.13,7991.099049844237,296.0,11,0,4429,34053737.95,34101042.05,7699.4901896590645,290.0,11,0,29,954,65,0,0.014463729417000444,0.0,0.002447708055184691,0.0,0.002483630616391962,0.0,0.9855362705829995,878,1175898.001724138,1501479.6475696557,1502071.9042298726,29,1.2768791556479728,-0.014250294505086997,1.1947044517716112,0.19779688814524074,0.09075796570912892,694,694,163,51176540.71,53297594.43,76797.68649855908,100000.0,14,1,652,48730022.68,50851076.4,77992.44846625767,100000.0,14,0,28,296,42,0,0.06051873198847262,0.0,0.020172910662824207,0.001440922190201729,0.02147239263803681,0.0,0.9394812680115274,846,1816109.8714285714,1469873.4703206602,1457515.1237273125,28,0.8093527233374058,-0.007275262397094009,0.606286294744334,0.11468783775833702,0.03752369798279973,1.4911883433192623,0.14721156017159628,14676284.729999997,0.04605500257147218,0.01898876202164485
E222,4628,4628,953,65028385.36,72185233.44,15597.500743301642,995.1,120,0,4325,57382956.21,63998319.71,14797.299354913295,819.0,96,0,37,928,303,0,0.06547104580812446,0.0,0.02592912705272256,0.0,0.022196531791907514,0.0,0.9345289541918755,1122,1729684.3164864865,1917907.4265738607,1621524.7448799775,37,1.108819342520092,0.03034492191374013,10.529312653411095,0.07045965613524385,0.02542495259053945,1376,1376,239,82186269.38,84688226.2,61546.67601744186,80000.0,26,171,1023,69182869.72,71684826.54,70073.1442228739,98000.0,26,0,37,66,353,0,0.2565406976744186,0.0,0.0188953488372093,0.12427325581395349,0.02541544477028348,0.0,0.7434593023255814,1110,1937427.7443243244,2261393.865686857,2151732.4241976314,37,1.1672145566778365,0.03956142493475031,11.435628993376117,0.1853989575127735,0.07114666213471042,1.120104822514566,0.23653179190751444,11799913.509999998,0.19106965186629415,0.003218912978375968
E223,2624,2623,471,46843355.01,47053559.21,17931.99665015244,1032.72,20,0,2505,43578340.0,43788544.2,17480.45676646707,999.0,20,0,19,785,119,1,0.04535060975609756,0.00038109756097560977,0.007621951219512195,0.0,0.007984031936127744,0.0,0.9546493902439024,551,2304660.2210526317,1445511.125312216,1440163.7069360141,19,0.6272122511196,0.07760347231030651,6.529010796242768,0.36538430295657104,0.18147349984944158,529,529,123,39926668.93,42968823.97,81226.51034026465,98166.0,21,1,477,35552180.77,38594335.81,80910.55725366877,98166.0,21,0,17,52,52,0,0.09829867674858223,0.0,0.03969754253308128,0.001890359168241966,0.0440251572327044,0.0,0.9017013232514177,503,2270255.047647059,1499194.8031155283,1222421.334378301,17,0.6603640435330497,0.06849746379920922,1.7373564594570559,0.4666601573004243,0.25123783817840145,0.8813797424669807,0.19041916167664671,-8026159.229999997,0.052948066992484666,0.03604112529657666
E224,759,759,339,127000089.05,127887808.01,168495.13571805006,109250.0,5,0,723,114283500.84,115171219.8,159296.2929460581,109250.0,5,0,37,103,36,0,0.04743083003952569,0.0,0.006587615283267457,0.0,0.006915629322268326,0.0,0.9525691699604744,1124,3112735.67027027,2006804.7706619585,2001419.7005723785,37,0.6447077372579192,-0.01875473117006262,0.7219911709278929,0.20311843132879626,0.10523013164175238,1127,1127,97,112960981.53,115561606.53,102539.13622892635,110000.0,15,1,1110,111478009.03,114071359.03,102766.99011711712,110000.0,14,0,37,41,17,0,0.015084294587400177,0.0,0.013309671694764862,0.0008873114463176575,0.012612612612612612,0.0,0.9849157054125999,1103,3083009.7035135133,1701088.9578968124,1602324.8429377493,37,0.5517624404354575,-0.02046024697329612,0.6393323534177021,0.23284017930403367,0.12329381490946506,0.990450211676928,1.5352697095435686,-2805491.8100000024,-0.03234653545212551,0.005696983290344286
E225,4332,4332,954,50907230.84,51598785.1,11911.07689289012,600.0,48,0,4173,48074903.05,48766457.31,11686.18675053918,600.0,48,0,38,680,159,0,0.036703601108033244,0.0,0.0110803324099723,0.0,0.011502516175413372,0.0,0.9632963988919667,1144,1283327.8239473684,495889.5609647292,502040.8870063205,38,0.3864091089675201,0.009692017443078332,1.8235285931866076,0.43678309303046636,0.20484852642831408,8872,8872,598,81329979.53,83657360.27,9429.368831154192,2496.0,105,0,8315,74851910.94,77023034.96,9263.143110042092,2486.2,100,0,38,470,557,0,0.06278178539224527,0.0,0.011834986474301172,0.0,0.012026458208057728,0.0,0.9372182146077548,1141,2026921.9726315793,1324297.7802296358,1352663.990608819,38,0.65335409952179,0.005382015390583861,1.270052925732507,0.0642558203863329,0.02110148625437069,1.5794264994559226,1.9925712916367122,26777007.89,0.026078184284212026,0.0005239420326443554
E226,1047,1047,398,54102736.22,58672336.22,56038.52552053486,8203.64,29,0,1022,51733363.86,56302963.86,55090.96268101761,8000.0,29,0,32,219,25,0,0.02387774594078319,0.0,0.027698185291308502,0.0,0.02837573385518591,0.0,0.9761222540592168,1000,1759467.620625,2271495.7549702926,1948101.6477871547,32,1.2910131043863196,0.03243032628092715,6.870419472797489,0.15734518030042477,0.09086532725733848,554,554,77,52320968.33,53284968.33,96182.25330324909,102999.0,6,6,516,49317483.33,50281483.33,97444.7351356589,108000.0,6,0,29,26,38,0,0.06859205776173286,0.0,0.010830324909747292,0.010830324909747292,0.011627906976744186,0.0,0.9314079422382672,1112,1733844.2527586205,1802535.8087125183,1764580.387297789,29,1.039618065950622,0.050891805871698996,7.450932779918453,0.6443630508543313,0.4312823816584633,0.8930521571657808,0.5048923679060665,-2415880.530000001,0.04471431182094966,-0.016747826878441723
E227,2942,2942,684,60289907.18,61131707.86,20778.962562882392,9999.0,18,0,2778,55296639.1,56138439.78,20208.221663066954,9986.5,18,0,35,554,164,0,0.0557443915703603,0.0,0.006118286879673691,0.0,0.0064794816414686825,0.0,0.9442556084296397,1122,1603955.4222857144,1038607.6448434752,1036247.3998348869,35,0.6475289963878228,0.026759350557140137,8.52424984023157,0.06488230995150752,0.023677014685429487,742,742,153,63841990.03,64664894.51,87149.45351752022,100000.0,6,13,687,60352822.0,61175726.48,89047.63679767103,100000.0,6,0,33,72,55,0,0.07412398921832884,0.0,0.008086253369272238,0.01752021563342318,0.008733624454148471,0.0,0.9258760107816711,1111,1853809.8933333335,1323673.4677140852,1334092.5629838791,33,0.714028699746547,0.013405128376422257,2.1742425265019536,0.11815437945576482,0.05416484722141871,1.0897297238708545,0.2473002159827214,5056182.8999999985,0.018379597647968544,0.0022541428126797887
E228,2743,2743,824,34694993.84,34954494.92,12743.162566532994,900.0,10,0,2665,32773989.93,33033491.01,12395.306195121952,888.0,10,0,37,603,78,0,0.02843601895734597,0.0,0.0036456434560699965,0.0,0.00375234521575985,0.0,0.9715639810426541,1125,892797.0543243244,724063.5225939478,713684.1945093761,37,0.8110057253066596,0.017554401425242134,1.9199761771054045,0.11988863056590396,0.035204759195171034,1176,1176,250,77745920.05,96771392.05,82288.59868197278,100000.0,104,9,993,63847792.5,82873264.5,83457.4667673716,100000.0,104,0,37,156,183,0,0.1556122448979592,0.0,0.08843537414965986,0.007653061224489796,0.10473313192346426,0.0,0.8443877551020408,1115,2239817.9594594594,1913795.8341016741,911884.1413980792,37,0.8544425791476085,-0.009074774990554112,0.6937222494884977,0.09122362978714324,0.03105583600656317,2.5087649523603894,0.3726078799249531,31073802.57,0.12717622594061323,0.10098078670770441
E229,1621,1621,640,66691166.46,67169680.32,41437.187119062306,20000.0,8,0,1570,64719255.23,65197769.09,41527.24145859873,19517.545,8,0,37,227,51,0,0.03146206045650833,0.0,0.004935225169648365,0.0,0.005095541401273885,0.0,0.9685379395434917,1115,1762101.8672972973,795778.300787267,793005.2433288385,37,0.4516074328936656,0.0037929793825614076,0.7543227205428158,0.24023350152332643,0.09375950527101114,862,862,157,70030093.58,70132939.94,81360.71918793503,104219.33,1,7,773,63516621.07,63619467.43,82302.02772315653,105890.33,1,0,37,30,89,0,0.10324825986078887,0.0,0.001160092807424594,0.008120649651972157,0.00129366106080207,0.0,0.8967517401392111,1112,1719445.0656756756,477827.12884552265,477200.47734501783,37,0.2778961296200266,0.007336159098440941,1.1512829541761191,0.8238838070700901,0.6851397060543118,0.9757920910173891,0.4923566878980892,-1202634.1599999964,0.07178619940428053,-0.0038018803404718153
E230,84,84,69,125835.73,125835.73,1498.0444047619046,280.0,0,0,83,125526.73,125526.73,1512.3702409638554,280.0,0,0,26,17,1,0,0.011904761904761904,0.0,0.0,0.0,0.0,0.0,0.9880952380952381,1122,4827.951153846154,8106.388128070516,8106.388128070516,26,1.6790534679731832,0.10316667940853005,5.476542735042735,0.8028858873325228,0.6508306732561753,676,676,104,56317526.22,60317526.22,89227.10979289941,100000.0,20,15,592,50335737.04,54335737.04,91783.3395945946,100000.0,20,0,31,61,84,0,0.1242603550295858,0.0,0.029585798816568046,0.022189349112426034,0.033783783783783786,0.0,0.8757396449704142,1101,1752765.710967742,1856653.4071010882,1847389.3706027996,31,1.0592707259637042,0.01562790418670281,1.398953394495413,0.16752399757270323,0.06541665288667532,432.86188559201696,7.132530120481928,50210210.31,0.11235559312482389,0.033783783783783786
E231,695,695,326,39165390.09,39165390.09,56353.07926618706,4221.0,0,0,681,37507897.09,37507897.09,55077.67560939795,3000.0,0,0,36,133,14,0,0.02014388489208633,0.0,0.0,0.0,0.0,0.0,0.9798561151079137,1114,1041886.0302777779,1776375.894653943,1776375.894653943,36,1.7049618125509776,0.10132337587017214,26.756251639518165,0.2852732579042064,0.1593187128916515,408,408,50,39586992.76,39586992.76,97026.94303921568,100000.0,0,0,370,36095851.29,36095851.29,97556.35483783783,100000.0,0,0,24,7,38,0,0.09313725490196079,0.0,0.0,0.0,0.0,0.0,0.9068627450980392,1108,1503993.80375,1377361.5530116246,1377361.5530116246,24,0.9158026778949252,0.09454864856563555,13.215537794588302,0.40202679619361875,0.2996481909633848,0.9623533733013129,0.5433186490455213,-1412045.8000000045,0.07299337000987446,0.0
E232,828,828,240,38124576.6,42777541.66,51663.69765700483,35565.97,39,0,782,37485137.52,42138102.58,53885.04166240409,79778.5,39,0,38,151,46,0,0.05555555555555555,0.0,0.04710144927536232,0.0,0.049872122762148335,0.0,0.9444444444444444,1136,1108897.4363157894,2398580.7882930813,2414977.324058113,38,2.163032134209046,-0.017666207309337673,0.004938732132452871,0.7888764938309665,0.6298778394358212,118,118,14,51560648.66,69097195.58,585569.4540677966,1000000.0,9,4,113,50848962.72,68385509.64,605181.5012389381,1000000.0,9,0,9,4,5,0,0.0423728813559322,0.0,0.07627118644067797,0.03389830508474576,0.07964601769911504,0.0,0.9576271186440678,745,7598389.96,9680406.078007683,10903447.25315177,9,1.2740075369871755,-0.1374843547338369,0.4733474733396969,0.5981607284253326,0.4995922859876016,1.622890103088263,0.1445012787723785,13363825.199999996,-0.013182674199623351,0.029773894936966708
E233,727,727,374,445232.75,445232.75,612.4246905089409,236.0,0,0,718,434065.07,434065.07,604.5474512534819,234.29500000000002,0,0,26,194,9,0,0.012379642365887207,0.0,0.0,0.0,0.0,0.0,0.9876203576341128,769,16694.810384615386,17963.796147550212,17963.796147550212,26,1.0760107921982884,0.1123448058144831,36.46719201154957,0.08178497293044105,0.027142346827709992,238,238,13,21948303.54,21948303.54,92219.76277310924,108000.0,0,0,223,21424903.54,21424903.54,96075.80062780269,108000.0,0,0,9,3,15,0,0.06302521008403361,0.0,0.0,0.0,0.0,0.0,0.9369747899159664,705,2380544.8377777776,3329781.492665342,3329781.492665342,9,1.3987476479433467,-0.0276435366625691,0.5921661193903595,0.9239996578299647,0.8583732714688456,49.35873679031579,0.31058495821727017,20990838.47,0.050645567718146406,0.0
E234,946,946,525,5091339.58,5091665.4799999995,5382.310232558139,374.0,1,0,919,5003351.24,5003677.14,5444.697649619151,369.0,1,0,29,205,27,0,0.02854122621564482,0.0,0.0010570824524312897,0.0,0.001088139281828074,0.0,0.9714587737843552,867,172540.59103448276,165228.21463203762,165225.76574892216,29,0.9576193847569252,0.020003815576775174,3.3463945890196753,0.3133305679270905,0.13881254426850936,604,604,148,47744736.37,48543716.37,80370.3913410596,88000.0,4,0,580,45726858.37,46525838.37,80216.96270689655,87500.0,4,0,29,137,24,0,0.039735099337748346,0.0,0.006622516556291391,0.0,0.006896551724137931,0.0,0.9602649006622517,855,1604339.254137931,1137667.2023934308,1063776.4124412523,29,0.7091188471884272,0.01620860177281562,2.437940803841448,0.05360709290535241,0.01950891733652917,9.298329422189697,0.6311207834602829,40723507.129999995,0.011193873122103525,0.005808412442309857
E235,612,612,350,16683444.8,16683444.8,27260.53071895425,2288.0,0,0,593,16186123.56,16186123.56,27295.31797639123,2150.0,0,0,29,122,19,0,0.03104575163398693,0.0,0.0,0.0,0.0,0.0,0.9689542483660131,890,558142.191724138,461012.10771943355,461012.10771943355,29,0.825976094542032,0.007698691375684977,2.626011045768395,0.7612823832910367,0.5852163586745532,1014,1014,373,48923044.34,49589804.34,48905.132485207105,31409.0,4,0,944,46137309.84,46804069.84,49580.58245762712,32800.0,4,0,35,191,70,0,0.06903353057199212,0.0,0.0039447731755424065,0.0,0.00423728813559322,0.0,0.9309664694280079,1029,1337259.1382857144,913645.4217743658,882602.0501938757,35,0.6832224178670442,0.03400750338948494,6.09400865538507,0.20005382078970077,0.09977533776309515,2.8916169870137827,1.5919055649241147,29951186.28,0.03798777893800519,0.00423728813559322
E236,204,204,107,5474858.83,5486588.83,26895.043284313724,9800.0,1,0,197,5311970.83,5323700.83,27023.862081218274,9800.0,1,0,29,69,7,0,0.03431372549019608,0.0,0.004901960784313725,0.0,0.005076142131979695,0.0,0.9656862745098039,864,183575.89068965518,574088.9232889287,573814.5895978253,29,3.127256641012063,0.0022450792267486295,0.017247550817052284,0.3944624363875083,0.21134887792680254,667,667,90,63054237.77,65554237.77,98282.2155472264,100000.0,13,0,518,47344025.1,49844025.1,96223.98667953668,100000.0,13,0,25,29,149,0,0.22338830584707647,0.0,0.019490254872563718,0.0,0.025096525096525095,0.0,0.7766116941529235,1021,1993761.004,1826648.252361129,1835889.6245927478,25,0.9161821545794107,-0.008988097687374977,0.7325342314814814,0.37035532268841587,0.22317874323136716,9.362664562050531,2.6294416243654823,42032054.27,0.1890745803568804,0.020020382964545398
E237,1937,1937,594,20229330.72,29290015.44,15121.32960247806,300.0,104,0,1900,18682233.07,27742917.79,14601.535678947368,300.0,104,0,27,324,37,0,0.019101703665462055,0.0,0.053691275167785234,0.0,0.05473684210526316,0.0,0.980898296334538,818,1027515.4737037037,1461918.9544359103,892286.0768221617,27,1.4227707434578956,0.12691131734746094,158.17789578129975,0.47497118723214155,0.2601640221928904,295,295,35,26050173.76,26050173.76,88305.67376271187,100000.0,0,26,221,21652041.88,21652041.88,97973.04018099546,100000.0,0,0,13,8,74,0,0.25084745762711863,0.0,0.0,0.08813559322033898,0.0,0.0,0.7491525423728813,719,1665541.683076923,1385917.2216169778,1385917.2216169778,13,0.8321120003773387,0.027468980280236362,3.2993078757486773,0.43136809229190354,0.30790874200122237,0.7804529445639106,0.1163157894736842,2969808.8099999987,0.2317457539616566,-0.05473684210526316
E238,3899,3898,814,18540398.61,18911920.61,4850.454119004873,358.0,23,0,3808,17066655.73,17438177.73,4579.353395483194,350.0,23,0,31,760,91,1,0.02333931777378815,0.00025647601949217746,0.005898948448320082,0.0,0.006039915966386555,0.0,0.9766606822262118,910,562521.8622580646,433604.1070660217,433530.09174096055,31,0.770821786953233,0.03261638771444038,38.21578545315654,0.30026600720968794,0.11688304711286887,12084,12084,633,64682437.8,73776927.8,6105.339937106918,6977.5,565,27,11256,59815279.75,68790425.75,6111.44507373845,7000.0,557,0,36,2199,828,0,0.06852035749751738,0.0,0.046756041046011255,0.0022343594836146973,0.04948471926083867,0.0,0.9314796425024826,1071,1910845.1597222222,953136.8487685,713274.8294904208,36,0.4988038114543287,-0.0047461502946725695,0.8079387799009033,0.03367272370748483,0.003818061390241672,3.944817332126136,2.9558823529411766,42748624.019999996,0.04518103972372923,0.04344480329445211
E239,379,379,134,33790164.28,33916716.28,89490.01656992084,100000.0,5,0,367,29195181.18,29321733.18,79895.73073569481,100000.0,5,0,27,46,12,0,0.0316622691292876,0.0,0.013192612137203167,0.0,0.013623978201634877,0.0,0.9683377308707124,968,1085990.1177777778,1247400.3315215977,1241738.6033121108,27,1.1486295419281602,0.05420499975864848,2644.7542037037038,0.27247708281615296,0.15793947211268564,348,348,65,34013323.63,34587323.63,99388.86100574714,110000.0,3,1,306,30013903.13,30587903.13,99960.46774509804,111401.25,3,0,24,33,42,0,0.1206896551724138,0.0,0.008620689655172414,0.0028735632183908046,0.00980392156862745,0.0,0.8793103448275862,704,1274495.9637499999,1190835.972746319,1207919.7958706382,24,0.934358371165394,0.05514611749947584,1.4603822498601096,0.2029924926076487,0.09182776937638541,1.0431819613877271,0.8337874659400545,818721.9499999993,0.0890273860431262,-0.0038200566330074265
E240,1122,1122,493,33528584.97,33528589.77,29882.8785828877,1063.0,1,0,1085,31471963.9,31471968.7,29006.422764976956,950.0,1,0,25,1085,37,0,0.03297682709447415,0.0,0.00089126559714795,0.0,0.0009216589861751152,0.0,0.9670231729055259,747,1258878.748,1497117.0629344713,1497116.9886283698,25,1.1892464348238179,-0.01575029145270424,0.7046493136104612,0.031774307147172526,0.0097997488629745,124,124,28,103827107.64,108627107.64,876025.0616129033,1000000.0,3,0,20,17527486.78,17527486.78,876374.339,1000000.0,0,0,6,2,104,0,0.8387096774193549,0.0,0.024193548387096774,0.0,0.0,0.0,0.16129032258064516,622,2921247.796666667,3429640.175666231,3429640.175666231,6,1.174032610167365,0.2989137455466145,1.108590948203153,0.9780257429468162,0.9570172218397113,0.556923748465726,0.018433179723502304,-13944477.119999997,0.8057328503248807,-0.0009216589861751152
E241,427,427,260,7033559.46,7091959.46,16608.804355971897,6148.0,1,0,415,6762265.86,6820665.86,16435.33942168675,5680.0,1,0,29,112,12,0,0.02810304449648712,0.0,0.00234192037470726,0.0,0.0024096385542168677,0.0,0.9718969555035128,954,235195.37448275863,203845.76322151945,203874.70401314506,29,0.8667082151161212,-0.021574153884316275,1.076865713934304,0.20048058475041614,0.09849840479109688,794,794,193,48002034.2,48398094.8,60954.77934508816,68059.76999999999,5,0,721,43841347.24,44237407.84,61355.62807212206,68380.26,5,0,36,36,73,0,0.09193954659949623,0.0,0.006297229219143577,0.0,0.006934812760055479,0.0,0.9080604534005038,1072,1228816.8844444444,563041.9038494674,559292.019984393,36,0.45819837843782724,0.0051189460534628245,0.8016942516161711,0.7249719550927466,0.5641904711625052,6.4857902069989395,1.7373493975903616,37079081.38,0.0638365021030091,0.004525174205838612
E242,513,513,272,21461769.34,21461769.34,41835.80768031189,678.0,0,0,503,21014215.23,21014215.23,41777.76387673956,668.0,0,0,25,503,10,0,0.01949317738791423,0.0,0.0,0.0,0.0,0.0,0.9805068226120858,738,840568.6092000001,979706.7100699508,979706.7100699508,25,1.1655285473988537,0.10234785763416994,10.265221548299344,0.02284168334369915,0.006609658904152055,263,263,64,23424327.42,24627965.42,93642.45406844107,110056.32,7,0,18,1736886.8,1736886.8,96493.71111111112,111400.0,0,0,11,11,245,0,0.9315589353612167,0.0,0.026615969581749048,0.0,0.0,0.0,0.06844106463878327,693,157898.80000000002,144935.56025398322,144935.56025398322,11,0.9179015942742009,0.11175392662319729,1.9548405090395458,0.38481149145701377,0.19957288879324914,0.08265294616000751,0.03578528827037773,-19277328.43,0.9120657579733025,0.0
E243,697,697,290,4984217.41,4996411.41,7168.452525107604,9000.0,2,0,681,4894376.41,4906570.41,7204.949207048458,9000.0,2,0,33,131,16,0,0.02295552367288379,0.0,0.0028694404591104736,0.0,0.002936857562408223,0.0,0.9770444763271162,986,148683.9518181818,175046.96821484095,175106.92663537627,33,1.1773090913597533,0.024550246293532505,1.551918521234466,0.4031329084707866,0.2452321202938224,711,711,161,38502295.98,38502295.98,54152.31502109704,50354.11,0,0,677,37084295.66,37084295.66,54777.393884785815,50700.0,0,0,34,35,34,0,0.04781997187060478,0.0,0.0,0.0,0.0,0.0,0.9521800281293952,1015,1090714.5782352942,945930.9328252492,945930.9328252492,34,0.8672579900377827,-0.002193249127948598,0.5176173913142927,0.33670215809081916,0.20719471074920492,7.558088962591692,0.9941262848751835,32189919.249999996,0.02486444819772099,-0.002936857562408223
E244,1151,1151,568,17658201.12,17745393.88,15417.370877497828,337.0,7,0,1105,15959235.1,16046427.86,14521.6541719457,320.0,7,0,36,153,46,0,0.03996524761077324,0.0,0.006081668114682885,0.0,0.006334841628959276,0.0,0.9600347523892268,1073,445734.1072222222,365102.5649935927,363171.0362937667,36,0.8191039435345916,0.0013781047452625082,0.3592320543697871,0.12593339761538677,0.05841124384761445,536,536,104,47712722.91,50219288.25,93692.70195895522,100000.0,13,0,443,39288498.47,41795063.81,94345.51650112867,100000.0,13,0,33,20,93,0,0.17350746268656717,0.0,0.024253731343283583,0.0,0.029345372460496615,0.0,0.8264925373134329,992,1266517.0851515152,1036400.1523878125,1068069.970048736,33,0.818307281076928,-0.01674289201890607,0.26016273719340954,0.5410290211015232,0.31910068927357843,2.6046335156116176,0.40090497737556563,23329263.369999997,0.13354221507579392,0.02301053083153734
E245,265,265,221,148196.79,148196.79,559.2331698113207,300.0,0,0,264,147888.79,147888.79,560.1848106060606,300.0,0,0,30,64,1,0,0.0037735849056603774,0.0,0.0,0.0,0.0,0.0,0.9962264150943396,1033,4929.626333333334,4743.775635409708,4743.775635409708,30,0.9622992321614859,0.05769533048458624,15.522412935323382,0.2580993461370534,0.1296310709873763,353,353,41,28946344.35,32346344.35,91632.7035410765,100000.0,18,10,309,25925728.35,29325728.35,94905.26974110033,100000.0,18,0,22,33,44,0,0.12464589235127478,0.0,0.05099150141643059,0.028328611898016998,0.05825242718446602,0.0,0.8753541076487252,876,1332987.6522727273,1242735.1744460366,1247636.0786534678,22,0.9322930878820884,0.02213907695308658,0.9503329439252335,0.3034877733906309,0.15843727759799386,198.29581640366385,1.1704545454545454,25777839.560000002,0.1208723074456144,0.05825242718446602
E246,1368,1368,619,7537629.84,7615517.78,5566.898961988304,499.0,11,0,1298,7103468.01,7181355.95,5532.631702619415,471.0,11,0,31,409,70,0,0.05116959064327485,0.0,0.00804093567251462,0.0,0.00847457627118644,0.0,0.9488304093567251,962,231656.6435483871,275859.2136603144,274888.73631495854,31,1.190810716389813,0.04643179294016195,8.051872717334593,0.2506490435138506,0.09527653603289846,829,829,154,36522494.11,38159197.31,46030.39482509047,43058.69,15,11,749,33246947.9,34683651.1,46306.61028037383,42669.01,14,0,37,121,80,0,0.09650180940892641,0.0,0.018094089264173704,0.013268998793727383,0.018691588785046728,0.0,0.9034981905910736,1117,937395.9756756757,405410.5877574187,376362.3859339482,37,0.4324859486037354,0.022122556855643516,3.9907980406643704,0.2537246527082035,0.1560497949277863,4.829679985435063,0.5770416024653313,26143479.89,0.045332218765651563,0.010217012513860287
E247,943,943,487,14516811.52,14518014.98,15395.562014846237,850.0,7,0,915,13781515.22,13782718.68,15063.080524590163,800.0,7,0,38,185,28,0,0.029692470837751856,0.0,0.007423117709437964,0.0,0.007650273224043716,0.0,0.9703075291622482,1129,362703.1231578947,303929.22747830756,303929.8310459672,38,0.8379559151080118,0.03520803797936058,6.258763072511884,0.11065842925555526,0.05687716395025125,359,359,111,26623283.67,26623283.67,74159.56454038998,87994.0,0,0,333,24933415.87,24933415.87,74875.12273273274,88500.0,0,0,36,10,26,0,0.07242339832869081,0.0,0.0,0.0,0.0,0.0,0.9275766016713092,1069,692594.8852777778,671567.6054352141,671567.6054352141,36,0.9696398568780503,0.04720278545922397,6.962010152062411,0.7463503876494721,0.5994883638466424,1.809034664995426,0.3639344262295082,11151900.65,0.04273092749093896,-0.007650273224043716
E248,1511,1511,596,16397389.64,16758242.18,11090.82870946393,1334.0,9,0,1466,15029356.67,15390209.21,10498.096323328786,1001.0,9,0,37,262,45,0,0.029781601588352084,0.0,0.005956320317670417,0.0,0.006139154160982265,0.0,0.9702183984116479,1116,415951.60027027025,463043.19140033197,465046.91463782603,37,1.1132141121694528,0.04284275381763735,2.693521335001764,0.15342611317237576,0.045904783052656765,405,405,106,25611083.31,26089083.31,64417.48965432098,92792.79,6,0,353,22353562.99,22831562.99,64678.64869688385,92792.79,6,0,36,118,52,0,0.12839506172839507,0.0,0.014814814814814815,0.0,0.0169971671388102,0.0,0.8716049382716049,1112,634210.0830555556,973085.6238723494,969009.6617558969,36,1.5343269523312024,0.03156747320482928,0.6980563896789451,0.23613624097313718,0.08814554034702768,1.4835121913199774,0.2407912687585266,7324206.319999998,0.09861346014004299,0.010858012977827935
E249,719,719,298,39475353.35,39537153.35,54989.08671766342,1599.99,1,0,620,28404068.35,28465868.35,45912.690887096775,999.995,1,0,35,106,99,0,0.1376912378303199,0.0,0.0013908205841446453,0.0,0.0016129032258064516,0.0,0.8623087621696801,1108,813310.5242857144,1747386.9211382922,1748137.1409000116,35,2.1484867943556067,0.031678410572778495,1.9113758832792789,0.2662838142438047,0.1487871462966085,472,472,23,53819131.21,53819131.21,114023.5830720339,100000.0,0,0,470,53619131.21,53619131.21,114083.25789361702,100000.0,0,0,11,3,2,0,0.00423728813559322,0.0,0.0,0.0,0.0,0.0,0.9957627118644068,945,4874466.473636364,3630204.965441756,3630204.965441756,11,0.7447389340096567,-0.07097553207445927,0.5753849278880967,0.986062064357719,0.9724687771746404,1.8836288621421942,0.7580645161290323,25215062.86,-0.13345394969472668,-0.0016129032258064516
E250,439,439,291,10074201.74,10115233.72,23041.534669703873,692.0,9,0,427,9594722.74,9635754.72,22566.17030444965,670.0,9,0,38,127,12,0,0.02733485193621868,0.0,0.02050113895216401,0.0,0.02107728337236534,0.0,0.9726651480637813,1140,253572.49263157896,224202.00526512507,224079.31100388488,38,0.8841732119219772,-2.8245580373956574e-05,0.7334962426868729,0.3523717756070071,0.17337846528224182,778,778,311,43831992.5,47004829.34,60417.51843187661,60219.600000000006,23,0,660,37443422.15,40426658.99,61252.51362121212,61717.5,22,0,38,102,118,0,0.15167095115681234,0.0,0.02956298200514139,0.0,0.03333333333333333,0.0,0.8483290488431876,1127,1063859.4471052631,419684.319615004,379454.2264163491,38,0.3944922618837999,0.0008285329760108453,0.7756369499081534,0.14061031339260815,0.0608516170644082,4.195484439437869,1.5456674473067915,27848699.409999996,0.12433609922059366,0.012256049960967994
E251,1457,1457,521,11493688.72,12570613.46,8627.73744680851,963.0,26,0,1355,10160269.83,11213916.33,8275.95301107011,836.0,23,0,30,347,102,0,0.07000686341798215,0.0,0.017844886753603295,0.0,0.016974169741697416,0.0,0.9299931365820179,884,373797.211,423734.638328412,403581.9136724991,30,1.1335949703712798,0.08192872242800832,84.70648934955577,0.12963006118666126,0.0463665970076295,315,315,67,17683830.3,19728830.3,62631.2073015873,76000.0,14,1,274,14574975.8,16619975.8,60656.845985401465,74880.7,14,0,23,130,41,0,0.13015873015873017,0.0,0.044444444444444446,0.0031746031746031746,0.051094890510948905,0.0,0.8698412698412699,1121,722607.643478261,980043.0866955966,931014.8965478812,23,1.3562589539991219,0.12176310203116597,21.440761217482397,0.33184788993495407,0.1180714829059096,1.4820848765865546,0.2022140221402214,4414705.970000001,0.06015186674074802,0.03412072076925149
E252,958,958,456,33000457.51,33083973.95,34534.41957202505,11097.0,4,0,905,30305520.78,30389037.22,33579.0466519337,11094.0,4,0,37,111,53,0,0.055323590814196244,0.0,0.0041753653444676405,0.0,0.004419889502762431,0.0,0.9446764091858038,1110,821325.3302702702,549464.4537261802,548398.4896363992,37,0.6689973308693282,-0.019298189585058103,0.6447451416830612,0.10036504868251303,0.054457843820654606,541,541,174,46481057.82,48224853.62,89140.21001848429,83860.0,10,0,517,44815818.58,46559614.38,90057.28119922632,83750.0,10,0,37,40,24,0,0.04436229205175601,0.0,0.018484288354898338,0.0,0.019342359767891684,0.0,0.955637707948244,1096,1258367.956216216,1434140.7156470534,1415817.4022143288,37,1.1396831177737299,-0.010142340314360824,0.5565572607452067,0.20365908322628165,0.13305140978241112,1.5321187717443587,0.5712707182320442,14510297.799999997,-0.010961298762440237,0.014922470265129252
E253,1237,1237,537,20780744.33,20854344.33,16858.807057396927,2000.0,5,0,1196,19912674.39,19986274.39,16710.93176421405,1701.5,5,0,33,319,41,0,0.033144704931285365,0.0,0.004042037186742118,0.0,0.004180602006688963,0.0,0.9668552950687146,1079,605644.6784848485,528881.9017784855,530065.4592904192,33,0.8732544354250719,0.04156220180105957,3.7812792904157435,0.27125840935680257,0.09210748402804671,381,381,118,30372714.34,30681072.28,80527.7487664042,100000.0,3,1,318,25318874.69,25627232.63,80588.78185534591,100000.0,3,0,36,105,63,0,0.16535433070866143,0.0,0.007874015748031496,0.0026246719160104987,0.009433962264150943,0.0,0.8346456692913385,1116,711867.5730555556,657158.301996121,655740.922300838,36,0.9231468420107892,0.042732356496221376,4.470186426229402,0.08311470968217453,0.03397199829743173,1.282241608912485,0.26588628762541805,5406200.300000001,0.13220962577737605,0.00525336025746198
E254,237,237,182,4414013.58,4414013.58,18624.529873417723,270.76,0,0,236,3614013.58,3614013.58,15313.61686440678,270.38,0,0,28,39,1,0,0.004219409282700422,0.0,0.0,0.0,0.0,0.0,0.9957805907172996,1069,129071.91357142858,310744.62921789254,310744.62921789254,28,2.4075309695158893,0.11506175818751418,47.74273392141139,0.3624778853210618,0.24345914098163754,493,493,164,41058390.22,41353390.22,83881.11606490873,100000.0,2,0,456,38316369.22,38611369.22,84674.05530701754,100000.0,2,0,33,22,37,0,0.07505070993914807,0.0,0.004056795131845842,0.0,0.0043859649122807015,0.0,0.9249492900608519,1110,1170041.4915151515,986668.9147692401,986208.5211458665,33,0.8432768597731931,-0.006434071266276659,0.9455252634897421,0.4375473828379299,0.2592884922769301,10.68379195741705,1.9322033898305084,34702355.64,0.07083130065644765,0.0043859649122807015
E255,1377,1377,594,14814742.62,15402636.68,11185.64755265069,478.0,7,0,1331,12836662.39,13424556.45,10086.067956423742,447.0,7,0,34,311,46,0,0.03340595497458242,0.0,0.005083514887436456,0.0,0.005259203606311044,0.0,0.9665940450254176,993,394839.89558823535,483075.90637562936,465116.0884445929,34,1.22347288552475,-0.0037690527149643635,74.63333615311409,0.2747878273475471,0.13582010569741515,639,639,156,47061335.96,50719680.04,79373.52118935838,101176.0,30,1,599,44749893.25,48408237.33,80815.08736227045,102060.0,30,0,34,19,40,0,0.06259780907668232,0.0,0.046948356807511735,0.001564945226917058,0.05008347245409015,0.0,0.9374021909233177,1067,1423771.6861764705,1283698.029240639,1297282.0195044018,34,0.9016178940093981,0.0009503405504207577,1.9897344037691747,0.6149836893885514,0.4325440419001592,3.6059468713396488,0.45003756574004505,31913230.86,0.029191854102099894,0.044824268847779104
E256,280,279,175,12387855.69,12412651.69,44330.89889285714,37679.9,3,0,270,11913715.21,11938511.21,44216.70818518519,37679.9,3,0,37,54,10,1,0.03571428571428571,0.0035714285714285713,0.010714285714285714,0.0,0.011111111111111112,0.0,0.9642857142857143,1101,322662.46513513516,266186.15527333587,266738.4518970734,37,0.8249678349226449,-0.029382811308930553,0.3382845283965424,0.19036436453620417,0.07795080897220497,919,919,256,35441964.09,35691851.25,38837.705386289446,25459.4,8,0,892,34629280.09,34879167.25,39102.20543721973,25879.25,8,0,37,211,27,0,0.029379760609358,0.0,0.008705114254624592,0.0,0.008968609865470852,0.0,0.970620239390642,1107,942680.1959459459,256165.14497870783,254726.4816823153,37,0.27174130323344203,-0.003653204782692581,0.7627458667702768,0.11666322366110962,0.043404697835833825,2.9215675754263497,3.303703703703704,22715564.880000003,-0.006334525104927713,-0.0021425012456402596
E257,352,352,216,18414314.82,18625133.54,52912.31119318181,10000.0,2,0,337,17434981.26,17645799.98,52361.424272997036,9309.12,2,0,29,97,15,0,0.04261363636363636,0.0,0.005681818181818182,0.0,0.005934718100890208,0.0,0.9573863636363636,1020,608475.8613793104,638890.6892539784,615043.0193649369,29,1.0499852661463396,-0.009814103253821378,0.4339338800803775,0.1335518362823469,0.05425333403517039,361,361,96,30264821.31,32031821.31,88730.80695290858,100000.0,11,0,317,26519808.48,28286808.48,89232.83432176657,100000.0,11,0,30,39,44,0,0.12188365650969529,0.0,0.030470914127423823,0.0,0.03470031545741325,0.0,0.8781163434903048,895,942893.616,790657.6067791729,780416.3553271069,30,0.8385438116903878,-0.023528848427812513,0.22973601808998215,0.19956933225575402,0.10196357003068082,1.6030334987396815,0.9406528189910979,9084827.219999999,0.07927002014605894,0.02876559735652304
E258,2318,2318,781,16696430.290000001,17219871.79,7428.762635893011,978.415,25,0,2233,15662959.58,16185939.64,7248.517527989253,966.0,23,0,38,248,85,0,0.036669542709232096,0.0,0.010785159620362382,0.0,0.010300044782803403,0.0,0.9633304572907679,1142,425945.77999999997,268475.2748394113,265591.83317105594,38,0.6303038730408629,-0.017842084783634315,0.6354751860393716,0.18775249182876602,0.07182820468176025,2495,2495,315,76249111.89,78091358.69,31299.141759519036,11717.58,53,0,2380,71523803.33,73359595.29,30823.35936554622,11321.4,52,0,38,193,115,0,0.04609218436873747,0.0,0.02124248496993988,0.0,0.021848739495798318,0.0,0.9539078156312625,1138,1930515.665526316,1600082.7031668627,1616374.0792909309,38,0.8288369432788998,-0.056598878930142385,0.1715842233667775,0.3627858911270174,0.16062630170144432,4.532303772386983,1.0658307210031348,55860843.75,0.009422641659505376,0.011548694712994915
E259,2462,2462,753,21874328.55,22180848.59,9009.280499593826,4400.0,22,0,2321,19761380.98,20067901.02,8646.230512710039,4000.0,22,0,37,521,141,0,0.05727051177904143,0.0,0.008935824532900082,0.0,0.009478672985781991,0.0,0.9427294882209586,1118,542375.7032432433,389653.6847729397,384053.00835010357,37,0.718420243463946,0.03016718746529193,3.074840750884727,0.05760443201548141,0.0157003597311806,818,818,295,36658140.56,38624208.56,47217.858875305625,44000.0,19,42,707,33629160.56,35398428.56,50068.49867043848,48000.0,16,0,37,211,111,0,0.1356968215158924,0.0,0.023227383863080684,0.05134474327628362,0.02263083451202263,0.0,0.8643031784841075,1108,956714.2854054054,507201.63260277745,496174.4597164952,37,0.5301495340250427,0.011537455126302696,1.9122713515042886,0.05729067878147639,0.014588396062433649,1.7639327862301766,0.3046100818612667,13867779.580000002,0.07842630973685097,0.01315216152624064
E260,1365,1365,575,21248226.24,21384430.14,15666.249186813187,2360.0,9,0,1343,20332238.69,20468442.59,15240.835882352942,2115.0,9,0,37,258,22,0,0.01611721611721612,0.0,0.006593406593406593,0.0,0.006701414743112435,0.0,0.9838827838827838,1107,553201.1510810811,421400.47412849695,418479.9084155787,37,0.7617490912753605,0.04629600763318088,6.812194206082106,0.1159492222998682,0.04307938959465804,1588,1588,400,28618310.07,29533082.27,18597.65886020151,7305.17,24,0,1405,25312742.11,26227514.31,18667.269971530248,7215.57,24,0,37,289,183,0,0.11523929471032746,0.0,0.015113350125944584,0.0,0.01708185053380783,0.0,0.8847607052896725,1109,708851.738108108,667676.6440644683,653924.1717637113,37,0.9419129673667245,0.056367737470899924,13.240211830723318,0.1195366412898928,0.04436310838214136,1.281363454726821,1.0461653015636634,4980503.419999998,0.09912207859311134,0.010380435790695395
E261,1386,1386,626,10411808.44,10420269.5,7518.231962481963,323.5,9,0,1338,9843435.94,9851897.0,7363.151718983558,322.5,9,0,37,457,48,0,0.03463203463203463,0.0,0.006493506493506494,0.0,0.006726457399103139,0.0,0.9653679653679653,1100,266267.4864864865,183904.9992709693,184025.47646996108,37,0.6906776403596042,0.04576046256468669,6.8781999933131175,0.7437449863716602,0.5563957163228095,1548,1548,568,21249772.85,21773156.85,14065.346802325583,7848.5,24,3,1367,18385636.41,18909020.41,13832.49481346013,7800.0,24,0,37,131,181,0,0.11692506459948321,0.0,0.015503875968992248,0.001937984496124031,0.01755669348939283,0.0,0.8830749354005168,1118,511054.6056756757,329161.759521823,314443.3859200539,37,0.6440833442575702,0.05613026392772665,7.444296512524771,0.1379083603199728,0.05169264676594363,1.9193278624411116,1.0216741405082213,8542200.47,0.08229302996744858,0.01083023609028969
E262,329,329,100,19205985.73,19205985.73,58376.856322188454,61200.0,0,0,320,18858875.21,18858875.21,58933.985031250006,62955.0,0,0,32,42,9,0,0.02735562310030395,0.0,0.0,0.0,0.0,0.0,0.9726443768996961,1066,589339.8503125,609090.8462777762,609090.8462777762,32,1.0335137628225939,0.0177436526867424,28.665962574864782,0.16608253965958555,0.0936796199646626,692,692,165,29507961.34,29735653.74,42970.597890173405,17504.75,9,0,656,28266974.63,28494667.03,43436.99242378049,17984.85,9,0,30,199,36,0,0.05202312138728324,0.0,0.01300578034682081,0.0,0.013719512195121951,0.0,0.9479768786127167,1062,949822.2343333333,1014445.5313744941,1011371.4535671991,30,1.0680372544516386,0.004604837800214532,1.3074859044906335,0.41663502954784304,0.23350272728768734,1.5109420213402005,2.05,9408099.419999998,0.024667498286979287,0.013719512195121951
E263,496,496,321,15202551.46,15203351.46,30651.918266129032,537.0,1,0,490,15049140.91,15049940.91,30714.16512244898,530.0,1,0,37,148,6,0,0.012096774193548387,0.0,0.0020161290322580645,0.0,0.0020408163265306124,0.0,0.9879032258064516,1108,406755.15972972976,967219.2569172699,967225.9160336343,37,2.3778905658134564,0.08838489753666133,170.14798691543496,0.315969516985964,0.20218458470236841,496,496,100,34142751.14,35898482.5,72375.97278225806,98100.0,19,0,404,28462497.86,30134165.02,74589.51737623762,100000.0,18,0,36,15,92,0,0.18548387096774194,0.0,0.038306451612903226,0.0,0.04455445544554455,0.0,0.8145161290322581,1101,837060.1394444444,848860.7442484007,846513.3435785084,36,1.0140976785870945,0.023595955205567926,1.5564880773991325,0.4200875365751216,0.2585257191723621,2.0022779624322125,0.8244897959183674,13413356.95,0.17338709677419356,0.04251363911901394
E264,1610,1610,558,33839771.49,34794280.29,21611.354217391305,1018.0,11,0,1502,27083599.91,28038108.71,18667.18289613848,990.0,11,0,25,1502,108,0,0.0670807453416149,0.0,0.0068322981366459624,0.0,0.007323568575233023,0.0,0.9329192546583851,746,1121524.3484,1061052.7997418963,1052517.1569903137,25,0.9460809310610383,-0.03739092557222413,0.33016556690383436,0.0362458577542194,0.006783244727106819,423,423,112,31861077.92,34450942.74,81444.3090780142,100339.0,19,0,24,1365389.73,1365389.73,56891.23875,66630.0,0,0,13,8,399,0,0.9432624113475178,0.0,0.04491725768321513,0.0,0.0,0.0,0.05673758865248227,745,105029.97923076923,78963.77999760697,78963.77999760697,13,0.7518213425912399,-0.13548376456170183,0.05913487154052495,0.6995627028775147,0.531394471510877,0.048697640205418835,0.015978695073235686,-25718210.18,0.8761816660059029,-0.007323568575233023
E265,2035,2035,703,27602486.93,27819311.37,13670.423277641277,440.0,13,0,1968,23719602.21,23936426.65,12162.818419715446,419.0,13,0,33,477,67,0,0.03292383292383293,0.0,0.0063882063882063885,0.0,0.0066056910569105695,0.0,0.9670761670761671,969,725346.2621212121,659314.4653571192,658987.2378023114,33,0.9089651381521032,0.004409459251561935,3.688111889447126,0.2960090365033663,0.11457571249390124,475,475,138,29544959.07,32314681.63,68030.90869473683,94310.23,16,20,401,26395523.04,29165245.6,72731.28578553617,97165.48,16,0,32,62,74,0,0.15578947368421053,0.0,0.03368421052631579,0.042105263157894736,0.0399002493765586,0.0,0.8442105263157895,979,911413.925,811716.1498468433,799043.6745660914,32,0.8906119684827541,0.01328966331576013,5.451921364331721,0.19347950287790477,0.09425241661570018,1.2184460958377847,0.20376016260162602,2675920.829999998,0.1228656407603776,0.03329455831964803
E266,295,295,244,1516008.42,1524366.32,5167.343457627119,475.0,2,0,289,1331567.42,1339925.32,4636.419792387544,475.0,2,0,34,83,6,0,0.020338983050847456,0.0,0.006779661016949152,0.0,0.006920415224913495,0.0,0.9796610169491525,1045,39409.56823529412,70459.03940107532,70524.56360909285,34,1.7878663115617224,-0.030737113912292644,0.10092230733156167,0.5227903298371882,0.31328194477904486,484,484,60,33182228.24,34769388.24,71837.57900826447,75000.0,9,0,450,30456385.44,32043545.44,71207.87875555556,73318.0,9,0,28,16,34,0,0.07024793388429752,0.0,0.01859504132231405,0.0,0.02,0.0,0.9297520661157025,1019,1144412.3371428573,736271.3457196495,753433.5044789402,28,0.6433619437883957,-0.035885909440376465,0.355067466687818,0.8173630583120642,0.6746791494077339,23.91442639504715,1.5570934256055364,29124818.020000003,0.049908950833450066,0.013079584775086505
E267,192,192,140,1052678.0,1052678.0,5482.697916666667,307.5,0,0,189,1041604.0,1041604.0,5511.132275132275,305.0,0,0,19,41,3,0,0.015625,0.0,0.0,0.0,0.0,0.0,0.984375,523,54821.26315789474,165314.63428291387,165314.63428291387,19,3.015520343024185,-0.08806043371569228,1.1779475982532752,0.5241915353627674,0.3377462554936219,227,227,28,20098739.67,20701659.67,91196.73863436125,99100.0,5,0,202,17736414.67,18339334.67,90788.78549504951,99243.75,5,0,14,11,25,0,0.11013215859030837,0.0,0.022026431718061675,0.0,0.024752475247524754,0.0,0.8898678414096917,506,1309952.4764285716,1120425.4617280692,1135482.4360146432,14,0.8553176408221884,-0.028626845994013883,0.858689258223148,0.292307507140334,0.17594711901254068,17.606820509521853,1.0687830687830688,16694810.670000002,0.09450715859030837,0.024752475247524754
E268,47,47,32,6246728.0,6246728.0,132909.10638297873,100000.0,0,0,42,6029728.0,6029728.0,143564.95238095237,100000.0,0,0,12,19,5,0,0.10638297872340426,0.0,0.0,0.0,0.0,0.0,0.8936170212765957,800,502477.3333333333,575354.7308596724,575354.7308596724,12,1.1450361890811773,0.15789178276308707,1070.3445825932506,0.323397672332815,0.17858676259021358,360,360,49,28162725.9,29912331.5,83089.80972222223,100000.0,9,5,342,27065832.92,28815438.52,84255.6681871345,100000.0,9,0,20,9,18,0,0.05,0.0,0.025,0.013888888888888888,0.02631578947368421,0.0,0.95,1119,1440771.926,969994.0189437731,935843.4471428526,20,0.673246057505269,-0.02115413659184579,1.986141862780202,0.4313659808221444,0.29588758210162774,4.778895253649916,8.142857142857142,21036104.92,-0.05638297872340425,0.02631578947368421
E269,170,170,137,1037904.25,1037904.25,6105.319117647059,427.525,0,0,169,1035305.25,1035305.25,6126.066568047338,425.05,0,0,30,69,1,0,0.0058823529411764705,0.0,0.0,0.0,0.0,0.0,0.9941176470588236,951,34510.175,66724.79821198009,66724.79821198009,30,1.933481885037676,-0.08728929233686303,0.20109136971509262,0.309087585521275,0.16642673823946302,223,223,82,38735236.86,39960290.9,179194.12959641256,94113.18,11,1,194,34536444.73,35605824.93,183535.1800515464,100000.0,9,0,35,19,29,0,0.13004484304932734,0.0,0.04932735426008968,0.004484304932735426,0.04639175257731959,0.0,0.8699551569506726,1078,1017309.2837142857,1798661.1842083668,1777013.4641582665,35,1.7680573774391368,-0.05154036291621819,0.6753500438293419,0.8434785473737372,0.7179872104368,34.39162018158412,1.1479289940828403,33501139.479999997,0.12416249010815086,0.04639175257731959
E270,561,561,338,6839559.01,6903559.01,12305.809286987522,3300.0,4,0,548,6742372.37,6806372.37,12420.387536496351,2495.0,4,0,36,90,13,0,0.023172905525846704,0.0,0.0071301247771836,0.0,0.0072992700729927005,0.0,0.9768270944741533,1073,189065.89916666667,178797.45388950553,178075.490125757,36,0.9456885386395923,-0.012119161186234016,0.3586272177562277,0.48905243778191937,0.2614042595235331,415,415,99,28833281.19,29758466.01,71707.1470120482,86088.0,12,0,335,23111924.82,24033827.08,71742.76740298508,87269.5,10,0,33,40,80,0,0.1927710843373494,0.0,0.02891566265060241,0.0,0.029850746268656716,0.0,0.8072289156626506,1025,728297.7903030303,482351.74326786026,502549.8356980613,33,0.6623001603055301,0.01970760589505943,2.057327660288725,0.5577926072854145,0.33562539591968527,3.531077316006441,0.6113138686131386,16369552.45,0.16959817881150271,0.022551476195664014
E271,1698,1698,695,32240745.55,33296071.55,19608.993845700825,999.0,9,0,1638,30113470.37,31150016.37,19017.104010989013,926.5,8,0,37,507,60,0,0.0353356890459364,0.0,0.00530035335689046,0.0,0.004884004884004884,0.0,0.9646643109540636,1116,841892.3343243244,1032896.8815636461,1025737.6943546189,37,1.226875265936013,-0.03410293955613078,0.22192208759828375,0.10229015491204378,0.04760136962054235,557,557,263,51706364.31,57225810.31,102739.33628366249,17240.0,16,3,440,35017134.71,40371382.71,91753.14252272727,15160.0,15,0,37,94,117,0,0.21005385996409337,0.0,0.02872531418312388,0.005385996409335727,0.03409090909090909,0.0,0.7899461400359067,1122,1091118.4516216216,1575216.7028823716,1220991.415608234,37,1.4436715835400662,-0.03666854157087745,0.3256690311686957,0.12429596568554092,0.06363883729818448,1.2960308665802476,0.2686202686202686,4903664.34,0.17471817091815697,0.029206904206904204
E272,1206,1206,587,5174203.78,5447383.86,4516.902039800995,493.7,14,0,1168,4830779.88,5103959.96,4369.828732876712,472.175,14,0,36,283,38,0,0.03150912106135987,0.0,0.011608623548922056,0.0,0.011986301369863013,0.0,0.9684908789386402,1072,141776.66555555555,105948.39473025277,101893.0633983651,36,0.7472907781763045,0.026789724926994808,6.024270731783319,0.23918327721364024,0.08507989074928048,595,595,90,17673628.34,20957503.34,35222.69468907563,13440.0,33,1,542,15958046.44,19241921.44,35501.70007380074,13200.0,33,0,36,72,53,0,0.08907563025210084,0.0,0.05546218487394958,0.0016806722689075631,0.06088560885608856,0.0,0.9109243697478991,1052,534497.8177777778,551692.8962368375,450705.51539060863,36,1.032170530705906,0.04209958404574306,2.220638200857014,0.2339534029404082,0.14945877007335398,3.769998509157584,0.464041095890411,11127266.559999999,0.05756650919074097,0.04889930748622555
E273,1546,1546,577,11674762.05,12869662.47,8324.490601552394,480.0,18,0,1460,10496619.8,11691520.22,8007.890561643836,445.145,18,0,29,318,86,0,0.055627425614489,0.0,0.01164294954721863,0.0,0.012328767123287671,0.0,0.944372574385511,868,403155.86965517246,477896.9671482725,466529.12971050997,29,1.1853900764412226,-0.01748634107786829,0.4191568136426099,0.6075097084337934,0.382500409743472,8046,8046,502,24109874.77,24227074.77,3011.0706897837435,2498.0,13,0,7961,23824472.15,23941672.15,3007.3699472428084,2498.0,13,0,35,5120,85,0,0.010564255530698483,0.0,0.0016157096694009445,0.0,0.0016329606833312398,0.0,0.9894357444693015,1060,684047.7757142857,342659.165287847,341200.36470620363,35,0.500928703305907,-0.007919573927881198,0.30729094558954906,0.017542634339347933,0.0009333181021589085,2.0477809300662524,5.4527397260273975,13327852.349999998,-0.045063170083790516,-0.010695806439956431
E274,12,12,11,36788.0,36788.0,3065.6666666666665,417.0,0,0,12,36788.0,36788.0,3065.6666666666665,417.0,0,0,7,9,0,0,0.0,0.0,0.0,0.0,0.0,0.0,1.0,611,5255.428571428572,8737.86691851703,8737.86691851703,7,1.6626364148531914,0.5146243340219636,11.386071670047329,0.6360769816244427,0.48006413894012573,154,154,35,13474542.94,13674486.7,88795.36818181818,100000.0,2,0,136,12085701.52,12285645.28,90335.62705882352,100000.0,2,0,15,15,18,0,0.11688311688311688,0.0,0.012987012987012988,0.0,0.014705882352941176,0.0,0.8831168831168831,610,819043.0186666667,858875.8262751583,868440.5181110768,15,1.0486333522179776,0.04951096432588614,1.9609410874398236,0.27180648015583925,0.14491301736017176,333.95795585517016,11.333333333333334,12048913.52,0.11688311688311688,0.014705882352941176
E275,379,379,238,1992109.26,2008016.06,5298.195408970976,501.0,7,0,364,1784574.95,1794097.75,4928.839972527472,489.975,6,0,34,97,15,0,0.0395778364116095,0.0,0.018469656992084433,0.0,0.016483516483516484,0.0,0.9604221635883905,1033,52767.580882352944,84951.4186730871,85044.34839919995,34,1.6099168704074018,-0.014642230780737151,0.6447964415545374,0.2562234972982938,0.13263208280232694,441,441,105,27972234.18,32105867.22,72802.42,100000.0,24,1,357,22230844.15,26364477.19,73850.07616246499,100000.0,24,0,34,45,84,0,0.19047619047619047,0.0,0.05442176870748299,0.0022675736961451248,0.06722689075630252,0.0,0.8095238095238095,1140,775425.7997058824,709916.2148204027,617375.8278035942,34,0.9155179194317142,0.004314960992001041,1.2403982070141037,0.17661632189566662,0.07336474795898748,14.695117470606048,0.9807692307692307,20446269.2,0.15089835406458096,0.05074337427278604
E276,1040,1040,534,4858935.72,4862453.72,4675.436269230769,290.0,1,0,1022,4290675.12,4294193.12,4201.7545205479455,289.75,1,0,32,243,18,0,0.01730769230769231,0.0,0.0009615384615384616,0.0,0.0009784735812133072,0.0,0.9826923076923076,986,134193.535,287472.3141488629,287520.1429331368,32,2.142221785489613,0.06689759946760361,4.396125101030768,0.4408744430199264,0.219032436026838,212,212,45,14925323.35,16256083.19,76679.63768867924,95889.2,8,16,169,13180153.62,14510913.459999999,85863.39325443786,98000.0,8,0,24,20,43,0,0.2028301886792453,0.0,0.03773584905660377,0.07547169811320754,0.047337278106508875,0.0,0.7971698113207547,1101,604621.3941666667,719795.6026060584,734550.8897076515,24,1.1904897999815789,0.02135533453447594,0.3797423705024099,0.2899364958379402,0.15626657711320988,3.3791944271011265,0.16536203522504891,8889478.5,0.185522496371553,0.04635880452529557
E277,334,334,190,14774055.52,14845133.22,44446.50664670659,23000.0,2,0,319,14119097.81,14190175.51,44483.30880877743,23000.0,2,0,30,81,15,0,0.04491017964071856,0.0,0.005988023952095809,0.0,0.006269592476489028,0.0,0.9550898203592815,955,473005.8503333333,224228.21644841752,225552.99054140438,30,0.4740495625802535,0.013342647722312737,2.5764292686622734,0.20238652284294403,0.08493008164255032,271,271,86,22226042.16,22437242.16,82794.25151291513,99900.0,1,0,254,20946120.06,21157320.06,83296.53566929133,100876.5,1,0,30,36,17,0,0.06273062730627306,0.0,0.0036900369003690036,0.0,0.003937007874015748,0.0,0.9372693726937269,900,705244.002,231745.84128048935,226635.9828400244,30,0.3286037748967475,-0.012157844845614536,0.7833392186049838,0.8645374725214607,0.7491416445246173,1.4909836770581282,0.7962382445141066,6827022.249999998,0.017820447665554497,-0.00233258460247328
E278,405,405,234,14051715.5,14056201.7,34706.67086419753,11250.0,2,0,389,12680187.66,12684673.86,32608.416092544987,10830.78,2,0,36,98,16,0,0.03950617283950617,0.0,0.0049382716049382715,0.0,0.005141388174807198,0.0,0.9604938271604938,1087,352352.05166666664,425027.446963936,424802.62780181936,36,1.2062579030078189,0.03439020915102307,7.816689535137862,0.12333292501380876,0.05748577832812701,238,238,99,16014397.56,16419093.6,68987.78823529412,73607.58499999999,2,0,222,14964986.83,15369682.87,69232.80572072072,73607.58499999999,2,0,36,38,16,0,0.06722689075630252,0.0,0.008403361344537815,0.0,0.009009009009009009,0.0,0.9327731092436975,1092,426935.63527777774,458806.09973268287,459393.477750656,36,1.0746493424803232,0.04514684091889735,27.18352990647071,0.31555197534144047,0.13727110842276197,1.211673476167719,0.570694087403599,2284799.17,0.027720717916796346,0.0038676208342018114
E279,619,619,326,19760064.37,20384491.65,32931.32738287561,12916.75,4,0,600,18815634.03,19440061.31,32400.102183333333,12127.5,4,0,30,90,19,0,0.030694668820678513,0.0,0.006462035541195477,0.0,0.006666666666666667,0.0,0.9693053311793215,884,648002.0436666666,426588.24686257105,407918.94522159774,30,0.6583131195833215,-0.029830949770833542,0.5582493787327873,0.2204414693792959,0.11987258031271139,526,526,77,24534413.91,28963128.47,55062.98188212927,60172.125,33,0,500,23289521.66,27718236.22,55436.47244,62910.715,33,0,29,7,26,0,0.049429657794676805,0.0,0.06273764258555133,0.0,0.066,0.0,0.9505703422053232,883,955801.2489655172,837423.4936444586,498047.9911501637,29,0.876148147484447,-0.035976270560633995,0.6053475634791001,0.9154850654490887,0.843325078673102,1.4258306997078087,0.8333333333333334,4473887.629999999,0.018734988973998293,0.059333333333333335
E280,555,555,349,14262881.9,14262881.9,25698.886306306307,1675.4,0,0,544,14112182.98,14112182.98,25941.512830882355,1675.4,0,0,29,103,11,0,0.01981981981981982,0.0,0.0,0.0,0.0,0.0,0.9801801801801802,847,486626.99931034487,290835.2004181445,290835.2004181445,29,0.5976552900482722,-0.00978683843972822,1.2150130508200139,0.19050123597532886,0.09179471852274343,588,588,285,21411478.96,21713424.96,36927.59346938776,25061.0,4,0,549,19742329.56,20044275.56,36510.520145719485,25000.0,4,0,36,125,39,0,0.0663265306122449,0.0,0.006802721088435374,0.0,0.007285974499089253,0.0,0.9336734693877551,1062,556785.4322222222,298026.59001115104,296251.5171078171,36,0.5352629087684243,0.01901048790204371,6.570120896378426,0.1049050959065941,0.03464529110155739,1.4203525838920208,1.0091911764705883,5630146.579999998,0.046506710792425084,0.007285974499089253
E281,1062,1062,457,22312967.97,22312967.97,21010.32765536723,2281.0,0,0,1002,21614464.91,21614464.91,21571.32226546906,2000.0,0,0,34,186,60,0,0.05649717514124294,0.0,0.0,0.0,0.0,0.0,0.943502824858757,1025,635719.5561764706,350503.02477916214,350503.02477916214,34,0.5513485016683447,-0.0033430131135438555,3.8819809835632113,0.5669847993475032,0.33290982105441813,581,581,250,18941403.12,19005403.12,32711.53721170396,18919.0,3,0,551,17774526.18,17838526.18,32374.820653357532,18700.0,3,0,33,43,30,0,0.05163511187607573,0.0,0.0051635111876075735,0.0,0.0054446460980036296,0.0,0.9483648881239243,980,540561.3993939394,327990.29579860304,326791.73977894866,33,0.6067586330920697,0.01590136615182292,7.8338861974458975,0.38186918197521186,0.2050004563712187,0.8253050100605058,0.5499001996007984,-3839938.7300000004,-0.0048620632651672074,0.0054446460980036296
E282,795,794,403,13712111.959999999,14475179.44,18207.772880503144,2017.0,19,0,752,12876647.51,13639714.99,18137.918869680852,2017.0,19,0,38,93,43,1,0.05408805031446541,0.0012578616352201257,0.02389937106918239,0.0,0.02526595744680851,0.0,0.9459119496855346,1142,358939.86815789476,72498.2496855718,56454.35800288371,38,0.20197881627816391,0.0036744542452238245,0.8562347817260012,0.7083589764950067,0.5168252093996654,2711,2711,454,23133750.08,23662730.0,8728.413869420878,1500.0,18,591,1959,22048760.63,22577740.55,11525.135553854008,2500.0,18,0,38,562,752,0,0.2773884175580966,0.0,0.0066396163777203985,0.21800073773515308,0.009188361408882083,0.0,0.7226115824419034,1142,594151.0671052631,301143.22128709126,294571.6232475369,38,0.5068462180069417,-0.00555817890315073,0.39274355857851545,0.23346003061409082,0.09840428844068463,1.6552941587527996,2.6050531914893615,9172113.12,0.22330036724363123,-0.016077596037926425
E283,609,609,338,18229904.45,18229904.45,29934.161658456484,11650.0,0,0,582,17369732.99,17369732.99,29844.902044673538,11650.0,0,0,37,107,27,0,0.04433497536945813,0.0,0.0,0.0,0.0,0.0,0.9556650246305419,1115,469452.2429729729,243498.53287962772,243498.53287962772,37,0.5186864830756518,0.01336064508607616,3.414536044229982,0.20720274641366265,0.10141292584760564,299,299,108,23292230.14,23292230.14,77900.43525083612,84010.5,0,0,291,22691463.44,22691463.44,77977.53759450173,84010.5,0,0,37,20,8,0,0.026755852842809364,0.0,0.0,0.0,0.0,0.0,0.9732441471571907,1113,613282.7956756757,314874.5490060921,314874.5490060921,37,0.5134247222102218,0.02107559476815723,3.1370044633516008,0.2501219405706166,0.14841188594961646,1.3063795196543204,0.5,5321730.450000003,-0.017579122526648765,0.0
E284,1058,1058,517,13172774.19,13218221.83,12493.593412098298,4135.0,5,0,1007,12229856.17,12275303.81,12189.973992055611,3778.0,5,0,38,120,51,0,0.048204158790170135,0.0,0.004725897920604915,0.0,0.004965243296921549,0.0,0.9517958412098299,1143,323034.3107894737,160462.83862910216,161405.7510402051,38,0.4967362081041546,0.012819725056864382,2.028479962218977,0.19912045256336508,0.08356171572541377,466,466,189,19501078.5,19517638.5,41883.34442060086,33475.0,2,0,429,18471740.5,18488300.5,43096.27156177156,39000.0,2,0,37,125,37,0,0.07939914163090128,0.0,0.004291845493562232,0.0,0.004662004662004662,0.0,0.9206008583690987,1102,499683.7972972973,245473.89545692643,246313.16157126173,37,0.49125846542283746,0.025008870747414546,6.199070629002124,0.557468329768872,0.32903438981434235,1.506137916109141,0.4260178748758689,6241884.33,0.031194982840731147,-0.00030323863491688724
E285,772,772,415,21135545.08,21520755.86,27876.62676165803,709.505,4,0,730,18423110.88,18808321.66,25764.824191780823,564.5,4,0,36,224,42,0,0.054404145077720206,0.0,0.0051813471502590676,0.0,0.005479452054794521,0.0,0.9455958549222798,1070,522453.37944444444,885389.0262762764,877218.2439287454,36,1.6946756612384495,-0.0038304876152073937,2.0730054305797174,0.1738207411112513,0.07158385803605553,564,564,173,38565998.72,39558860.72,70139.82397163121,89500.0,7,30,458,34052493.51,35045355.51,76518.24347161571,94500.0,7,0,36,53,106,0,0.1879432624113475,0.0,0.012411347517730497,0.05319148936170213,0.015283842794759825,0.0,0.8120567375886525,1058,973482.0974999999,1343194.9022479588,1319474.6617905034,36,1.379783876557585,0.032439464562275644,5.730906885012908,0.19441469207113204,0.06963007105214297,1.863289885377258,0.6273972602739726,15629382.629999999,0.1335391173336273,0.009804390739965304
E286,305,305,167,13460417.26,13460417.26,44132.515606557376,18212.0,0,0,290,12889214.06,12889214.06,44445.56572413793,18456.0,0,0,24,79,15,0,0.04918032786885246,0.0,0.0,0.0,0.0,0.0,0.9508196721311475,695,537050.5858333333,536871.8175114172,536871.8175114172,24,0.9996671294536645,0.06859970546634678,29.477681612971477,0.14973760161137395,0.07997926330319281,258,258,97,17966574.57,18517863.69,71774.66546511628,80913.625,5,0,199,13842740.0,14394029.12,72331.80462311557,84000.0,5,0,23,32,59,0,0.22868217054263565,0.0,0.01937984496124031,0.0,0.02512562814070352,0.0,0.7713178294573644,690,625827.3530434783,619136.462436096,599791.0251578086,23,0.9893087277587922,0.07484411207279563,17.328834311097598,0.24821459719264485,0.14795110127051161,1.1167499471259459,0.6862068965517242,953525.9399999995,0.1795018426737832,0.02512562814070352
E287,462,462,298,18107475.92,18364005.14,39748.92887445888,26636.1,3,0,422,16489546.81,16746076.03,39682.644620853076,26205.0,3,0,37,94,40,0,0.08658008658008658,0.0,0.006493506493506494,0.0,0.0071090047393364926,0.0,0.9134199134199135,1113,452596.64945945947,268017.10368948814,268064.96461487113,37,0.592176508618841,0.01672646308556499,2.1737484807864713,0.1835944727882619,0.06069880221596188,309,309,109,20086444.5,20251063.3,65537.4216828479,68005.0,1,0,267,17369176.9,17533795.7,65669.64681647939,70000.0,1,0,37,26,42,0,0.13592233009708737,0.0,0.003236245954692557,0.0,0.003745318352059925,0.0,0.8640776699029126,1114,473886.3702702703,215540.1159720091,209673.83854481936,37,0.4548350184646178,0.019615417087896936,1.956810374491861,0.2396400683509732,0.12947370433416314,1.0470390596930785,0.6327014218009479,879630.089999998,0.0493422435170008,-0.0033636863872765674
E288,582,582,331,15577566.2,15577752.0,26765.896907216495,2723.24,1,0,575,15170160.33,15170346.13,26383.210660869565,2666.85,1,0,31,125,7,0,0.012027491408934709,0.0,0.001718213058419244,0.0,0.0017391304347826088,0.0,0.9879725085910653,944,489366.0041935484,350639.277312539,350647.89569013077,31,0.716517441562733,0.008793039203384336,537.6390249841718,0.32001962172764215,0.18981285782571425,308,308,125,23785610.21,24582165.21,79812.22470779221,89035.65,4,0,240,18556702.73,19353257.73,80638.573875,89928.1,4,0,33,36,68,0,0.22077922077922077,0.0,0.012987012987012988,0.0,0.016666666666666666,0.0,0.7792207792207793,1011,586462.3554545455,466240.07128893666,469357.99420622055,33,0.7950042606359126,-0.010451669275174602,0.6596026698995434,0.2694361684605127,0.12487472100790244,1.2757294767143192,0.41739130434782606,3386542.4000000004,0.20875172937028605,0.014927536231884057
E289,3335,3335,746,8418983.58,8481386.32,2543.144323838081,902.0,9,0,3307,7872247.51,7934650.25,2399.3499395222257,900.0,9,0,38,170,28,0,0.008395802098950524,0.0,0.0026986506746626685,0.0,0.002721499848805564,0.0,0.9916041979010495,1131,208806.5855263158,217635.1915128456,213446.10166548166,38,1.0422812621751203,0.02274228497103285,519.3965977011494,0.26604829872621044,0.16899100584735668,1679,1679,489,22587504.51,22803208.91,13581.422817153067,3600.0,24,1,1567,21683150.51,21898854.91,13975.019087428207,3600.0,24,0,37,398,112,0,0.06670637284097677,0.0,0.01429422275163788,0.0005955926146515784,0.015315890236119975,0.0,0.9332936271590232,1111,591860.9435135135,117804.32385920882,121477.1783312316,37,0.19904054347610298,-0.007881631378758863,0.8939630781700192,0.18086817855445575,0.08077625871701019,2.759901724716852,0.47384336256425763,13810903.000000002,0.05831057074202625,0.01259439038731441
E290,871,871,524,6206390.55,6221127.71,7142.511722158439,536.0,6,0,859,6097913.97,6112651.13,7116.008300349243,536.0,6,0,38,218,12,0,0.013777267508610792,0.0,0.006888633754305396,0.0,0.006984866123399301,0.0,0.9862227324913893,1129,160859.2402631579,156976.5006474284,157034.07678421176,38,0.9758625018408794,0.0055312066790169844,0.6541879968575056,0.08896908860558513,0.045133548558525645,1125,1125,337,22739348.88,23151888.88,20579.45678222222,6755.0,19,0,988,19389050.37,19801590.37,20042.095516194335,6254.55,19,0,37,110,137,0,0.12177777777777778,0.0,0.016888888888888887,0.0,0.019230769230769232,0.0,0.8782222222222222,1108,535178.1181081082,439186.0486481094,438403.8019194227,37,0.820635287183756,0.007696835086398965,1.540992510949052,0.3427311278129424,0.13301826317719612,3.2394438924899025,1.150174621653085,13291136.400000002,0.10800051026916699,0.012245903107369931
E291,393,393,180,20194632.77,20346840.57,51773.131221374046,5000.0,9,0,372,18636178.8,18788386.6,50506.415591397854,5000.0,9,0,29,117,21,0,0.05343511450381679,0.0,0.022900763358778626,0.0,0.024193548387096774,0.0,0.9465648854961832,1054,647875.4,1816297.632537564,1817987.5008485587,29,2.803467507081707,-0.07346169907805851,0.04148371481492479,0.7456641859817809,0.574095216145241,162,162,15,13578727.72,13830287.72,85372.14641975309,112424.8,2,26,129,12997289.02,13248849.02,102704.25596899225,114454.0,2,0,8,5,33,0,0.2037037037037037,0.0,0.012345679012345678,0.16049382716049382,0.015503875968992248,0.0,0.7962962962962963,784,1656106.1275,2406680.885534097,2429984.173997791,8,1.4532165816976588,-0.03724432897406298,0.10133076132532155,0.9717893743497426,0.944669179943257,0.7051616140366197,0.3467741935483871,-5638889.780000001,0.1502685891998869,-0.008689672418104526
E292,335,335,216,7591626.1,7591626.1,22661.570447761194,8770.0,0,0,323,7488457.0,7488457.0,23184.077399380803,8770.0,0,0,34,83,12,0,0.03582089552238806,0.0,0.0,0.0,0.0,0.0,0.9641791044776119,1050,220248.73529411765,232602.70633239282,232602.70633239282,34,1.056090996489845,0.06226524014260847,8.733859440636746,0.3949438449069014,0.19817802563630788,1317,1317,145,12825713.18,12851920.38,9758.481685649203,10000.0,2,0,1278,12466899.79,12493106.99,9775.514076682317,10000.0,2,0,33,20,39,0,0.029612756264236904,0.0,0.0015186028853454822,0.0,0.001564945226917058,0.0,0.9703872437357631,1038,378578.9996969697,282104.68157294387,282536.92728572956,33,0.7451672749908266,0.045745075365661574,8.369071819868093,0.34266420142136317,0.21162971841579573,1.6683152470528975,3.956656346749226,4978442.789999999,-0.006208139258151158,0.001564945226917058
E293,59,59,43,9689960.55,9689960.55,164236.61949152543,40930.5,0,0,56,8573544.46,8573544.46,153099.00821428574,38038.8,0,0,23,27,3,0,0.05084745762711865,0.0,0.0,0.0,0.0,0.0,0.9491525423728814,1056,372762.8026086957,468462.35337297834,468462.35337297834,23,1.256730419705376,0.09257340890321276,5.4255313047819875,0.8137879452951482,0.6675408993892831,117,117,44,9719701.47,9719701.47,83074.37153846155,99200.0,0,0,107,8831231.14,8831231.14,82534.87046728973,99010.35,0,0,37,3,10,0,0.08547008547008547,0.0,0.0,0.0,0.0,0.0,0.9145299145299145,1092,238681.92270270272,408573.11248067976,408573.11248067976,37,1.7117890951028998,0.06366428293739076,4.625505507134538,0.7785838204207618,0.6363826735296351,1.0300560265596383,1.9107142857142858,257686.6799999997,0.034622627842966824,0.0
E294,867,867,491,4950539.76,4991017.76,5756.652549019607,300.0,4,0,845,4566083.58,4606561.58,5451.552165680473,300.0,4,0,30,234,22,0,0.025374855824682813,0.0,0.00461361014994233,0.0,0.004733727810650888,0.0,0.9746251441753172,886,153552.05266666666,176903.6532077634,175607.8797542072,30,1.152076120999755,-0.007817338446498115,1.3102078215221091,0.22639803286858481,0.08618243906278686,359,359,129,30514385.91,30745385.91,85641.74348189415,97253.5,1,0,310,26189024.01,26420024.01,85225.88390322581,97526.75,1,0,36,47,49,0,0.13649025069637882,0.0,0.002785515320334262,0.0,0.0032258064516129032,0.0,0.8635097493036211,1069,733889.5558333334,479544.011714521,471658.4120698545,36,0.6534280368249655,-0.011185674618338682,0.9977319441489091,0.1427001307255814,0.07201861346218191,5.735302470438266,0.3668639053254438,21622940.43,0.11111539487169601,-0.0015079213590379844
E295,854,854,509,13847235.54,13903368.04,16280.29044496487,534.5,1,0,818,12865263.94,12921396.44,15796.328166259169,525.0,1,0,37,213,36,0,0.04215456674473068,0.0,0.00117096018735363,0.0,0.0012224938875305623,0.0,0.9578454332552693,1109,349226.9308108108,402242.6706459772,402762.2956523155,37,1.1518088530918222,0.014610208625353373,1.455176736253871,0.22628414069462605,0.06865300760557859,251,251,99,19550718.83,19859210.57,79120.36083665339,92800.0,3,1,206,15791956.19,16100447.93,78157.51422330097,92363.5,3,0,33,57,45,0,0.17928286852589642,0.0,0.01195219123505976,0.00398406374501992,0.014563106796116505,0.0,0.8207171314741036,1120,487892.3615151515,441325.6713950196,445438.75883847673,33,0.9045554023934319,0.018290695446033654,1.0928312773732987,0.1535554830989103,0.05687074579506028,1.2460300250643808,0.25183374083129584,2926692.25,0.13712830178116575,0.013340612908585943
E296,1544,1544,539,7900388.49,9237582.41,5982.890161917098,355.945,28,0,1446,5806430.69,7143624.61,4940.265982019364,325.3,28,0,28,381,98,0,0.06347150259067358,0.0,0.018134715025906734,0.0,0.019363762102351315,0.0,0.9365284974093264,969,255129.45035714286,276217.2089926899,224330.82294063177,28,1.0826551329375238,-0.011361102478811192,2.000963245344391,0.11128804261174635,0.044377190996802526,252,252,60,15526530.54,19205428.56,76212.01809523809,100000.0,19,0,219,13194399.37,16873297.39,77047.02004566211,100000.0,19,0,20,18,33,0,0.13095238095238096,0.0,0.07539682539682539,0.0,0.0867579908675799,0.0,0.8690476190476191,1010,843664.8695,961707.3601378993,759900.3094548061,20,1.1399163280413198,-0.06068178176789738,1.5319995089377327,0.6105462359778867,0.3904781761789698,2.362007847721998,0.15145228215767634,7387968.679999999,0.06748087836170738,0.06739422876522859
E297,50,50,21,11818960.0,11818960.0,236379.2,196490.0,0,0,50,11818960.0,11818960.0,236379.2,196490.0,0,0,13,10,0,0,0.0,0.0,0.0,0.0,0.0,0.0,1.0,952,909150.7692307692,935450.2885322263,935450.2885322263,13,1.0289275664626112,0.029815591703016668,1.2312937412517495,0.7502335230849415,0.587331215375409,183,183,18,17431786.0,17431786.0,95255.66120218579,99447.0,0,0,162,15690373.0,15690373.0,96854.15432098765,99600.0,0,0,14,3,21,0,0.11475409836065574,0.0,0.0,0.0,0.0,0.0,0.8852459016393442,703,1120740.9285714286,791587.9908094638,791587.9908094638,14,0.7063077385943911,-0.04199758765356419,0.5737703462967009,0.6502971599209273,0.4940782576081245,1.3275595314646973,3.24,3871413.0,0.11475409836065574,0.0
E298,909,909,270,5833585.61,5920019.55,6512.6727722772275,8500.0,10,0,902,5748300.06,5834734.0,6468.662971175167,8499.5,10,0,28,70,7,0,0.007700770077007701,0.0,0.011001100110011002,0.0,0.011086474501108648,0.0,0.9922992299229924,868,208383.35714285713,254276.73130630061,253125.54766389972,28,1.2202353143393372,0.08810207225815192,21.20737604494371,0.13399788233705257,0.10165810120125718,2813,2813,278,19077459.53,19408522.39,6899.581368645574,9999.0,32,1,2436,16738275.44,17023616.3,6988.348234811167,9999.0,29,0,38,253,377,0,0.13402061855670103,0.0,0.011375755421258443,0.00035549235691432633,0.011904761904761904,0.0,0.865979381443299,1131,447989.90263157897,242624.33529765153,246182.91729014905,38,0.5415843836488936,0.022205285989905,4.570231187529332,0.495498454109307,0.2909860290778349,2.9176336573355357,2.7006651884700665,10989975.379999999,0.12631984847969333,0.0008182874036532558
E299,592,592,339,27291493.04,27792780.64,46947.2645945946,600.0,6,0,570,26824293.29,27325580.89,47939.61559649123,600.0,6,0,38,109,22,0,0.037162162162162164,0.0,0.010135135135135136,0.0,0.010526315789473684,0.0,0.9628378378378378,1124,719094.2339473685,546634.6012747674,539780.0543341566,38,0.7601710255331798,0.028020267852349238,1.198225350997583,0.6183401651374738,0.4173724036551692,545,545,127,25253697.9,26354689.32,48357.228110091746,999.0,6,0,495,21871451.74,22972443.16,46408.97608080808,999.0,6,0,38,265,50,0,0.09174311926605505,0.0,0.011009174311926606,0.0,0.012121212121212121,0.0,0.908256880733945,1123,604537.9778947368,442842.7015792621,464437.54093790794,38,0.7325308215067518,0.009345544957380155,0.8547358513814229,0.4870160336050212,0.3233224816854719,0.8406936801261904,0.868421052631579,-4952841.550000001,0.05458095710389289,0.0015948963317384372
E300,771,771,304,16785343.35,16986274.13,22031.483955901425,2377.87,2,0,747,16132911.69,16333842.47,21865.92030789826,2149.0,2,0,35,232,24,0,0.0311284046692607,0.0,0.0025940337224383916,0.0,0.002677376171352075,0.0,0.9688715953307393,1035,466681.2134285714,897207.1374129723,878012.748336367,35,1.922526794728787,0.12514399335512946,44.19438511688077,0.15975411999917494,0.05986235671200123,246,246,48,22024690.67,22816690.67,92750.77508130082,100000.0,4,0,223,20246738.77,21038738.77,94344.12004484305,100000.0,4,0,19,23,23,0,0.09349593495934959,0.0,0.016260162601626018,0.0,0.017937219730941704,0.0,0.9065040650406504,997,1107302.0405263158,1313486.2706956617,1336415.600630715,19,1.1862041454121621,0.16663377843094276,25.376516214326212,0.30065954804381084,0.1539367268785865,1.2880458966493264,0.29852744310575635,4113827.08,0.06236753029008889,0.015259843559589628
E301,3029,3029,852,4493948.18,4512159.18,1489.6530802244965,257.0,7,0,2971,4118577.67,4136788.67,1392.3893200942443,252.0,7,0,35,789,58,0,0.01914823374050842,0.0,0.00231099372730274,0.0,0.0023561090541905083,0.0,0.9808517662594916,1061,118193.962,91613.50706351672,91682.07596892063,35,0.7751115667272134,0.04921910406866964,61.7333245135202,0.21632722176257557,0.0643779641296795,458,458,174,17445052.73,17815529.83,38898.53674672489,22040.0,8,0,428,16238685.06,16609162.16,38806.453644859816,20000.0,8,0,34,119,30,0,0.06550218340611354,0.0,0.017467248908296942,0.0,0.018691588785046728,0.0,0.9344978165938864,1034,488504.7694117647,544805.2623156307,538786.551359996,34,1.115250651435114,0.04865179020150941,11.166041513779225,0.2976572606357165,0.11284800775451193,4.01498927911152,0.1440592393133625,12120107.39,0.04635394966560512,0.01633547973085622
E302,955,955,538,4427564.35,4563652.35,4778.693560209424,320.0,8,0,899,3494287.41,3630375.41,4038.2373859844274,310.0,8,0,38,236,56,0,0.05863874345549738,0.0,0.008376963350785341,0.0,0.008898776418242492,0.0,0.9413612565445026,1144,95536.195,163199.45927816193,161833.33162141146,38,1.7082474268329602,0.0305846968000015,2.1629559221931465,0.2508195040909006,0.10136188001214456,289,289,107,11922876.11,12110923.71,41906.310415224914,27300.0,1,0,261,10753014.6,10941062.2,41919.7785440613,27500.0,1,0,36,33,28,0,0.09688581314878893,0.0,0.0034602076124567475,0.0,0.0038314176245210726,0.0,0.903114186851211,1104,303918.39444444445,254588.1290897085,251682.72606150762,36,0.8376858187708234,0.04940475750603272,5.49224992102074,0.15216502470847848,0.09248457000176677,3.013755043035618,0.2903225806451613,7258727.1899999995,0.038247069693291544,-0.005067358793721419
E303,693,693,449,3170500.4899999998,3171060.4899999998,4575.8448629148625,345.0,1,0,682,2423111.97,2423671.97,3553.771217008798,346.0,1,0,34,108,11,0,0.015873015873015872,0.0,0.001443001443001443,0.0,0.001466275659824047,0.0,0.9841269841269841,1137,71284.46970588235,195060.24263323893,195025.30030455464,34,2.7363638031965705,0.01142445286513677,61.42537637152335,0.4332269436610268,0.2976514488073787,360,360,122,16884954.4,16888091.82,46911.36616666667,49314.405,1,27,315,16428418.7,16431556.12,52163.67022222222,50000.0,1,0,33,42,45,0,0.125,0.0,0.002777777777777778,0.075,0.0031746031746031746,0.0,0.875,1136,497925.943030303,237995.67963689333,237968.75055526872,33,0.47797405009364874,0.01194202020942573,1.4932646209863127,0.23481822791595713,0.10659402015658866,6.779612226154515,0.46187683284457476,14005306.729999999,0.10912698412698413,0.0017083275147791277
E304,607,607,327,19542687.27,19545687.27,32200.473261943986,6231.8,1,0,588,19039870.27,19042870.27,32385.833792517005,5830.0,1,0,37,142,19,0,0.03130148270181219,0.0,0.0016474464579901153,0.0,0.0017006802721088435,0.0,0.9686985172981878,1118,514672.16945945943,438650.1359898603,438566.10662902665,37,0.8522903743766791,0.058065314381169096,9.07087702754335,0.4222840299798986,0.21354100541127194,1029,1029,404,11369292.98,11369292.98,11048.875587949466,8960.0,0,0,951,10784176.79,10784176.79,11339.828380651945,8904.0,0,0,37,198,78,0,0.07580174927113703,0.0,0.0,0.0,0.0,0.0,0.924198250728863,1125,291464.23756756756,188545.46824844574,188545.46824844574,37,0.6468905750563546,0.047425996671171,4.574510587502259,0.1511102823825276,0.046979442402059195,0.5663104688051839,1.6173469387755102,-8255693.48,0.04450026656932484,-0.0017006802721088435
E305,590,590,323,19677661.07,19677661.07,33351.96791525424,397.5,0,0,575,19564194.07,19564194.07,34024.68533913043,390.0,0,0,36,164,15,0,0.025423728813559324,0.0,0.0,0.0,0.0,0.0,0.9745762711864406,1050,543449.8352777777,1772513.346468854,1772513.346468854,36,3.2615951490036896,-0.06694445442445307,0.017673945494934454,0.5834688594458417,0.3906517493515759,359,359,47,63582439.59,64196896.83,178821.439637883,99000.0,2,0,321,50508527.99,51122985.23,159261.63623052958,99000.0,2,0,26,4,38,0,0.10584958217270195,0.0,0.005571030640668524,0.0,0.006230529595015576,0.0,0.8941504178272981,1107,1966268.662692308,1819519.18702028,1841895.1153171763,26,0.9253665185961456,-0.06359014341498337,0.32161489009840816,0.4662666701241851,0.32952620895480955,2.613089251061595,0.5582608695652174,30944333.92,0.08042585335914262,0.006230529595015576
E306,1251,1251,579,4072362.83,4164433.63,3328.88379696243,278.0,5,0,1225,3947691.98,4039762.78,3297.7655346938773,278.0,5,0,31,340,26,0,0.020783373301358914,0.0,0.003996802557953637,0.0,0.004081632653061225,0.0,0.9792166266986411,922,130314.92838709676,219793.08337329677,219430.6092761146,31,1.6866301205369787,0.06994311365233184,24.543385016465425,0.36170366419386635,0.23588471234181346,382,382,149,15101050.69,16021450.69,41940.970392670155,24214.5,8,6,329,13395256.24,14115656.24,42904.73021276596,28012.72,7,0,34,64,53,0,0.1387434554973822,0.0,0.020942408376963352,0.015706806282722512,0.02127659574468085,0.0,0.8612565445026178,1055,415166.36,417156.9899294798,393418.0347167903,34,1.0047947765553062,0.03273346577626478,3.150905301689015,0.22289303993421705,0.07860659718596696,3.494179487440102,0.26857142857142857,9447564.26,0.11796008219602329,0.017194963091619626
E307,461,461,303,3239157.43,3239157.43,7026.371865509762,400.0,0,0,452,3229215.43,3229215.43,7144.281924778761,400.0,0,0,33,110,9,0,0.019522776572668113,0.0,0.0,0.0,0.0,0.0,0.9804772234273319,979,97855.01303030303,359193.83686064644,359193.83686064644,33,3.670673844266046,0.11695419359002551,250.6051708560176,0.6193617438524378,0.399603515684796,115,115,19,7909138.02,7909138.02,68775.1132173913,100000.0,0,0,98,6688991.92,6688991.92,68255.01959183674,100000.0,0,0,14,10,17,0,0.14782608695652175,0.0,0.0,0.0,0.0,0.0,0.8521739130434782,911,477785.13714285713,890854.6842973012,890854.6842973012,14,1.8645508515074147,0.09040490587452779,8.424773630762854,0.44849807502832206,0.32737675946500927,2.0713984758830413,0.2168141592920354,3459776.4899999998,0.12830331038385362,0.0
E308,514,514,189,8784915.05,8922333.05,17358.62461089494,9889.5,9,0,487,8393697.35,8531115.35,17517.69065708419,9908.9,9,0,37,64,27,0,0.05252918287937743,0.0,0.017509727626459144,0.0,0.018480492813141684,0.0,0.9474708171206225,1097,230570.68513513514,308621.19318429177,307606.47422528773,37,1.3385101102658044,0.05928355144110838,22.918975701153467,0.1334731688981324,0.06932838742137713,2015,2015,320,13536026.63,13675193.77,6786.696660049628,9800.0,11,221,1613,12296994.39,12436161.53,7709.957551146931,9999.0,11,0,37,1535,402,0,0.19950372208436726,0.0,0.005459057071960298,0.10967741935483871,0.006819590824550527,0.0,0.8004962779156327,1121,336112.4737837838,159687.4185076128,161100.46677250948,37,0.47510113715784724,0.020954225127458013,1.6268499596134416,0.022960460855319883,0.001382636453357707,1.4577415753732599,3.3121149897330597,3903297.040000001,0.14697453920498982,-0.011660901988591156
E309,986,986,436,7575837.8,7766640.34,7876.917180527384,1498.5,14,0,934,6796476.2,6987278.74,7481.026488222698,1174.5,14,0,31,194,52,0,0.05273833671399594,0.0,0.014198782961460446,0.0,0.014989293361884369,0.0,0.947261663286004,953,225396.0883870968,220175.6191745622,218803.00546627058,31,0.9768386876192415,0.015730410484525757,156.39387065637067,0.22096176314843852,0.07653495415815198,211,211,77,16305259.4,16475259.4,78081.7981042654,100000.0,2,1,172,13443105.5,13613105.5,79145.96220930232,100000.0,2,0,33,38,39,0,0.1848341232227488,0.0,0.009478672985781991,0.004739336492890996,0.011627906976744186,0.0,0.8151658767772512,1064,412518.3484848485,400208.68191874004,404594.7598975354,33,0.9701597114132716,-0.00853422150592957,0.19519114856189382,0.16225241183945868,0.09212839169365725,1.9482699927325355,0.1841541755888651,6646629.3,0.13209578650875287,-0.003361386385140183
E310,1862,1862,720,3994194.92,4810666.1,2583.601557465091,300.0,9,0,1839,3856558.92,4673030.1,2541.071288743882,300.0,9,0,31,480,23,0,0.012352309344790547,0.0,0.004833512352309345,0.0,0.004893964110929853,0.0,0.9876476906552094,923,150742.9064516129,207412.54074538953,213296.4617236243,31,1.3759356617683838,0.041353501259279286,5.922456428260525,0.17119513097080202,0.055557869619867195,997,997,319,12563762.17,13359202.17,13399.40037111334,10000.0,30,1,938,11560120.53,12355560.53,13172.239371002132,10000.0,30,0,31,449,59,0,0.05917753259779338,0.0,0.03009027081243731,0.0010030090270812437,0.031982942430703626,0.0,0.9408224674022067,932,398566.4687096774,218303.37572391547,208843.28224625427,31,0.5477213786464595,0.011078881461317231,2.7922145956224362,0.10718345127155475,0.023398947629139726,2.6440147539387775,0.5100598151169113,7703561.609999999,0.04682522325300283,0.027088978319773773
E311,2544,2544,727,2221758.2,2248862.32,883.9867610062893,264.1,22,0,2514,2146017.87,2173121.99,864.4081105807479,261.5,22,0,27,346,30,0,0.01179245283018868,0.0,0.008647798742138365,0.0,0.008750994431185362,0.0,0.9882075471698113,786,80485.99962962964,45510.97692424961,45206.978217523014,27,0.5654520927077542,0.0016717511706598948,1.2920890915451912,0.14783661546768478,0.04877242138206172,467,467,200,12291020.05,13640588.05,29208.967987152035,20000.0,19,0,411,10991572.01,12301140.01,29929.78104622871,20000.0,18,0,26,131,56,0,0.11991434689507495,0.0,0.04068522483940043,0.0,0.043795620437956206,0.0,0.880085653104925,747,473120.76961538463,288588.5669389367,291283.6642406772,26,0.6099680789189191,0.008114858847496721,1.816559471841747,0.16014775853282887,0.04838761617982297,5.660584204018845,0.16348448687350836,8845554.14,0.10812189406488627,0.03504462600677084
E312,4652,4651,884,89814136.49,92263040.43,19832.983755374033,773.0,32,0,4433,83614546.01,85463449.95,19278.9194563501,690.0,31,0,37,906,219,1,0.04707652622527945,0.00021496130696474635,0.006878761822871883,0.0,0.006993006993006993,0.0,0.9529234737747205,1125,2309822.971621622,1555353.5776100925,1526275.8983706357,37,0.6733648408207445,0.05367924874748413,8.975826470823673,0.21236447289008603,0.06573006614763811,683,683,145,14708280.88,15783439.38,23108.988843338215,11400.0,15,0,666,14193546.55,15268705.05,22925.98355855856,11400.0,15,0,37,190,17,0,0.024890190336749635,0.0,0.021961932650073207,0.0,0.02252252252252252,0.0,0.9751098096632503,1117,412667.70405405405,223857.66487835336,209313.43584930152,37,0.5424647062980023,0.0019810124803712934,1.1776485606597347,0.38837669275692766,0.16579435201333642,0.1786577192815512,0.15023685991427926,-69420999.46000001,-0.022186335888529814,0.01552951552951553
E313,331,331,205,8362495.58,8408129.1,25402.20271903323,5744.0,5,0,325,8138200.39,8183833.91,25181.027415384615,4815.0,5,0,38,63,6,0,0.01812688821752266,0.0,0.015105740181268883,0.0,0.015384615384615385,0.0,0.9818731117824774,1140,215364.0502631579,138463.99473138468,134691.54080035168,38,0.6429299345094625,-0.010306123516930372,0.24824885253232767,0.36091498464929134,0.19341268397853653,297,297,104,15571712.06,16360670.9,55086.43400673401,52500.0,8,0,279,14560245.07,15349203.91,55015.06777777778,52137.44,8,0,37,29,18,0,0.06060606060606061,0.0,0.026936026936026935,0.0,0.02867383512544803,0.0,0.9393939393939394,1140,414843.3489189189,264424.4768150257,253108.49504726607,37,0.6374080180003256,0.0038400295840009782,1.5531290821081523,0.310035057055933,0.1979913357569045,1.875551737584078,0.8584615384615385,6422044.680000001,0.04247917238853795,0.013289219740832643
E314,1249,1249,519,3103712.26,3132101.96,2507.6877181745394,296.0,39,0,1237,3092942.85,3121332.55,2523.3084478577202,295.0,39,0,32,233,12,0,0.009607686148919135,0.0,0.03122497998398719,0.0,0.03152789005658852,0.0,0.9903923138510808,993,97541.6421875,196284.0364935027,196069.37850872095,32,2.0123101486870043,0.04800899112342803,4.69095885466795,0.5190619628145677,0.3283892831713563,127,127,53,8669935.0,8971377.0,70640.76377952757,90000.0,2,0,110,7627606.0,7929048.0,72082.25454545455,90000.0,2,0,31,5,17,0,0.13385826771653545,0.0,0.015748031496062992,0.0,0.01818181818181818,0.0,0.8661417322834646,1083,255775.74193548388,245286.3954804625,248550.56576418132,31,0.9589900653766174,0.028508881204906307,1.1239478615910716,0.4669389061587217,0.2933825677981243,2.5402765879592035,0.0889248181083266,4534663.15,0.12425058156761631,-0.01334607187477034
E315,388,388,278,2904454.68,3073903.86,7922.4326288659795,499.5,4,0,376,2443360.33,2612809.51,6948.961462765957,457.5,4,0,37,95,12,0,0.030927835051546393,0.0,0.010309278350515464,0.0,0.010638297872340425,0.0,0.9690721649484536,1102,70616.47324324325,81418.49648175125,79974.88640958324,37,1.1529674698041021,0.02099648574517741,3.366222737568763,0.14807202688113302,0.059215388941642765,1580,1580,156,13543071.22,13582751.22,8596.677987341773,10359.0,3,0,1533,13218795.03,13258475.03,8648.711696020873,10396.0,3,0,37,140,47,0,0.029746835443037974,0.0,0.0018987341772151898,0.0,0.0019569471624266144,0.0,0.970253164556962,1100,358337.16297297296,145467.84662912373,144494.038665915,37,0.40595244272806674,0.008299800072674264,1.8946399049779843,0.33028990665150426,0.14743125421024092,5.074413185980788,4.077127659574468,10775434.7,-0.0011809996085084193,-0.008681350709913811
E316,767,767,434,2869768.45,2882550.45,3758.214406779661,300.0,3,0,754,2817553.65,2830335.65,3753.7608090185677,300.0,3,0,36,185,13,0,0.01694915254237288,0.0,0.003911342894393742,0.0,0.003978779840848806,0.0,0.9830508474576272,1059,78620.43472222221,115929.35632712043,116089.4313354227,36,1.4745448398589531,0.07356862445805554,66.94041775433,0.2403633646772601,0.09207537529260298,456,456,149,13861041.59,14861532.41,32591.07984649123,15293.08,13,9,404,12409487.58,13409978.4,33193.01584158416,15435.36,13,0,33,22,52,0,0.11403508771929824,0.0,0.02850877192982456,0.019736842105263157,0.03217821782178218,0.0,0.8859649122807017,1018,406362.9818181818,494414.6218032148,448121.3557183572,33,1.2166822371247137,0.06276939708151338,35.84919481887432,0.7145673254775713,0.5256407200321229,4.737946328026501,0.5358090185676393,9591933.93,0.09708593517692536,0.028199437980933374
E317,354,354,230,1913797.47,1914953.47,5409.473079096045,300.0,3,0,347,1734789.89,1735945.89,5002.7259077809795,300.0,3,0,31,107,7,0,0.01977401129943503,0.0,0.00847457627118644,0.0,0.008645533141210375,0.0,0.980225988700565,968,55998.25451612904,84463.5692936413,84487.58330911526,31,1.5083250366190157,0.08409857528738987,9.47084275300298,0.19355442006317375,0.10314200920838994,209,209,98,7394737.97,8036456.63,38451.945598086124,24164.82,10,5,171,6081654.53,6723373.19,39317.971871345035,24164.82,10,0,25,33,38,0,0.18181818181818182,0.0,0.04784688995215311,0.023923444976076555,0.05847953216374269,0.0,0.8181818181818182,962,268934.9276,272647.3122220647,272943.8757992295,25,1.0138040255878786,0.09745887914817765,32.089455195258026,0.1300261929979228,0.07809860860894909,3.8730315436272043,0.49279538904899134,4346864.640000001,0.16204417051874678,0.04983399902253231
E318,300,300,167,1286101.44,1488212.88,4960.709599999999,2632.4849999999997,2,0,297,1276891.56,1479003.0,4979.80808080808,2630.0,2,0,38,25,3,0,0.01,0.0,0.006666666666666667,0.0,0.006734006734006734,0.0,0.99,1140,38921.13157894737,52446.21347205811,41355.92599020755,38,1.3474997088837604,0.013073013675365381,4.939723634053367,0.5198847128775264,0.31150894444164234,409,409,116,14933112.82,15001232.34,36677.82968215159,33658.53,2,4,349,12866601.95,12934721.47,37062.23916905445,33823.08,2,0,38,16,60,0,0.1466992665036675,0.0,0.004889975550122249,0.009779951100244499,0.0057306590257879654,0.0,0.8533007334963325,1138,340387.40710526315,108938.91693652702,110723.91367301473,38,0.320043910739736,0.0044807219843745714,1.1260484988568198,0.380053777841418,0.20108577771912597,8.74556810905725,1.1750841750841752,11589710.389999999,0.13669926650366748,-0.0010033477082187683
E319,182,182,129,8809043.58,8823043.58,48478.26142857143,36623.25,1,0,176,8395262.15,8409262.15,47779.89857954546,36070.75,1,0,30,36,6,0,0.03296703296703297,0.0,0.005494505494505495,0.0,0.005681818181818182,0.0,0.967032967032967,879,280308.73833333334,242985.46341976663,243334.44792530267,30,0.8668494063528509,-0.0038234835377183836,2.870832749115535,0.17191861476217624,0.089726236617484,742,742,375,17260807.58,17379283.58,23422.21506738544,13510.0,6,0,691,15716166.97,15834642.97,22915.546989869756,13518.0,6,0,36,174,51,0,0.06873315363881402,0.0,0.008086253369272238,0.0,0.008683068017366137,0.0,0.931266846361186,1073,439851.19361111114,205402.39875324487,205186.42118659412,36,0.4669815649854728,-0.018389546822152325,0.535832615170997,0.09732106009081681,0.03207834525771488,1.8830002784489244,3.9261363636363638,7320904.82,0.03576612067178105,0.0030012498355479547
E320,244,244,171,6886298.12,6886298.12,28222.533278688526,587.0,0,0,231,6765048.12,6765048.12,29285.922597402598,532.0,0,0,30,77,13,0,0.05327868852459016,0.0,0.0,0.0,0.0,0.0,0.9467213114754098,955,225501.604,974126.6148868322,974126.6148868322,30,4.319821223474899,0.05179511628663283,8.648794407190755,0.7878731836721954,0.6332129823673901,98,98,10,9559170.31,9559170.31,97542.55418367348,100000.0,0,0,92,9009170.31,9009170.31,97925.76423913044,100000.0,0,0,6,5,6,0,0.061224489795918366,0.0,0.0,0.0,0.0,0.0,0.9387755102040817,456,1501528.385,1460379.1852795738,1460379.1852795738,6,0.9725951236543382,0.029519657541662556,0.5879608534103985,0.607538843385457,0.4664033622730938,1.3317230195843752,0.39826839826839827,2244122.1900000004,0.007945801271328205,0.0
E321,63,63,58,6190283.45,6292683.45,99883.86428571428,93085.3,1,0,62,5929272.51,6031672.51,97285.04048387097,90992.65,1,0,33,15,1,0,0.015873015873015872,0.0,0.015873015873015872,0.0,0.016129032258064516,0.0,0.9841269841269841,1091,182777.95484848483,87769.56028763397,90750.70079699231,33,0.4801977369775869,0.012384704441377124,1.2031331237285,0.8048879480693159,0.6544642989714574,427,427,201,13995829.11,14666229.11,34347.14077283372,20000.0,6,1,365,12442307.91,13112707.91,35925.22715068493,21480.0,6,0,37,125,62,0,0.1451990632318501,0.0,0.01405152224824356,0.00234192037470726,0.01643835616438356,0.0,0.8548009367681498,1102,354397.51108108106,284152.3892466024,289809.24861680646,37,0.8017900249350014,0.035761889506124814,5.742837617388043,0.1052642985319117,0.0372819540150705,2.1739754418463946,5.887096774193548,6513035.4,0.12932604735883424,0.00030932390631904436
E322,904,904,448,10907439.26,10978429.86,12144.28081858407,410.7,12,0,884,10250591.05,10321581.65,11675.99734162896,390.73,12,0,30,230,20,0,0.022123893805309734,0.0,0.01327433628318584,0.0,0.013574660633484163,0.0,0.9778761061946902,908,344052.7216666667,259111.30807825906,257732.8666752738,30,0.75311512381901,0.018387383770233422,2.4140029998410606,0.2410947453968937,0.0899959087665655,880,880,115,12243731.3,15679077.2,17817.133181818182,10000.0,44,0,832,11278085.22,14705401.12,17674.76096153846,10000.0,43,0,29,14,48,0,0.05454545454545454,0.0,0.05,0.0,0.051682692307692304,0.0,0.9454545454545454,887,507082.7972413793,672322.9947231779,333523.74792892364,29,1.3258643329664006,0.06970756561236671,8.707282266881496,0.33101807154241025,0.23692231237970304,1.424723614912255,0.9411764705882353,1027494.1699999999,0.03242156074014481,0.03810803167420814
E323,501,501,249,4998167.25,5501227.21,10980.493433133732,503.5,4,0,468,4315841.96,4818901.92,10296.798974358975,500.0,4,0,26,144,33,0,0.0658682634730539,0.0,0.007984031936127744,0.0,0.008547008547008548,0.0,0.9341317365269461,778,185342.38153846154,336700.81251014885,293987.6084610112,26,1.81664231200287,0.15818571167119522,31.296404955311857,0.19921550924613962,0.07298598575081161,165,165,29,7599033.6,7599033.6,46054.74909090909,10000.0,0,0,117,5969410.87,5969410.87,51020.60572649573,28031.56,0,0,16,14,48,0,0.2909090909090909,0.0,0.0,0.0,0.0,0.0,0.7090909090909091,683,373088.179375,451496.7718519722,451496.7718519722,16,1.2101610204009219,0.16151619917876814,9.906607930220817,0.5211521685723737,0.3825116847189998,1.2387491941317619,0.25,1653568.9100000001,0.22504082743603698,-0.008547008547008548
E324,1621,1621,557,95633469.88,95720671.88,59050.38363972856,64355.0,6,0,1569,91927033.15,92014235.15,58645.14668578713,63900.0,6,0,37,82,52,0,0.032078963602714373,0.0,0.003701418877236274,0.0,0.0038240917782026767,0.0,0.9679210363972857,1114,2486871.22027027,1074751.5903861842,1072673.0137648392,37,0.43217018300987114,0.012971631957814676,1.5366349061751867,0.4780301336885046,0.2694956005555338,416,416,224,18635217.04,19069920.4,45841.154807692306,48010.41499999999,6,0,339,14963640.68,15398344.040000001,45422.84377581121,44898.67,6,0,37,41,77,0,0.18509615384615385,0.0,0.014423076923076924,0.0,0.017699115044247787,0.0,0.8149038461538461,1108,416171.4605405405,295612.4642948438,299415.368515271,37,0.7103141188751632,-0.010700221047925073,0.35592728363554726,0.6115410842580447,0.38735165679094175,0.16734741113587356,0.21606118546845124,-76963392.47,0.1530171902434395,0.01387502326604511
E325,530,530,259,36405246.56,36407501.8,68693.3996226415,9829.15,12,0,513,35538257.46,35540512.7,69279.75185185186,9770.0,12,0,37,63,17,0,0.03207547169811321,0.0,0.022641509433962263,0.0,0.023391812865497075,0.0,0.9679245283018868,1100,960554.3972972974,430717.76896176324,430708.9871236759,37,0.44840538981828587,0.02701702965130823,3.3306884476741256,0.7630364901854665,0.5912687626032718,4180,4180,940,14322690.61,14625605.13,3498.94859569378,1598.5,29,10,4001,13065285.05,13368199.57,3341.214588852787,1588.0,29,0,38,1498,179,0,0.042822966507177034,0.0,0.006937799043062201,0.0023923444976076554,0.007248187953011747,0.0,0.957177033492823,1146,351794.7255263158,156706.02667395273,160780.4605644334,38,0.44544734557775634,-0.011803087760418048,0.34111859436768804,0.3021521236909541,0.1468224845396342,0.37613975022932067,7.799220272904483,-22472972.41,0.010747494809063826,-0.016143624912485326
E326,286,286,140,10951030.25,10951030.25,38290.31555944056,11000.0,0,0,270,10208729.25,10208729.25,37810.10833333333,10765.035,0,0,33,38,16,0,0.055944055944055944,0.0,0.0,0.0,0.0,0.0,0.9440559440559441,1009,309355.4318181818,162819.39764688417,162819.39764688417,33,0.5263182116762649,-0.023379996782857085,0.2196573774945614,0.2119971846642911,0.09197408659897072,198,198,100,14108649.29,14108649.29,71255.8044949495,75787.0,0,0,181,12813213.69,12813213.69,70791.23585635358,74812.0,0,0,33,36,17,0,0.08585858585858586,0.0,0.0,0.0,0.0,0.0,0.9141414141414141,983,388279.2027272727,235057.0877888942,235057.0877888942,33,0.6053816071987721,-0.016907535167016815,0.2532576071914159,0.37922024228724155,0.18558673386710364,1.2551232750148604,0.6703703703703704,2604484.4399999995,0.029914529914529912,0.0
E327,480,480,309,13305927.11,13305927.11,27720.681479166666,815.0,0,0,466,12361512.57,12361512.57,26526.851008583693,578.0,0,0,30,61,14,0,0.029166666666666667,0.0,0.0,0.0,0.0,0.0,0.9708333333333333,880,412050.419,372456.8635556343,372456.8635556343,30,0.9039108962916363,-0.03732855094300902,1.0656117655987116,0.35134641941313816,0.1890646394563403,271,271,92,22258641.1,22308728.78,82320.032398524,93528.83,1,0,251,20893631.68,20943719.36,83441.11298804781,94491.59,1,0,36,7,20,0,0.07380073800738007,0.0,0.0036900369003690036,0.0,0.00398406374501992,0.0,0.9261992619926199,1064,581769.9822222223,356507.1197061218,354857.4147794548,36,0.612797378002127,-0.03254646696627421,0.4195374244558749,0.9214478869907852,0.8511248558850496,1.6942683382313626,0.5386266094420601,8532119.11,0.044634071340713406,0.00398406374501992
E328,465,465,244,3137358.17,3141530.37,6755.979290322581,538.0,5,0,447,2600801.22,2604973.42,5827.681029082774,481.0,5,0,29,92,18,0,0.03870967741935484,0.0,0.010752688172043012,0.0,0.011185682326621925,0.0,0.9612903225806452,895,89826.66965517242,173052.2238000807,173013.08622624507,29,1.926512743535917,0.07592831506565952,54.38585121900396,0.34702849290492954,0.1626828407240749,164,164,70,10449155.58,11376642.78,69369.77304878048,83250.0,4,0,144,9087803.58,10015290.78,69550.63041666667,87678.0,4,0,26,43,20,0,0.12195121951219512,0.0,0.024390243902439025,0.0,0.027777777777777776,0.0,0.8780487804878049,860,385203.49153846153,441974.11984644627,446945.58909852983,26,1.1473782807140427,0.07646528414513883,3.5152921918998232,0.15771883559830102,0.08565141986957954,3.8446806033053496,0.3221476510067114,6487002.359999999,0.08324154209284028,0.01659209545115585
E329,5,5,5,1327.0,1327.0,265.4,280.0,0,0,5,1327.0,1327.0,265.4,280.0,0,0,4,4,0,0,0.0,0.0,0.0,0.0,0.0,0.0,1.0,757,331.75,170.4432945781871,170.4432945781871,4,0.5137702926245278,0.1733232856066316,1.0878701050620823,0.42200452147701584,0.2934502186062016,129,129,27,11443130.35,11443130.35,88706.43682170543,98990.0,0,0,124,11070606.1,11070606.1,89279.0814516129,98995.0,0,0,18,14,5,0,0.03875968992248062,0.0,0.0,0.0,0.0,0.0,0.9612403100775194,894,615033.6722222222,414426.515437898,414426.515437898,18,0.6738273596313904,0.06904673348051729,4.144310979522453,0.38957108229151066,0.23627610249623424,8342.581838733986,24.8,11069279.1,0.03875968992248062,0.0
E330,1374,1374,620,3072365.88,3087860.42,2247.3511062590974,414.0,6,0,1344,2871321.34,2886815.88,2147.928482142857,400.5,6,0,34,233,30,0,0.021834061135371178,0.0,0.004366812227074236,0.0,0.004464285714285714,0.0,0.9781659388646288,1030,84906.3494117647,58034.14752230641,57675.000969005785,34,0.6835077461741058,0.029030537343376468,5.3032725821941025,0.18890476659010205,0.07668298206933061,7833,7833,947,8594844.24,8644964.24,1103.6594204008682,850.0,34,5,7773,8545933.74,8596053.74,1105.8862395471504,850.0,34,0,38,1418,60,0,0.0076599004212945234,0.0,0.004340610238733563,0.0006383250351078769,0.004374115528110125,0.0,0.9923400995787055,1141,226211.9405263158,113242.7554985521,110291.49371695482,38,0.5006046773440692,0.019138612265425355,2.110864896686677,0.4455128034134416,0.24988278147900625,2.9776937973612645,5.783482142857143,5674612.4,-0.014174160714076654,-9.017018617558936e-05
E331,144,144,110,1344783.22,1348181.22,9362.369583333333,869.0,1,0,139,1272092.22,1275490.22,9176.188633093525,785.0,1,0,32,77,5,0,0.034722222222222224,0.0,0.006944444444444444,0.0,0.007194244604316547,0.0,0.9652777777777778,1093,39859.069375,66014.40957974007,66073.32053724898,32,1.6561954560119498,-1.8961141648833874e-05,10.490587339124945,0.20611275247567165,0.10766192807023582,95,95,41,6680948.75,6915148.75,72791.03947368421,90000.0,3,0,88,6402341.75,6636541.75,75415.24715909091,90000.0,3,0,24,13,7,0,0.07368421052631578,0.0,0.031578947368421054,0.0,0.03409090909090909,0.0,0.9263157894736842,1000,276522.5729166667,426887.26738282235,419842.958721249,24,1.543770054213512,-0.011567268973823751,0.2616822429906542,0.4484263208319303,0.2885254247154554,5.203130252147289,0.6330935251798561,5130249.53,0.03896198830409356,0.02689666448659254
E332,837,837,429,19155299.68,21212092.0,25343.00119474313,600.0,5,0,817,18434357.43,20491149.75,25080.96664626683,600.0,5,0,37,207,20,0,0.023894862604540025,0.0,0.005973715651135006,0.0,0.006119951040391677,0.0,0.97610513739546,1110,553814.8581081082,721587.2115967976,691829.1534661042,37,1.3029394228638393,-0.024477615033555552,0.0856850091194256,0.3541518811066226,0.20201435463850928,388,388,68,36255166.03,36539016.41,94172.72270618555,112500.0,3,0,378,35648264.21,35932114.59,95058.50420634921,112500.0,3,0,26,6,10,0,0.02577319587628866,0.0,0.007731958762886598,0.0,0.007936507936507936,0.0,0.9742268041237113,809,1382004.407307692,1729581.9089743418,1724119.783305645,26,1.2515024552951837,-0.05405917962888991,4.639131067465883,0.8799855822790862,0.7822201801451009,1.753543116339775,0.46266829865361075,17213906.78,0.0018783332717486334,0.0018165568961162589
E333,849,849,478,1442211.6,1445512.66,1702.606195524146,363.0,5,0,844,1426080.6,1429381.66,1693.580165876777,361.71500000000003,5,0,31,185,5,0,0.005889281507656066,0.0,0.005889281507656066,0.0,0.005924170616113744,0.0,0.9941107184923439,1029,46109.08580645161,76281.20143503866,76327.47391940498,31,1.6543637788707872,0.06019612678184215,6.8125915826911685,0.26081207730061406,0.1185660315754002,137,137,48,7971152.36,7998652.36,58384.32379562044,66586.99,1,1,127,7334016.65,7361516.65,57964.69803149607,61750.0,1,0,29,5,10,0,0.072992700729927,0.0,0.0072992700729927005,0.0072992700729927005,0.007874015748031496,0.0,0.927007299270073,979,253845.40172413792,184467.93757769937,184857.93869360685,29,0.7266940284313942,0.012473941571731519,1.4296976040623113,0.7633746545964818,0.6079531727448252,5.150140690905466,0.1504739336492891,5907936.050000001,0.06710341922227094,0.0019498451319177523
E334,150,150,103,6321564.73,6321564.73,42143.76486666667,9600.0,0,0,147,6299718.03,6299718.03,42855.22469387755,9600.0,0,0,31,25,3,0,0.02,0.0,0.0,0.0,0.0,0.0,0.98,907,203216.7106451613,218434.3125896946,218434.3125896946,31,1.0748836151132517,-0.01709778834339354,0.4908748116273913,0.5016205463405479,0.4149290062887436,197,197,75,9595133.97,9905729.97,50282.893248730965,36364.5,6,0,185,8710773.97,9021369.97,48764.162000000004,35188.0,6,0,29,20,12,0,0.06091370558375635,0.0,0.030456852791878174,0.0,0.032432432432432434,0.0,0.9390862944162437,856,311081.7231034483,192972.0350393387,203842.15277001722,29,0.6203258523650618,-0.008703218450470902,0.8233361919930303,0.7664003053851033,0.6004256639543111,1.432027580764595,1.2585034013605443,2411055.9400000004,0.040913705583756343,0.032432432432432434
E335,439,439,253,4056798.01,4056798.01,9240.997744874714,630.12,0,0,431,3600455.01,3600455.01,8353.72392111369,620.0,0,0,19,58,8,0,0.018223234624145785,0.0,0.0,0.0,0.0,0.0,0.9817767653758542,754,189497.63210526318,468064.15977851156,468064.15977851156,19,2.470026430296019,0.12446771072600253,9.239597808101772,0.5818153522768224,0.3769655885335688,340,340,41,6541822.59,6541822.59,19240.65467647059,9990.0,0,23,272,6017598.19,6017598.19,22123.52275735294,9990.0,0,0,18,9,68,0,0.2,0.0,0.0,0.06764705882352941,0.0,0.0,0.8,721,334311.0105555555,352456.5700946645,352456.5700946645,18,1.0542774810466304,0.1329796532461923,4.035623685898949,0.41529072249338733,0.3519164134930235,1.6713438088482047,0.6310904872389791,2417143.1800000006,0.18177676537585422,0.0
E336,7,7,7,262138.0,262138.0,37448.28571428572,280.0,0,0,7,262138.0,262138.0,37448.28571428572,280.0,0,0,5,4,0,0,0.0,0.0,0.0,0.0,0.0,0.0,1.0,751,52427.6,72510.16620309182,72510.16620309182,5,1.3830533193030354,-0.0720155032845297,0.7497799589256662,0.9959181805003472,0.9918594966945804,53,53,17,2890978.61,2890978.61,54546.76622641509,80000.0,0,0,48,2879237.11,2879237.11,59984.10645833333,90000.0,0,0,11,19,5,0,0.09433962264150944,0.0,0.0,0.0,0.0,0.0,0.9056603773584906,843,261748.82818181816,629654.340621964,629654.340621964,11,2.4055669895285576,0.15680028797628273,1.8162412312298457,0.5551303831312455,0.3787585508133191,10.983669326843113,6.857142857142857,2617099.11,0.09433962264150944,0.0
E337,69,69,62,322667.78,322667.78,4676.34463768116,356.0,0,0,66,318168.78,318168.78,4820.739090909091,363.0,0,0,24,35,3,0,0.043478260869565216,0.0,0.0,0.0,0.0,0.0,0.9565217391304348,1064,13257.032500000001,23710.018948444416,23710.018948444416,24,1.7884861448777782,-0.04652365058515831,0.07110748299319727,0.46615510170419605,0.2587295893676965,754,754,300,14567925.75,14798095.21,19626.120968169762,9599.5,7,0,678,12667568.92,12897738.38,19023.21294985251,8896.5,7,0,36,99,76,0,0.10079575596816977,0.0,0.009283819628647215,0.0,0.01032448377581121,0.0,0.8992042440318302,1073,358270.5105555555,202725.65886306725,204295.3158822085,36,0.565845228368667,-0.03613823657546266,0.2903831328487596,0.16366454705526443,0.0632188746718279,40.5374103015387,10.272727272727273,12349400.14,0.05731749509860455,0.01032448377581121
E338,252,252,194,623048.61,632582.99,2510.24996031746,450.525,2,0,251,602748.61,612282.99,2439.3744621513943,450.0,2,0,31,89,1,0,0.003968253968253968,0.0,0.007936507936507936,0.0,0.00796812749003984,0.0,0.996031746031746,971,19751.064193548387,24961.931979225457,24918.594648924933,31,1.2638271910117724,0.013883248250943567,0.29116042802020764,0.20292577456708377,0.08846567113945265,89,89,37,8322153.27,8322153.27,93507.34011235954,93552.95,0,0,82,7678256.58,7678256.58,93637.27536585365,93579.20999999999,0,0,30,4,7,0,0.07865168539325842,0.0,0.0,0.0,0.0,0.0,0.9213483146067416,1088,255941.886,281542.3151604169,281542.3151604169,30,1.1000243827241973,-0.0026697298328997774,1.1782993925123801,0.45092811029766344,0.3101288682874843,12.540372189663476,0.32669322709163345,7075507.97,0.07468343142500446,-0.00796812749003984
E339,126,126,109,3332779.6,3332779.6,26450.631746031748,11227.04,0,0,126,3332779.6,3332779.6,26450.631746031748,11227.04,0,0,23,32,0,0,0.0,0.0,0.0,0.0,0.0,0.0,1.0,662,144903.46086956523,162143.93306180852,162143.93306180852,23,1.1189790229217664,-0.09333937367311822,0.05008642914737863,0.3182471172111111,0.18098123522306314,176,176,86,4736213.77,5053353.77,28712.237329545453,15157.2,4,0,168,4492531.92,4809671.92,28628.99952380952,15889.2,4,0,20,36,8,0,0.045454545454545456,0.0,0.022727272727272728,0.0,0.023809523809523808,0.0,0.9545454545454546,640,240483.596,179712.97067954228,156027.68361836416,20,0.7472982509773444,-0.05880288909836461,0.0996347919890864,0.2551059657308185,0.12345784210178247,1.4431413106345226,1.3333333333333333,1159752.3199999998,0.045454545454545456,0.023809523809523808
E340,11,11,9,36670.0,36670.0,3333.6363636363635,2500.0,0,0,10,32170.0,32170.0,3217.0,1450.0,0,0,8,4,1,0,0.09090909090909091,0.0,0.0,0.0,0.0,0.0,0.9090909090909091,721,4021.25,6398.697272548084,6398.697272548084,8,1.5912209568039997,-0.18221649866039072,0.27378542510121456,0.9543052533416226,0.9115860342876556,164,164,68,8611427.4,10491427.42,63972.11841463415,78184.5,11,0,137,7032555.9,8912555.92,65055.15270072993,78369.0,11,0,32,45,27,0,0.16463414634146342,0.0,0.06707317073170732,0.0,0.08029197080291971,0.0,0.8353658536585366,1086,278517.3725,417804.04224097263,272935.7165899103,32,1.500100473053876,-0.02405697107158785,0.2196311738293778,0.16953621088752732,0.07942889751853682,277.04556792042274,13.7,7000385.9,0.07372505543237251,0.08029197080291971
E341,53,53,38,1645069.24,1645069.24,31039.042264150943,687.0,0,0,53,1645069.24,1645069.24,31039.042264150943,687.0,0,0,15,15,0,0,0.0,0.0,0.0,0.0,0.0,0.0,1.0,494,109671.28266666667,147619.37551185032,147619.37551185032,15,1.3460166774972675,-0.04104027864504964,0.6777886196126621,0.9446935133259193,0.8938746344327084,75,75,33,4259960.0,4259960.0,56799.46666666667,52200.0,0,0,69,3886660.0,3886660.0,56328.40579710145,52200.0,0,0,15,26,6,0,0.08,0.0,0.0,0.0,0.0,0.0,0.92,519,259110.66666666666,175641.12876205708,175641.12876205708,15,0.6778614366656348,-0.0581783266352086,0.6784221006730018,0.16376528947734045,0.07826691619473128,2.3626118010692365,1.3018867924528301,2241590.76,0.08,0.0
E342,263,263,185,2669954.62,2670760.04,10154.981140684411,3104.4,1,0,245,2570590.78,2571396.2,10495.494693877552,3193.0,1,0,38,55,18,0,0.06844106463878327,0.0,0.0038022813688212928,0.0,0.004081632653061225,0.0,0.9315589353612167,1128,67668.32105263158,82700.18266191942,82712.55961097017,38,1.2221403069480066,0.021243582388053232,1.5329591916081,0.18445232204978756,0.10020769328540631,159,159,101,6842231.2,6864031.2,43170.007547169815,36750.0,1,0,132,5683950.46,5705750.46,43225.38227272727,36725.0,1,0,34,22,27,0,0.16981132075471697,0.0,0.006289308176100629,0.0,0.007575757575757576,0.0,0.8301886792452831,1071,167816.19,97088.10616723464,97148.35629055504,34,0.5785383768230863,0.029097107552999234,2.7715837491190483,0.48887938923287577,0.2687008244259743,2.2189308905411,0.5387755102040817,3113359.68,0.1013702561159337,0.003494124922696351
E343,3,3,3,840.0,840.0,280.0,280.0,0,0,3,840.0,840.0,280.0,280.0,0,0,3,1,0,0,0.0,0.0,0.0,0.0,0.0,0.0,1.0,725,280.0,0.0,0.0,3,0.0,8.50560596178171e-17,1.0,1.0,1.0,433,433,147,2845389.71,2978290.25,6878.268475750578,8221.2,10,0,401,2628603.4,2761503.94,6886.54349127182,8221.2,10,0,37,29,32,0,0.07390300230946882,0.0,0.023094688221709007,0.0,0.02493765586034913,0.0,0.9260969976905312,1093,74635.24162162162,47209.13502176244,47459.112484383375,37,0.6325314154015693,0.03771748019864807,2.7916351989745336,0.6018544952718772,0.4313435581180113,3287.5046904761903,133.66666666666666,2627763.4,0.07390300230946882,0.02493765586034913
E344,121,121,90,1615509.89,1856819.89,15345.618925619834,2500.0,2,0,118,1591937.89,1833247.89,15535.999067796609,2400.0,2,0,31,50,3,0,0.024793388429752067,0.0,0.01652892561983471,0.0,0.01694915254237288,0.0,0.9752066115702479,1132,59137.02870967742,95337.11042411109,97270.34978026923,31,1.612139001642295,0.04395374362056403,2.3144762316335346,0.4388813015352768,0.26954108394841947,93,93,56,2779122.0,3327322.0,35777.655913978495,18900.0,5,0,88,2658540.0,3206740.0,36440.22727272727,18900.0,5,0,37,54,5,0,0.053763440860215055,0.0,0.053763440860215055,0.0,0.056818181818181816,0.0,0.946236559139785,1092,86668.64864864865,109637.3871258787,86883.13662249633,37,1.2650178448073468,0.008842193016923024,0.7931814730447987,0.26773732825236846,0.10432900129297726,1.749212431931396,0.7457627118644068,1066602.11,0.028970052430462988,0.03986902927580893
E345,253,253,188,665754.14,665754.14,2631.4392885375496,300.0,0,0,249,660828.14,660828.14,2653.9282730923696,300.0,0,0,34,105,4,0,0.015810276679841896,0.0,0.0,0.0,0.0,0.0,0.9841897233201581,1109,19436.121764705884,20524.27227467066,20524.27227467066,34,1.0559859895476038,-0.008410258498555253,0.29737596196120253,0.24096582811984973,0.09282017529606315,87,87,58,2900390.0,2900390.0,33337.816091954024,19710.0,0,0,75,2513970.0,2513970.0,33519.6,20625.0,0,0,27,21,12,0,0.13793103448275862,0.0,0.0,0.0,0.0,0.0,0.8620689655172413,1093,93110.0,87156.51496280434,87156.51496280434,27,0.9360596602169944,0.0330645517682356,4.809256429968568,0.3524863065191709,0.2070689457091851,3.804272015413871,0.30120481927710846,1853141.8599999999,0.12212075780291673,0.0
E346,496,496,385,2720392.92,2856588.34,5759.25068548387,850.0,7,0,487,2659993.92,2796189.34,5741.661889117043,826.0,7,0,36,92,9,0,0.018145161290322582,0.0,0.014112903225806451,0.0,0.014373716632443531,0.0,0.9818548387096774,1066,77671.92611111111,49463.723446935255,48558.06078745007,36,0.6368288508279877,0.00163766145047514,2.0283411418242343,0.2273584270226851,0.10770359151396267,645,645,299,2982734.97,2991661.57,4638.234992248062,3300.0,2,0,605,2785895.84,2794822.44,4619.541223140496,3189.1,2,0,36,106,40,0,0.06201550387596899,0.0,0.0031007751937984496,0.0,0.003305785123966942,0.0,0.937984496124031,1071,77633.95666666667,55045.25338407176,55156.06045058539,36,0.7090357846942804,0.010675923504875902,2.896664574601062,0.12158901228802214,0.0442702304119953,0.9995111561365154,1.242299794661191,125901.91999999993,0.04387034258564641,-0.01106793150847659
E347,87,87,79,1128927.58,1128927.58,12976.179080459771,8601.0,0,0,85,1122899.58,1122899.58,13210.583294117649,9080.49,0,0,36,34,2,0,0.022988505747126436,0.0,0.0,0.0,0.0,0.0,0.9770114942528736,1075,31191.655000000002,24007.217258856435,24007.217258856435,36,0.7696679531386338,-0.016357491957936978,1.1162094132489697,0.17885322390092975,0.08797539692538085,210,210,86,2565050.66,2565050.66,12214.526952380953,5559.0,0,35,170,2456674.2199999997,2456674.2199999997,14451.02482352941,7471.3,0,0,36,38,40,0,0.19047619047619047,0.0,0.0,0.16666666666666666,0.0,0.0,0.8095238095238095,1053,68240.95055555555,64471.42591916838,64471.42591916838,36,0.9447615455866435,-0.017490456158779037,0.76529030342211,0.1347702342071225,0.06259475046150213,2.1877951187763376,2.0,1333774.6399999997,0.16748768472906403,0.0
E348,200,200,138,814934.11,846402.57,4232.01285,1650.0,5,0,192,792315.41,818688.27,4264.00140625,1605.0,4,0,32,33,8,0,0.04,0.0,0.025,0.0,0.020833333333333332,0.0,0.96,966,25584.0084375,24372.85975448327,24271.075740444976,32,0.9526599326303583,0.004543466104250008,1.668861638154756,0.3005057101893007,0.1504159069930165,4269,4269,864,2446984.22,2502214.22,586.1359147341299,561.0,33,0,4050,2328692.42,2383250.42,588.4568938271605,574.0,32,0,34,986,219,0,0.05130007027406887,0.0,0.007730147575544624,0.0,0.007901234567901235,0.0,0.9486999297259311,1017,70095.60058823529,25624.655571413787,24661.56287223462,34,0.3655672446826082,-0.001031684053808086,1.3623460924725677,0.1945614972345206,0.05320550279203095,2.91105968820098,21.09375,1536377.0099999998,0.011300070274068867,-0.012932098765432097
E349,9,9,8,7446.05,7446.05,827.338888888889,330.0,0,0,9,7446.05,7446.05,827.338888888889,330.0,0,0,6,7,0,0,0.0,0.0,0.0,0.0,0.0,0.0,1.0,864,1241.0083333333334,1108.9963392259988,1108.9963392259988,6,0.893625215430462,0.13086248029875852,1.0119021885976764,0.3357484840955943,0.251463960910823,39,39,8,3428946.0,3428946.0,87921.69230769231,100000.0,0,0,39,3428946.0,3428946.0,87921.69230769231,100000.0,0,0,6,2,0,0,0.0,0.0,0.0,0.0,0.0,0.0,1.0,674,571491.0,182905.0591514625,182905.0591514625,6,0.3200488881740264,0.006823854493896544,1.0970440936608825,0.5771295319319698,0.5118979293920896,460.50536861826066,4.333333333333333,3421499.95,0.0,0.0
E350,629,629,408,447977.7,450443.7,716.1267090620032,202.9,1,0,623,442711.27,445177.27,714.5702568218298,200.5,1,0,31,140,6,0,0.009538950715421303,0.0,0.001589825119236884,0.0,0.0016051364365971107,0.0,0.9904610492845787,961,14360.557096774193,20476.906245820795,20474.612330235337,31,1.4259130831644766,0.02076307939082334,0.5439567780503781,0.1797036942160142,0.08284063183671823,60,60,43,1763403.0,1797403.0,29956.716666666667,19500.0,1,0,52,1516645.0,1550645.0,29820.096153846152,19500.0,1,0,26,30,8,0,0.13333333333333333,0.0,0.016666666666666666,0.0,0.019230769230769232,0.0,0.8666666666666667,1012,59640.192307692305,79496.06415465823,77045.87644786708,26,1.3329276965527985,0.08787325417630874,16.063109656301144,0.30874958485017523,0.13971321323826869,3.483207936469892,0.08346709470304976,1073933.73,0.12379438261791204,0.017625632794172123
E351,101,101,82,311474.05,315072.05,3119.5252475247526,345.0,1,0,100,308336.05,311934.05,3119.3405,342.5,1,0,24,46,1,0,0.009900990099009901,0.0,0.009900990099009901,0.0,0.01,0.0,0.9900990099009901,862,12997.252083333333,43857.51410054937,43871.5058128812,24,3.374368198704774,0.05360632284710294,0.5932415519399249,0.6900497076224926,0.4841738801071323,60,60,34,1355709.1,1355709.1,22595.15166666667,9180.0,0,0,52,1089240.3,1089240.3,20946.928846153845,9180.0,0,0,21,14,8,0,0.13333333333333333,0.0,0.0,0.0,0.0,0.0,0.8666666666666667,966,51868.58571428571,57918.01299962116,57918.01299962116,21,1.11662988689644,0.0923128933407657,24.176727785613537,0.3449852158426382,0.18939827474583137,3.491892917749762,0.52,780904.25,0.12343234323432344,-0.01
E352,743,743,270,14825626.92,15707487.24,21140.628855989235,10000.0,12,0,735,14736161.72,15618022.04,21249.009578231293,10000.0,12,0,36,52,8,0,0.010767160161507403,0.0,0.016150740242261104,0.0,0.0163265306122449,0.0,0.9892328398384926,1077,433833.9455555555,311599.4410519156,321888.17390745477,36,0.7182458732059109,0.01277269543182685,10.949228599999998,0.21664203004287733,0.12173223955018278,52,52,38,2970349.0,2970349.0,57122.096153846156,65902.5,0,0,47,2729461.0,2729461.0,58073.63829787234,66235.0,0,0,24,40,5,0,0.09615384615384616,0.0,0.0,0.0,0.0,0.0,0.9038461538461539,1043,113727.54166666667,68720.34623778948,68720.34623778948,24,0.6042542134534794,-0.011282705394151472,0.819564810773739,0.08236058327999557,0.03436054837134043,0.1747635515566221,0.06394557823129252,-12006700.72,0.08538668599233876,-0.0163265306122449
E353,234,234,185,374755.77999999997,388091.77999999997,1658.5118803418802,510.0,1,0,224,333444.77999999997,346780.77999999997,1548.128482142857,482.5,1,0,31,104,10,0,0.042735042735042736,0.0,0.004273504273504274,0.0,0.004464285714285714,0.0,0.9572649572649573,953,11186.476774193547,9255.429976830677,9355.36093171624,31,0.8273766766478553,-0.04390575546026518,0.19273151187238813,0.21108147919847228,0.0657335256183411,80,80,50,3521566.64,3827566.6,47844.582500000004,44000.0,4,0,68,2816166.64,3122166.6,45914.214705882354,39450.0,4,0,20,25,12,0,0.15,0.0,0.05,0.0,0.058823529411764705,0.0,0.85,955,156108.33000000002,102186.80794585864,104287.83235121277,20,0.6545890789162797,-0.005490854461775077,1.7675753228120517,0.11498425484405604,0.06410526068979665,9.003286168281877,0.30357142857142855,2482721.8600000003,0.10726495726495726,0.05435924369747899
E354,67,67,34,681580.0,681580.0,10172.835820895523,9900.0,0,0,65,663680.0,663680.0,10210.461538461539,9900.0,0,0,21,11,2,0,0.029850746268656716,0.0,0.0,0.0,0.0,0.0,0.9701492537313433,1052,31603.809523809523,36702.33377950106,36702.33377950106,21,1.1613262556797286,0.05686705531691068,21.444812362030905,0.587632594021215,0.39197192411123094,323,323,92,2501945.48,2634485.48,8156.301795665635,10000.0,7,2,293,2283560.4,2416100.4,8246.076450511946,10000.0,7,0,31,62,30,0,0.09287925696594428,0.0,0.021671826625386997,0.006191950464396285,0.023890784982935155,0.0,0.9071207430340558,1005,77938.72258064516,81266.29743876786,80266.88476817156,31,1.0426947574702623,0.0016312018738956105,1.4520851756216615,0.31124534394348846,0.11749891380392855,3.6404598601735776,4.507692307692308,1619880.4,0.06302851069728756,0.023890784982935155
E355,4,4,3,1060560.0,1060560.0,265140.0,265140.0,0,0,3,530560.0,530560.0,176853.33333333334,280.0,0,0,2,2,1,0,0.25,0.0,0.0,0.0,0.0,0.0,0.75,371,265280.0,374766.59402887017,374766.59402887017,2,1.4127208761643175,1.9978890229191792,1.0,0.9989445114595898,0.9978912510312976,279,279,153,1291979.81,1291979.81,4630.752007168459,3705.0,0,0,263,1230185.81,1230185.81,4677.512585551331,3730.0,0,0,26,104,16,0,0.05734767025089606,0.0,0.0,0.0,0.0,0.0,0.942652329749104,756,47314.83884615385,24091.998223578437,24091.998223578437,26,0.509184831040312,0.03639180740238474,1.4646110286773397,0.09027010318059188,0.03979231534610911,2.3186554018395658,87.66666666666667,699625.81,-0.19265232974910396,0.0
E356,3,3,3,16160.0,16160.0,5386.666666666667,280.0,0,0,3,16160.0,16160.0,5386.666666666667,280.0,0,0,3,2,0,0,0.0,0.0,0.0,0.0,0.0,0.0,1.0,448,5386.666666666667,8845.006123985066,8845.006123985066,3,1.6420184636110888,-1.4220297029702975,1.0,0.9653465346534653,0.9330947946279775,191,191,69,1561234.96,1561234.96,8174.005026178011,9072.7,0,0,189,1553531.96,1553531.96,8219.74582010582,9127.07,0,0,27,4,2,0,0.010471204188481676,0.0,0.0,0.0,0.0,0.0,0.9895287958115183,803,57538.22074074074,38227.80595120761,38227.80595120761,27,0.6643897822884863,0.020760557555783835,1.5595171410640911,0.9169267171046807,0.8432375814011996,96.13440346534654,63.0,1537371.96,0.010471204188481676,0.0
E357,10,10,10,66515.2,67075.2,6707.5199999999995,6165.6,1,0,10,66515.2,67075.2,6707.5199999999995,6165.6,1,0,8,5,0,0,0.0,0.0,0.1,0.0,0.1,0.0,1.0,875,8384.4,7499.84933334378,7588.388763292056,8,0.8945004214187993,-0.02050974485495748,0.754973313925279,0.7454319927484376,0.5841356533699348,154,154,30,1469970.02,1469970.02,9545.25987012987,10000.0,0,0,144,1369999.74,1369999.74,9513.887083333333,10000.0,0,0,24,15,10,0,0.06493506493506493,0.0,0.0,0.0,0.0,0.0,0.935064935064935,932,57083.3225,29082.42652981025,29082.42652981025,24,0.5094732621740833,0.056975202231409366,2.729475067270224,0.4212295835910159,0.24097911521582233,20.424832725060828,14.4,1303484.54,0.06493506493506493,-0.1
E358,2,2,2,560.0,560.0,280.0,280.0,0,0,2,560.0,560.0,280.0,280.0,0,0,2,1,0,0,0.0,0.0,0.0,0.0,0.0,0.0,1.0,359,280.0,0.0,0.0,2,0.0,-1.3086304736965764e-16,1.0,1.0,1.0,301,301,46,2002026.58,2627637.34,8729.692159468437,9560.31,34,3,259,1652384.67,2277995.43,8795.349150579152,9560.31,34,0,26,23,42,0,0.13953488372093023,0.0,0.11295681063122924,0.009966777408637873,0.13127413127413126,0.0,0.8604651162790697,846,87615.20884615385,58102.162908962506,35884.62010779001,26,0.6631515655117118,-0.0178412785587644,1.009523547813487,0.3241676696427788,0.16297259262624803,4067.8489821428575,129.5,1651824.67,0.13953488372093023,0.13127413127413126
E359,2,2,2,560.0,560.0,280.0,280.0,0,0,2,560.0,560.0,280.0,280.0,0,0,2,1,0,0,0.0,0.0,0.0,0.0,0.0,0.0,1.0,363,280.0,0.0,0.0,2,0.0,-1.3086304736965764e-16,1.0,1.0,1.0,243,243,69,1348061.02,1380987.02,5683.0741563786005,5750.0,3,0,224,1226488.02,1259414.02,5622.384017857143,5700.0,3,0,24,33,19,0,0.07818930041152264,0.0,0.012345679012345678,0.0,0.013392857142857142,0.0,0.9218106995884774,715,52475.58416666667,32456.306149059765,32502.478540761385,24,0.6185029983844664,0.0077961651734979875,0.8417243804749258,0.213699780791705,0.09606512576143127,2248.953607142857,112.0,1225928.02,0.07818930041152264,0.013392857142857142
E360,3,3,2,840.0,840.0,280.0,280.0,0,0,3,840.0,840.0,280.0,280.0,0,0,2,1,0,0,0.0,0.0,0.0,0.0,0.0,0.0,1.0,118,420.0,197.9898987322333,197.9898987322333,2,0.4714045207910317,-0.6666666666666665,1.0,1.0,1.0,35,35,8,3190366.11,3190366.11,91153.31742857142,100000.0,0,0,29,2688686.11,2688686.11,92713.31413793103,100000.0,0,0,5,2,6,0,0.17142857142857143,0.0,0.0,0.0,0.0,0.0,0.8285714285714286,623,537737.222,484553.31511628977,484553.31511628977,5,0.9010968467350952,-0.22045598509823844,0.4954253978388998,0.8122331542821859,0.6949790852660067,3200.8167976190475,9.666666666666666,2687846.11,0.17142857142857143,0.0
E361,174,174,37,3454442.6,3454442.6,19853.118390804597,10000.0,0,0,171,3337627.6,3337627.6,19518.29005847953,10000.0,0,0,20,12,3,0,0.017241379310344827,0.0,0.0,0.0,0.0,0.0,0.9827586206896551,948,166881.38,146269.05972337993,146269.05972337993,20,0.8764851999868405,-0.04118689042948923,0.7642686103913432,0.3849264070083792,0.2203694548561958,118,118,54,5841677.6,5841677.6,49505.74237288135,36120.0,0,14,90,5182337.8,5182337.8,57581.53111111111,48340.0,0,0,23,27,28,0,0.23728813559322035,0.0,0.0,0.11864406779661017,0.0,0.0,0.7627118644067796,954,225319.03478260868,290475.47063819756,290475.47063819756,23,1.289174129999504,-0.01385976895320381,0.3661214853300733,0.24162840176107395,0.12023784083672255,1.55270102632181,0.5263157894736842,1844710.1999999997,0.2200467562828755,0.0
E362,126,126,100,507625.8,550825.8,4371.633333333334,570.5,4,0,122,454098.8,497298.8,4076.2196721311475,536.5,4,0,31,61,4,0,0.031746031746031744,0.0,0.031746031746031744,0.0,0.03278688524590164,0.0,0.9682539682539683,1042,16041.896774193548,35423.75855341049,34978.95571743931,31,2.2082026241682566,-0.1018889599170559,0.019812169717392972,0.2038412318710602,0.12876333658774097,105,105,31,4808840.0,5258606.0,50081.961904761905,49970.0,4,0,95,4333867.0,4783633.0,50354.03157894737,49970.0,4,0,17,14,10,0,0.09523809523809523,0.0,0.0380952380952381,0.0,0.042105263157894736,0.0,0.9047619047619048,1089,281390.17647058825,459626.32267041603,464571.73098658037,17,1.6334128235583858,-0.158275624405133,0.12216387126734643,0.33472530187830046,0.18429351839104874,9.619232944056973,0.7786885245901639,3879768.2,0.06349206349206349,0.009318377911993095
E363,99,99,69,215564.44,217089.32,2192.821414141414,345.37,4,0,93,209465.44,210990.32,2268.71311827957,300.0,4,0,25,38,6,0,0.06060606060606061,0.0,0.04040404040404041,0.0,0.043010752688172046,0.0,0.9393939393939394,874,8439.6128,13624.848876864506,13616.609115863268,25,1.614392650438241,0.01261331653654865,1.039733507433896,0.158775056599753,0.10132464278722485,39,39,24,1587407.24,1587407.24,40702.749743589746,32700.0,0,0,30,1104932.12,1104932.12,36831.070666666674,27725.0,0,0,11,10,9,0,0.23076923076923078,0.0,0.0,0.0,0.0,0.0,0.7692307692307693,785,100448.37454545456,57605.690932954945,57605.690932954945,11,0.5734855461188912,0.11276042188003367,2.9952729164117002,0.5212682205310494,0.3160769656416974,5.236885369907018,0.3225806451612903,895466.6800000002,0.17016317016317017,-0.043010752688172046
E364,140,140,99,474093.95,510883.95,3649.1710714285714,3000.0,5,0,140,474093.95,510883.95,3649.1710714285714,3000.0,5,0,38,23,0,0,0.0,0.0,0.03571428571428571,0.0,0.03571428571428571,0.0,1.0,1137,13444.314473684211,21491.124552316276,21148.51948519741,38,1.5985288498259114,0.0038228996767623808,0.3475,0.3082250479781172,0.18218100470688034,335,335,89,2526497.1,2616468.9,7810.354925373134,8830.0,6,2,308,2349717.77,2439689.57,7921.070032467532,8895.0,6,0,33,56,27,0,0.08059701492537313,0.0,0.01791044776119403,0.005970149253731343,0.01948051948051948,0.0,0.9194029850746268,1100,73929.98696969697,59336.44408403039,58304.834321617884,33,0.80260319954272,-0.0034043527802548375,2.484707844665362,0.12719651049703018,0.042983497142857235,4.775428098690514,2.2,1875623.82,0.08059701492537313,-0.016233766233766232
E365,130,130,93,2134217.56,2154217.56,16570.904307692308,609.5,1,0,126,2073478.83,2093478.83,16614.91134920635,592.28,1,0,30,34,4,0,0.03076923076923077,0.0,0.007692307692307693,0.0,0.007936507936507936,0.0,0.9692307692307692,1144,69782.62766666667,291050.2855801787,291187.1495084086,30,4.170812927401498,0.10178775231625528,0.01987863590772317,0.7590685786872753,0.5836530599750638,88,88,45,4440519.03,4440519.03,50460.44352272728,51150.0,0,0,76,3797139.03,3797139.03,49962.35565789473,53075.0,0,0,24,16,12,0,0.13636363636363635,0.0,0.0,0.0,0.0,0.0,0.8636363636363636,1040,158214.12625,373828.87129969214,373828.87129969214,24,2.3628033738845247,0.11565976073490168,11.313570379137248,0.45955652037318206,0.25004694195036753,1.8137938514525125,0.6031746031746031,1723660.1999999997,0.10559440559440558,-0.007936507936507936
E366,21,21,21,380061.31,380061.31,18098.15761904762,216.0,0,0,21,380061.31,380061.31,18098.15761904762,216.0,0,0,11,6,0,0,0.0,0.0,0.0,0.0,0.0,0.0,1.0,795,34551.02818181818,58412.80998274844,58412.80998274844,11,1.6906243621857557,0.3944465302190322,248.744091861072,0.9891772461658883,0.9785255303394642,20,20,16,1591732.0,1591732.0,79586.6,90000.0,0,0,19,1501732.0,1501732.0,79038.52631578948,90000.0,0,0,15,5,1,0,0.05,0.0,0.0,0.0,0.0,0.0,0.95,1053,100115.46666666666,38559.67005243148,38559.67005243148,15,0.38515197837328646,-0.002271591354896493,1.0485225806451612,0.4641307503602507,0.3135743623330753,3.9512888065349245,0.9047619047619048,1121670.69,0.05,0.0
E367,25,25,22,270308.85,270308.85,10812.354,349.2,0,0,23,239857.65,239857.65,10428.59347826087,338.0,0,0,11,15,2,0,0.08,0.0,0.0,0.0,0.0,0.0,0.92,976,21805.24090909091,67182.4646745221,67182.4646745221,11,3.0810237297819896,0.2877375184823165,46.90035353535353,0.9297181057181207,0.8656199643675031,215,215,29,2310000.0,2510000.0,11674.418604651162,10000.0,10,11,198,2070000.0,2270000.0,11464.646464646465,10000.0,10,0,21,8,17,0,0.07906976744186046,0.0,0.046511627906976744,0.05116279069767442,0.050505050505050504,0.0,0.9209302325581395,986,108095.23809523809,98265.91716455139,75649.56802822567,21,0.9090679561478322,-0.04709651581898274,0.4177215189873418,0.32599118942731276,0.2089114867356246,9.463946636682216,8.608695652173912,1830142.35,-0.0009302325581395376,0.050505050505050504
E368,87,87,67,569524.16,569524.16,6546.254712643678,508.0,0,0,83,328134.16,328134.16,3953.423614457831,459.0,0,0,19,38,4,0,0.04597701149425287,0.0,0.0,0.0,0.0,0.0,0.9540229885057471,1076,17270.21894736842,35768.676656964024,35768.676656964024,19,2.0711188877205484,0.019711039330173163,0.74705811481219,0.426654756091228,0.25544802564701674,32,32,21,1474118.0,1689838.0,52807.4375,65500.0,1,0,22,895939.0,1111659.0,50529.954545454544,49000.0,1,0,15,4,10,0,0.3125,0.0,0.03125,0.0,0.045454545454545456,0.0,0.6875,945,74110.6,126968.21952070188,115405.44069649569,15,1.7132261717042079,0.15029631388762196,29.16205263157895,0.3985745628830424,0.31996739103886107,3.387818567868704,0.26506024096385544,567804.8400000001,0.2665229885057471,0.045454545454545456
E369,161,161,122,805659.18,805659.18,5004.094285714286,1840.0,0,0,152,739394.18,739394.18,4864.435394736843,1670.5,0,0,36,31,9,0,0.055900621118012424,0.0,0.0,0.0,0.0,0.0,0.9440993788819876,1107,20538.727222222224,26308.232099194312,26308.232099194312,36,1.2809085886651086,-0.024954166236273678,0.5762213959592093,0.16880576474107492,0.11584922126474265,214,214,78,1767770.9,1788330.9,8356.68644859813,9470.0,2,0,200,1642219.9,1662779.9,8313.8995,9435.0,2,0,32,19,14,0,0.06542056074766354,0.0,0.009345794392523364,0.0,0.01,0.0,0.9345794392523364,1102,51961.871875,41063.13686979172,40647.419387477,32,0.79025515032587,-0.01959140692881778,0.491881332342124,0.3527926335890878,0.24077435434595454,2.2488409362378263,1.3157894736842106,902825.7199999999,0.009519939629651121,0.01
E370,4,4,4,1097.0,1097.0,274.25,280.0,0,0,3,840.0,840.0,280.0,280.0,0,0,3,2,1,0,0.25,0.0,0.0,0.0,0.0,0.0,0.75,416,280.0,0.0,0.0,3,0.0,8.50560596178171e-17,1.0,0.6666666666666666,0.5555555555555556,498,498,170,2202150.05,2307370.05,4633.273192771084,3906.5,9,0,470,2081759.05,2186979.05,4653.146914893617,3916.5,9,0,28,89,28,0,0.05622489959839357,0.0,0.018072289156626505,0.0,0.019148936170212766,0.0,0.9437751004016064,850,78106.39464285714,60775.521386090746,59083.14425211967,28,0.7781119799984096,-0.019075226832163148,0.6752656709699202,0.22862587549706984,0.0828623896754026,2603.5464880952377,156.66666666666666,2080919.05,-0.19377510040160642,0.019148936170212766
E371,81,81,44,206082.54,206082.54,2544.228888888889,986.0,0,0,80,204867.54,204867.54,2560.84425,984.5,0,0,16,31,1,0,0.012345679012345678,0.0,0.0,0.0,0.0,0.0,0.9876543209876543,923,12804.22125,28141.039301097102,28141.039301097102,16,2.197793895594947,-0.19098618608710308,0.18640170672641307,0.23185713070992114,0.12694512932318738,32,32,22,1674165.45,1674165.45,52317.6703125,37185.5,0,0,26,1345916.45,1345916.45,51766.01730769231,37185.5,0,0,18,9,6,0,0.1875,0.0,0.0,0.0,0.0,0.0,0.8125,892,74773.1361111111,106650.66716384054,106650.66716384054,18,1.426323312230213,-0.05389158164600031,0.29722226860987067,0.33941441907482445,0.21793577342655082,6.569691079416485,0.325,1141048.91,0.17515432098765432,0.0
E372,324,324,282,647327.7,647327.7,1997.925,200.0,0,0,323,627323.7,627323.7,1942.1786377708977,200.0,0,0,36,54,1,0,0.0030864197530864196,0.0,0.0,0.0,0.0,0.0,0.9969135802469136,1133,17425.658333333333,20742.490451004393,20742.490451004393,36,1.190341854191318,-0.06272856686921385,0.048185948755886804,0.1915495142300538,0.0940449178436022,586,586,314,2454489.45,2658067.29,4535.951006825939,3000.0,21,0,536,2214175.03,2417752.87,4510.732966417911,2990.0,21,0,37,143,50,0,0.08532423208191127,0.0,0.03583617747440273,0.0,0.03917910447761194,0.0,0.9146757679180887,1112,65344.67216216216,36800.79277680949,30264.20894107754,37,0.5631796986521419,-0.02320501901246402,0.5864988634487046,0.30255302313011,0.1344211942432081,3.854075447811075,1.6594427244582044,1586851.3299999998,0.08223781232882485,0.03917910447761194
E373,881,881,432,23371859.15,23771859.15,26982.814018161178,1137.0,2,0,868,22741199.41,23141199.41,26660.36798387097,1096.4650000000001,2,0,36,105,13,0,0.014755959137343927,0.0,0.0022701475595913734,0.0,0.002304147465437788,0.0,0.985244040862656,1062,642811.0947222222,517619.79610823945,518942.6349151313,36,0.8052440294794824,0.03225772908352124,19.432778267383622,0.25290012960482067,0.12710997553524334,112,112,82,1521156.78,1521156.78,13581.756964285714,6042.0,0,0,109,1505224.0,1505224.0,13809.394495412844,6065.0,0,0,35,18,3,0,0.026785714285714284,0.0,0.0,0.0,0.0,0.0,0.9732142857142857,1068,43006.4,123690.04994170686,123690.04994170686,35,2.8760847209184415,0.10601631241804353,74.74283159218894,0.47974254994605453,0.2963421657969933,0.06504520242583225,0.12557603686635946,-21235975.41,0.012029755148370357,-0.002304147465437788
E374,3,3,3,48560.0,48560.0,16186.666666666666,280.0,0,0,3,48560.0,48560.0,16186.666666666666,280.0,0,0,3,2,0,0,0.0,0.0,0.0,0.0,0.0,0.0,1.0,402,16186.666666666666,27551.154845728943,27551.154845728943,3,1.7020894674050007,1.474052718286655,1.0,0.9884678747940692,0.9772017294116688,249,249,104,1554676.33,1554676.33,6243.680040160642,7374.9,0,8,204,1306397.58,1306397.58,6403.909705882354,7521.049999999999,0,0,23,47,45,0,0.18072289156626506,0.0,0.0,0.0321285140562249,0.0,0.0,0.8192771084337349,712,56799.8947826087,59870.96724161453,59870.96724161453,23,1.0540682772522696,-0.06203276866421966,0.8036220840300705,0.15129391161303282,0.072504117499717,26.90275082372323,68.0,1257837.58,0.18072289156626506,0.0
E375,2,2,2,560.0,560.0,280.0,280.0,0,0,2,560.0,560.0,280.0,280.0,0,0,2,1,0,0,0.0,0.0,0.0,0.0,0.0,0.0,1.0,336,280.0,0.0,0.0,2,0.0,-1.3086304736965764e-16,1.0,1.0,1.0,377,377,261,1105007.5,1105007.5,2931.054376657825,1500.0,0,0,357,1015565.5,1015565.5,2844.7212885154063,1500.0,0,0,31,225,20,0,0.05305039787798409,0.0,0.0,0.0,0.0,0.0,0.946949602122016,913,32760.177419354837,22727.226597757293,22727.226597757293,31,0.6937455285065081,-0.002095704314492787,1.5284615200249263,0.08862057641776921,0.027962672804846957,1813.5098214285715,178.5,1015005.5,0.05305039787798409,0.0
E376,3,3,3,6560.0,6560.0,2186.6666666666665,280.0,0,0,3,6560.0,6560.0,2186.6666666666665,280.0,0,0,3,2,0,0,0.0,0.0,0.0,0.0,0.0,0.0,1.0,536,2186.6666666666665,3302.4435397646594,3302.4435397646594,3,1.510263813916765,-1.3079268292682928,1.0,0.9146341463414634,0.8438429506246283,53,53,19,834203.28,834203.28,15739.684528301887,10000.0,0,0,45,583543.28,583543.28,12967.628444444445,10000.0,0,0,12,13,8,0,0.1509433962264151,0.0,0.0,0.0,0.0,0.0,0.8490566037735849,700,48628.60666666667,68003.63764533473,68003.63764533473,12,1.3984286679541864,0.11460507049495752,3.8706859681372547,0.3547294726793872,0.23268859811230902,88.95476829268293,15.0,576983.28,0.1509433962264151,0.0
E377,110,110,83,257422.0,257422.0,2340.2,300.0,0,0,108,254772.0,254772.0,2359.0,300.0,0,0,26,29,2,0,0.01818181818181818,0.0,0.0,0.0,0.0,0.0,0.9818181818181818,750,9798.923076923076,22836.608471352443,22836.608471352443,26,2.330522271894728,-0.016093448259620377,1.0818851045986118,0.3775925140910304,0.23310999471272942,87,87,43,1097901.1,1141351.1,13118.978160919542,6744.0,2,0,58,803803.3,847253.3,14607.81551724138,9539.75,2,0,23,25,29,0,0.3333333333333333,0.0,0.022988505747126436,0.0,0.034482758620689655,0.0,0.6666666666666666,847,36837.1,45707.70281695118,46509.65608552735,23,1.2408062202766013,0.05553070460424614,3.9228192848958487,0.1911588895552251,0.10137052408767114,3.3255353806540753,0.5370370370370371,549031.3,0.3151515151515151,0.034482758620689655
E378,692,692,435,1346506.57,1346832.33,1946.2894942196533,321.04499999999996,4,0,685,1318410.81,1318736.57,1925.162875912409,321.0,4,0,31,60,7,0,0.010115606936416185,0.0,0.005780346820809248,0.0,0.00583941605839416,0.0,0.9898843930635838,945,42539.889354838706,54991.03928714477,54992.397927232465,31,1.2926935194505813,0.09025902269472971,7.0168342982555725,0.4592677520120641,0.2537212613544583,362,362,151,1332457.33,1529948.13,4226.376049723756,2025.0,9,0,298,986294.31,1183785.11,3972.4332550335575,1913.85,9,0,32,72,64,0,0.17679558011049723,0.0,0.024861878453038673,0.0,0.030201342281879196,0.0,0.8232044198895028,1096,36993.284687499996,65127.489792140674,60345.007050504944,32,1.760521952627451,0.12515369662150436,70.43096256684491,0.24806390747726167,0.12593729702050757,0.8976660971796665,0.43503649635036495,-332116.5,0.16667997317408104,0.024361926223485035
E379,385,385,277,1574912.43,1578226.43,4099.289428571428,400.0,3,0,369,1428018.69,1431332.69,3878.9503794037937,390.0,3,0,38,93,16,0,0.04155844155844156,0.0,0.007792207792207792,0.0,0.008130081300813009,0.0,0.9584415584415584,1144,37666.649736842104,46213.24980954344,46160.11769264133,38,1.226900988869786,-0.06087371216177157,0.17542518525022324,0.39366284577766475,0.22576752607734515,239,239,57,2869162.2,2869162.2,12004.862761506278,4560.0,0,71,155,2484292.0,2484292.0,16027.690322580645,6840.0,0,0,31,49,84,0,0.3514644351464435,0.0,0.0,0.29707112970711297,0.0,0.0,0.6485355648535565,1100,80138.45161290323,62953.62034537209,62953.62034537209,31,0.7855607274452981,-0.059323914016548775,0.26308493057423804,0.5449967234125457,0.3135439668638047,1.735649592408876,0.42005420054200543,1056273.31,0.3099059935880019,-0.008130081300813009
E380,2,2,2,560.0,560.0,280.0,280.0,0,0,2,560.0,560.0,280.0,280.0,0,0,2,2,0,0,0.0,0.0,0.0,0.0,0.0,0.0,1.0,527,280.0,0.0,0.0,2,0.0,-1.3086304736965764e-16,1.0,0.5,0.5,188,188,34,1465860.8,1740061.26,9255.645,10018.81,16,0,166,1263388.91,1537589.3699999999,9262.58656626506,10018.81,16,0,15,6,22,0,0.11702127659574468,0.0,0.0851063829787234,0.0,0.0963855421686747,0.0,0.8829787234042553,1092,102505.958,104308.00128435205,95290.980259864,15,1.017579888228078,-0.03989387761106666,0.5954596583375349,0.9455411817785915,0.8949476891024765,2745.695303571428,83.0,1262828.91,0.11702127659574468,0.0963855421686747
E381,1823,1823,654,99981836.1,100211622.9,54970.720186505765,10200.0,4,0,1766,97393355.96,97623142.76,55279.242785956965,10210.0,4,0,37,195,57,0,0.031267142073505214,0.0,0.0021941854086670325,0.0,0.0022650056625141564,0.0,0.9687328579264948,1123,2638463.317837838,2677610.0955405324,2681505.4690140397,37,1.0148369611349284,-0.0551952361921291,0.46235038660328925,0.16577381819990897,0.05541329767742804,82,82,22,1731572.6,2155671.48,26288.676585365854,16841.52,17,0,80,1718689.79,2142788.67,26784.858375,17091.760000000002,17,0,14,14,2,0,0.024390243902439025,0.0,0.2073170731707317,0.0,0.2125,0.0,0.975609756097561,1088,153056.33357142858,113301.51673457466,147767.73470482434,14,0.7402602302746193,-0.06338980186542117,0.394962251821599,0.2983951655857878,0.17597803190189884,0.021949597292395137,0.045300113250283124,-95674666.16999999,-0.006876898171066188,0.21023499433748583
E382,2,2,2,760.0,760.0,380.0,380.0,0,0,2,760.0,760.0,380.0,380.0,0,0,2,2,0,0,0.0,0.0,0.0,0.0,0.0,0.0,1.0,377,380.0,141.4213562373095,141.4213562373095,2,0.37216146378239345,-0.5263157894736843,1.0,0.631578947368421,0.5346260387811634,88,88,34,531947.0,531947.0,6044.852272727273,6000.0,0,0,88,531947.0,531947.0,6044.852272727273,6000.0,0,0,20,77,0,0,0.0,0.0,0.0,0.0,0.0,0.0,1.0,763,26597.35,15121.07519943083,15121.07519943083,20,0.5685181117453743,0.004507006754064792,1.4445820433436534,0.024551318082440543,0.015446537207929033,699.9302631578947,44.0,531187.0,0.0,0.0
E383,13,13,8,234550.0,234550.0,18042.30769230769,3170.0,0,0,13,234550.0,234550.0,18042.30769230769,3170.0,0,0,7,7,0,0,0.0,0.0,0.0,0.0,0.0,0.0,1.0,853,33507.142857142855,81628.69342624681,81628.69342624681,7,2.4361579790395553,0.4247814964826263,15.841534008683068,0.9310168407589,0.8695658086274051,126,126,24,968120.5,1094120.5,8683.496031746032,9800.0,7,0,111,836692.0,962692.0,8672.9009009009,9610.0,7,0,15,10,15,0,0.11904761904761904,0.0,0.05555555555555555,0.0,0.06306306306306306,0.0,0.8809523809523809,604,64179.46666666667,60153.390893456315,56227.29618237883,15,0.9372684756929991,-0.02999963717812727,0.15307687749767923,0.8670644401324619,0.7594890837867586,4.104421232146664,8.538461538461538,602142.0,0.11904761904761904,0.06306306306306306
E384,247,247,162,3079370.8,3128570.8,12666.278542510121,7930.0,3,0,236,2918989.4,2968189.4,12577.073728813559,7800.0,3,0,35,78,11,0,0.044534412955465584,0.0,0.012145748987854251,0.0,0.012711864406779662,0.0,0.9554655870445344,1054,84805.41142857143,76713.29074401323,77293.55694784306,35,0.904580137655792,-0.0055798266292919054,0.4554505500255064,0.18841486328332013,0.07962989604361764,32,32,9,2749901.07,2749901.07,85934.4084375,100800.0,0,0,27,2300821.07,2300821.07,85215.59518518519,98042.07,0,0,8,4,5,0,0.15625,0.0,0.0,0.0,0.0,0.0,0.84375,898,287602.63375,219273.10604905206,219273.10604905206,8,0.7624168916326973,0.25294487754735473,10.78312830766613,0.7648643751336995,0.6391052618477966,0.7751597893315029,0.11440677966101695,-618168.3300000001,0.11171558704453441,-0.012711864406779662
E385,31,31,28,19184.0,19184.0,618.8387096774194,280.0,0,0,29,14584.0,14584.0,502.8965517241379,200.0,0,0,15,7,2,0,0.06451612903225806,0.0,0.0,0.0,0.0,0.0,0.9354838709677419,937,972.2666666666667,927.9282966962069,927.9282966962069,15,0.9543969041719078,-0.06923071271843895,0.2769607843137255,0.3867251782775645,0.27457152150750047,28,28,14,1134712.38,1251944.38,44712.29928571428,54308.0,1,1,12,485993.58999999997,603225.59,50268.799166666664,58616.0,1,0,10,7,16,0,0.5714285714285714,0.0,0.03571428571428571,0.03571428571428571,0.08333333333333333,0.0,0.42857142857142855,575,60322.558999999994,46863.11414063456,45693.612086494446,10,0.7768754329642177,0.0527117327045195,1.1055777958554547,0.2915128318743905,0.24933858315866925,41.362149616017554,0.41379310344827586,471409.58999999997,0.5069124423963134,0.08333333333333333
E386,401,401,209,198077.36,198077.36,493.9585037406483,173.0,0,0,398,197247.36,197247.36,495.5963819095477,171.5,0,0,20,113,3,0,0.007481296758104738,0.0,0.0,0.0,0.0,0.0,0.9925187032418953,852,9862.367999999999,8647.028339815026,8647.028339815026,20,0.8767699947735703,-0.059931039880565425,0.025047644976858154,0.16592364024542583,0.04844772333756555,66,66,24,5318960.0,5918960.0,89681.21212121213,100000.0,4,0,54,4270000.0,4870000.0,90185.18518518518,100000.0,4,0,13,6,12,0,0.18181818181818182,0.0,0.06060606060606061,0.0,0.07407407407407407,0.0,0.8181818181818182,799,374615.3846153846,218197.74611635294,269748.22068755626,13,0.5824580491812296,0.055001466705778844,1.7692307692307692,0.4517453798767967,0.3878204993064017,24.689810804058418,0.135678391959799,4072752.64,0.17433688506007708,0.07407407407407407
E387,3,3,3,1380.0,1380.0,460.0,280.0,0,0,3,1380.0,1380.0,460.0,280.0,0,0,3,1,0,0,0.0,0.0,0.0,0.0,0.0,0.0,1.0,734,460.0,311.7691453623979,311.7691453623979,3,0.6777590116573868,-0.5869565217391302,1.0,1.0,1.0,94,94,32,929901.0,929901.0,9892.563829787234,10000.0,0,0,86,849901.0,849901.0,9882.56976744186,10000.0,0,0,28,8,8,0,0.0851063829787234,0.0,0.0,0.0,0.0,0.0,0.9148936170212766,852,30353.60714285714,1890.60970646226,1890.60970646226,28,0.06228616248356371,0.0013336960169997186,1.000011111111111,0.7412628059032758,0.5619219044292302,615.8702898550724,28.666666666666668,848521.0,0.0851063829787234,0.0
E388,292,292,242,105595.8,106345.8,364.19794520547947,300.0,1,0,291,105457.8,106207.8,364.9752577319588,300.0,1,0,26,56,1,0,0.003424657534246575,0.0,0.003424657534246575,0.0,0.003436426116838488,0.0,0.9965753424657534,808,4084.915384615385,2928.5743760665946,2921.163092779207,26,0.716924122124095,-0.012363961550428073,2.326201743462017,0.5486336220126958,0.3101530706895115,354,354,137,1206451.2,1206451.2,3408.0542372881355,2300.0,0,2,319,1062450.5,1062450.5,3330.5658307210033,2240.0,0,0,35,84,35,0,0.09887005649717515,0.0,0.0,0.005649717514124294,0.0,0.0,0.9011299435028248,1102,30355.72857142857,19946.820123748035,19946.820123748035,35,0.6571023349616582,0.00018772270184011115,1.2956492637215529,0.22908784926921302,0.08409045205359858,10.00350727536019,1.0962199312714778,956992.7,0.09544539896292857,-0.003436426116838488
E389,2,2,2,2880.0,2880.0,1440.0,1440.0,0,0,2,2880.0,2880.0,1440.0,1440.0,0,0,2,2,0,0,0.0,0.0,0.0,0.0,0.0,0.0,1.0,205,1440.0,1357.6450198781713,1357.6450198781713,2,0.9428090415820634,1.333333333333333,1.0,0.8333333333333334,0.7222222222222223,64,64,13,485708.5,485708.5,7589.1953125,10000.0,0,0,63,475467.0,475467.0,7547.0952380952385,10000.0,0,0,11,2,1,0,0.015625,0.0,0.0,0.0,0.0,0.0,0.984375,489,43224.27272727273,27769.71645188661,27769.71645188661,11,0.6424565342510683,-0.14077506956318728,0.26332027860890156,0.9926388161533818,0.985386006362011,165.09270833333332,31.5,472587.0,0.015625,0.0
E390,16,16,16,7278.8,7278.8,454.925,295.0,0,0,16,7278.8,7278.8,454.925,295.0,0,0,9,14,0,0,0.0,0.0,0.0,0.0,0.0,0.0,1.0,828,808.7555555555556,912.1047570195968,912.1047570195968,9,1.1277879338869554,-0.2724308952025058,0.19707634001082838,0.3111776666483486,0.15213388525258004,14,14,8,817905.62,817905.62,58421.83,62845.755000000005,0,0,14,817905.62,817905.62,58421.83,62845.755000000005,0,0,5,1,0,0,0.0,0.0,0.0,0.0,0.0,0.0,1.0,528,163581.124,73461.53975548655,73461.53975548655,5,0.4490832313604016,0.08051749907281468,1.1212034326224984,1.0,1.0,112.36819530691872,0.875,810626.82,0.0,0.0
E391,3,3,3,890.0,890.0,296.6666666666667,280.0,0,0,3,890.0,890.0,296.6666666666667,280.0,0,0,3,2,0,0,0.0,0.0,0.0,0.0,0.0,0.0,1.0,706,296.6666666666667,28.867513459481295,28.867513459481295,3,0.09730622514431897,-0.0842696629213485,1.0,0.6292134831460674,0.5333922484534781,350,350,161,1519965.07,1540411.79,4401.1765428571425,3085.8900000000003,4,0,318,1354392.2,1373678.92,4319.74503144654,2972.5,3,0,38,102,32,0,0.09142857142857143,0.0,0.011428571428571429,0.0,0.009433962264150943,0.0,0.9085714285714286,1128,36149.44526315789,22526.787306529055,22877.65898787121,38,0.6231572059416215,-0.010446238748846755,1.1311401499169067,0.13550546440648592,0.05572264295538892,1543.4594606741573,106.0,1353502.2,0.09142857142857143,0.009433962264150943
E392,179,179,139,93949.76,93949.76,524.8589944134078,193.0,0,0,179,93949.76,93949.76,524.8589944134078,193.0,0,0,29,31,0,0,0.0,0.0,0.0,0.0,0.0,0.0,1.0,853,3239.646896551724,4232.8224165486145,4232.8224165486145,29,1.306569064997184,0.018258285826686232,13.370506063552167,0.35699931537877266,0.1743488800227552,260,260,120,1201454.64,1210054.64,4654.056307692307,2800.0,2,4,227,1039838.0,1048438.0,4618.669603524229,2800.0,2,0,32,164,33,0,0.12692307692307692,0.0,0.007692307692307693,0.015384615384615385,0.00881057268722467,0.0,0.8730769230769231,1041,32763.6875,35564.76843136495,35488.125926884604,32,1.085493457699624,0.015657992191808478,5.728611500701263,0.1291444987686444,0.03608565154361266,11.159560173437379,1.2681564245810055,945888.24,0.12692307692307692,0.00881057268722467
E393,24,24,22,453325.24,453325.24,18888.551666666666,20529.5,0,0,23,427228.24,427228.24,18575.140869565217,18433.0,0,0,16,6,1,0,0.041666666666666664,0.0,0.0,0.0,0.0,0.0,0.9583333333333334,883,26701.765,18200.672857299167,18200.672857299167,16,0.6816280817878206,0.05392675463257822,2.615458658196169,0.6374013103628168,0.5302867149042574,607,607,356,1062120.71,1124338.71,1852.2878253706754,997.98,10,0,544,920606.59,982824.59,1806.6628492647058,992.0,10,0,36,164,63,0,0.10378912685337727,0.0,0.016474464579901153,0.0,0.01838235294117647,0.0,0.8962108731466227,1064,27300.683055555553,8793.52793921946,6836.379372879222,36,0.32209919148634714,-0.004159173188165413,0.9113087128002867,0.17133779691043344,0.06572765435605951,2.300467286525816,23.652173913043477,493378.35,0.0621224601867106,0.01838235294117647
E394,551,551,341,875844.85,930019.05,1687.8748638838476,246.0,5,0,533,770078.85,804253.05,1508.9175422138837,232.0,4,0,35,131,18,0,0.032667876588021776,0.0,0.009074410163339383,0.0,0.0075046904315197,0.0,0.9673321234119783,1108,22978.658571428572,24420.293352254263,23726.234777328806,35,1.062737986917052,-0.03285362552173318,0.09735976381273724,0.1367728726673775,0.0751755078527873,79,79,14,2434812.0,2434812.0,30820.40506329114,0.0,0,44,21,1104149.0,1104149.0,52578.52380952381,60000.0,0,0,10,11,58,0,0.7341772151898734,0.0,0.0,0.5569620253164557,0.0,0.0,0.26582278481012656,760,110414.9,109098.86877960234,109098.86877960234,10,0.9880810359797668,0.2322585634783535,3.556098964326812,0.2719107656665903,0.1869396923961214,1.3728875507528382,0.039399624765478425,334070.15,0.7015093386018517,-0.0075046904315197
E395,137,137,104,279403.02,285021.02,2080.445401459854,300.0,3,0,133,264456.02,270074.02,2030.6317293233085,300.0,3,0,31,37,4,0,0.029197080291970802,0.0,0.021897810218978103,0.0,0.022556390977443608,0.0,0.9708029197080292,970,8712.065161290324,9364.636824861878,9504.18543488146,31,1.0749043598148322,-0.04239634563887339,0.006658173465876861,0.3319608454008275,0.21287418372899836,139,139,67,3511247.85,3511547.85,25262.93417266187,10000.0,3,23,94,2216623.1,2216923.1,23584.288297872343,11961.0,3,0,28,18,45,0,0.3237410071942446,0.0,0.02158273381294964,0.16546762589928057,0.031914893617021274,0.0,0.6762589928057554,926,79175.825,101971.29894500501,101977.51188394192,28,1.2879095221932328,-0.09071694649799691,0.11520460900117264,0.31643587456867583,0.2067157019264864,8.208575930406042,0.706766917293233,1952167.08,0.29454392690227377,0.009358502639577666
E396,211,211,160,786850.18,786850.18,3729.1477725118484,550.0,0,0,198,498716.18,498716.18,2518.768585858586,527.5,0,0,31,96,13,0,0.061611374407582936,0.0,0.0,0.0,0.0,0.0,0.9383886255924171,1072,16087.61870967742,20094.77362070409,20094.77362070409,31,1.249083160369545,-0.04221953807474225,0.12510167980611192,0.17679995864581735,0.08412158129798351,70,70,25,861522.2,907136.2,12959.08857142857,1600.0,3,0,65,655218.2,700832.2,10782.033846153845,1500.0,3,0,15,14,5,0,0.07142857142857142,0.0,0.04285714285714286,0.0,0.046153846153846156,0.0,0.9285714285714286,948,46722.14666666666,55031.5932811828,55229.199441934266,15,1.17784813428627,-0.03128261046550901,0.37077436221040294,0.3869571061375319,0.2087524317671678,1.4052726342265454,0.3282828282828283,156502.01999999996,0.009817197020988488,0.046153846153846156
E397,19,19,18,442640.0,442640.0,23296.842105263157,2000.0,0,0,19,442640.0,442640.0,23296.842105263157,2000.0,0,0,9,4,0,0,0.0,0.0,0.0,0.0,0.0,0.0,1.0,825,49182.22222222222,137205.91111334978,137205.91111334978,9,2.7897460690858216,0.14403578528827043,1.930817610062893,0.9375564793059823,0.8822222016797561,183,183,80,834413.7,834413.7,4559.637704918033,4305.0,0,27,132,669721.5,669721.5,5073.647727272727,5053.0,0,0,14,66,51,0,0.2786885245901639,0.0,0.0,0.14754098360655737,0.0,0.0,0.7213114754098361,849,47837.25,33043.26868695161,33043.26868695161,14,0.6907434831005463,-0.06899280694116314,0.1980635159515154,0.171607601069997,0.07159479226393808,1.5130162208566782,6.947368421052632,227081.5,0.2786885245901639,0.0
E398,74,74,63,81786.79,81786.79,1105.226891891892,549.4,0,0,73,80810.79,80810.79,1106.9971232876712,542.8,0,0,31,20,1,0,0.013513513513513514,0.0,0.0,0.0,0.0,0.0,0.9864864864864865,922,2606.799677419355,3277.7029053525516,3277.7029053525516,31,1.2573666222781525,-0.0023467565408035345,0.29703177695385324,0.3813673891815685,0.21957929913696075,89,89,31,637433.35,637433.35,7162.172471910112,9600.0,0,0,89,637433.35,637433.35,7162.172471910112,9600.0,0,0,20,24,0,0,0.0,0.0,0.0,0.0,0.0,0.0,1.0,963,31871.6675,56142.884900873265,56142.884900873265,20,1.7615295748449078,0.015124287996399583,7.305699481865285,0.803221230894179,0.6506070378772503,7.887973252086757,1.2191780821917808,556622.5599999999,-0.013513513513513514,0.0
E399,52,52,51,20171.2,20171.2,387.90769230769234,250.0,0,0,52,20171.2,20171.2,387.90769230769234,250.0,0,0,24,13,0,0,0.0,0.0,0.0,0.0,0.0,0.0,1.0,713,840.4666666666667,1143.6498592575044,1143.6498592575044,24,1.3607319654844583,-0.04249543904180219,0.3999683193410424,0.48713016578091534,0.3193611263769961,19,19,9,519657.8,519657.8,27350.410526315787,19570.0,0,0,15,455424.8,455424.8,30361.653333333332,20000.0,0,0,7,9,4,0,0.21052631578947367,0.0,0.0,0.0,0.0,0.0,0.7894736842105263,730,65060.68571428571,59839.58677017048,59839.58677017048,7,0.9197503240736854,-0.0530336731772183,0.9755015348054261,0.34480730957119593,0.25024699580453663,22.5779725549298,0.28846153846153844,435253.6,0.21052631578947367,0.0
E400,16,16,16,71643.65,71643.65,4477.728125,1098.78,0,0,16,71643.65,71643.65,4477.728125,1098.78,0,0,11,4,0,0,0.0,0.0,0.0,0.0,0.0,0.0,1.0,991,6513.059090909091,15389.896527603072,15389.896527603072,11,2.362929049589654,-0.12650072965294196,3.1011235955056176,0.7021696968258876,0.5745821569554146,134,134,42,919455.7,919455.7,6861.609701492537,7800.0,0,0,122,840327.7,840327.7,6887.931967213114,7800.0,0,0,21,21,12,0,0.08955223880597014,0.0,0.0,0.0,0.0,0.0,0.9104477611940298,1082,40015.60476190476,24992.084704651515,24992.084704651515,21,0.6245584654625592,-0.04575430946327682,0.38253201605626247,0.17406150005527604,0.10628431697046141,11.729269795718114,7.625,768684.0499999999,0.08955223880597014,0.0
E401,28,28,23,187070.85,187070.85,6681.101785714286,1879.0,0,0,28,187070.85,187070.85,6681.101785714286,1879.0,0,0,18,10,0,0,0.0,0.0,0.0,0.0,0.0,0.0,1.0,872,10392.825,17198.919073668298,17198.919073668298,18,1.6548839294097897,0.05692685939702627,7.207650273224044,0.4647905860266311,0.3086870541903605,77,77,29,585071.61,585071.61,7598.3325974025975,1944.0,0,25,39,360292.99,360292.99,9238.281794871795,6385.0,0,0,17,14,38,0,0.4935064935064935,0.0,0.0,0.3246753246753247,0.0,0.0,0.5064935064935064,891,21193.705294117648,38114.59826832744,38114.59826832744,17,1.7983923877108086,0.11447815128644791,14.022382218920587,0.4440830225422926,0.2421812826325879,1.925970775243711,1.3928571428571428,173222.13999999998,0.4935064935064935,0.0
E402,57,57,17,482208.0,482208.0,8459.78947368421,10560.0,0,0,57,482208.0,482208.0,8459.78947368421,10560.0,0,0,14,5,0,0,0.0,0.0,0.0,0.0,0.0,0.0,1.0,1013,34443.42857142857,32823.87796363234,32823.87796363234,14,0.9529794020233027,-0.05806878104309926,0.6890471824529233,0.9972460017253965,0.9945029895077153,25,25,15,701477.52,801477.52,32059.1008,25050.0,2,0,22,548634.3200000001,648634.3200000001,29483.378181818185,22075.0,2,0,12,4,3,0,0.12,0.0,0.08,0.0,0.09090909090909091,0.0,0.88,771,54052.86000000001,37763.359965124444,41455.675761290644,12,0.6986375922592151,0.013320584041911238,1.2728301357639111,0.4143095604315233,0.3565952265208965,1.3451338841329883,0.38596491228070173,66426.32000000007,0.12,0.09090909090909091
E403,110,110,87,101137.52,101137.52,919.432,416.5,0,0,108,100051.52,100051.52,926.402962962963,416.5,0,0,30,53,2,0,0.01818181818181818,0.0,0.0,0.0,0.0,0.0,0.9818181818181818,1001,3335.050666666667,3613.024327684622,3613.024327684622,30,1.083349156819793,-0.02617753980535217,0.5202397128862606,0.11295680465424213,0.056206380574038456,70,70,52,1373249.7,1373249.7,19617.852857142858,13883.89,0,0,61,1242731.71,1242731.71,20372.650983606556,13883.89,0,0,37,10,9,0,0.12857142857142856,0.0,0.0,0.0,0.0,0.0,0.8714285714285714,1123,33587.343513513515,40886.86665667196,40886.86665667196,37,1.2173295765478316,-0.03571153286033523,0.6960517102460906,0.4771098662960809,0.3131556269503266,12.42091784312722,0.5648148148148148,1142680.19,0.11038961038961037,0.0
E404,29,29,19,977485.0,977485.0,33706.379310344826,16000.0,0,0,25,936985.0,936985.0,37479.4,20000.0,0,0,14,12,4,0,0.13793103448275862,0.0,0.0,0.0,0.0,0.0,0.8620689655172413,1031,66927.5,93010.08961377008,93010.08961377008,14,1.3897140878378855,0.020125664929370284,0.9738038147138965,0.3359178642134079,0.23498621072784082,21,21,7,1516100.0,1516100.0,72195.23809523809,99000.0,0,0,15,916100.0,916100.0,61073.333333333336,93000.0,0,0,6,4,6,0,0.2857142857142857,0.0,0.0,0.0,0.0,0.0,0.7142857142857143,1020,152683.33333333334,187979.4713969232,187979.4713969232,6,1.2311721737600034,-0.1884572800848316,0.7529659395331036,0.5425171924462395,0.45938965363641676,0.9777104222586274,0.6,-20885.0,0.14778325123152708,0.0
E405,18,18,7,101339.12,101339.12,5629.951111111111,7107.5,0,0,17,91339.12,91339.12,5372.889411764706,4215.0,0,0,5,5,1,0,0.05555555555555555,0.0,0.0,0.0,0.0,0.0,0.9444444444444444,590,18267.824,37956.73845280809,37956.73845280809,5,2.0777919938799547,-0.4773742072400084,0.03465974025974026,0.9431336759101686,0.8907658709277967,45,45,25,609376.0,609376.0,13541.68888888889,1200.0,0,19,25,609176.0,609176.0,24367.04,7200.0,0,0,15,12,20,0,0.4444444444444444,0.0,0.0,0.4222222222222222,0.0,0.0,0.5555555555555556,1036,40611.73333333333,74710.28202373932,74710.28202373932,15,1.8396230815988972,-0.0764670812938883,0.14721146398140977,0.48417862817970503,0.2954892535142742,6.6693876621539605,1.4705882352941178,517836.88,0.38888888888888884,0.0
E406,52,52,43,198023.79,198023.79,3808.149807692308,940.5,0,0,52,198023.79,198023.79,3808.149807692308,940.5,0,0,20,34,0,0,0.0,0.0,0.0,0.0,0.0,0.0,1.0,758,9901.1895,15036.749157209366,15036.749157209366,20,1.5186810794005472,0.06289080690683489,27.909249628528972,0.20697513162433667,0.15119018825570746,31,31,20,1230519.35,1290799.35,41638.68870967742,36251.0,1,0,24,856719.45,916999.45,38208.31041666667,33954.2,1,0,12,5,7,0,0.22580645161290322,0.0,0.03225806451612903,0.0,0.041666666666666664,0.0,0.7741935483870968,926,76416.62083333333,100318.38485912653,103075.70537430485,12,1.3127822686366042,0.19842391399471393,5.076073978355963,0.467028033659126,0.32012071578587864,4.630753961430593,0.46153846153846156,658695.6599999999,0.22580645161290322,0.041666666666666664
E407,149,149,119,412642.18,415390.18,2787.85355704698,300.0,2,0,148,411244.18,413992.18,2797.2444594594594,300.0,2,0,27,53,1,0,0.006711409395973154,0.0,0.013422818791946308,0.0,0.013513513513513514,0.0,0.9932885906040269,915,15333.043703703703,41804.89248728874,41840.9804008813,27,2.726457531533074,0.11672794064705434,10.163073121038336,0.42899361045901885,0.21180243079216002,44,44,23,2904413.0,3284413.0,74645.75,80000.0,2,0,31,1904413.0,2284413.0,73690.74193548386,80000.0,2,0,13,5,13,0,0.29545454545454547,0.0,0.045454545454545456,0.0,0.06451612903225806,0.0,0.7045454545454546,786,175724.07692307694,202688.4639113524,134298.78597948718,13,1.1534473104677574,0.19586694700126467,6.369565217391304,0.5056003445961829,0.35189602748031273,5.518010026179722,0.20945945945945946,1493168.82,0.2887431360585723,0.05100261551874455
E408,40,40,36,77774.1,77774.1,1944.3525000000002,558.485,0,0,39,67774.14,67774.14,1737.7984615384614,539.0,0,0,18,11,1,0,0.025,0.0,0.0,0.0,0.0,0.0,0.975,904,3765.23,4389.757023699335,4389.757023699335,18,1.1658668988878063,-0.0660305496339795,0.6264576557382623,0.37625324349375733,0.23213594654289085,32,32,23,656562.0,656562.0,20517.5625,20000.0,0,0,26,537826.0,537826.0,20685.615384615383,17550.0,0,0,15,10,6,0,0.1875,0.0,0.0,0.0,0.0,0.0,0.8125,994,35855.066666666666,23145.619195083324,23145.619195083324,15,0.6455327334979154,0.018525973084231713,1.237327935222672,0.4476280432705001,0.2739269320438951,7.935563623529565,0.6666666666666666,470051.86,0.1625,0.0
E409,15,15,12,49699.0,49699.0,3313.266666666667,3000.0,0,0,15,49699.0,49699.0,3313.266666666667,3000.0,0,0,10,5,0,0,0.0,0.0,0.0,0.0,0.0,0.0,1.0,735,4969.9,6834.404313634233,6834.404313634233,10,1.3751593218443499,0.16673831008123446,2.390818181818182,0.5875369725749009,0.43359742363651205,101,101,79,258270.45,258270.45,2557.133168316832,1540.0,0,0,90,222923.37,222923.37,2476.9263333333333,1570.0,0,0,26,37,11,0,0.10891089108910891,0.0,0.0,0.0,0.0,0.0,0.8910891089108911,829,8573.975769230768,10154.62263619133,10154.62263619133,26,1.1843540160951929,0.025876929617363837,0.5171970582887914,0.13873000394709625,0.08624810597048566,4.485469928972414,6.0,173224.37,0.10891089108910891,0.0
E410,105,105,70,18876.170000000002,19590.850000000002,186.57952380952383,74.88,4,0,105,18876.170000000002,19590.850000000002,186.57952380952383,74.88,4,0,18,10,0,0,0.0,0.0,0.0380952380952381,0.0,0.0380952380952381,0.0,1.0,843,1088.3805555555557,1433.9683326574473,1420.237119163097,18,1.3175247622147097,0.09752775927468066,7.415865257595774,0.593833345669024,0.38801985907424014,66,66,52,421828.0,439768.0,6663.151515151515,3000.0,1,0,65,412858.0,430798.0,6627.661538461539,3000.0,1,0,26,41,1,0,0.015151515151515152,0.0,0.015151515151515152,0.0,0.015384615384615385,0.0,0.9848484848484849,951,16569.153846153848,18140.27592445563,18751.984327408783,26,1.0948221069639281,-0.02667104097769976,0.7033976124885215,0.15088278032859948,0.07880065283613136,21.98975542153607,0.6190476190476191,393981.83,0.015151515151515152,-0.022710622710622713
E411,109,109,103,251701.03,251701.03,2309.18376146789,370.0,0,0,109,251701.03,251701.03,2309.18376146789,370.0,0,0,25,33,0,0,0.0,0.0,0.0,0.0,0.0,0.0,1.0,961,10068.0412,24292.83232062208,24292.83232062208,25,2.4128658035906807,0.030970457139323025,1.8053753135446713,0.7985664579918486,0.6413673590468891,97,97,58,403056.28,444548.28,4582.971958762887,4000.0,4,0,67,268303.0,309795.0,4623.805970149254,3880.0,4,0,27,28,30,0,0.30927835051546393,0.0,0.041237113402061855,0.0,0.05970149253731343,0.0,0.6907216494845361,1061,11473.888888888889,13001.367491192057,13777.216473092043,27,1.1331264941725514,0.003180497418622625,3.0125714285714285,0.18295324327377782,0.09817213612713567,1.2308054520078842,0.6146788990825688,16601.97,0.30927835051546393,0.05970149253731343
E412,86,86,77,81880.36,81880.36,952.0972093023256,342.53,0,0,83,69880.36,69880.36,841.932048192771,337.0,0,0,20,19,3,0,0.03488372093023256,0.0,0.0,0.0,0.0,0.0,0.9651162790697675,1057,3494.018,3300.0144290698904,3300.0144290698904,20,0.9444755090185255,-0.035148120419967496,1.2743801652892564,0.2630691942628801,0.164049374472096,149,149,113,363536.0,363536.0,2439.8389261744965,1300.0,0,0,137,331101.0,331101.0,2416.795620437956,1300.0,0,0,33,82,12,0,0.08053691275167785,0.0,0.0,0.0,0.0,0.0,0.9194630872483222,1064,10033.363636363636,10062.033578687577,10062.033578687577,33,1.0028574607044076,-0.011381479118598424,0.32844974446337305,0.084566340784232,0.03230792682454063,4.7381123966734,1.6506024096385543,261220.64,0.04565319182144529,0.0
E413,62,62,53,27243.9,27243.9,439.4177419354839,228.95,0,0,62,27243.9,27243.9,439.4177419354839,228.95,0,0,17,9,0,0,0.0,0.0,0.0,0.0,0.0,0.0,1.0,564,1602.5823529411766,2218.0442575880033,2218.0442575880033,17,1.3840438549178369,0.04307020715340562,6.693021214337967,0.34760735430683565,0.25125699230518533,40,40,13,351688.96,351688.96,8792.224,9720.825,0,0,33,295588.31,295588.31,8957.221515151516,9996.0,0,0,7,7,7,0,0.175,0.0,0.0,0.0,0.0,0.0,0.825,936,42226.90142857143,58383.05939954113,58383.05939954113,7,1.3826034453012974,0.31937349788968317,6.631177576108523,0.6393080971300928,0.449248695490055,10.849706172757937,0.532258064516129,268344.41,0.175,0.0
E414,6,6,5,10282.33,10282.33,1713.7216666666666,840.0,0,0,6,10282.33,10282.33,1713.7216666666666,840.0,0,0,5,4,0,0,0.0,0.0,0.0,0.0,0.0,0.0,1.0,775,2056.466,2234.449528581928,2234.449528581928,5,1.0865482476160209,-0.13566963907985846,0.9194936994807944,0.5536031230275629,0.4465219747732719,14,14,8,521700.0,521700.0,37264.28571428572,19300.0,0,0,11,388400.0,388400.0,35309.09090909091,16600.0,0,0,7,6,3,0,0.21428571428571427,0.0,0.0,0.0,0.0,0.0,0.7857142857142857,407,55485.71428571428,71589.51106997515,71589.51106997515,7,1.2902332067194286,-0.4782440782698249,0.08857059339374453,0.46472708547888775,0.32957532075927964,37.77353965492257,1.8333333333333333,378117.67,0.21428571428571427,0.0
E415,2,2,2,18000.0,18000.0,9000.0,9000.0,0,0,2,18000.0,18000.0,9000.0,9000.0,0,0,2,1,0,0,0.0,0.0,0.0,0.0,0.0,0.0,1.0,197,9000.0,0.0,0.0,2,0.0,-1.3026616822268503e-17,1.0,1.0,1.0,208,208,117,87893.2,94889.2,456.1980769230769,385.5,7,0,208,87893.2,94889.2,456.1980769230769,385.5,7,0,23,185,0,0,0.0,0.0,0.03365384615384615,0.0,0.03365384615384615,0.0,1.0,657,4125.617391304348,3208.9287682470913,2967.8087594333247,23,0.777805710973252,0.0025797552207301832,0.5496162000146209,0.058520885411616916,0.011051356379054635,5.271622222222222,104.0,69893.2,0.0,0.03365384615384615
E416,8,8,8,184593.74,184593.74,23074.2175,428.35,0,0,7,111757.72,111757.72,15965.388571428572,330.0,0,0,7,5,1,0,0.125,0.0,0.0,0.0,0.0,0.0,0.875,896,15965.388571428572,28602.32261452872,28602.32261452872,7,1.791520606376911,0.5723833664466312,126.7049598163031,0.9849880616748445,0.970262974590547,25,25,10,233696.8,233696.8,9347.872,10000.0,0,0,23,215696.8,215696.8,9378.121739130434,10000.0,0,0,8,5,2,0,0.08,0.0,0.0,0.0,0.0,0.0,0.92,973,26962.1,15853.891991558414,15853.891991558414,8,0.5880065718752773,0.15724117857853728,2.599690159376923,0.5563364871430638,0.404406569274399,1.9300393744611108,3.2857142857142856,103939.07999999999,-0.045,0.0
E417,128,128,118,173946.46,173946.46,1358.95671875,250.0,0,0,127,173818.46,173818.46,1368.6492913385825,260.0,0,0,31,23,1,0,0.0078125,0.0,0.0,0.0,0.0,0.0,0.9921875,979,5607.047096774193,16868.689837919483,16868.689837919483,31,3.008480140576001,-0.12184762193842946,0.023107167853760963,0.5281372300732615,0.32238592946678146,6,6,6,166520.0,166520.0,27753.333333333332,15000.0,0,0,6,166520.0,166520.0,27753.333333333332,15000.0,0,0,4,2,0,0,0.0,0.0,0.0,0.0,0.0,0.0,1.0,501,41630.0,40157.86680921518,40157.86680921518,4,0.9646376845835979,-0.45054047561854443,0.5374644325007903,0.5916406437665145,0.5167960151798824,0.9580110190827833,0.047244094488188976,-7298.459999999992,-0.0078125,0.0
E418,71,71,62,48995.44,48995.44,690.0766197183099,176.0,0,0,71,48995.44,48995.44,690.0766197183099,176.0,0,0,19,31,0,0,0.0,0.0,0.0,0.0,0.0,0.0,1.0,926,2578.7073684210527,4283.761297815847,4283.761297815847,19,1.6612048929145464,-0.0782217896196054,2.351204481792717,0.31788672578509347,0.1589044575775954,23,23,16,464614.4,464614.4,20200.626086956523,11016.0,0,0,20,438891.2,438891.2,21944.56,11308.0,0,0,9,12,3,0,0.13043478260869565,0.0,0.0,0.0,0.0,0.0,0.8695652173913043,694,48765.68888888889,85465.84328327377,85465.84328327377,9,1.7525814815823693,-0.31927167826559305,0.2658211140544473,0.579312139318355,0.36475733011486283,8.95779688885333,0.28169014084507044,389895.76,0.13043478260869565,0.0
E419,1304,1304,585,12034978.24,12123988.68,9297.537331288344,408.5,13,0,1278,11909599.52,11998609.96,9388.583693270737,400.0,13,0,38,193,26,0,0.019938650306748466,0.0,0.009969325153374233,0.0,0.010172143974960876,0.0,0.9800613496932515,1126,315752.89368421055,283435.8440597375,282417.49508354143,38,0.897650820401368,0.06987883139853664,32.225205333333335,0.740217715186068,0.5557648124560592,4,4,4,55200.0,55200.0,13800.0,15600.0,0,0,4,55200.0,55200.0,13800.0,15600.0,0,0,4,2,0,0,0.0,0.0,0.0,0.0,0.0,0.0,1.0,553,13800.0,3885.0139424889244,3885.0139424889244,4,0.28152274945571915,-0.15652173913043474,0.847457627118644,0.7246376811594203,0.6009241755933628,0.004600532910397231,0.003129890453834116,-11854399.52,-0.019938650306748466,-0.010172143974960876
E420,153,153,112,2149049.36,2149049.36,14046.074248366012,4556.3,0,0,151,2137589.36,2137589.36,14156.220927152317,4556.3,0,0,32,20,2,0,0.013071895424836602,0.0,0.0,0.0,0.0,0.0,0.9869281045751634,969,66799.6675,35312.17580854248,35312.17580854248,32,0.5286280176251249,-0.0017311247203210334,0.942202156813866,0.3778078311542493,0.24792746222454248,126,126,91,94864.23,94864.23,752.8907142857142,423.5,0,0,114,82321.73,82321.73,722.1204385964912,406.75,0,0,30,72,12,0,0.09523809523809523,0.0,0.0,0.0,0.0,0.0,0.9047619047619048,963,2744.0576666666666,2395.6260231106007,2395.6260231106007,30,0.8730232065496926,-0.023429730534777784,0.4030525982700708,0.06613745848149694,0.02781574808590936,0.038511480053399966,0.7549668874172185,-2055267.63,0.08216619981325864,0.0
E421,19,19,18,32170.0,32170.0,1693.157894736842,1000.0,0,0,19,32170.0,32170.0,1693.157894736842,1000.0,0,0,13,5,0,0,0.0,0.0,0.0,0.0,0.0,0.0,1.0,833,2474.6153846153848,2304.6497036231467,2304.6497036231467,13,0.9313163241249893,0.06077090456947468,5.046511627906977,0.9232203916692571,0.8540227067329308,29,29,7,253071.83,253071.83,8726.614827586207,10064.0,0,1,28,253071.83,253071.83,9038.279642857142,10064.0,0,0,5,5,1,0,0.034482758620689655,0.0,0.0,0.034482758620689655,0.0,0.0,0.9655172413793104,900,50614.366,63128.39148340689,63128.39148340689,5,1.247242561201041,-0.12203434495257737,0.8368578863407695,0.632231568404907,0.4488982410354132,7.866702828722412,1.4736842105263157,220901.83,0.034482758620689655,0.0
E422,3,3,3,960.0,960.0,320.0,280.0,0,0,3,960.0,960.0,320.0,280.0,0,0,3,2,0,0,0.0,0.0,0.0,0.0,0.0,0.0,1.0,370,320.0,144.22205101855957,144.22205101855957,3,0.45069390943299864,-0.3125000000000001,1.0,0.7916666666666666,0.6701388888888888,30,30,18,29207.61,29207.61,973.587,481.5,0,0,27,27856.61,27856.61,1031.7262962962964,497.0,0,0,13,20,3,0,0.1,0.0,0.0,0.0,0.0,0.0,0.9,560,2142.816153846154,3274.6020775139955,3274.6020775139955,13,1.5281768674537906,0.17670938013327125,5.631061419892873,0.299749323410135,0.13208417879106152,29.017302083333334,9.0,26896.61,0.1,0.0
E423,21,21,18,69051.7,89211.7,4248.176190476191,1500.0,1,0,21,69051.7,89211.7,4248.176190476191,1500.0,1,0,11,8,0,0,0.0,0.0,0.047619047619047616,0.0,0.047619047619047616,0.0,1.0,672,8110.154545454545,8240.313555243349,4949.285648877201,11,1.0160488938970655,-0.10674227707800653,0.5484377431570211,0.6846859772877325,0.5060863026797731,7,7,6,80740.0,80740.0,11534.285714285714,8600.0,0,0,6,74970.0,74970.0,12495.0,8700.0,0,0,6,3,1,0,0.14285714285714285,0.0,0.0,0.0,0.0,0.0,0.8571428571428571,944,12495.0,10586.621274042063,10586.621274042063,6,0.8472686093671119,-0.09683873549419772,0.4642578124999999,0.52781112444978,0.3900977758049999,0.8403606253439851,0.2857142857142857,5918.300000000003,0.14285714285714285,-0.047619047619047616
E424,25,25,22,271999.39,271999.39,10879.9756,1460.0,0,0,25,271999.39,271999.39,10879.9756,1460.0,0,0,12,13,0,0,0.0,0.0,0.0,0.0,0.0,0.0,1.0,629,22666.615833333333,21524.12103772943,21524.12103772943,12,0.9495957048019599,-0.09712295794003548,0.6253484523730459,0.8386569543409637,0.7139799185396164,43,43,26,90685.61,93186.19,2167.120697674419,325.48,2,0,37,79203.3,81703.88,2208.212972972973,325.48,2,0,13,21,6,0,0.13953488372093023,0.0,0.046511627906976744,0.0,0.05405405405405406,0.0,0.8604651162790697,749,6284.913846153847,18597.195844758666,18260.701135638632,13,2.9590216031584133,-0.16998609578184745,1.01270894204711,0.8206831793055605,0.6842346743871393,0.3003825854168276,1.48,-192796.09000000003,0.13953488372093023,0.05405405405405406
E425,118,118,94,64760.24,65867.24,558.1969491525424,189.5,3,0,116,62081.4,63188.4,544.7275862068966,189.5,3,0,21,27,2,0,0.01694915254237288,0.0,0.025423728813559324,0.0,0.02586206896551724,0.0,0.9830508474576272,681,3008.9714285714285,3375.066978058784,3349.1364150794793,21,1.121668004558344,-0.049172733660551034,0.306207218165417,0.17091744687316027,0.08477761604792854,18,18,3,157152.0,157152.0,8730.666666666666,9912.0,0,0,10,87680.0,87680.0,8768.0,9591.0,0,0,3,2,8,0,0.4444444444444444,0.0,0.0,0.0,0.0,0.0,0.5555555555555556,448,29226.666666666668,22533.684415410928,22533.684415410928,3,0.7709974138484578,-0.7623175182481752,1.0,0.9429744525547445,0.8924527312323514,1.3875964575776567,0.08620689655172414,25598.6,0.42749529190207153,-0.02586206896551724
